lemma,pos,ipa,cefr,source,license
'm,be-verb,əm,A1,cefr-j,"CEFR-J custom license (research/commercial use, attribution required)"
're,be-verb,,A1,cefr-j,"CEFR-J custom license (research/commercial use, attribution required)"
's,be-verb,ˈɛs,A1,cefr-j,"CEFR-J custom license (research/commercial use, attribution required)"
a,determiner,ə,A1,cefr-j,"CEFR-J custom license (research/commercial use, attribution required)"
a.m.,adverb,,A1,cefr-j,"CEFR-J custom license (research/commercial use, attribution required)"
about,adverb,əbˈaʊt,A1,cefr-j,"CEFR-J custom license (research/commercial use, attribution required)"
about,preposition,əbˈaʊt,A1,cefr-j,"CEFR-J custom license (research/commercial use, attribution required)"
above,adverb,əbˈʌv,A1,cefr-j,"CEFR-J custom license (research/commercial use, attribution required)"
above,preposition,əbˈʌv,A1,cefr-j,"CEFR-J custom license (research/commercial use, attribution required)"
action,noun,ˈækʃən,A1,cefr-j,"CEFR-J custom license (research/commercial use, attribution required)"
activity,noun,æktˈɪvəti,A1,cefr-j,"CEFR-J custom license (research/commercial use, attribution required)"
actor,noun,ˈæktɚ,A1,cefr-j,"CEFR-J custom license (research/commercial use, attribution required)"
add,verb,ˈæd,A1,cefr-j,"CEFR-J custom license (research/commercial use, attribution required)"
address,noun,ˈædɹˌɛs,A1,cefr-j,"CEFR-J custom license (research/commercial use, attribution required)"
afraid,adjective,əfɹˈeɪd,A1,cefr-j,"CEFR-J custom license (research/commercial use, attribution required)"
after,preposition,ˈæftɚ,A1,cefr-j,"CEFR-J custom license (research/commercial use, attribution required)"
afternoon,noun,ˌæftɚnˈun,A1,cefr-j,"CEFR-J custom license (research/commercial use, attribution required)"
again,adverb,əgˈɛn,A1,cefr-j,"CEFR-J custom license (research/commercial use, attribution required)"
age,noun,ˈeɪdʒ,A1,cefr-j,"CEFR-J custom license (research/commercial use, attribution required)"
ago,adverb,əgˈoʊ,A1,cefr-j,"CEFR-J custom license (research/commercial use, attribution required)"
agree,verb,əgɹˈi,A1,cefr-j,"CEFR-J custom license (research/commercial use, attribution required)"
airplane,noun,ˈɛɹplˌeɪn,A1,cefr-j,"CEFR-J custom license (research/commercial use, attribution required)"
airport,noun,ˈɛɹpˌɔɹt,A1,cefr-j,"CEFR-J custom license (research/commercial use, attribution required)"
album,noun,ˈælbəm,A1,cefr-j,"CEFR-J custom license (research/commercial use, attribution required)"
all,determiner,ˈɔl,A1,cefr-j,"CEFR-J custom license (research/commercial use, attribution required)"
all,pronoun,ˈɔl,A1,cefr-j,"CEFR-J custom license (research/commercial use, attribution required)"
all right,adjective,ˈɔl ɹˈaɪt,A1,cefr-j,"CEFR-J custom license (research/commercial use, attribution required)"
all right,adverb,ˈɔl ɹˈaɪt,A1,cefr-j,"CEFR-J custom license (research/commercial use, attribution required)"
almost,adverb,ˈɔlmˌoʊst,A1,cefr-j,"CEFR-J custom license (research/commercial use, attribution required)"
alone,adverb,əlˈoʊn,A1,cefr-j,"CEFR-J custom license (research/commercial use, attribution required)"
along,adverb,əlˈɔŋ,A1,cefr-j,"CEFR-J custom license (research/commercial use, attribution required)"
already,adverb,ɔlɹˈɛdi,A1,cefr-j,"CEFR-J custom license (research/commercial use, attribution required)"
also,adverb,ˈɔlsoʊ,A1,cefr-j,"CEFR-J custom license (research/commercial use, attribution required)"
always,adverb,ˈɔlwˌeɪz,A1,cefr-j,"CEFR-J custom license (research/commercial use, attribution required)"
am,be-verb,ˈæm,A1,cefr-j,"CEFR-J custom license (research/commercial use, attribution required)"
an,determiner,ˈæn,A1,cefr-j,"CEFR-J custom license (research/commercial use, attribution required)"
and,conjunction,ənd,A1,cefr-j,"CEFR-J custom license (research/commercial use, attribution required)"
angry,adjective,ˈæŋgɹi,A1,cefr-j,"CEFR-J custom license (research/commercial use, attribution required)"
animal,noun,ˈænəməl,A1,cefr-j,"CEFR-J custom license (research/commercial use, attribution required)"
another,determiner,ənˈʌðɚ,A1,cefr-j,"CEFR-J custom license (research/commercial use, attribution required)"
answer,noun,ˈænsɚ,A1,cefr-j,"CEFR-J custom license (research/commercial use, attribution required)"
answer,verb,ˈænsɚ,A1,cefr-j,"CEFR-J custom license (research/commercial use, attribution required)"
any,determiner,ˈɛni,A1,cefr-j,"CEFR-J custom license (research/commercial use, attribution required)"
any,pronoun,ˈɛni,A1,cefr-j,"CEFR-J custom license (research/commercial use, attribution required)"
anybody,pronoun,ˈɛnibədi,A1,cefr-j,"CEFR-J custom license (research/commercial use, attribution required)"
anyone,pronoun,ˈɛniwˌʌn,A1,cefr-j,"CEFR-J custom license (research/commercial use, attribution required)"
anything,pronoun,ˈɛniθˌɪŋ,A1,cefr-j,"CEFR-J custom license (research/commercial use, attribution required)"
apple,noun,ˈæpəl,A1,cefr-j,"CEFR-J custom license (research/commercial use, attribution required)"
April,noun,ˈeɪpɹəl,A1,cefr-j,"CEFR-J custom license (research/commercial use, attribution required)"
apron,noun,ˈeɪpɹən,A1,cefr-j,"CEFR-J custom license (research/commercial use, attribution required)"
are,be-verb,ˈɑɹ,A1,cefr-j,"CEFR-J custom license (research/commercial use, attribution required)"
arm,noun,ˈɑɹm,A1,cefr-j,"CEFR-J custom license (research/commercial use, attribution required)"
around,preposition,ɚˈaʊnd,A1,cefr-j,"CEFR-J custom license (research/commercial use, attribution required)"
arrive,verb,ɚˈaɪv,A1,cefr-j,"CEFR-J custom license (research/commercial use, attribution required)"
art,noun,ˈɑɹt,A1,cefr-j,"CEFR-J custom license (research/commercial use, attribution required)"
article,noun,ˈɑɹtəkəl,A1,cefr-j,"CEFR-J custom license (research/commercial use, attribution required)"
as,preposition,ˈæz,A1,cefr-j,"CEFR-J custom license (research/commercial use, attribution required)"
ask,verb,ˈæsk,A1,cefr-j,"CEFR-J custom license (research/commercial use, attribution required)"
at,preposition,ˈæt,A1,cefr-j,"CEFR-J custom license (research/commercial use, attribution required)"
August,noun,ˈɑgəst,A1,cefr-j,"CEFR-J custom license (research/commercial use, attribution required)"
aunt,noun,ˈænt,A1,cefr-j,"CEFR-J custom license (research/commercial use, attribution required)"
autumn,noun,ˈɔtəm,A1,cefr-j,"CEFR-J custom license (research/commercial use, attribution required)"
awake,adjective,əwˈeɪk,A1,cefr-j,"CEFR-J custom license (research/commercial use, attribution required)"
away,adverb,əwˈeɪ,A1,cefr-j,"CEFR-J custom license (research/commercial use, attribution required)"
baby,noun,bˈeɪbi,A1,cefr-j,"CEFR-J custom license (research/commercial use, attribution required)"
back,adverb,bˈæk,A1,cefr-j,"CEFR-J custom license (research/commercial use, attribution required)"
back,noun,bˈæk,A1,cefr-j,"CEFR-J custom license (research/commercial use, attribution required)"
bad,adjective,bˈæd,A1,cefr-j,"CEFR-J custom license (research/commercial use, attribution required)"
bag,noun,bˈæg,A1,cefr-j,"CEFR-J custom license (research/commercial use, attribution required)"
ball,noun,bˈɔl,A1,cefr-j,"CEFR-J custom license (research/commercial use, attribution required)"
banana,noun,bənˈænə,A1,cefr-j,"CEFR-J custom license (research/commercial use, attribution required)"
band,noun,bˈænd,A1,cefr-j,"CEFR-J custom license (research/commercial use, attribution required)"
bank,noun,bˈæŋk,A1,cefr-j,"CEFR-J custom license (research/commercial use, attribution required)"
bar,noun,bˈɑɹ,A1,cefr-j,"CEFR-J custom license (research/commercial use, attribution required)"
baseball,noun,bˈeɪsbˈɔl,A1,cefr-j,"CEFR-J custom license (research/commercial use, attribution required)"
basketball,noun,bˈæskətbˌɔl,A1,cefr-j,"CEFR-J custom license (research/commercial use, attribution required)"
bat,noun,bˈæt,A1,cefr-j,"CEFR-J custom license (research/commercial use, attribution required)"
bath,noun,bˈæθ,A1,cefr-j,"CEFR-J custom license (research/commercial use, attribution required)"
bathroom,noun,bˈæθɹˌum,A1,cefr-j,"CEFR-J custom license (research/commercial use, attribution required)"
be,be-verb,bˈi,A1,cefr-j,"CEFR-J custom license (research/commercial use, attribution required)"
beach,noun,bˈitʃ,A1,cefr-j,"CEFR-J custom license (research/commercial use, attribution required)"
bean,noun,bˈin,A1,cefr-j,"CEFR-J custom license (research/commercial use, attribution required)"
bear,noun,bˈɛɹ,A1,cefr-j,"CEFR-J custom license (research/commercial use, attribution required)"
beautiful,adjective,bjˈutəfəl,A1,cefr-j,"CEFR-J custom license (research/commercial use, attribution required)"
because,conjunction,bɪkˈɔz,A1,cefr-j,"CEFR-J custom license (research/commercial use, attribution required)"
become,verb,bɪkˈʌm,A1,cefr-j,"CEFR-J custom license (research/commercial use, attribution required)"
bed,noun,bˈɛd,A1,cefr-j,"CEFR-J custom license (research/commercial use, attribution required)"
bedroom,noun,bˈɛdɹˌum,A1,cefr-j,"CEFR-J custom license (research/commercial use, attribution required)"
bee,noun,bˈi,A1,cefr-j,"CEFR-J custom license (research/commercial use, attribution required)"
beef,noun,bˈif,A1,cefr-j,"CEFR-J custom license (research/commercial use, attribution required)"
before,adverb,bɪfˈɔɹ,A1,cefr-j,"CEFR-J custom license (research/commercial use, attribution required)"
before,preposition,bɪfˈɔɹ,A1,cefr-j,"CEFR-J custom license (research/commercial use, attribution required)"
begin,verb,bɪgˈɪn,A1,cefr-j,"CEFR-J custom license (research/commercial use, attribution required)"
behind,adverb,bɪhˈaɪnd,A1,cefr-j,"CEFR-J custom license (research/commercial use, attribution required)"
behind,preposition,bɪhˈaɪnd,A1,cefr-j,"CEFR-J custom license (research/commercial use, attribution required)"
believe,verb,bɪlˈiv,A1,cefr-j,"CEFR-J custom license (research/commercial use, attribution required)"
bell,noun,bˈɛl,A1,cefr-j,"CEFR-J custom license (research/commercial use, attribution required)"
below,adverb,bɪlˈoʊ,A1,cefr-j,"CEFR-J custom license (research/commercial use, attribution required)"
below,preposition,bɪlˈoʊ,A1,cefr-j,"CEFR-J custom license (research/commercial use, attribution required)"
beside,preposition,bɪsˈaɪd,A1,cefr-j,"CEFR-J custom license (research/commercial use, attribution required)"
best,adjective,bˈɛst,A1,cefr-j,"CEFR-J custom license (research/commercial use, attribution required)"
best,adverb,bˈɛst,A1,cefr-j,"CEFR-J custom license (research/commercial use, attribution required)"
better,adjective,bˈɛtɚ,A1,cefr-j,"CEFR-J custom license (research/commercial use, attribution required)"
between,preposition,bɪtwˈin,A1,cefr-j,"CEFR-J custom license (research/commercial use, attribution required)"
bicycle,noun,bˈaɪsɪkəl,A1,cefr-j,"CEFR-J custom license (research/commercial use, attribution required)"
big,adjective,bˈɪg,A1,cefr-j,"CEFR-J custom license (research/commercial use, attribution required)"
bike,noun,bˈaɪk,A1,cefr-j,"CEFR-J custom license (research/commercial use, attribution required)"
bird,noun,bˈɝd,A1,cefr-j,"CEFR-J custom license (research/commercial use, attribution required)"
birth,noun,bˈɝθ,A1,cefr-j,"CEFR-J custom license (research/commercial use, attribution required)"
birthday,noun,bˈɝθdˌeɪ,A1,cefr-j,"CEFR-J custom license (research/commercial use, attribution required)"
biscuit,noun,bˈɪskət,A1,cefr-j,"CEFR-J custom license (research/commercial use, attribution required)"
black,adjective,blˈæk,A1,cefr-j,"CEFR-J custom license (research/commercial use, attribution required)"
black,noun,blˈæk,A1,cefr-j,"CEFR-J custom license (research/commercial use, attribution required)"
blank,adjective,blˈæŋk,A1,cefr-j,"CEFR-J custom license (research/commercial use, attribution required)"
block,noun,blˈɑk,A1,cefr-j,"CEFR-J custom license (research/commercial use, attribution required)"
blow,verb,blˈoʊ,A1,cefr-j,"CEFR-J custom license (research/commercial use, attribution required)"
blue,adjective,blˈu,A1,cefr-j,"CEFR-J custom license (research/commercial use, attribution required)"
blue,noun,blˈu,A1,cefr-j,"CEFR-J custom license (research/commercial use, attribution required)"
board,noun,bˈɔɹd,A1,cefr-j,"CEFR-J custom license (research/commercial use, attribution required)"
boat,noun,bˈoʊt,A1,cefr-j,"CEFR-J custom license (research/commercial use, attribution required)"
body,noun,bˈɑdi,A1,cefr-j,"CEFR-J custom license (research/commercial use, attribution required)"
bone,noun,bˈoʊn,A1,cefr-j,"CEFR-J custom license (research/commercial use, attribution required)"
book,noun,bˈʊk,A1,cefr-j,"CEFR-J custom license (research/commercial use, attribution required)"
bookstore,noun,bˈʊkstˌɔɹ,A1,cefr-j,"CEFR-J custom license (research/commercial use, attribution required)"
boring,adjective,bˈɔɹɪŋ,A1,cefr-j,"CEFR-J custom license (research/commercial use, attribution required)"
borrow,verb,bˈɑɹˌoʊ,A1,cefr-j,"CEFR-J custom license (research/commercial use, attribution required)"
both,adverb,bˈoʊθ,A1,cefr-j,"CEFR-J custom license (research/commercial use, attribution required)"
both,determiner,bˈoʊθ,A1,cefr-j,"CEFR-J custom license (research/commercial use, attribution required)"
both,pronoun,bˈoʊθ,A1,cefr-j,"CEFR-J custom license (research/commercial use, attribution required)"
bottle,noun,bˈɑtəl,A1,cefr-j,"CEFR-J custom license (research/commercial use, attribution required)"
bottom,noun,bˈɑtəm,A1,cefr-j,"CEFR-J custom license (research/commercial use, attribution required)"
bowl,noun,bˈoʊl,A1,cefr-j,"CEFR-J custom license (research/commercial use, attribution required)"
box,noun,bˈɑks,A1,cefr-j,"CEFR-J custom license (research/commercial use, attribution required)"
boy,noun,bˈɔɪ,A1,cefr-j,"CEFR-J custom license (research/commercial use, attribution required)"
boyfriend,noun,bˈɔɪfɹˌɛnd,A1,cefr-j,"CEFR-J custom license (research/commercial use, attribution required)"
brain,noun,bɹˈeɪn,A1,cefr-j,"CEFR-J custom license (research/commercial use, attribution required)"
bread,noun,bɹˈɛd,A1,cefr-j,"CEFR-J custom license (research/commercial use, attribution required)"
break,verb,bɹˈeɪk,A1,cefr-j,"CEFR-J custom license (research/commercial use, attribution required)"
breakfast,noun,bɹˈɛkfəst,A1,cefr-j,"CEFR-J custom license (research/commercial use, attribution required)"
breathe,verb,bɹˈið,A1,cefr-j,"CEFR-J custom license (research/commercial use, attribution required)"
bridge,noun,bɹˈɪdʒ,A1,cefr-j,"CEFR-J custom license (research/commercial use, attribution required)"
bright,adjective,bɹˈaɪt,A1,cefr-j,"CEFR-J custom license (research/commercial use, attribution required)"
bring,verb,bɹˈɪŋ,A1,cefr-j,"CEFR-J custom license (research/commercial use, attribution required)"
broken,adjective,bɹˈoʊkən,A1,cefr-j,"CEFR-J custom license (research/commercial use, attribution required)"
brother,noun,bɹˈʌðɚ,A1,cefr-j,"CEFR-J custom license (research/commercial use, attribution required)"
brown,adjective,bɹˈaʊn,A1,cefr-j,"CEFR-J custom license (research/commercial use, attribution required)"
brush,noun,bɹˈʌʃ,A1,cefr-j,"CEFR-J custom license (research/commercial use, attribution required)"
brush,verb,bɹˈʌʃ,A1,cefr-j,"CEFR-J custom license (research/commercial use, attribution required)"
bucket,noun,bˈʌkət,A1,cefr-j,"CEFR-J custom license (research/commercial use, attribution required)"
build,verb,bˈɪld,A1,cefr-j,"CEFR-J custom license (research/commercial use, attribution required)"
building,noun,bˈɪldɪŋ,A1,cefr-j,"CEFR-J custom license (research/commercial use, attribution required)"
burger,noun,bˈɝgɚ,A1,cefr-j,"CEFR-J custom license (research/commercial use, attribution required)"
bus,noun,bˈʌs,A1,cefr-j,"CEFR-J custom license (research/commercial use, attribution required)"
business,noun,bˈɪznəs,A1,cefr-j,"CEFR-J custom license (research/commercial use, attribution required)"
busy,adjective,bˈɪzi,A1,cefr-j,"CEFR-J custom license (research/commercial use, attribution required)"
but,conjunction,bˈʌt,A1,cefr-j,"CEFR-J custom license (research/commercial use, attribution required)"
butter,noun,bˈʌtɚ,A1,cefr-j,"CEFR-J custom license (research/commercial use, attribution required)"
butterfly,noun,bˈʌtɚflˌaɪ,A1,cefr-j,"CEFR-J custom license (research/commercial use, attribution required)"
button,noun,bˈʌtən,A1,cefr-j,"CEFR-J custom license (research/commercial use, attribution required)"
buy,verb,bˈaɪ,A1,cefr-j,"CEFR-J custom license (research/commercial use, attribution required)"
by,preposition,bˈaɪ,A1,cefr-j,"CEFR-J custom license (research/commercial use, attribution required)"
bye,noun,bˈaɪ,A1,cefr-j,"CEFR-J custom license (research/commercial use, attribution required)"
cafe,noun,kəfˈeɪ,A1,cefr-j,"CEFR-J custom license (research/commercial use, attribution required)"
cake,noun,kˈeɪk,A1,cefr-j,"CEFR-J custom license (research/commercial use, attribution required)"
call,noun,kˈɔl,A1,cefr-j,"CEFR-J custom license (research/commercial use, attribution required)"
camera,noun,kˈæmɚə,A1,cefr-j,"CEFR-J custom license (research/commercial use, attribution required)"
camp,noun,kˈæmp,A1,cefr-j,"CEFR-J custom license (research/commercial use, attribution required)"
can,modal auxiliary,kˈæn,A1,cefr-j,"CEFR-J custom license (research/commercial use, attribution required)"
candy,noun,kˈændi,A1,cefr-j,"CEFR-J custom license (research/commercial use, attribution required)"
cap,noun,kˈæp,A1,cefr-j,"CEFR-J custom license (research/commercial use, attribution required)"
car,noun,kˈɑɹ,A1,cefr-j,"CEFR-J custom license (research/commercial use, attribution required)"
card,noun,kˈɑɹd,A1,cefr-j,"CEFR-J custom license (research/commercial use, attribution required)"
care,noun,kˈɛɹ,A1,cefr-j,"CEFR-J custom license (research/commercial use, attribution required)"
careful,adjective,kˈɛɹfəl,A1,cefr-j,"CEFR-J custom license (research/commercial use, attribution required)"
carefully,adverb,kˈɛɹfəli,A1,cefr-j,"CEFR-J custom license (research/commercial use, attribution required)"
carry,verb,kˈæɹi,A1,cefr-j,"CEFR-J custom license (research/commercial use, attribution required)"
cartoon,noun,kɑɹtˈun,A1,cefr-j,"CEFR-J custom license (research/commercial use, attribution required)"
case,noun,kˈeɪs,A1,cefr-j,"CEFR-J custom license (research/commercial use, attribution required)"
cat,noun,kˈæt,A1,cefr-j,"CEFR-J custom license (research/commercial use, attribution required)"
catch,noun,kˈætʃ,A1,cefr-j,"CEFR-J custom license (research/commercial use, attribution required)"
catch,verb,kˈætʃ,A1,cefr-j,"CEFR-J custom license (research/commercial use, attribution required)"
CD,noun,sˌidˈi,A1,cefr-j,"CEFR-J custom license (research/commercial use, attribution required)"
CD player,noun,sˌidˈi plˈeɪɚ,A1,cefr-j,"CEFR-J custom license (research/commercial use, attribution required)"
celebrate,verb,sˈɛləbɹˌeɪt,A1,cefr-j,"CEFR-J custom license (research/commercial use, attribution required)"
celebration,noun,sˌɛləbɹˈeɪʃən,A1,cefr-j,"CEFR-J custom license (research/commercial use, attribution required)"
chair,noun,tʃˈɛɹ,A1,cefr-j,"CEFR-J custom license (research/commercial use, attribution required)"
change,noun,tʃˈeɪndʒ,A1,cefr-j,"CEFR-J custom license (research/commercial use, attribution required)"
change,verb,tʃˈeɪndʒ,A1,cefr-j,"CEFR-J custom license (research/commercial use, attribution required)"
character,noun,kˈɛɹɪktɚ,A1,cefr-j,"CEFR-J custom license (research/commercial use, attribution required)"
check,noun,tʃˈɛk,A1,cefr-j,"CEFR-J custom license (research/commercial use, attribution required)"
cheese,noun,tʃˈiz,A1,cefr-j,"CEFR-J custom license (research/commercial use, attribution required)"
chicken,noun,tʃˈɪkən,A1,cefr-j,"CEFR-J custom license (research/commercial use, attribution required)"
child,noun,tʃˈaɪld,A1,cefr-j,"CEFR-J custom license (research/commercial use, attribution required)"
chocolate,noun,tʃˈɔklət,A1,cefr-j,"CEFR-J custom license (research/commercial use, attribution required)"
choose,verb,tʃˈuz,A1,cefr-j,"CEFR-J custom license (research/commercial use, attribution required)"
church,noun,tʃˈɝtʃ,A1,cefr-j,"CEFR-J custom license (research/commercial use, attribution required)"
cinema,noun,sˈɪnəmə,A1,cefr-j,"CEFR-J custom license (research/commercial use, attribution required)"
circle,noun,sˈɝkəl,A1,cefr-j,"CEFR-J custom license (research/commercial use, attribution required)"
city,noun,sˈɪti,A1,cefr-j,"CEFR-J custom license (research/commercial use, attribution required)"
class,noun,klˈæs,A1,cefr-j,"CEFR-J custom license (research/commercial use, attribution required)"
classmate,noun,klˈæsmˌeɪt,A1,cefr-j,"CEFR-J custom license (research/commercial use, attribution required)"
classroom,noun,klˈæsɹˌum,A1,cefr-j,"CEFR-J custom license (research/commercial use, attribution required)"
clean,adjective,klˈin,A1,cefr-j,"CEFR-J custom license (research/commercial use, attribution required)"
clean,verb,klˈin,A1,cefr-j,"CEFR-J custom license (research/commercial use, attribution required)"
clever,adjective,klˈɛvɚ,A1,cefr-j,"CEFR-J custom license (research/commercial use, attribution required)"
climb,noun,klˈaɪm,A1,cefr-j,"CEFR-J custom license (research/commercial use, attribution required)"
clock,noun,klˈɑk,A1,cefr-j,"CEFR-J custom license (research/commercial use, attribution required)"
close,adjective,klˈoʊs,A1,cefr-j,"CEFR-J custom license (research/commercial use, attribution required)"
close,verb,klˈoʊs,A1,cefr-j,"CEFR-J custom license (research/commercial use, attribution required)"
closed,adjective,klˈoʊzd,A1,cefr-j,"CEFR-J custom license (research/commercial use, attribution required)"
cloth,noun,klˈɔθ,A1,cefr-j,"CEFR-J custom license (research/commercial use, attribution required)"
clothes,noun,klˈoʊðz,A1,cefr-j,"CEFR-J custom license (research/commercial use, attribution required)"
cloud,noun,klˈaʊd,A1,cefr-j,"CEFR-J custom license (research/commercial use, attribution required)"
cloudy,adjective,klˈaʊdi,A1,cefr-j,"CEFR-J custom license (research/commercial use, attribution required)"
club,noun,klˈʌb,A1,cefr-j,"CEFR-J custom license (research/commercial use, attribution required)"
coach,noun,kˈoʊtʃ,A1,cefr-j,"CEFR-J custom license (research/commercial use, attribution required)"
coat,noun,kˈoʊt,A1,cefr-j,"CEFR-J custom license (research/commercial use, attribution required)"
code,noun,kˈoʊd,A1,cefr-j,"CEFR-J custom license (research/commercial use, attribution required)"
coffee,noun,kˈɑfi,A1,cefr-j,"CEFR-J custom license (research/commercial use, attribution required)"
coke,noun,kˈoʊk,A1,cefr-j,"CEFR-J custom license (research/commercial use, attribution required)"
cold,adjective,kˈoʊld,A1,cefr-j,"CEFR-J custom license (research/commercial use, attribution required)"
cold,noun,kˈoʊld,A1,cefr-j,"CEFR-J custom license (research/commercial use, attribution required)"
collect,verb,kəlˈɛkt,A1,cefr-j,"CEFR-J custom license (research/commercial use, attribution required)"
collection,noun,kəlˈɛkʃən,A1,cefr-j,"CEFR-J custom license (research/commercial use, attribution required)"
college,noun,kˈɑlɪdʒ,A1,cefr-j,"CEFR-J custom license (research/commercial use, attribution required)"
color,noun,kˈʌlɚ,A1,cefr-j,"CEFR-J custom license (research/commercial use, attribution required)"
color,verb,kˈʌlɚ,A1,cefr-j,"CEFR-J custom license (research/commercial use, attribution required)"
come,verb,kˈʌm,A1,cefr-j,"CEFR-J custom license (research/commercial use, attribution required)"
computer,noun,kəmpjˈutɚ,A1,cefr-j,"CEFR-J custom license (research/commercial use, attribution required)"
concert,noun,kˈɑnsɚt,A1,cefr-j,"CEFR-J custom license (research/commercial use, attribution required)"
contest,noun,kˈɑntɛst,A1,cefr-j,"CEFR-J custom license (research/commercial use, attribution required)"
conversation,noun,kˌɑnvɚsˈeɪʃən,A1,cefr-j,"CEFR-J custom license (research/commercial use, attribution required)"
cook,noun,kˈʊk,A1,cefr-j,"CEFR-J custom license (research/commercial use, attribution required)"
cook,verb,kˈʊk,A1,cefr-j,"CEFR-J custom license (research/commercial use, attribution required)"
cookie,noun,kˈʊki,A1,cefr-j,"CEFR-J custom license (research/commercial use, attribution required)"
cool,adjective,kˈul,A1,cefr-j,"CEFR-J custom license (research/commercial use, attribution required)"
cop,noun,kˈɑp,A1,cefr-j,"CEFR-J custom license (research/commercial use, attribution required)"
copy,noun,kˈɑpi,A1,cefr-j,"CEFR-J custom license (research/commercial use, attribution required)"
corn,noun,kˈɔɹn,A1,cefr-j,"CEFR-J custom license (research/commercial use, attribution required)"
corner,noun,kˈɔɹnɚ,A1,cefr-j,"CEFR-J custom license (research/commercial use, attribution required)"
correct,adjective,kɚˈɛkt,A1,cefr-j,"CEFR-J custom license (research/commercial use, attribution required)"
couch,noun,kˈaʊtʃ,A1,cefr-j,"CEFR-J custom license (research/commercial use, attribution required)"
could,modal auxiliary,kˈʊd,A1,cefr-j,"CEFR-J custom license (research/commercial use, attribution required)"
course,noun,kˈɔɹs,A1,cefr-j,"CEFR-J custom license (research/commercial use, attribution required)"
cousin,noun,kˈʌzən,A1,cefr-j,"CEFR-J custom license (research/commercial use, attribution required)"
cover,noun,kˈʌvɚ,A1,cefr-j,"CEFR-J custom license (research/commercial use, attribution required)"
cow,noun,kˈaʊ,A1,cefr-j,"CEFR-J custom license (research/commercial use, attribution required)"
cream,noun,kɹˈim,A1,cefr-j,"CEFR-J custom license (research/commercial use, attribution required)"
credit card,noun,kɹˈɛdət kˈɑɹd,A1,cefr-j,"CEFR-J custom license (research/commercial use, attribution required)"
cry,noun,kɹˈaɪ,A1,cefr-j,"CEFR-J custom license (research/commercial use, attribution required)"
culture,noun,kˈʌltʃɚ,A1,cefr-j,"CEFR-J custom license (research/commercial use, attribution required)"
cup,noun,kˈʌp,A1,cefr-j,"CEFR-J custom license (research/commercial use, attribution required)"
cut,verb,kˈʌt,A1,cefr-j,"CEFR-J custom license (research/commercial use, attribution required)"
cute,adjective,kjˈut,A1,cefr-j,"CEFR-J custom license (research/commercial use, attribution required)"
dad,noun,dˈæd,A1,cefr-j,"CEFR-J custom license (research/commercial use, attribution required)"
daddy,noun,dˈædi,A1,cefr-j,"CEFR-J custom license (research/commercial use, attribution required)"
dance,noun,dˈæns,A1,cefr-j,"CEFR-J custom license (research/commercial use, attribution required)"
dance,verb,dˈæns,A1,cefr-j,"CEFR-J custom license (research/commercial use, attribution required)"
dancing,noun,dˈænsɪŋ,A1,cefr-j,"CEFR-J custom license (research/commercial use, attribution required)"
dark,adjective,dˈɑɹk,A1,cefr-j,"CEFR-J custom license (research/commercial use, attribution required)"
date,noun,dˈeɪt,A1,cefr-j,"CEFR-J custom license (research/commercial use, attribution required)"
daughter,noun,dˈɔtɚ,A1,cefr-j,"CEFR-J custom license (research/commercial use, attribution required)"
day,noun,dˈeɪ,A1,cefr-j,"CEFR-J custom license (research/commercial use, attribution required)"
dear,adjective,dˈɪɹ,A1,cefr-j,"CEFR-J custom license (research/commercial use, attribution required)"
December,noun,dɪsˈɛmbɚ,A1,cefr-j,"CEFR-J custom license (research/commercial use, attribution required)"
delicious,adjective,dɪlˈɪʃəs,A1,cefr-j,"CEFR-J custom license (research/commercial use, attribution required)"
describe,verb,dɪskɹˈaɪb,A1,cefr-j,"CEFR-J custom license (research/commercial use, attribution required)"
design,noun,dɪzˈaɪn,A1,cefr-j,"CEFR-J custom license (research/commercial use, attribution required)"
desk,noun,dˈɛsk,A1,cefr-j,"CEFR-J custom license (research/commercial use, attribution required)"
dictionary,noun,dˈɪkʃənˌɛɹi,A1,cefr-j,"CEFR-J custom license (research/commercial use, attribution required)"
did,do-verb,dˈɪd,A1,cefr-j,"CEFR-J custom license (research/commercial use, attribution required)"
difference,noun,dˈɪfɚəns,A1,cefr-j,"CEFR-J custom license (research/commercial use, attribution required)"
different,adjective,dˈɪfɚənt,A1,cefr-j,"CEFR-J custom license (research/commercial use, attribution required)"
difficult,adjective,dˈɪfəkəlt,A1,cefr-j,"CEFR-J custom license (research/commercial use, attribution required)"
dig,noun,dˈɪg,A1,cefr-j,"CEFR-J custom license (research/commercial use, attribution required)"
dining room,noun,dˈaɪnɪŋ ɹˈum,A1,cefr-j,"CEFR-J custom license (research/commercial use, attribution required)"
dinner,noun,dˈɪnɚ,A1,cefr-j,"CEFR-J custom license (research/commercial use, attribution required)"
dirty,adjective,dˈɝti,A1,cefr-j,"CEFR-J custom license (research/commercial use, attribution required)"
discuss,verb,dɪskˈʌs,A1,cefr-j,"CEFR-J custom license (research/commercial use, attribution required)"
dish,noun,dˈɪʃ,A1,cefr-j,"CEFR-J custom license (research/commercial use, attribution required)"
do,do-verb,dˈu,A1,cefr-j,"CEFR-J custom license (research/commercial use, attribution required)"
doctor,noun,dˈɑktɚ,A1,cefr-j,"CEFR-J custom license (research/commercial use, attribution required)"
does,do-verb,dˈʌz,A1,cefr-j,"CEFR-J custom license (research/commercial use, attribution required)"
dog,noun,dˈɔg,A1,cefr-j,"CEFR-J custom license (research/commercial use, attribution required)"
doing,do-verb,dˈuɪŋ,A1,cefr-j,"CEFR-J custom license (research/commercial use, attribution required)"
doll,noun,dˈɑl,A1,cefr-j,"CEFR-J custom license (research/commercial use, attribution required)"
dollar,noun,dˈɑlɚ,A1,cefr-j,"CEFR-J custom license (research/commercial use, attribution required)"
door,noun,dˈɔɹ,A1,cefr-j,"CEFR-J custom license (research/commercial use, attribution required)"
down,adverb,dˈaʊn,A1,cefr-j,"CEFR-J custom license (research/commercial use, attribution required)"
drama,noun,dɹˈɑmə,A1,cefr-j,"CEFR-J custom license (research/commercial use, attribution required)"
draw,verb,dɹˈɔ,A1,cefr-j,"CEFR-J custom license (research/commercial use, attribution required)"
dream,noun,dɹˈim,A1,cefr-j,"CEFR-J custom license (research/commercial use, attribution required)"
dress,noun,dɹˈɛs,A1,cefr-j,"CEFR-J custom license (research/commercial use, attribution required)"
drink,noun,dɹˈɪŋk,A1,cefr-j,"CEFR-J custom license (research/commercial use, attribution required)"
drink,verb,dɹˈɪŋk,A1,cefr-j,"CEFR-J custom license (research/commercial use, attribution required)"
drive,noun,dɹˈaɪv,A1,cefr-j,"CEFR-J custom license (research/commercial use, attribution required)"
driver,noun,dɹˈaɪvɚ,A1,cefr-j,"CEFR-J custom license (research/commercial use, attribution required)"
drop,verb,dɹˈɑp,A1,cefr-j,"CEFR-J custom license (research/commercial use, attribution required)"
drum,noun,dɹˈʌm,A1,cefr-j,"CEFR-J custom license (research/commercial use, attribution required)"
dry,adjective,dɹˈaɪ,A1,cefr-j,"CEFR-J custom license (research/commercial use, attribution required)"
due,adjective,dˈu,A1,cefr-j,"CEFR-J custom license (research/commercial use, attribution required)"
DVD,noun,dˌivˌidˈi,A1,cefr-j,"CEFR-J custom license (research/commercial use, attribution required)"
each,determiner,ˈitʃ,A1,cefr-j,"CEFR-J custom license (research/commercial use, attribution required)"
each,pronoun,ˈitʃ,A1,cefr-j,"CEFR-J custom license (research/commercial use, attribution required)"
each other,pronoun,ˈitʃ ˈʌðɚ,A1,cefr-j,"CEFR-J custom license (research/commercial use, attribution required)"
ear,noun,ˈiɹ,A1,cefr-j,"CEFR-J custom license (research/commercial use, attribution required)"
early,adverb,ˈɝli,A1,cefr-j,"CEFR-J custom license (research/commercial use, attribution required)"
easy,adjective,ˈizi,A1,cefr-j,"CEFR-J custom license (research/commercial use, attribution required)"
eat,verb,ˈit,A1,cefr-j,"CEFR-J custom license (research/commercial use, attribution required)"
egg,noun,ˈɛg,A1,cefr-j,"CEFR-J custom license (research/commercial use, attribution required)"
eight,number,ˈeɪt,A1,cefr-j,"CEFR-J custom license (research/commercial use, attribution required)"
eighteen,number,eɪtˈin,A1,cefr-j,"CEFR-J custom license (research/commercial use, attribution required)"
eighty,number,ˈeɪti,A1,cefr-j,"CEFR-J custom license (research/commercial use, attribution required)"
either,adverb,ˈiðɚ,A1,cefr-j,"CEFR-J custom license (research/commercial use, attribution required)"
elementary,adjective,ˌɛləmˈɛntɹi,A1,cefr-j,"CEFR-J custom license (research/commercial use, attribution required)"
eleven,number,ɪlˈɛvən,A1,cefr-j,"CEFR-J custom license (research/commercial use, attribution required)"
else,adverb,ˈɛls,A1,cefr-j,"CEFR-J custom license (research/commercial use, attribution required)"
email,noun,imˈeɪl,A1,cefr-j,"CEFR-J custom license (research/commercial use, attribution required)"
end,noun,ˈɛnd,A1,cefr-j,"CEFR-J custom license (research/commercial use, attribution required)"
engineer,noun,ˈɛndʒənˈɪɹ,A1,cefr-j,"CEFR-J custom license (research/commercial use, attribution required)"
enjoy,verb,ˌɛndʒˈɔɪ,A1,cefr-j,"CEFR-J custom license (research/commercial use, attribution required)"
evening,noun,ˈivnɪŋ,A1,cefr-j,"CEFR-J custom license (research/commercial use, attribution required)"
event,noun,ɪvˈɛnt,A1,cefr-j,"CEFR-J custom license (research/commercial use, attribution required)"
every,determiner,ˈɛvɚi,A1,cefr-j,"CEFR-J custom license (research/commercial use, attribution required)"
everybody,pronoun,ˈɛvɹibˌɑdi,A1,cefr-j,"CEFR-J custom license (research/commercial use, attribution required)"
everyday,adjective,ˈɛvɹidˈeɪ,A1,cefr-j,"CEFR-J custom license (research/commercial use, attribution required)"
everyone,pronoun,ˈɛvɹiwˌʌn,A1,cefr-j,"CEFR-J custom license (research/commercial use, attribution required)"
everything,pronoun,ˈɛvɹiθˌɪŋ,A1,cefr-j,"CEFR-J custom license (research/commercial use, attribution required)"
everywhere,adverb,ˈɛvɹiwˌɛɹ,A1,cefr-j,"CEFR-J custom license (research/commercial use, attribution required)"
example,noun,ɪgzˈæmpəl,A1,cefr-j,"CEFR-J custom license (research/commercial use, attribution required)"
excellent,adjective,ˈɛksələnt,A1,cefr-j,"CEFR-J custom license (research/commercial use, attribution required)"
excited,adjective,ɪksˈaɪtəd,A1,cefr-j,"CEFR-J custom license (research/commercial use, attribution required)"
exciting,adjective,ɪksˈaɪtɪŋ,A1,cefr-j,"CEFR-J custom license (research/commercial use, attribution required)"
excuse,noun,ɪkskjˈus,A1,cefr-j,"CEFR-J custom license (research/commercial use, attribution required)"
exercise,verb,ˈɛksɚsˌaɪz,A1,cefr-j,"CEFR-J custom license (research/commercial use, attribution required)"
expensive,adjective,ɪkspˈɛnsɪv,A1,cefr-j,"CEFR-J custom license (research/commercial use, attribution required)"
eye,noun,ˈaɪ,A1,cefr-j,"CEFR-J custom license (research/commercial use, attribution required)"
face,noun,fˈeɪs,A1,cefr-j,"CEFR-J custom license (research/commercial use, attribution required)"
factory,noun,fˈæktɚi,A1,cefr-j,"CEFR-J custom license (research/commercial use, attribution required)"
fair,adjective,fˈɛɹ,A1,cefr-j,"CEFR-J custom license (research/commercial use, attribution required)"
fairy,noun,fˈɛɹi,A1,cefr-j,"CEFR-J custom license (research/commercial use, attribution required)"
false,adjective,fˈɔls,A1,cefr-j,"CEFR-J custom license (research/commercial use, attribution required)"
family,noun,fˈæməli,A1,cefr-j,"CEFR-J custom license (research/commercial use, attribution required)"
famous,adjective,fˈeɪməs,A1,cefr-j,"CEFR-J custom license (research/commercial use, attribution required)"
fan,noun,fˈæn,A1,cefr-j,"CEFR-J custom license (research/commercial use, attribution required)"
farm,noun,fˈɑɹm,A1,cefr-j,"CEFR-J custom license (research/commercial use, attribution required)"
farmer,noun,fˈɑɹmɚ,A1,cefr-j,"CEFR-J custom license (research/commercial use, attribution required)"
fast,adjective,fˈæst,A1,cefr-j,"CEFR-J custom license (research/commercial use, attribution required)"
fast,adverb,fˈæst,A1,cefr-j,"CEFR-J custom license (research/commercial use, attribution required)"
fat,adjective,fˈæt,A1,cefr-j,"CEFR-J custom license (research/commercial use, attribution required)"
father,noun,fˈɑðɚ,A1,cefr-j,"CEFR-J custom license (research/commercial use, attribution required)"
favorite,adjective,fˈeɪvɚɪt,A1,cefr-j,"CEFR-J custom license (research/commercial use, attribution required)"
favorite,noun,fˈeɪvɚɪt,A1,cefr-j,"CEFR-J custom license (research/commercial use, attribution required)"
February,noun,fˈɛbjəwˌɛɹi,A1,cefr-j,"CEFR-J custom license (research/commercial use, attribution required)"
feed,noun,fˈid,A1,cefr-j,"CEFR-J custom license (research/commercial use, attribution required)"
feel,verb,fˈil,A1,cefr-j,"CEFR-J custom license (research/commercial use, attribution required)"
feeling,noun,fˈilɪŋ,A1,cefr-j,"CEFR-J custom license (research/commercial use, attribution required)"
festival,noun,fˈɛstəvəl,A1,cefr-j,"CEFR-J custom license (research/commercial use, attribution required)"
fever,noun,fˈivɚ,A1,cefr-j,"CEFR-J custom license (research/commercial use, attribution required)"
field,noun,fˈild,A1,cefr-j,"CEFR-J custom license (research/commercial use, attribution required)"
fifteen,number,fɪftˈin,A1,cefr-j,"CEFR-J custom license (research/commercial use, attribution required)"
fifty,number,fˈɪfti,A1,cefr-j,"CEFR-J custom license (research/commercial use, attribution required)"
fight,noun,fˈaɪt,A1,cefr-j,"CEFR-J custom license (research/commercial use, attribution required)"
file,noun,fˈaɪl,A1,cefr-j,"CEFR-J custom license (research/commercial use, attribution required)"
fill,verb,fˈɪl,A1,cefr-j,"CEFR-J custom license (research/commercial use, attribution required)"
find,verb,fˈaɪnd,A1,cefr-j,"CEFR-J custom license (research/commercial use, attribution required)"
fine,adjective,fˈaɪn,A1,cefr-j,"CEFR-J custom license (research/commercial use, attribution required)"
finish,noun,fˈɪnɪʃ,A1,cefr-j,"CEFR-J custom license (research/commercial use, attribution required)"
finish,verb,fˈɪnɪʃ,A1,cefr-j,"CEFR-J custom license (research/commercial use, attribution required)"
fire,noun,fˈaɪɚ,A1,cefr-j,"CEFR-J custom license (research/commercial use, attribution required)"
first,adjective,fˈɝst,A1,cefr-j,"CEFR-J custom license (research/commercial use, attribution required)"
first,adverb,fˈɝst,A1,cefr-j,"CEFR-J custom license (research/commercial use, attribution required)"
fish,noun,fˈɪʃ,A1,cefr-j,"CEFR-J custom license (research/commercial use, attribution required)"
fishing,noun,fˈɪʃɪŋ,A1,cefr-j,"CEFR-J custom license (research/commercial use, attribution required)"
five,number,fˈaɪv,A1,cefr-j,"CEFR-J custom license (research/commercial use, attribution required)"
flag,noun,flˈæg,A1,cefr-j,"CEFR-J custom license (research/commercial use, attribution required)"
flat,noun,flˈæt,A1,cefr-j,"CEFR-J custom license (research/commercial use, attribution required)"
floor,noun,flˈɔɹ,A1,cefr-j,"CEFR-J custom license (research/commercial use, attribution required)"
flower,noun,flˈaʊɚ,A1,cefr-j,"CEFR-J custom license (research/commercial use, attribution required)"
fly,noun,flˈaɪ,A1,cefr-j,"CEFR-J custom license (research/commercial use, attribution required)"
fly,verb,flˈaɪ,A1,cefr-j,"CEFR-J custom license (research/commercial use, attribution required)"
focus,verb,fˈoʊkəs,A1,cefr-j,"CEFR-J custom license (research/commercial use, attribution required)"
foggy,adjective,fˈɑgi,A1,cefr-j,"CEFR-J custom license (research/commercial use, attribution required)"
following,adjective,fˈɑloʊɪŋ,A1,cefr-j,"CEFR-J custom license (research/commercial use, attribution required)"
food,noun,fˈud,A1,cefr-j,"CEFR-J custom license (research/commercial use, attribution required)"
football,noun,fˈʊtbˌɔl,A1,cefr-j,"CEFR-J custom license (research/commercial use, attribution required)"
for,preposition,fˈɔɹ,A1,cefr-j,"CEFR-J custom license (research/commercial use, attribution required)"
foreign,adjective,fˈɔɹən,A1,cefr-j,"CEFR-J custom license (research/commercial use, attribution required)"
foreigner,noun,fˈɔɹənɚ,A1,cefr-j,"CEFR-J custom license (research/commercial use, attribution required)"
forget,verb,fɚgˈɛt,A1,cefr-j,"CEFR-J custom license (research/commercial use, attribution required)"
form,noun,fˈɔɹm,A1,cefr-j,"CEFR-J custom license (research/commercial use, attribution required)"
forty,number,fˈɔɹti,A1,cefr-j,"CEFR-J custom license (research/commercial use, attribution required)"
four,number,fˈɔɹ,A1,cefr-j,"CEFR-J custom license (research/commercial use, attribution required)"
fourteen,number,fˈɔɹtˈin,A1,cefr-j,"CEFR-J custom license (research/commercial use, attribution required)"
free,adjective,fɹˈi,A1,cefr-j,"CEFR-J custom license (research/commercial use, attribution required)"
Friday,noun,fɹˈaɪdi,A1,cefr-j,"CEFR-J custom license (research/commercial use, attribution required)"
friend,noun,fɹˈɛnd,A1,cefr-j,"CEFR-J custom license (research/commercial use, attribution required)"
frog,noun,fɹˈɑg,A1,cefr-j,"CEFR-J custom license (research/commercial use, attribution required)"
from,preposition,fɹˈʌm,A1,cefr-j,"CEFR-J custom license (research/commercial use, attribution required)"
front,adjective,fɹˈʌnt,A1,cefr-j,"CEFR-J custom license (research/commercial use, attribution required)"
fruit,noun,fɹˈut,A1,cefr-j,"CEFR-J custom license (research/commercial use, attribution required)"
full,adjective,fˈʊl,A1,cefr-j,"CEFR-J custom license (research/commercial use, attribution required)"
fun,adjective,fˈʌn,A1,cefr-j,"CEFR-J custom license (research/commercial use, attribution required)"
fun,noun,fˈʌn,A1,cefr-j,"CEFR-J custom license (research/commercial use, attribution required)"
funny,adjective,fˈʌni,A1,cefr-j,"CEFR-J custom license (research/commercial use, attribution required)"
future,noun,fjˈutʃɚ,A1,cefr-j,"CEFR-J custom license (research/commercial use, attribution required)"
game,noun,gˈeɪm,A1,cefr-j,"CEFR-J custom license (research/commercial use, attribution required)"
garbage,noun,gˈɑɹbɪdʒ,A1,cefr-j,"CEFR-J custom license (research/commercial use, attribution required)"
garden,noun,gˈɑɹdən,A1,cefr-j,"CEFR-J custom license (research/commercial use, attribution required)"
get,verb,gˈɛt,A1,cefr-j,"CEFR-J custom license (research/commercial use, attribution required)"
ghost,noun,gˈoʊst,A1,cefr-j,"CEFR-J custom license (research/commercial use, attribution required)"
gift,noun,gˈɪft,A1,cefr-j,"CEFR-J custom license (research/commercial use, attribution required)"
girl,noun,gˈɝl,A1,cefr-j,"CEFR-J custom license (research/commercial use, attribution required)"
girlfriend,noun,gˈɝlfɹˌɛnd,A1,cefr-j,"CEFR-J custom license (research/commercial use, attribution required)"
give,verb,gˈɪv,A1,cefr-j,"CEFR-J custom license (research/commercial use, attribution required)"
glad,adjective,glˈæd,A1,cefr-j,"CEFR-J custom license (research/commercial use, attribution required)"
glass,noun,glˈæs,A1,cefr-j,"CEFR-J custom license (research/commercial use, attribution required)"
glasses,noun,glˈæsəz,A1,cefr-j,"CEFR-J custom license (research/commercial use, attribution required)"
go,verb,gˈoʊ,A1,cefr-j,"CEFR-J custom license (research/commercial use, attribution required)"
goal,noun,gˈoʊl,A1,cefr-j,"CEFR-J custom license (research/commercial use, attribution required)"
gold,adjective,gˈoʊld,A1,cefr-j,"CEFR-J custom license (research/commercial use, attribution required)"
good,adjective,gˈʊd,A1,cefr-j,"CEFR-J custom license (research/commercial use, attribution required)"
good afternoon,interjection,gˈʊd ˌæftɚnˈun,A1,cefr-j,"CEFR-J custom license (research/commercial use, attribution required)"
good morning,interjection,gˈʊd mˈɔɹnɪŋ,A1,cefr-j,"CEFR-J custom license (research/commercial use, attribution required)"
good night,interjection,gˈʊd nˈaɪt,A1,cefr-j,"CEFR-J custom license (research/commercial use, attribution required)"
grade,noun,gɹˈeɪd,A1,cefr-j,"CEFR-J custom license (research/commercial use, attribution required)"
grammar,noun,gɹˈæmɚ,A1,cefr-j,"CEFR-J custom license (research/commercial use, attribution required)"
grandfather,noun,gɹˈændfˌɑðɚ,A1,cefr-j,"CEFR-J custom license (research/commercial use, attribution required)"
grandma,noun,gɹˈændmɑ,A1,cefr-j,"CEFR-J custom license (research/commercial use, attribution required)"
grandmother,noun,gɹˈændmˌʌðɚ,A1,cefr-j,"CEFR-J custom license (research/commercial use, attribution required)"
grandpa,noun,gɹˈændpˌɑ,A1,cefr-j,"CEFR-J custom license (research/commercial use, attribution required)"
grandparent,noun,gɹˈændpˌɛɹənt,A1,cefr-j,"CEFR-J custom license (research/commercial use, attribution required)"
grape,noun,gɹˈeɪp,A1,cefr-j,"CEFR-J custom license (research/commercial use, attribution required)"
grass,noun,gɹˈæs,A1,cefr-j,"CEFR-J custom license (research/commercial use, attribution required)"
gray,adjective,gɹˈeɪ,A1,cefr-j,"CEFR-J custom license (research/commercial use, attribution required)"
gray,noun,gɹˈeɪ,A1,cefr-j,"CEFR-J custom license (research/commercial use, attribution required)"
great,adjective,gɹˈeɪt,A1,cefr-j,"CEFR-J custom license (research/commercial use, attribution required)"
green,adjective,gɹˈin,A1,cefr-j,"CEFR-J custom license (research/commercial use, attribution required)"
greet,verb,gɹˈit,A1,cefr-j,"CEFR-J custom license (research/commercial use, attribution required)"
ground,noun,gɹˈaʊnd,A1,cefr-j,"CEFR-J custom license (research/commercial use, attribution required)"
group,noun,gɹˈup,A1,cefr-j,"CEFR-J custom license (research/commercial use, attribution required)"
grow,verb,gɹˈoʊ,A1,cefr-j,"CEFR-J custom license (research/commercial use, attribution required)"
guess,verb,gˈɛs,A1,cefr-j,"CEFR-J custom license (research/commercial use, attribution required)"
guest,noun,gˈɛst,A1,cefr-j,"CEFR-J custom license (research/commercial use, attribution required)"
guitar,noun,gɪtˈɑɹ,A1,cefr-j,"CEFR-J custom license (research/commercial use, attribution required)"
guy,noun,gˈaɪ,A1,cefr-j,"CEFR-J custom license (research/commercial use, attribution required)"
habit,noun,hˈæbət,A1,cefr-j,"CEFR-J custom license (research/commercial use, attribution required)"
had,have-verb,hˈæd,A1,cefr-j,"CEFR-J custom license (research/commercial use, attribution required)"
hair,noun,hˈɛɹ,A1,cefr-j,"CEFR-J custom license (research/commercial use, attribution required)"
haircut,noun,hˈɛɹkˌʌt,A1,cefr-j,"CEFR-J custom license (research/commercial use, attribution required)"
half,noun,hˈæf,A1,cefr-j,"CEFR-J custom license (research/commercial use, attribution required)"
hall,noun,hˈɔl,A1,cefr-j,"CEFR-J custom license (research/commercial use, attribution required)"
hamburger,noun,hˈæmbɚgɚ,A1,cefr-j,"CEFR-J custom license (research/commercial use, attribution required)"
hand,noun,hˈænd,A1,cefr-j,"CEFR-J custom license (research/commercial use, attribution required)"
handsome,adjective,hˈænsəm,A1,cefr-j,"CEFR-J custom license (research/commercial use, attribution required)"
happen,verb,hˈæpən,A1,cefr-j,"CEFR-J custom license (research/commercial use, attribution required)"
happy,adjective,hˈæpi,A1,cefr-j,"CEFR-J custom license (research/commercial use, attribution required)"
hard,adjective,hˈɑɹd,A1,cefr-j,"CEFR-J custom license (research/commercial use, attribution required)"
hard,adverb,hˈɑɹd,A1,cefr-j,"CEFR-J custom license (research/commercial use, attribution required)"
has,have-verb,hˈæz,A1,cefr-j,"CEFR-J custom license (research/commercial use, attribution required)"
hat,noun,hˈæt,A1,cefr-j,"CEFR-J custom license (research/commercial use, attribution required)"
have,have-verb,hˈæv,A1,cefr-j,"CEFR-J custom license (research/commercial use, attribution required)"
have to,modal auxiliary,hˈæv tˈu,A1,cefr-j,"CEFR-J custom license (research/commercial use, attribution required)"
he,pronoun,hˈi,A1,cefr-j,"CEFR-J custom license (research/commercial use, attribution required)"
head,noun,hˈɛd,A1,cefr-j,"CEFR-J custom license (research/commercial use, attribution required)"
headache,noun,hˈɛdˌeɪk,A1,cefr-j,"CEFR-J custom license (research/commercial use, attribution required)"
health,noun,hˈɛlθ,A1,cefr-j,"CEFR-J custom license (research/commercial use, attribution required)"
healthy,adjective,hˈɛlθi,A1,cefr-j,"CEFR-J custom license (research/commercial use, attribution required)"
hear,verb,hˈiɹ,A1,cefr-j,"CEFR-J custom license (research/commercial use, attribution required)"
heart,noun,hˈɑɹt,A1,cefr-j,"CEFR-J custom license (research/commercial use, attribution required)"
heavy,adjective,hˈɛvi,A1,cefr-j,"CEFR-J custom license (research/commercial use, attribution required)"
hello,noun,həlˈoʊ,A1,cefr-j,"CEFR-J custom license (research/commercial use, attribution required)"
help,verb,hˈɛlp,A1,cefr-j,"CEFR-J custom license (research/commercial use, attribution required)"
her,determiner,hˈɝ,A1,cefr-j,"CEFR-J custom license (research/commercial use, attribution required)"
her,pronoun,hˈɝ,A1,cefr-j,"CEFR-J custom license (research/commercial use, attribution required)"
here,adverb,hˈiɹ,A1,cefr-j,"CEFR-J custom license (research/commercial use, attribution required)"
hers,pronoun,hɚz,A1,cefr-j,"CEFR-J custom license (research/commercial use, attribution required)"
hi,interjection,hˈaɪ,A1,cefr-j,"CEFR-J custom license (research/commercial use, attribution required)"
hide,verb,hˈaɪd,A1,cefr-j,"CEFR-J custom license (research/commercial use, attribution required)"
high,adjective,hˈaɪ,A1,cefr-j,"CEFR-J custom license (research/commercial use, attribution required)"
hill,noun,hˈɪl,A1,cefr-j,"CEFR-J custom license (research/commercial use, attribution required)"
him,pronoun,hˈɪm,A1,cefr-j,"CEFR-J custom license (research/commercial use, attribution required)"
his,determiner,hˈɪz,A1,cefr-j,"CEFR-J custom license (research/commercial use, attribution required)"
his,pronoun,hˈɪz,A1,cefr-j,"CEFR-J custom license (research/commercial use, attribution required)"
history,noun,hˈɪstɚi,A1,cefr-j,"CEFR-J custom license (research/commercial use, attribution required)"
hobby,noun,hˈɑbi,A1,cefr-j,"CEFR-J custom license (research/commercial use, attribution required)"
hold,noun,hˈoʊld,A1,cefr-j,"CEFR-J custom license (research/commercial use, attribution required)"
hole,noun,hˈoʊl,A1,cefr-j,"CEFR-J custom license (research/commercial use, attribution required)"
holiday,noun,hˈɑlədˌeɪ,A1,cefr-j,"CEFR-J custom license (research/commercial use, attribution required)"
home,noun,hˈoʊm,A1,cefr-j,"CEFR-J custom license (research/commercial use, attribution required)"
hometown,noun,hˈoʊmtˌaʊn,A1,cefr-j,"CEFR-J custom license (research/commercial use, attribution required)"
homework,noun,hˈoʊmwˌɝk,A1,cefr-j,"CEFR-J custom license (research/commercial use, attribution required)"
hope,noun,hˈoʊp,A1,cefr-j,"CEFR-J custom license (research/commercial use, attribution required)"
horse,noun,hˈɔɹs,A1,cefr-j,"CEFR-J custom license (research/commercial use, attribution required)"
hospital,noun,hˈɑspˌɪtəl,A1,cefr-j,"CEFR-J custom license (research/commercial use, attribution required)"
hot,adjective,hˈɑt,A1,cefr-j,"CEFR-J custom license (research/commercial use, attribution required)"
hotel,noun,hoʊtˈɛl,A1,cefr-j,"CEFR-J custom license (research/commercial use, attribution required)"
hour,noun,ˈaʊɚ,A1,cefr-j,"CEFR-J custom license (research/commercial use, attribution required)"
house,noun,hˈaʊs,A1,cefr-j,"CEFR-J custom license (research/commercial use, attribution required)"
how,adverb,hˈaʊ,A1,cefr-j,"CEFR-J custom license (research/commercial use, attribution required)"
hungry,adjective,hˈʌŋgɹi,A1,cefr-j,"CEFR-J custom license (research/commercial use, attribution required)"
hurry,noun,hˈɝi,A1,cefr-j,"CEFR-J custom license (research/commercial use, attribution required)"
hurt,verb,hˈɝt,A1,cefr-j,"CEFR-J custom license (research/commercial use, attribution required)"
husband,noun,hˈʌzbənd,A1,cefr-j,"CEFR-J custom license (research/commercial use, attribution required)"
I,pronoun,ˈaɪ,A1,cefr-j,"CEFR-J custom license (research/commercial use, attribution required)"
ice,noun,ˈaɪs,A1,cefr-j,"CEFR-J custom license (research/commercial use, attribution required)"
ice cream,noun,ˈaɪs kɹˈim,A1,cefr-j,"CEFR-J custom license (research/commercial use, attribution required)"
idea,noun,aɪdˈiə,A1,cefr-j,"CEFR-J custom license (research/commercial use, attribution required)"
ideal,adjective,aɪdˈil,A1,cefr-j,"CEFR-J custom license (research/commercial use, attribution required)"
if,conjunction,ˈɪf,A1,cefr-j,"CEFR-J custom license (research/commercial use, attribution required)"
imagine,verb,ˌɪmˈædʒən,A1,cefr-j,"CEFR-J custom license (research/commercial use, attribution required)"
important,adjective,ˌɪmpˈɔɹtənt,A1,cefr-j,"CEFR-J custom license (research/commercial use, attribution required)"
in,preposition,ɪn,A1,cefr-j,"CEFR-J custom license (research/commercial use, attribution required)"
information,noun,ˌɪnfɚmˈeɪʃən,A1,cefr-j,"CEFR-J custom license (research/commercial use, attribution required)"
inside,preposition,ˌɪnsˈaɪd,A1,cefr-j,"CEFR-J custom license (research/commercial use, attribution required)"
interested,adjective,ˈɪntɹəstɪd,A1,cefr-j,"CEFR-J custom license (research/commercial use, attribution required)"
interesting,adjective,ˈɪntɹəstɪŋ,A1,cefr-j,"CEFR-J custom license (research/commercial use, attribution required)"
Internet,noun,ˈɪntɚnˌɛt,A1,cefr-j,"CEFR-J custom license (research/commercial use, attribution required)"
interview,noun,ˈɪntɚvjˌu,A1,cefr-j,"CEFR-J custom license (research/commercial use, attribution required)"
interviewer,noun,ˈɪntɚvjˌuɚ,A1,cefr-j,"CEFR-J custom license (research/commercial use, attribution required)"
into,preposition,ˈɪntu,A1,cefr-j,"CEFR-J custom license (research/commercial use, attribution required)"
introduce,verb,ˌɪntɹədˈus,A1,cefr-j,"CEFR-J custom license (research/commercial use, attribution required)"
is,be-verb,ˈɪz,A1,cefr-j,"CEFR-J custom license (research/commercial use, attribution required)"
island,noun,ˈaɪlənd,A1,cefr-j,"CEFR-J custom license (research/commercial use, attribution required)"
it,pronoun,ˈɪt,A1,cefr-j,"CEFR-J custom license (research/commercial use, attribution required)"
item,noun,ˈaɪtəm,A1,cefr-j,"CEFR-J custom license (research/commercial use, attribution required)"
its,determiner,ˈɪts,A1,cefr-j,"CEFR-J custom license (research/commercial use, attribution required)"
its,pronoun,ˈɪts,A1,cefr-j,"CEFR-J custom license (research/commercial use, attribution required)"
jacket,noun,dʒˈækət,A1,cefr-j,"CEFR-J custom license (research/commercial use, attribution required)"
January,noun,dʒˈænjuˌɛɹi,A1,cefr-j,"CEFR-J custom license (research/commercial use, attribution required)"
jeans,noun,dʒˈinz,A1,cefr-j,"CEFR-J custom license (research/commercial use, attribution required)"
jet,noun,dʒˈɛt,A1,cefr-j,"CEFR-J custom license (research/commercial use, attribution required)"
jewelry,noun,dʒˈuəlɹi,A1,cefr-j,"CEFR-J custom license (research/commercial use, attribution required)"
job,noun,dʒˈɑb,A1,cefr-j,"CEFR-J custom license (research/commercial use, attribution required)"
join,verb,dʒˈɔɪn,A1,cefr-j,"CEFR-J custom license (research/commercial use, attribution required)"
judge,verb,dʒˈʌdʒ,A1,cefr-j,"CEFR-J custom license (research/commercial use, attribution required)"
juice,noun,dʒˈus,A1,cefr-j,"CEFR-J custom license (research/commercial use, attribution required)"
July,noun,dʒˌulˈaɪ,A1,cefr-j,"CEFR-J custom license (research/commercial use, attribution required)"
jump,verb,dʒˈʌmp,A1,cefr-j,"CEFR-J custom license (research/commercial use, attribution required)"
June,noun,dʒˈun,A1,cefr-j,"CEFR-J custom license (research/commercial use, attribution required)"
just,adverb,dʒˈʌst,A1,cefr-j,"CEFR-J custom license (research/commercial use, attribution required)"
keep,verb,kˈip,A1,cefr-j,"CEFR-J custom license (research/commercial use, attribution required)"
key,adjective,kˈi,A1,cefr-j,"CEFR-J custom license (research/commercial use, attribution required)"
key,noun,kˈi,A1,cefr-j,"CEFR-J custom license (research/commercial use, attribution required)"
kick,noun,kˈɪk,A1,cefr-j,"CEFR-J custom license (research/commercial use, attribution required)"
kick,verb,kˈɪk,A1,cefr-j,"CEFR-J custom license (research/commercial use, attribution required)"
kid,noun,kˈɪd,A1,cefr-j,"CEFR-J custom license (research/commercial use, attribution required)"
kill,verb,kˈɪl,A1,cefr-j,"CEFR-J custom license (research/commercial use, attribution required)"
kind,noun,kˈaɪnd,A1,cefr-j,"CEFR-J custom license (research/commercial use, attribution required)"
king,noun,kˈɪŋ,A1,cefr-j,"CEFR-J custom license (research/commercial use, attribution required)"
kiss,noun,kˈɪs,A1,cefr-j,"CEFR-J custom license (research/commercial use, attribution required)"
kitchen,noun,kˈɪtʃən,A1,cefr-j,"CEFR-J custom license (research/commercial use, attribution required)"
kite,noun,kˈaɪt,A1,cefr-j,"CEFR-J custom license (research/commercial use, attribution required)"
knee,noun,nˈi,A1,cefr-j,"CEFR-J custom license (research/commercial use, attribution required)"
knife,noun,nˈaɪf,A1,cefr-j,"CEFR-J custom license (research/commercial use, attribution required)"
know,verb,nˈoʊ,A1,cefr-j,"CEFR-J custom license (research/commercial use, attribution required)"
lady,noun,lˈeɪdi,A1,cefr-j,"CEFR-J custom license (research/commercial use, attribution required)"
language,noun,lˈæŋgwədʒ,A1,cefr-j,"CEFR-J custom license (research/commercial use, attribution required)"
large,adjective,lˈɑɹdʒ,A1,cefr-j,"CEFR-J custom license (research/commercial use, attribution required)"
last name,noun,lˈæst nˈeɪm,A1,cefr-j,"CEFR-J custom license (research/commercial use, attribution required)"
late,adjective,lˈeɪt,A1,cefr-j,"CEFR-J custom license (research/commercial use, attribution required)"
late,adverb,lˈeɪt,A1,cefr-j,"CEFR-J custom license (research/commercial use, attribution required)"
later,adverb,lˈeɪtɚ,A1,cefr-j,"CEFR-J custom license (research/commercial use, attribution required)"
laugh,verb,lˈæf,A1,cefr-j,"CEFR-J custom license (research/commercial use, attribution required)"
lazy,adjective,lˈeɪzi,A1,cefr-j,"CEFR-J custom license (research/commercial use, attribution required)"
leader,noun,lˈidɚ,A1,cefr-j,"CEFR-J custom license (research/commercial use, attribution required)"
leaf,noun,lˈif,A1,cefr-j,"CEFR-J custom license (research/commercial use, attribution required)"
learn,verb,lˈɝn,A1,cefr-j,"CEFR-J custom license (research/commercial use, attribution required)"
leave,verb,lˈiv,A1,cefr-j,"CEFR-J custom license (research/commercial use, attribution required)"
left,adjective,lˈɛft,A1,cefr-j,"CEFR-J custom license (research/commercial use, attribution required)"
leg,noun,lˈɛg,A1,cefr-j,"CEFR-J custom license (research/commercial use, attribution required)"
lesson,noun,lˈɛsən,A1,cefr-j,"CEFR-J custom license (research/commercial use, attribution required)"
let,verb,lˈɛt,A1,cefr-j,"CEFR-J custom license (research/commercial use, attribution required)"
letter,noun,lˈɛtɚ,A1,cefr-j,"CEFR-J custom license (research/commercial use, attribution required)"
library,noun,lˈaɪbɹɛɹˌi,A1,cefr-j,"CEFR-J custom license (research/commercial use, attribution required)"
life,noun,lˈaɪf,A1,cefr-j,"CEFR-J custom license (research/commercial use, attribution required)"
light,adjective,lˈaɪt,A1,cefr-j,"CEFR-J custom license (research/commercial use, attribution required)"
light,noun,lˈaɪt,A1,cefr-j,"CEFR-J custom license (research/commercial use, attribution required)"
like,preposition,lˈaɪk,A1,cefr-j,"CEFR-J custom license (research/commercial use, attribution required)"
like,verb,lˈaɪk,A1,cefr-j,"CEFR-J custom license (research/commercial use, attribution required)"
lily,noun,lˈɪli,A1,cefr-j,"CEFR-J custom license (research/commercial use, attribution required)"
line,noun,lˈaɪn,A1,cefr-j,"CEFR-J custom license (research/commercial use, attribution required)"
lion,noun,lˈaɪən,A1,cefr-j,"CEFR-J custom license (research/commercial use, attribution required)"
list,noun,lˈɪst,A1,cefr-j,"CEFR-J custom license (research/commercial use, attribution required)"
listen,verb,lˈɪsən,A1,cefr-j,"CEFR-J custom license (research/commercial use, attribution required)"
little,adjective,lˈɪtəl,A1,cefr-j,"CEFR-J custom license (research/commercial use, attribution required)"
little,adverb,lˈɪtəl,A1,cefr-j,"CEFR-J custom license (research/commercial use, attribution required)"
live,verb,lˈaɪv,A1,cefr-j,"CEFR-J custom license (research/commercial use, attribution required)"
living,adjective,lˈɪvɪŋ,A1,cefr-j,"CEFR-J custom license (research/commercial use, attribution required)"
living room,noun,lˈɪvɪŋ ɹˈum,A1,cefr-j,"CEFR-J custom license (research/commercial use, attribution required)"
lonely,adjective,lˈoʊnli,A1,cefr-j,"CEFR-J custom license (research/commercial use, attribution required)"
long,adjective,lˈɔŋ,A1,cefr-j,"CEFR-J custom license (research/commercial use, attribution required)"
look,noun,lˈʊk,A1,cefr-j,"CEFR-J custom license (research/commercial use, attribution required)"
look,verb,lˈʊk,A1,cefr-j,"CEFR-J custom license (research/commercial use, attribution required)"
lot,adverb,lˈɑt,A1,cefr-j,"CEFR-J custom license (research/commercial use, attribution required)"
lot,pronoun,lˈɑt,A1,cefr-j,"CEFR-J custom license (research/commercial use, attribution required)"
love,noun,lˈʌv,A1,cefr-j,"CEFR-J custom license (research/commercial use, attribution required)"
love,verb,lˈʌv,A1,cefr-j,"CEFR-J custom license (research/commercial use, attribution required)"
lovely,adjective,lˈʌvli,A1,cefr-j,"CEFR-J custom license (research/commercial use, attribution required)"
luck,noun,lˈʌk,A1,cefr-j,"CEFR-J custom license (research/commercial use, attribution required)"
lucky,adjective,lˈʌki,A1,cefr-j,"CEFR-J custom license (research/commercial use, attribution required)"
lunch,noun,lˈʌntʃ,A1,cefr-j,"CEFR-J custom license (research/commercial use, attribution required)"
machine,noun,məʃˈin,A1,cefr-j,"CEFR-J custom license (research/commercial use, attribution required)"
magazine,noun,mˈægəzˌin,A1,cefr-j,"CEFR-J custom license (research/commercial use, attribution required)"
mail,noun,mˈeɪl,A1,cefr-j,"CEFR-J custom license (research/commercial use, attribution required)"
make,verb,mˈeɪk,A1,cefr-j,"CEFR-J custom license (research/commercial use, attribution required)"
man,noun,mˈæn,A1,cefr-j,"CEFR-J custom license (research/commercial use, attribution required)"
many,determiner,mˈɛni,A1,cefr-j,"CEFR-J custom license (research/commercial use, attribution required)"
many,pronoun,mˈɛni,A1,cefr-j,"CEFR-J custom license (research/commercial use, attribution required)"
map,noun,mˈæp,A1,cefr-j,"CEFR-J custom license (research/commercial use, attribution required)"
March,noun,mˈɑɹtʃ,A1,cefr-j,"CEFR-J custom license (research/commercial use, attribution required)"
match,noun,mˈætʃ,A1,cefr-j,"CEFR-J custom license (research/commercial use, attribution required)"
math,noun,mˈæθ,A1,cefr-j,"CEFR-J custom license (research/commercial use, attribution required)"
matter,noun,mˈætɚ,A1,cefr-j,"CEFR-J custom license (research/commercial use, attribution required)"
may,modal auxiliary,mˈeɪ,A1,cefr-j,"CEFR-J custom license (research/commercial use, attribution required)"
May,noun,mˈeɪ,A1,cefr-j,"CEFR-J custom license (research/commercial use, attribution required)"
maybe,adverb,mˈeɪbi,A1,cefr-j,"CEFR-J custom license (research/commercial use, attribution required)"
me,pronoun,mˈi,A1,cefr-j,"CEFR-J custom license (research/commercial use, attribution required)"
meal,noun,mˈil,A1,cefr-j,"CEFR-J custom license (research/commercial use, attribution required)"
mean,verb,mˈin,A1,cefr-j,"CEFR-J custom license (research/commercial use, attribution required)"
meat,noun,mˈit,A1,cefr-j,"CEFR-J custom license (research/commercial use, attribution required)"
medicine,noun,mˈɛdəsən,A1,cefr-j,"CEFR-J custom license (research/commercial use, attribution required)"
meet,verb,mˈit,A1,cefr-j,"CEFR-J custom license (research/commercial use, attribution required)"
meeting,noun,mˈitɪŋ,A1,cefr-j,"CEFR-J custom license (research/commercial use, attribution required)"
memory,noun,mˈɛmɚi,A1,cefr-j,"CEFR-J custom license (research/commercial use, attribution required)"
merry,adjective,mˈɛɹi,A1,cefr-j,"CEFR-J custom license (research/commercial use, attribution required)"
message,noun,mˈɛsədʒ,A1,cefr-j,"CEFR-J custom license (research/commercial use, attribution required)"
middle,adjective,mˈɪdəl,A1,cefr-j,"CEFR-J custom license (research/commercial use, attribution required)"
milk,noun,mˈɪlk,A1,cefr-j,"CEFR-J custom license (research/commercial use, attribution required)"
mind,noun,mˈaɪnd,A1,cefr-j,"CEFR-J custom license (research/commercial use, attribution required)"
mine,pronoun,mˈaɪn,A1,cefr-j,"CEFR-J custom license (research/commercial use, attribution required)"
minute,noun,mˈɪnət,A1,cefr-j,"CEFR-J custom license (research/commercial use, attribution required)"
miss,verb,mˈɪs,A1,cefr-j,"CEFR-J custom license (research/commercial use, attribution required)"
Miss,noun,mˈɪs,A1,cefr-j,"CEFR-J custom license (research/commercial use, attribution required)"
mobile,noun,mˈoʊbəl,A1,cefr-j,"CEFR-J custom license (research/commercial use, attribution required)"
mobile phone,noun,mˈoʊbəl fˈoʊn,A1,cefr-j,"CEFR-J custom license (research/commercial use, attribution required)"
mom,noun,mˈɑm,A1,cefr-j,"CEFR-J custom license (research/commercial use, attribution required)"
moment,noun,mˈoʊmənt,A1,cefr-j,"CEFR-J custom license (research/commercial use, attribution required)"
mommy,noun,mˈɑmi,A1,cefr-j,"CEFR-J custom license (research/commercial use, attribution required)"
Monday,noun,mˈʌndi,A1,cefr-j,"CEFR-J custom license (research/commercial use, attribution required)"
money,noun,mˈʌni,A1,cefr-j,"CEFR-J custom license (research/commercial use, attribution required)"
monkey,noun,mˈʌŋki,A1,cefr-j,"CEFR-J custom license (research/commercial use, attribution required)"
month,noun,mˈʌnθ,A1,cefr-j,"CEFR-J custom license (research/commercial use, attribution required)"
moon,noun,mˈun,A1,cefr-j,"CEFR-J custom license (research/commercial use, attribution required)"
more,determiner,mˈɔɹ,A1,cefr-j,"CEFR-J custom license (research/commercial use, attribution required)"
more,pronoun,mˈɔɹ,A1,cefr-j,"CEFR-J custom license (research/commercial use, attribution required)"
morning,noun,mˈɔɹnɪŋ,A1,cefr-j,"CEFR-J custom license (research/commercial use, attribution required)"
most,determiner,mˈoʊst,A1,cefr-j,"CEFR-J custom license (research/commercial use, attribution required)"
mother,noun,mˈʌðɚ,A1,cefr-j,"CEFR-J custom license (research/commercial use, attribution required)"
mountain,noun,mˈaʊntən,A1,cefr-j,"CEFR-J custom license (research/commercial use, attribution required)"
mouse,noun,mˈaʊs,A1,cefr-j,"CEFR-J custom license (research/commercial use, attribution required)"
mouth,noun,mˈaʊθ,A1,cefr-j,"CEFR-J custom license (research/commercial use, attribution required)"
move,noun,mˈuv,A1,cefr-j,"CEFR-J custom license (research/commercial use, attribution required)"
movie,noun,mˈuvi,A1,cefr-j,"CEFR-J custom license (research/commercial use, attribution required)"
Mr.,noun,mˈɪstɚ,A1,cefr-j,"CEFR-J custom license (research/commercial use, attribution required)"
Mrs.,noun,mˈɪsɪz,A1,cefr-j,"CEFR-J custom license (research/commercial use, attribution required)"
much,adverb,mˈʌtʃ,A1,cefr-j,"CEFR-J custom license (research/commercial use, attribution required)"
much,determiner,mˈʌtʃ,A1,cefr-j,"CEFR-J custom license (research/commercial use, attribution required)"
much,pronoun,mˈʌtʃ,A1,cefr-j,"CEFR-J custom license (research/commercial use, attribution required)"
mum,noun,mˈʌm,A1,cefr-j,"CEFR-J custom license (research/commercial use, attribution required)"
music,noun,mjˈuzɪk,A1,cefr-j,"CEFR-J custom license (research/commercial use, attribution required)"
musician,noun,mjuzˈɪʃən,A1,cefr-j,"CEFR-J custom license (research/commercial use, attribution required)"
must,modal auxiliary,mˈʌst,A1,cefr-j,"CEFR-J custom license (research/commercial use, attribution required)"
my,determiner,mˈaɪ,A1,cefr-j,"CEFR-J custom license (research/commercial use, attribution required)"
name,noun,nˈeɪm,A1,cefr-j,"CEFR-J custom license (research/commercial use, attribution required)"
nationality,noun,nˌæʃənˈæləti,A1,cefr-j,"CEFR-J custom license (research/commercial use, attribution required)"
near,preposition,nˈɪɹ,A1,cefr-j,"CEFR-J custom license (research/commercial use, attribution required)"
neck,noun,nˈɛk,A1,cefr-j,"CEFR-J custom license (research/commercial use, attribution required)"
need,modal auxiliary,nˈid,A1,cefr-j,"CEFR-J custom license (research/commercial use, attribution required)"
neighbor,noun,nˈeɪbɚ,A1,cefr-j,"CEFR-J custom license (research/commercial use, attribution required)"
never,adverb,nˈɛvɚ,A1,cefr-j,"CEFR-J custom license (research/commercial use, attribution required)"
new,adjective,nˈu,A1,cefr-j,"CEFR-J custom license (research/commercial use, attribution required)"
news,noun,nˈuz,A1,cefr-j,"CEFR-J custom license (research/commercial use, attribution required)"
newspaper,noun,nˈuzpˌeɪpɚ,A1,cefr-j,"CEFR-J custom license (research/commercial use, attribution required)"
nice,adjective,nˈaɪs,A1,cefr-j,"CEFR-J custom license (research/commercial use, attribution required)"
night,noun,nˈaɪt,A1,cefr-j,"CEFR-J custom license (research/commercial use, attribution required)"
nine,number,nˈaɪn,A1,cefr-j,"CEFR-J custom license (research/commercial use, attribution required)"
nineteen,number,nˈaɪntˈin,A1,cefr-j,"CEFR-J custom license (research/commercial use, attribution required)"
ninety,number,nˈaɪnti,A1,cefr-j,"CEFR-J custom license (research/commercial use, attribution required)"
no,adverb,nˈoʊ,A1,cefr-j,"CEFR-J custom license (research/commercial use, attribution required)"
no,determiner,nˈoʊ,A1,cefr-j,"CEFR-J custom license (research/commercial use, attribution required)"
noise,noun,nˈɔɪz,A1,cefr-j,"CEFR-J custom license (research/commercial use, attribution required)"
nose,noun,nˈoʊz,A1,cefr-j,"CEFR-J custom license (research/commercial use, attribution required)"
not,adverb,nˈɑt,A1,cefr-j,"CEFR-J custom license (research/commercial use, attribution required)"
note,noun,nˈoʊt,A1,cefr-j,"CEFR-J custom license (research/commercial use, attribution required)"
note,verb,nˈoʊt,A1,cefr-j,"CEFR-J custom license (research/commercial use, attribution required)"
notebook,noun,nˈoʊtbˌʊk,A1,cefr-j,"CEFR-J custom license (research/commercial use, attribution required)"
nothing,pronoun,nˈʌθɪŋ,A1,cefr-j,"CEFR-J custom license (research/commercial use, attribution required)"
November,noun,noʊvˈɛmbɚ,A1,cefr-j,"CEFR-J custom license (research/commercial use, attribution required)"
now,adverb,nˈaʊ,A1,cefr-j,"CEFR-J custom license (research/commercial use, attribution required)"
number,noun,nˈʌmbɚ,A1,cefr-j,"CEFR-J custom license (research/commercial use, attribution required)"
nurse,noun,nˈɝs,A1,cefr-j,"CEFR-J custom license (research/commercial use, attribution required)"
o'clock,adverb,əklˈɑk,A1,cefr-j,"CEFR-J custom license (research/commercial use, attribution required)"
October,noun,ɑktˈoʊbɚ,A1,cefr-j,"CEFR-J custom license (research/commercial use, attribution required)"
of,preposition,ˈʌv,A1,cefr-j,"CEFR-J custom license (research/commercial use, attribution required)"
off,adjective,ˈɔf,A1,cefr-j,"CEFR-J custom license (research/commercial use, attribution required)"
office,noun,ˈɔfɪs,A1,cefr-j,"CEFR-J custom license (research/commercial use, attribution required)"
officer,noun,ˈɔfəsɚ,A1,cefr-j,"CEFR-J custom license (research/commercial use, attribution required)"
often,adverb,ˈɔfən,A1,cefr-j,"CEFR-J custom license (research/commercial use, attribution required)"
OK,adjective,ˈoʊkˈeɪ,A1,cefr-j,"CEFR-J custom license (research/commercial use, attribution required)"
OK,adverb,ˈoʊkˈeɪ,A1,cefr-j,"CEFR-J custom license (research/commercial use, attribution required)"
old,adjective,ˈoʊld,A1,cefr-j,"CEFR-J custom license (research/commercial use, attribution required)"
Olympics,noun,oʊlˈɪmpɪks,A1,cefr-j,"CEFR-J custom license (research/commercial use, attribution required)"
on,preposition,ˈɑn,A1,cefr-j,"CEFR-J custom license (research/commercial use, attribution required)"
once,adverb,wˈʌns,A1,cefr-j,"CEFR-J custom license (research/commercial use, attribution required)"
one,determiner,wˈʌn,A1,cefr-j,"CEFR-J custom license (research/commercial use, attribution required)"
one,number,wˈʌn,A1,cefr-j,"CEFR-J custom license (research/commercial use, attribution required)"
only,adjective,ˈoʊnli,A1,cefr-j,"CEFR-J custom license (research/commercial use, attribution required)"
only,adverb,ˈoʊnli,A1,cefr-j,"CEFR-J custom license (research/commercial use, attribution required)"
open,adjective,ˈoʊpən,A1,cefr-j,"CEFR-J custom license (research/commercial use, attribution required)"
open,verb,ˈoʊpən,A1,cefr-j,"CEFR-J custom license (research/commercial use, attribution required)"
opera,noun,ˈɑpɹə,A1,cefr-j,"CEFR-J custom license (research/commercial use, attribution required)"
or,conjunction,ˈɔɹ,A1,cefr-j,"CEFR-J custom license (research/commercial use, attribution required)"
orange,adjective,ˈɔɹəndʒ,A1,cefr-j,"CEFR-J custom license (research/commercial use, attribution required)"
orange,noun,ˈɔɹəndʒ,A1,cefr-j,"CEFR-J custom license (research/commercial use, attribution required)"
order,noun,ˈɔɹdɚ,A1,cefr-j,"CEFR-J custom license (research/commercial use, attribution required)"
other,determiner,ˈʌðɚ,A1,cefr-j,"CEFR-J custom license (research/commercial use, attribution required)"
our,determiner,ˈaʊɚ,A1,cefr-j,"CEFR-J custom license (research/commercial use, attribution required)"
ours,pronoun,ˈaʊɚz,A1,cefr-j,"CEFR-J custom license (research/commercial use, attribution required)"
out,adverb,ˈaʊt,A1,cefr-j,"CEFR-J custom license (research/commercial use, attribution required)"
outside,adverb,ˈaʊtsˈaɪd,A1,cefr-j,"CEFR-J custom license (research/commercial use, attribution required)"
over,preposition,ˈoʊvɚ,A1,cefr-j,"CEFR-J custom license (research/commercial use, attribution required)"
own,adjective,ˈoʊn,A1,cefr-j,"CEFR-J custom license (research/commercial use, attribution required)"
owner,noun,ˈoʊnɚ,A1,cefr-j,"CEFR-J custom license (research/commercial use, attribution required)"
p.m.,adverb,,A1,cefr-j,"CEFR-J custom license (research/commercial use, attribution required)"
page,noun,pˈeɪdʒ,A1,cefr-j,"CEFR-J custom license (research/commercial use, attribution required)"
paint,noun,pˈeɪnt,A1,cefr-j,"CEFR-J custom license (research/commercial use, attribution required)"
paint,verb,pˈeɪnt,A1,cefr-j,"CEFR-J custom license (research/commercial use, attribution required)"
painting,noun,pˈeɪntɪŋ,A1,cefr-j,"CEFR-J custom license (research/commercial use, attribution required)"
pair,noun,pˈɛɹ,A1,cefr-j,"CEFR-J custom license (research/commercial use, attribution required)"
palace,noun,pˈæləs,A1,cefr-j,"CEFR-J custom license (research/commercial use, attribution required)"
pants,noun,pˈænts,A1,cefr-j,"CEFR-J custom license (research/commercial use, attribution required)"
paper,noun,pˈeɪpɚ,A1,cefr-j,"CEFR-J custom license (research/commercial use, attribution required)"
paragraph,noun,pˈæɹəgɹˌæf,A1,cefr-j,"CEFR-J custom license (research/commercial use, attribution required)"
pardon,noun,pˈɑɹdən,A1,cefr-j,"CEFR-J custom license (research/commercial use, attribution required)"
parent,noun,pˈɛɹənt,A1,cefr-j,"CEFR-J custom license (research/commercial use, attribution required)"
park,noun,pˈɑɹk,A1,cefr-j,"CEFR-J custom license (research/commercial use, attribution required)"
partner,noun,pˈɑɹtnɚ,A1,cefr-j,"CEFR-J custom license (research/commercial use, attribution required)"
party,noun,pˈɑɹti,A1,cefr-j,"CEFR-J custom license (research/commercial use, attribution required)"
past,adverb,pˈæst,A1,cefr-j,"CEFR-J custom license (research/commercial use, attribution required)"
past,preposition,pˈæst,A1,cefr-j,"CEFR-J custom license (research/commercial use, attribution required)"
pay,noun,pˈeɪ,A1,cefr-j,"CEFR-J custom license (research/commercial use, attribution required)"
pay,verb,pˈeɪ,A1,cefr-j,"CEFR-J custom license (research/commercial use, attribution required)"
peace,noun,pˈis,A1,cefr-j,"CEFR-J custom license (research/commercial use, attribution required)"
pen,noun,pˈɛn,A1,cefr-j,"CEFR-J custom license (research/commercial use, attribution required)"
pencil,noun,pˈɛnsəl,A1,cefr-j,"CEFR-J custom license (research/commercial use, attribution required)"
people,noun,pˈipəl,A1,cefr-j,"CEFR-J custom license (research/commercial use, attribution required)"
period,noun,pˈɪɹiəd,A1,cefr-j,"CEFR-J custom license (research/commercial use, attribution required)"
person,noun,pˈɝsən,A1,cefr-j,"CEFR-J custom license (research/commercial use, attribution required)"
personal,adjective,pˈɝsɪnəl,A1,cefr-j,"CEFR-J custom license (research/commercial use, attribution required)"
pet,noun,pˈɛt,A1,cefr-j,"CEFR-J custom license (research/commercial use, attribution required)"
phone,noun,fˈoʊn,A1,cefr-j,"CEFR-J custom license (research/commercial use, attribution required)"
phone,verb,fˈoʊn,A1,cefr-j,"CEFR-J custom license (research/commercial use, attribution required)"
photo,noun,fˈoʊtˌoʊ,A1,cefr-j,"CEFR-J custom license (research/commercial use, attribution required)"
piano,noun,piˈænoʊ,A1,cefr-j,"CEFR-J custom license (research/commercial use, attribution required)"
pick,verb,pˈɪk,A1,cefr-j,"CEFR-J custom license (research/commercial use, attribution required)"
picnic,noun,pˈɪknˌɪk,A1,cefr-j,"CEFR-J custom license (research/commercial use, attribution required)"
picture,noun,pˈɪktʃɚ,A1,cefr-j,"CEFR-J custom license (research/commercial use, attribution required)"
piece,noun,pˈis,A1,cefr-j,"CEFR-J custom license (research/commercial use, attribution required)"
pig,noun,pˈɪg,A1,cefr-j,"CEFR-J custom license (research/commercial use, attribution required)"
pink,adjective,pˈɪŋk,A1,cefr-j,"CEFR-J custom license (research/commercial use, attribution required)"
pizza,noun,pˈitsə,A1,cefr-j,"CEFR-J custom license (research/commercial use, attribution required)"
place,noun,plˈeɪs,A1,cefr-j,"CEFR-J custom license (research/commercial use, attribution required)"
plan,noun,plˈæn,A1,cefr-j,"CEFR-J custom license (research/commercial use, attribution required)"
plane,noun,plˈeɪn,A1,cefr-j,"CEFR-J custom license (research/commercial use, attribution required)"
play,noun,plˈeɪ,A1,cefr-j,"CEFR-J custom license (research/commercial use, attribution required)"
play,verb,plˈeɪ,A1,cefr-j,"CEFR-J custom license (research/commercial use, attribution required)"
player,noun,plˈeɪɚ,A1,cefr-j,"CEFR-J custom license (research/commercial use, attribution required)"
please,adverb,plˈiz,A1,cefr-j,"CEFR-J custom license (research/commercial use, attribution required)"
pleasure,noun,plˈɛʒɚ,A1,cefr-j,"CEFR-J custom license (research/commercial use, attribution required)"
pocket,noun,pˈɑkət,A1,cefr-j,"CEFR-J custom license (research/commercial use, attribution required)"
poem,noun,pˈoʊəm,A1,cefr-j,"CEFR-J custom license (research/commercial use, attribution required)"
point,noun,pˈɔɪnt,A1,cefr-j,"CEFR-J custom license (research/commercial use, attribution required)"
pollution,noun,pəlˈuʃən,A1,cefr-j,"CEFR-J custom license (research/commercial use, attribution required)"
pool,noun,pˈul,A1,cefr-j,"CEFR-J custom license (research/commercial use, attribution required)"
poor,adjective,pˈuɹ,A1,cefr-j,"CEFR-J custom license (research/commercial use, attribution required)"
pop,noun,pˈɑp,A1,cefr-j,"CEFR-J custom license (research/commercial use, attribution required)"
post,noun,pˈoʊst,A1,cefr-j,"CEFR-J custom license (research/commercial use, attribution required)"
poster,noun,pˈoʊstɚ,A1,cefr-j,"CEFR-J custom license (research/commercial use, attribution required)"
potato,noun,pətˈeɪtˌoʊ,A1,cefr-j,"CEFR-J custom license (research/commercial use, attribution required)"
practice,noun,pɹˈæktəs,A1,cefr-j,"CEFR-J custom license (research/commercial use, attribution required)"
practice,verb,pɹˈæktəs,A1,cefr-j,"CEFR-J custom license (research/commercial use, attribution required)"
pray,verb,pɹˈeɪ,A1,cefr-j,"CEFR-J custom license (research/commercial use, attribution required)"
present,noun,pɹˈɛzənt,A1,cefr-j,"CEFR-J custom license (research/commercial use, attribution required)"
pretty,adjective,pɹˈɪti,A1,cefr-j,"CEFR-J custom license (research/commercial use, attribution required)"
price,noun,pɹˈaɪs,A1,cefr-j,"CEFR-J custom license (research/commercial use, attribution required)"
prince,noun,pɹˈɪns,A1,cefr-j,"CEFR-J custom license (research/commercial use, attribution required)"
princess,noun,pɹˈɪnsɛs,A1,cefr-j,"CEFR-J custom license (research/commercial use, attribution required)"
problem,noun,pɹˈɑbləm,A1,cefr-j,"CEFR-J custom license (research/commercial use, attribution required)"
program,noun,pɹˈoʊgɹˌæm,A1,cefr-j,"CEFR-J custom license (research/commercial use, attribution required)"
purple,noun,pˈɝpəl,A1,cefr-j,"CEFR-J custom license (research/commercial use, attribution required)"
push,verb,pˈʊʃ,A1,cefr-j,"CEFR-J custom license (research/commercial use, attribution required)"
put,verb,pˈʊt,A1,cefr-j,"CEFR-J custom license (research/commercial use, attribution required)"
quarter,noun,kwˈɔɹtɚ,A1,cefr-j,"CEFR-J custom license (research/commercial use, attribution required)"
question,noun,kwˈɛstʃən,A1,cefr-j,"CEFR-J custom license (research/commercial use, attribution required)"
quickly,adverb,kwˈɪkli,A1,cefr-j,"CEFR-J custom license (research/commercial use, attribution required)"
quiet,adjective,kwˈaɪət,A1,cefr-j,"CEFR-J custom license (research/commercial use, attribution required)"
rabbit,noun,ɹˈæbət,A1,cefr-j,"CEFR-J custom license (research/commercial use, attribution required)"
radio,noun,ɹˈeɪdiˌoʊ,A1,cefr-j,"CEFR-J custom license (research/commercial use, attribution required)"
rain,noun,ɹˈeɪn,A1,cefr-j,"CEFR-J custom license (research/commercial use, attribution required)"
rain,verb,ɹˈeɪn,A1,cefr-j,"CEFR-J custom license (research/commercial use, attribution required)"
rainy,adjective,ɹˈeɪni,A1,cefr-j,"CEFR-J custom license (research/commercial use, attribution required)"
rat,noun,ɹˈæt,A1,cefr-j,"CEFR-J custom license (research/commercial use, attribution required)"
read,verb,ɹˈɛd,A1,cefr-j,"CEFR-J custom license (research/commercial use, attribution required)"
reader,noun,ɹˈidɚ,A1,cefr-j,"CEFR-J custom license (research/commercial use, attribution required)"
reading,noun,ɹˈidɪŋ,A1,cefr-j,"CEFR-J custom license (research/commercial use, attribution required)"
ready,adjective,ɹˈɛdi,A1,cefr-j,"CEFR-J custom license (research/commercial use, attribution required)"
real,adjective,ɹˈil,A1,cefr-j,"CEFR-J custom license (research/commercial use, attribution required)"
real,adverb,ɹˈil,A1,cefr-j,"CEFR-J custom license (research/commercial use, attribution required)"
really,adverb,ɹˈɪli,A1,cefr-j,"CEFR-J custom license (research/commercial use, attribution required)"
reason,noun,ɹˈizən,A1,cefr-j,"CEFR-J custom license (research/commercial use, attribution required)"
red,adjective,ɹˈɛd,A1,cefr-j,"CEFR-J custom license (research/commercial use, attribution required)"
remember,verb,ɹɪmˈɛmbɚ,A1,cefr-j,"CEFR-J custom license (research/commercial use, attribution required)"
repeat,verb,ɹɪpˈit,A1,cefr-j,"CEFR-J custom license (research/commercial use, attribution required)"
reporter,noun,ɹɪpˈɔɹtɚ,A1,cefr-j,"CEFR-J custom license (research/commercial use, attribution required)"
restaurant,noun,ɹˈɛstɚˌɑnt,A1,cefr-j,"CEFR-J custom license (research/commercial use, attribution required)"
result,noun,ɹɪzˈʌlt,A1,cefr-j,"CEFR-J custom license (research/commercial use, attribution required)"
review,noun,ɹˌivjˈu,A1,cefr-j,"CEFR-J custom license (research/commercial use, attribution required)"
ribbon,noun,ɹˈɪbən,A1,cefr-j,"CEFR-J custom license (research/commercial use, attribution required)"
rice,noun,ɹˈaɪs,A1,cefr-j,"CEFR-J custom license (research/commercial use, attribution required)"
rich,adjective,ɹˈɪtʃ,A1,cefr-j,"CEFR-J custom license (research/commercial use, attribution required)"
ride,noun,ɹˈaɪd,A1,cefr-j,"CEFR-J custom license (research/commercial use, attribution required)"
ride,verb,ɹˈaɪd,A1,cefr-j,"CEFR-J custom license (research/commercial use, attribution required)"
right,adjective,ɹˈaɪt,A1,cefr-j,"CEFR-J custom license (research/commercial use, attribution required)"
right,adverb,ɹˈaɪt,A1,cefr-j,"CEFR-J custom license (research/commercial use, attribution required)"
ring,verb,ɹˈɪŋ,A1,cefr-j,"CEFR-J custom license (research/commercial use, attribution required)"
river,noun,ɹˈɪvɚ,A1,cefr-j,"CEFR-J custom license (research/commercial use, attribution required)"
role,noun,ɹˈoʊl,A1,cefr-j,"CEFR-J custom license (research/commercial use, attribution required)"
room,noun,ɹˈum,A1,cefr-j,"CEFR-J custom license (research/commercial use, attribution required)"
rose,noun,ɹˈoʊz,A1,cefr-j,"CEFR-J custom license (research/commercial use, attribution required)"
row,noun,ɹˈoʊ,A1,cefr-j,"CEFR-J custom license (research/commercial use, attribution required)"
rude,adjective,ɹˈud,A1,cefr-j,"CEFR-J custom license (research/commercial use, attribution required)"
rule,noun,ɹˈul,A1,cefr-j,"CEFR-J custom license (research/commercial use, attribution required)"
ruler,noun,ɹˈulɚ,A1,cefr-j,"CEFR-J custom license (research/commercial use, attribution required)"
run,noun,ɹˈʌn,A1,cefr-j,"CEFR-J custom license (research/commercial use, attribution required)"
run,verb,ɹˈʌn,A1,cefr-j,"CEFR-J custom license (research/commercial use, attribution required)"
sad,adjective,sˈæd,A1,cefr-j,"CEFR-J custom license (research/commercial use, attribution required)"
sailor,noun,sˈeɪlɚ,A1,cefr-j,"CEFR-J custom license (research/commercial use, attribution required)"
salad,noun,sˈæləd,A1,cefr-j,"CEFR-J custom license (research/commercial use, attribution required)"
sale,noun,sˈeɪl,A1,cefr-j,"CEFR-J custom license (research/commercial use, attribution required)"
same,adjective,sˈeɪm,A1,cefr-j,"CEFR-J custom license (research/commercial use, attribution required)"
same,adverb,sˈeɪm,A1,cefr-j,"CEFR-J custom license (research/commercial use, attribution required)"
same,pronoun,sˈeɪm,A1,cefr-j,"CEFR-J custom license (research/commercial use, attribution required)"
sandwich,noun,sˈændwɪtʃ,A1,cefr-j,"CEFR-J custom license (research/commercial use, attribution required)"
Saturday,noun,sˈætɚdi,A1,cefr-j,"CEFR-J custom license (research/commercial use, attribution required)"
save,verb,sˈeɪv,A1,cefr-j,"CEFR-J custom license (research/commercial use, attribution required)"
saw,noun,sˈɔ,A1,cefr-j,"CEFR-J custom license (research/commercial use, attribution required)"
say,verb,sˈeɪ,A1,cefr-j,"CEFR-J custom license (research/commercial use, attribution required)"
school,noun,skˈul,A1,cefr-j,"CEFR-J custom license (research/commercial use, attribution required)"
science,noun,sˈaɪəns,A1,cefr-j,"CEFR-J custom license (research/commercial use, attribution required)"
scientist,noun,sˈaɪəntɪst,A1,cefr-j,"CEFR-J custom license (research/commercial use, attribution required)"
sea,noun,sˈi,A1,cefr-j,"CEFR-J custom license (research/commercial use, attribution required)"
seat,noun,sˈit,A1,cefr-j,"CEFR-J custom license (research/commercial use, attribution required)"
second,adjective,sˈɛkənd,A1,cefr-j,"CEFR-J custom license (research/commercial use, attribution required)"
section,noun,sˈɛkʃən,A1,cefr-j,"CEFR-J custom license (research/commercial use, attribution required)"
see,verb,sˈi,A1,cefr-j,"CEFR-J custom license (research/commercial use, attribution required)"
self,noun,sˈɛlf,A1,cefr-j,"CEFR-J custom license (research/commercial use, attribution required)"
sell,verb,sˈɛl,A1,cefr-j,"CEFR-J custom license (research/commercial use, attribution required)"
sentence,noun,sˈɛntəns,A1,cefr-j,"CEFR-J custom license (research/commercial use, attribution required)"
September,noun,sɛptˈɛmbɚ,A1,cefr-j,"CEFR-J custom license (research/commercial use, attribution required)"
set,verb,sˈɛt,A1,cefr-j,"CEFR-J custom license (research/commercial use, attribution required)"
seven,number,sˈɛvən,A1,cefr-j,"CEFR-J custom license (research/commercial use, attribution required)"
seventeen,number,sˈɛvəntˈin,A1,cefr-j,"CEFR-J custom license (research/commercial use, attribution required)"
seventy,number,sˈɛvənti,A1,cefr-j,"CEFR-J custom license (research/commercial use, attribution required)"
shake,noun,ʃˈeɪk,A1,cefr-j,"CEFR-J custom license (research/commercial use, attribution required)"
share,verb,ʃˈɛɹ,A1,cefr-j,"CEFR-J custom license (research/commercial use, attribution required)"
she,pronoun,ʃˈi,A1,cefr-j,"CEFR-J custom license (research/commercial use, attribution required)"
sheep,noun,ʃˈip,A1,cefr-j,"CEFR-J custom license (research/commercial use, attribution required)"
shelf,noun,ʃˈɛlf,A1,cefr-j,"CEFR-J custom license (research/commercial use, attribution required)"
ship,noun,ʃˈɪp,A1,cefr-j,"CEFR-J custom license (research/commercial use, attribution required)"
shirt,noun,ʃˈɝt,A1,cefr-j,"CEFR-J custom license (research/commercial use, attribution required)"
shoe,noun,ʃˈu,A1,cefr-j,"CEFR-J custom license (research/commercial use, attribution required)"
shop,noun,ʃˈɑp,A1,cefr-j,"CEFR-J custom license (research/commercial use, attribution required)"
shopping,noun,ʃˈɑpɪŋ,A1,cefr-j,"CEFR-J custom license (research/commercial use, attribution required)"
short,adjective,ʃˈɔɹt,A1,cefr-j,"CEFR-J custom license (research/commercial use, attribution required)"
short,adverb,ʃˈɔɹt,A1,cefr-j,"CEFR-J custom license (research/commercial use, attribution required)"
should,modal auxiliary,ʃˈʊd,A1,cefr-j,"CEFR-J custom license (research/commercial use, attribution required)"
shoulder,noun,ʃˈoʊldɚ,A1,cefr-j,"CEFR-J custom license (research/commercial use, attribution required)"
show,verb,ʃˈoʊ,A1,cefr-j,"CEFR-J custom license (research/commercial use, attribution required)"
shower,noun,ʃˈaʊɚ,A1,cefr-j,"CEFR-J custom license (research/commercial use, attribution required)"
shy,adjective,ʃˈaɪ,A1,cefr-j,"CEFR-J custom license (research/commercial use, attribution required)"
sick,adjective,sˈɪk,A1,cefr-j,"CEFR-J custom license (research/commercial use, attribution required)"
side,noun,sˈaɪd,A1,cefr-j,"CEFR-J custom license (research/commercial use, attribution required)"
sight,noun,sˈaɪt,A1,cefr-j,"CEFR-J custom license (research/commercial use, attribution required)"
sign,noun,sˈaɪn,A1,cefr-j,"CEFR-J custom license (research/commercial use, attribution required)"
sing,verb,sˈɪŋ,A1,cefr-j,"CEFR-J custom license (research/commercial use, attribution required)"
singer,noun,sˈɪŋɚ,A1,cefr-j,"CEFR-J custom license (research/commercial use, attribution required)"
sir,noun,sˈɝ,A1,cefr-j,"CEFR-J custom license (research/commercial use, attribution required)"
sister,noun,sˈɪstɚ,A1,cefr-j,"CEFR-J custom license (research/commercial use, attribution required)"
sit,verb,sˈɪt,A1,cefr-j,"CEFR-J custom license (research/commercial use, attribution required)"
site,noun,sˈaɪt,A1,cefr-j,"CEFR-J custom license (research/commercial use, attribution required)"
six,number,sˈɪks,A1,cefr-j,"CEFR-J custom license (research/commercial use, attribution required)"
sixteen,number,sɪkstˈin,A1,cefr-j,"CEFR-J custom license (research/commercial use, attribution required)"
sixty,number,sˈɪksti,A1,cefr-j,"CEFR-J custom license (research/commercial use, attribution required)"
size,noun,sˈaɪz,A1,cefr-j,"CEFR-J custom license (research/commercial use, attribution required)"
skill,noun,skˈɪl,A1,cefr-j,"CEFR-J custom license (research/commercial use, attribution required)"
skirt,noun,skˈɝt,A1,cefr-j,"CEFR-J custom license (research/commercial use, attribution required)"
sky,noun,skˈaɪ,A1,cefr-j,"CEFR-J custom license (research/commercial use, attribution required)"
sleep,verb,slˈip,A1,cefr-j,"CEFR-J custom license (research/commercial use, attribution required)"
slow,adjective,slˈoʊ,A1,cefr-j,"CEFR-J custom license (research/commercial use, attribution required)"
small,adjective,smˈɔl,A1,cefr-j,"CEFR-J custom license (research/commercial use, attribution required)"
smart,adjective,smˈɑɹt,A1,cefr-j,"CEFR-J custom license (research/commercial use, attribution required)"
smell,noun,smˈɛl,A1,cefr-j,"CEFR-J custom license (research/commercial use, attribution required)"
smile,noun,smˈaɪl,A1,cefr-j,"CEFR-J custom license (research/commercial use, attribution required)"
smith,noun,smˈɪθ,A1,cefr-j,"CEFR-J custom license (research/commercial use, attribution required)"
smoke,noun,smˈoʊk,A1,cefr-j,"CEFR-J custom license (research/commercial use, attribution required)"
smoking,noun,smˈoʊkɪŋ,A1,cefr-j,"CEFR-J custom license (research/commercial use, attribution required)"
snake,noun,snˈeɪk,A1,cefr-j,"CEFR-J custom license (research/commercial use, attribution required)"
snow,noun,snˈoʊ,A1,cefr-j,"CEFR-J custom license (research/commercial use, attribution required)"
snowy,adjective,snˈoʊi,A1,cefr-j,"CEFR-J custom license (research/commercial use, attribution required)"
so,conjunction,sˈoʊ,A1,cefr-j,"CEFR-J custom license (research/commercial use, attribution required)"
soccer,noun,sˈɑkɚ,A1,cefr-j,"CEFR-J custom license (research/commercial use, attribution required)"
social,adjective,sˈoʊʃəl,A1,cefr-j,"CEFR-J custom license (research/commercial use, attribution required)"
sofa,noun,sˈoʊfə,A1,cefr-j,"CEFR-J custom license (research/commercial use, attribution required)"
solve,verb,sˈɑlv,A1,cefr-j,"CEFR-J custom license (research/commercial use, attribution required)"
some,determiner,sˈʌm,A1,cefr-j,"CEFR-J custom license (research/commercial use, attribution required)"
some,pronoun,sˈʌm,A1,cefr-j,"CEFR-J custom license (research/commercial use, attribution required)"
someone,pronoun,sˈʌmwˌʌn,A1,cefr-j,"CEFR-J custom license (research/commercial use, attribution required)"
something,pronoun,sˈʌmθɪŋ,A1,cefr-j,"CEFR-J custom license (research/commercial use, attribution required)"
son,noun,sˈʌn,A1,cefr-j,"CEFR-J custom license (research/commercial use, attribution required)"
song,noun,sˈɔŋ,A1,cefr-j,"CEFR-J custom license (research/commercial use, attribution required)"
soon,adverb,sˈun,A1,cefr-j,"CEFR-J custom license (research/commercial use, attribution required)"
sorry,adjective,sˈɑɹi,A1,cefr-j,"CEFR-J custom license (research/commercial use, attribution required)"
soup,noun,sˈup,A1,cefr-j,"CEFR-J custom license (research/commercial use, attribution required)"
speak,verb,spˈik,A1,cefr-j,"CEFR-J custom license (research/commercial use, attribution required)"
special,adjective,spˈɛʃəl,A1,cefr-j,"CEFR-J custom license (research/commercial use, attribution required)"
speech,noun,spˈitʃ,A1,cefr-j,"CEFR-J custom license (research/commercial use, attribution required)"
spell,noun,spˈɛl,A1,cefr-j,"CEFR-J custom license (research/commercial use, attribution required)"
spend,verb,spˈɛnd,A1,cefr-j,"CEFR-J custom license (research/commercial use, attribution required)"
sport,noun,spˈɔɹt,A1,cefr-j,"CEFR-J custom license (research/commercial use, attribution required)"
spot,noun,spˈɑt,A1,cefr-j,"CEFR-J custom license (research/commercial use, attribution required)"
spring,noun,spɹˈɪŋ,A1,cefr-j,"CEFR-J custom license (research/commercial use, attribution required)"
spy,noun,spˈaɪ,A1,cefr-j,"CEFR-J custom license (research/commercial use, attribution required)"
stage,noun,stˈeɪdʒ,A1,cefr-j,"CEFR-J custom license (research/commercial use, attribution required)"
stand,noun,stˈænd,A1,cefr-j,"CEFR-J custom license (research/commercial use, attribution required)"
star,noun,stˈɑɹ,A1,cefr-j,"CEFR-J custom license (research/commercial use, attribution required)"
start,noun,stˈɑɹt,A1,cefr-j,"CEFR-J custom license (research/commercial use, attribution required)"
start,verb,stˈɑɹt,A1,cefr-j,"CEFR-J custom license (research/commercial use, attribution required)"
station,noun,stˈeɪʃən,A1,cefr-j,"CEFR-J custom license (research/commercial use, attribution required)"
stay,verb,stˈeɪ,A1,cefr-j,"CEFR-J custom license (research/commercial use, attribution required)"
step,verb,stˈɛp,A1,cefr-j,"CEFR-J custom license (research/commercial use, attribution required)"
still,adjective,stˈɪl,A1,cefr-j,"CEFR-J custom license (research/commercial use, attribution required)"
stone,noun,stˈoʊn,A1,cefr-j,"CEFR-J custom license (research/commercial use, attribution required)"
stop,noun,stˈɑp,A1,cefr-j,"CEFR-J custom license (research/commercial use, attribution required)"
stop,verb,stˈɑp,A1,cefr-j,"CEFR-J custom license (research/commercial use, attribution required)"
store,noun,stˈɔɹ,A1,cefr-j,"CEFR-J custom license (research/commercial use, attribution required)"
story,noun,stˈɔɹi,A1,cefr-j,"CEFR-J custom license (research/commercial use, attribution required)"
straight,adverb,stɹˈeɪt,A1,cefr-j,"CEFR-J custom license (research/commercial use, attribution required)"
strange,adjective,stɹˈeɪndʒ,A1,cefr-j,"CEFR-J custom license (research/commercial use, attribution required)"
street,noun,stɹˈit,A1,cefr-j,"CEFR-J custom license (research/commercial use, attribution required)"
strict,adjective,stɹˈɪkt,A1,cefr-j,"CEFR-J custom license (research/commercial use, attribution required)"
strong,adjective,stɹˈɔŋ,A1,cefr-j,"CEFR-J custom license (research/commercial use, attribution required)"
student,noun,stˈudənt,A1,cefr-j,"CEFR-J custom license (research/commercial use, attribution required)"
study,verb,stˈʌdi,A1,cefr-j,"CEFR-J custom license (research/commercial use, attribution required)"
subject,noun,səbdʒˈɛkt,A1,cefr-j,"CEFR-J custom license (research/commercial use, attribution required)"
subway,noun,sˈʌbwˌeɪ,A1,cefr-j,"CEFR-J custom license (research/commercial use, attribution required)"
successful,adjective,səksˈɛsfəl,A1,cefr-j,"CEFR-J custom license (research/commercial use, attribution required)"
sugar,noun,ʃˈʊgɚ,A1,cefr-j,"CEFR-J custom license (research/commercial use, attribution required)"
suggestion,noun,sədʒˈɛstʃən,A1,cefr-j,"CEFR-J custom license (research/commercial use, attribution required)"
sum,noun,sˈʌm,A1,cefr-j,"CEFR-J custom license (research/commercial use, attribution required)"
summer,noun,sˈʌmɚ,A1,cefr-j,"CEFR-J custom license (research/commercial use, attribution required)"
sun,noun,sˈʌn,A1,cefr-j,"CEFR-J custom license (research/commercial use, attribution required)"
Sunday,noun,sˈʌndˌeɪ,A1,cefr-j,"CEFR-J custom license (research/commercial use, attribution required)"
sunny,adjective,sˈʌni,A1,cefr-j,"CEFR-J custom license (research/commercial use, attribution required)"
sunshine,noun,sˈʌnʃˌaɪn,A1,cefr-j,"CEFR-J custom license (research/commercial use, attribution required)"
super,adjective,sˈupɚ,A1,cefr-j,"CEFR-J custom license (research/commercial use, attribution required)"
supermarket,noun,sˈupɚmˌɑɹkɪt,A1,cefr-j,"CEFR-J custom license (research/commercial use, attribution required)"
sure,adjective,ʃˈʊɹ,A1,cefr-j,"CEFR-J custom license (research/commercial use, attribution required)"
surf,noun,sˈɝf,A1,cefr-j,"CEFR-J custom license (research/commercial use, attribution required)"
surprise,noun,sɚpɹˈaɪz,A1,cefr-j,"CEFR-J custom license (research/commercial use, attribution required)"
survey,noun,sɚvˈeɪ,A1,cefr-j,"CEFR-J custom license (research/commercial use, attribution required)"
sweet,adjective,swˈit,A1,cefr-j,"CEFR-J custom license (research/commercial use, attribution required)"
swim,noun,swˈɪm,A1,cefr-j,"CEFR-J custom license (research/commercial use, attribution required)"
swim,verb,swˈɪm,A1,cefr-j,"CEFR-J custom license (research/commercial use, attribution required)"
swimming,noun,swˈɪmɪŋ,A1,cefr-j,"CEFR-J custom license (research/commercial use, attribution required)"
swimming pool,noun,swˈɪmɪŋ pˈul,A1,cefr-j,"CEFR-J custom license (research/commercial use, attribution required)"
T-shirt,noun,tˈiʃˌɝt,A1,cefr-j,"CEFR-J custom license (research/commercial use, attribution required)"
table,noun,tˈeɪbəl,A1,cefr-j,"CEFR-J custom license (research/commercial use, attribution required)"
take,verb,tˈeɪk,A1,cefr-j,"CEFR-J custom license (research/commercial use, attribution required)"
talk,verb,tˈɔk,A1,cefr-j,"CEFR-J custom license (research/commercial use, attribution required)"
tall,adjective,tˈɔl,A1,cefr-j,"CEFR-J custom license (research/commercial use, attribution required)"
taxi,noun,tˈæksi,A1,cefr-j,"CEFR-J custom license (research/commercial use, attribution required)"
tea,noun,tˈi,A1,cefr-j,"CEFR-J custom license (research/commercial use, attribution required)"
teach,verb,tˈitʃ,A1,cefr-j,"CEFR-J custom license (research/commercial use, attribution required)"
teacher,noun,tˈitʃɚ,A1,cefr-j,"CEFR-J custom license (research/commercial use, attribution required)"
team,noun,tˈim,A1,cefr-j,"CEFR-J custom license (research/commercial use, attribution required)"
technology,noun,tɛknˈɑlədʒi,A1,cefr-j,"CEFR-J custom license (research/commercial use, attribution required)"
telephone,noun,tˈɛləfˌoʊn,A1,cefr-j,"CEFR-J custom license (research/commercial use, attribution required)"
television,noun,tˈɛləvˌɪʒən,A1,cefr-j,"CEFR-J custom license (research/commercial use, attribution required)"
tell,verb,tˈɛl,A1,cefr-j,"CEFR-J custom license (research/commercial use, attribution required)"
temple,noun,tˈɛmpəl,A1,cefr-j,"CEFR-J custom license (research/commercial use, attribution required)"
ten,number,tˈɛn,A1,cefr-j,"CEFR-J custom license (research/commercial use, attribution required)"
tennis,noun,tˈɛnəs,A1,cefr-j,"CEFR-J custom license (research/commercial use, attribution required)"
terrible,adjective,tˈɛɹəbəl,A1,cefr-j,"CEFR-J custom license (research/commercial use, attribution required)"
test,noun,tˈɛst,A1,cefr-j,"CEFR-J custom license (research/commercial use, attribution required)"
than,conjunction,ðˈæn,A1,cefr-j,"CEFR-J custom license (research/commercial use, attribution required)"
than,preposition,ðˈæn,A1,cefr-j,"CEFR-J custom license (research/commercial use, attribution required)"
thank,verb,θˈæŋk,A1,cefr-j,"CEFR-J custom license (research/commercial use, attribution required)"
thanks,noun,θˈæŋks,A1,cefr-j,"CEFR-J custom license (research/commercial use, attribution required)"
that,conjunction,ðˈæt,A1,cefr-j,"CEFR-J custom license (research/commercial use, attribution required)"
that,determiner,ðˈæt,A1,cefr-j,"CEFR-J custom license (research/commercial use, attribution required)"
that,pronoun,ðˈæt,A1,cefr-j,"CEFR-J custom license (research/commercial use, attribution required)"
the,determiner,ðə,A1,cefr-j,"CEFR-J custom license (research/commercial use, attribution required)"
theater,noun,θˈiətɚ,A1,cefr-j,"CEFR-J custom license (research/commercial use, attribution required)"
their,determiner,ðˈɛɹ,A1,cefr-j,"CEFR-J custom license (research/commercial use, attribution required)"
them,pronoun,ðˈɛm,A1,cefr-j,"CEFR-J custom license (research/commercial use, attribution required)"
then,adverb,ðˈɛn,A1,cefr-j,"CEFR-J custom license (research/commercial use, attribution required)"
there,adverb,ðˈɛɹ,A1,cefr-j,"CEFR-J custom license (research/commercial use, attribution required)"
these,determiner,ðˈiz,A1,cefr-j,"CEFR-J custom license (research/commercial use, attribution required)"
these,pronoun,ðˈiz,A1,cefr-j,"CEFR-J custom license (research/commercial use, attribution required)"
they,pronoun,ðˈeɪ,A1,cefr-j,"CEFR-J custom license (research/commercial use, attribution required)"
thick,adjective,θˈɪk,A1,cefr-j,"CEFR-J custom license (research/commercial use, attribution required)"
thin,adjective,θˈɪn,A1,cefr-j,"CEFR-J custom license (research/commercial use, attribution required)"
thing,noun,θˈɪŋ,A1,cefr-j,"CEFR-J custom license (research/commercial use, attribution required)"
think,verb,θˈɪŋk,A1,cefr-j,"CEFR-J custom license (research/commercial use, attribution required)"
thirteen,number,θˈɝtˈin,A1,cefr-j,"CEFR-J custom license (research/commercial use, attribution required)"
thirty,number,θˈɝdˌi,A1,cefr-j,"CEFR-J custom license (research/commercial use, attribution required)"
this,determiner,ðˈɪs,A1,cefr-j,"CEFR-J custom license (research/commercial use, attribution required)"
this,pronoun,ðˈɪs,A1,cefr-j,"CEFR-J custom license (research/commercial use, attribution required)"
those,determiner,ðˈoʊz,A1,cefr-j,"CEFR-J custom license (research/commercial use, attribution required)"
those,pronoun,ðˈoʊz,A1,cefr-j,"CEFR-J custom license (research/commercial use, attribution required)"
three,number,θɹˈi,A1,cefr-j,"CEFR-J custom license (research/commercial use, attribution required)"
through,preposition,θɹˈu,A1,cefr-j,"CEFR-J custom license (research/commercial use, attribution required)"
throw,noun,θɹˈoʊ,A1,cefr-j,"CEFR-J custom license (research/commercial use, attribution required)"
Thursday,noun,θˈɝzdˌeɪ,A1,cefr-j,"CEFR-J custom license (research/commercial use, attribution required)"
ticket,noun,tˈɪkət,A1,cefr-j,"CEFR-J custom license (research/commercial use, attribution required)"
tiger,noun,tˈaɪgɚ,A1,cefr-j,"CEFR-J custom license (research/commercial use, attribution required)"
tight,adjective,tˈaɪt,A1,cefr-j,"CEFR-J custom license (research/commercial use, attribution required)"
time,noun,tˈaɪm,A1,cefr-j,"CEFR-J custom license (research/commercial use, attribution required)"
tired,adjective,tˈaɪɚd,A1,cefr-j,"CEFR-J custom license (research/commercial use, attribution required)"
to,infinitive-to,tˈu,A1,cefr-j,"CEFR-J custom license (research/commercial use, attribution required)"
to,preposition,tˈu,A1,cefr-j,"CEFR-J custom license (research/commercial use, attribution required)"
today,adverb,tədˈeɪ,A1,cefr-j,"CEFR-J custom license (research/commercial use, attribution required)"
today,noun,tədˈeɪ,A1,cefr-j,"CEFR-J custom license (research/commercial use, attribution required)"
together,adverb,təgˈɛðɚ,A1,cefr-j,"CEFR-J custom license (research/commercial use, attribution required)"
toilet,noun,tˈɔɪlət,A1,cefr-j,"CEFR-J custom license (research/commercial use, attribution required)"
tomato,noun,təmˈeɪtˌoʊ,A1,cefr-j,"CEFR-J custom license (research/commercial use, attribution required)"
tomorrow,adverb,təmˈɑɹˌoʊ,A1,cefr-j,"CEFR-J custom license (research/commercial use, attribution required)"
tomorrow,noun,təmˈɑɹˌoʊ,A1,cefr-j,"CEFR-J custom license (research/commercial use, attribution required)"
tonight,adverb,tənˈaɪt,A1,cefr-j,"CEFR-J custom license (research/commercial use, attribution required)"
too,adverb,tˈu,A1,cefr-j,"CEFR-J custom license (research/commercial use, attribution required)"
tool,noun,tˈul,A1,cefr-j,"CEFR-J custom license (research/commercial use, attribution required)"
tooth,noun,tˈuθ,A1,cefr-j,"CEFR-J custom license (research/commercial use, attribution required)"
top,noun,tˈɑp,A1,cefr-j,"CEFR-J custom license (research/commercial use, attribution required)"
topic,noun,tˈɑpɪk,A1,cefr-j,"CEFR-J custom license (research/commercial use, attribution required)"
touch,noun,tˈʌtʃ,A1,cefr-j,"CEFR-J custom license (research/commercial use, attribution required)"
towel,noun,tˈaʊəl,A1,cefr-j,"CEFR-J custom license (research/commercial use, attribution required)"
tower,noun,tˈaʊɚ,A1,cefr-j,"CEFR-J custom license (research/commercial use, attribution required)"
town,noun,tˈaʊn,A1,cefr-j,"CEFR-J custom license (research/commercial use, attribution required)"
toy,noun,tˈɔɪ,A1,cefr-j,"CEFR-J custom license (research/commercial use, attribution required)"
train,noun,tɹˈeɪn,A1,cefr-j,"CEFR-J custom license (research/commercial use, attribution required)"
travel,verb,tɹˈævəl,A1,cefr-j,"CEFR-J custom license (research/commercial use, attribution required)"
tree,noun,tɹˈi,A1,cefr-j,"CEFR-J custom license (research/commercial use, attribution required)"
trip,noun,tɹˈɪp,A1,cefr-j,"CEFR-J custom license (research/commercial use, attribution required)"
trousers,noun,tɹˈaʊzɚz,A1,cefr-j,"CEFR-J custom license (research/commercial use, attribution required)"
truck,noun,tɹˈʌk,A1,cefr-j,"CEFR-J custom license (research/commercial use, attribution required)"
true,adjective,tɹˈu,A1,cefr-j,"CEFR-J custom license (research/commercial use, attribution required)"
try,noun,tɹˈaɪ,A1,cefr-j,"CEFR-J custom license (research/commercial use, attribution required)"
tube,noun,tˈub,A1,cefr-j,"CEFR-J custom license (research/commercial use, attribution required)"
Tuesday,noun,tˈuzdi,A1,cefr-j,"CEFR-J custom license (research/commercial use, attribution required)"
turkey,noun,tˈɝki,A1,cefr-j,"CEFR-J custom license (research/commercial use, attribution required)"
turn,noun,tˈɝn,A1,cefr-j,"CEFR-J custom license (research/commercial use, attribution required)"
turn,verb,tˈɝn,A1,cefr-j,"CEFR-J custom license (research/commercial use, attribution required)"
TV,noun,tˈivˈi,A1,cefr-j,"CEFR-J custom license (research/commercial use, attribution required)"
twelve,number,twˈɛlv,A1,cefr-j,"CEFR-J custom license (research/commercial use, attribution required)"
twenty,number,twˈɛnti,A1,cefr-j,"CEFR-J custom license (research/commercial use, attribution required)"
two,number,tˈu,A1,cefr-j,"CEFR-J custom license (research/commercial use, attribution required)"
type,noun,tˈaɪp,A1,cefr-j,"CEFR-J custom license (research/commercial use, attribution required)"
ugly,adjective,ˈʌgli,A1,cefr-j,"CEFR-J custom license (research/commercial use, attribution required)"
umbrella,noun,əmbɹˈɛlə,A1,cefr-j,"CEFR-J custom license (research/commercial use, attribution required)"
uncle,noun,ˈʌŋkəl,A1,cefr-j,"CEFR-J custom license (research/commercial use, attribution required)"
under,preposition,ˈʌndɚ,A1,cefr-j,"CEFR-J custom license (research/commercial use, attribution required)"
underline,noun,ˈʌndɚlˌaɪn,A1,cefr-j,"CEFR-J custom license (research/commercial use, attribution required)"
until,preposition,əntˈɪl,A1,cefr-j,"CEFR-J custom license (research/commercial use, attribution required)"
up,preposition,ˈʌp,A1,cefr-j,"CEFR-J custom license (research/commercial use, attribution required)"
us,pronoun,ˈʌs,A1,cefr-j,"CEFR-J custom license (research/commercial use, attribution required)"
use,verb,jˈus,A1,cefr-j,"CEFR-J custom license (research/commercial use, attribution required)"
usually,adverb,jˈuʒəwəli,A1,cefr-j,"CEFR-J custom license (research/commercial use, attribution required)"
vacation,noun,veɪkˈeɪʃən,A1,cefr-j,"CEFR-J custom license (research/commercial use, attribution required)"
vase,noun,vˈeɪs,A1,cefr-j,"CEFR-J custom license (research/commercial use, attribution required)"
vegetable,noun,vˈɛdʒtəbəl,A1,cefr-j,"CEFR-J custom license (research/commercial use, attribution required)"
very,adverb,vˈɛɹi,A1,cefr-j,"CEFR-J custom license (research/commercial use, attribution required)"
video,noun,vˈɪdioʊ,A1,cefr-j,"CEFR-J custom license (research/commercial use, attribution required)"
visit,noun,vˈɪzɪt,A1,cefr-j,"CEFR-J custom license (research/commercial use, attribution required)"
visit,verb,vˈɪzɪt,A1,cefr-j,"CEFR-J custom license (research/commercial use, attribution required)"
volleyball,noun,vˈɑlibˌɔl,A1,cefr-j,"CEFR-J custom license (research/commercial use, attribution required)"
vote,noun,vˈoʊt,A1,cefr-j,"CEFR-J custom license (research/commercial use, attribution required)"
wait,verb,wˈeɪt,A1,cefr-j,"CEFR-J custom license (research/commercial use, attribution required)"
waiter,noun,wˈeɪtɚ,A1,cefr-j,"CEFR-J custom license (research/commercial use, attribution required)"
waitress,noun,wˈeɪtɹəs,A1,cefr-j,"CEFR-J custom license (research/commercial use, attribution required)"
wake,noun,wˈeɪk,A1,cefr-j,"CEFR-J custom license (research/commercial use, attribution required)"
walk,noun,wˈɔk,A1,cefr-j,"CEFR-J custom license (research/commercial use, attribution required)"
walk,verb,wˈɔk,A1,cefr-j,"CEFR-J custom license (research/commercial use, attribution required)"
wall,noun,wˈɔl,A1,cefr-j,"CEFR-J custom license (research/commercial use, attribution required)"
want,verb,wˈɑnt,A1,cefr-j,"CEFR-J custom license (research/commercial use, attribution required)"
war,noun,wˈɔɹ,A1,cefr-j,"CEFR-J custom license (research/commercial use, attribution required)"
warm,adjective,wˈɔɹm,A1,cefr-j,"CEFR-J custom license (research/commercial use, attribution required)"
was,be-verb,wˈɑz,A1,cefr-j,"CEFR-J custom license (research/commercial use, attribution required)"
wash,noun,wˈɑʃ,A1,cefr-j,"CEFR-J custom license (research/commercial use, attribution required)"
wash,verb,wˈɑʃ,A1,cefr-j,"CEFR-J custom license (research/commercial use, attribution required)"
watch,noun,wˈɑtʃ,A1,cefr-j,"CEFR-J custom license (research/commercial use, attribution required)"
watch,verb,wˈɑtʃ,A1,cefr-j,"CEFR-J custom license (research/commercial use, attribution required)"
water,noun,wˈɔtɚ,A1,cefr-j,"CEFR-J custom license (research/commercial use, attribution required)"
way,noun,wˈeɪ,A1,cefr-j,"CEFR-J custom license (research/commercial use, attribution required)"
we,pronoun,wˈi,A1,cefr-j,"CEFR-J custom license (research/commercial use, attribution required)"
wear,verb,wˈɛɹ,A1,cefr-j,"CEFR-J custom license (research/commercial use, attribution required)"
weather,noun,wˈɛðɚ,A1,cefr-j,"CEFR-J custom license (research/commercial use, attribution required)"
Wednesday,noun,wˈɛnzdi,A1,cefr-j,"CEFR-J custom license (research/commercial use, attribution required)"
week,noun,wˈik,A1,cefr-j,"CEFR-J custom license (research/commercial use, attribution required)"
weekend,noun,wˈikˌɛnd,A1,cefr-j,"CEFR-J custom license (research/commercial use, attribution required)"
welcome,interjection,wˈɛlkəm,A1,cefr-j,"CEFR-J custom license (research/commercial use, attribution required)"
welcome,verb,wˈɛlkəm,A1,cefr-j,"CEFR-J custom license (research/commercial use, attribution required)"
well,adjective,wˈɛl,A1,cefr-j,"CEFR-J custom license (research/commercial use, attribution required)"
well,adverb,wˈɛl,A1,cefr-j,"CEFR-J custom license (research/commercial use, attribution required)"
were,be-verb,wˈɝ,A1,cefr-j,"CEFR-J custom license (research/commercial use, attribution required)"
what,determiner,wˈʌt,A1,cefr-j,"CEFR-J custom license (research/commercial use, attribution required)"
what,pronoun,wˈʌt,A1,cefr-j,"CEFR-J custom license (research/commercial use, attribution required)"
wheel,noun,wˈil,A1,cefr-j,"CEFR-J custom license (research/commercial use, attribution required)"
when,adverb,wˈɛn,A1,cefr-j,"CEFR-J custom license (research/commercial use, attribution required)"
when,conjunction,wˈɛn,A1,cefr-j,"CEFR-J custom license (research/commercial use, attribution required)"
where,adverb,wˈɛɹ,A1,cefr-j,"CEFR-J custom license (research/commercial use, attribution required)"
where,conjunction,wˈɛɹ,A1,cefr-j,"CEFR-J custom license (research/commercial use, attribution required)"
which,determiner,wˈɪtʃ,A1,cefr-j,"CEFR-J custom license (research/commercial use, attribution required)"
which,pronoun,wˈɪtʃ,A1,cefr-j,"CEFR-J custom license (research/commercial use, attribution required)"
white,adjective,wˈaɪt,A1,cefr-j,"CEFR-J custom license (research/commercial use, attribution required)"
white,noun,wˈaɪt,A1,cefr-j,"CEFR-J custom license (research/commercial use, attribution required)"
who,pronoun,hˈu,A1,cefr-j,"CEFR-J custom license (research/commercial use, attribution required)"
whose,determiner,hˈuz,A1,cefr-j,"CEFR-J custom license (research/commercial use, attribution required)"
whose,pronoun,hˈuz,A1,cefr-j,"CEFR-J custom license (research/commercial use, attribution required)"
why,adverb,wˈaɪ,A1,cefr-j,"CEFR-J custom license (research/commercial use, attribution required)"
wife,noun,wˈaɪf,A1,cefr-j,"CEFR-J custom license (research/commercial use, attribution required)"
will,modal auxiliary,wˈɪl,A1,cefr-j,"CEFR-J custom license (research/commercial use, attribution required)"
win,verb,wˈɪn,A1,cefr-j,"CEFR-J custom license (research/commercial use, attribution required)"
wind,noun,wˈaɪnd,A1,cefr-j,"CEFR-J custom license (research/commercial use, attribution required)"
window,noun,wˈɪndoʊ,A1,cefr-j,"CEFR-J custom license (research/commercial use, attribution required)"
winter,noun,wˈɪntɚ,A1,cefr-j,"CEFR-J custom license (research/commercial use, attribution required)"
wish,noun,wˈɪʃ,A1,cefr-j,"CEFR-J custom license (research/commercial use, attribution required)"
with,preposition,wˈɪð,A1,cefr-j,"CEFR-J custom license (research/commercial use, attribution required)"
woman,noun,wˈʊmən,A1,cefr-j,"CEFR-J custom license (research/commercial use, attribution required)"
wonderful,adjective,wˈʌndɚfəl,A1,cefr-j,"CEFR-J custom license (research/commercial use, attribution required)"
word,noun,wˈɝd,A1,cefr-j,"CEFR-J custom license (research/commercial use, attribution required)"
work,noun,wˈɝk,A1,cefr-j,"CEFR-J custom license (research/commercial use, attribution required)"
work,verb,wˈɝk,A1,cefr-j,"CEFR-J custom license (research/commercial use, attribution required)"
worker,noun,wˈɝkɚ,A1,cefr-j,"CEFR-J custom license (research/commercial use, attribution required)"
world,noun,wˈɝld,A1,cefr-j,"CEFR-J custom license (research/commercial use, attribution required)"
worry,noun,wˈɝi,A1,cefr-j,"CEFR-J custom license (research/commercial use, attribution required)"
would,modal auxiliary,wˈʊd,A1,cefr-j,"CEFR-J custom license (research/commercial use, attribution required)"
write,verb,ɹˈaɪt,A1,cefr-j,"CEFR-J custom license (research/commercial use, attribution required)"
writer,noun,ɹˈaɪtɚ,A1,cefr-j,"CEFR-J custom license (research/commercial use, attribution required)"
wrong,adjective,ɹˈɔŋ,A1,cefr-j,"CEFR-J custom license (research/commercial use, attribution required)"
yard,noun,jˈɑɹd,A1,cefr-j,"CEFR-J custom license (research/commercial use, attribution required)"
year,noun,jˈɪɹ,A1,cefr-j,"CEFR-J custom license (research/commercial use, attribution required)"
yellow,adjective,jˈɛloʊ,A1,cefr-j,"CEFR-J custom license (research/commercial use, attribution required)"
yellow,noun,jˈɛloʊ,A1,cefr-j,"CEFR-J custom license (research/commercial use, attribution required)"
yes,adverb,jˈɛs,A1,cefr-j,"CEFR-J custom license (research/commercial use, attribution required)"
yesterday,adverb,jˈɛstɚdˌeɪ,A1,cefr-j,"CEFR-J custom license (research/commercial use, attribution required)"
yet,adverb,jˈɛt,A1,cefr-j,"CEFR-J custom license (research/commercial use, attribution required)"
yogurt,noun,jˈoʊgɚt,A1,cefr-j,"CEFR-J custom license (research/commercial use, attribution required)"
you,pronoun,jˈu,A1,cefr-j,"CEFR-J custom license (research/commercial use, attribution required)"
young,adjective,jˈʌŋ,A1,cefr-j,"CEFR-J custom license (research/commercial use, attribution required)"
your,determiner,jˈɔɹ,A1,cefr-j,"CEFR-J custom license (research/commercial use, attribution required)"
yours,pronoun,jˈʊɹz,A1,cefr-j,"CEFR-J custom license (research/commercial use, attribution required)"
yourself,pronoun,jɚsˈɛlf,A1,cefr-j,"CEFR-J custom license (research/commercial use, attribution required)"
zoo,noun,zˈu,A1,cefr-j,"CEFR-J custom license (research/commercial use, attribution required)"
ability,noun,əbˈɪlətˌi,A2,cefr-j,"CEFR-J custom license (research/commercial use, attribution required)"
abroad,adverb,əbɹˈɔd,A2,cefr-j,"CEFR-J custom license (research/commercial use, attribution required)"
accept,verb,æksˈɛpt,A2,cefr-j,"CEFR-J custom license (research/commercial use, attribution required)"
acceptable,adjective,æksˈɛptəbəl,A2,cefr-j,"CEFR-J custom license (research/commercial use, attribution required)"
accident,noun,ˈæksədənt,A2,cefr-j,"CEFR-J custom license (research/commercial use, attribution required)"
account,noun,əkˈaʊnt,A2,cefr-j,"CEFR-J custom license (research/commercial use, attribution required)"
achieve,verb,ətʃˈiv,A2,cefr-j,"CEFR-J custom license (research/commercial use, attribution required)"
across,adverb,əkɹˈɔs,A2,cefr-j,"CEFR-J custom license (research/commercial use, attribution required)"
across,preposition,əkɹˈɔs,A2,cefr-j,"CEFR-J custom license (research/commercial use, attribution required)"
act,noun,ˈækt,A2,cefr-j,"CEFR-J custom license (research/commercial use, attribution required)"
actually,adverb,ˈæktʃˌuəli,A2,cefr-j,"CEFR-J custom license (research/commercial use, attribution required)"
addition,noun,ədˈɪʃən,A2,cefr-j,"CEFR-J custom license (research/commercial use, attribution required)"
additional,adjective,ədˈɪʃənəl,A2,cefr-j,"CEFR-J custom license (research/commercial use, attribution required)"
adjective,noun,ˈædʒɪktɪv,A2,cefr-j,"CEFR-J custom license (research/commercial use, attribution required)"
adjust,verb,ədʒˈʌst,A2,cefr-j,"CEFR-J custom license (research/commercial use, attribution required)"
admire,verb,ædmˈaɪɹ,A2,cefr-j,"CEFR-J custom license (research/commercial use, attribution required)"
admit,verb,ədmˈɪt,A2,cefr-j,"CEFR-J custom license (research/commercial use, attribution required)"
adult,adjective,ədˈʌlt,A2,cefr-j,"CEFR-J custom license (research/commercial use, attribution required)"
adult,noun,ədˈʌlt,A2,cefr-j,"CEFR-J custom license (research/commercial use, attribution required)"
advanced,adjective,ədvˈænst,A2,cefr-j,"CEFR-J custom license (research/commercial use, attribution required)"
advantage,noun,ædvˈæntɪdʒ,A2,cefr-j,"CEFR-J custom license (research/commercial use, attribution required)"
adventure,noun,ædvˈɛntʃɚ,A2,cefr-j,"CEFR-J custom license (research/commercial use, attribution required)"
advertisement,noun,ædvˈɝtəzmənt,A2,cefr-j,"CEFR-J custom license (research/commercial use, attribution required)"
advertising,noun,ˈædvɚtˌaɪzɪŋ,A2,cefr-j,"CEFR-J custom license (research/commercial use, attribution required)"
advice,noun,ædvˈaɪs,A2,cefr-j,"CEFR-J custom license (research/commercial use, attribution required)"
advise,verb,ædvˈaɪz,A2,cefr-j,"CEFR-J custom license (research/commercial use, attribution required)"
affair,noun,əfˈɛɹ,A2,cefr-j,"CEFR-J custom license (research/commercial use, attribution required)"
after,adverb,ˈæftɚ,A2,cefr-j,"CEFR-J custom license (research/commercial use, attribution required)"
against,preposition,əgˈɛnst,A2,cefr-j,"CEFR-J custom license (research/commercial use, attribution required)"
aged,adjective,ˈeɪdʒd,A2,cefr-j,"CEFR-J custom license (research/commercial use, attribution required)"
agency,noun,ˈeɪdʒənsi,A2,cefr-j,"CEFR-J custom license (research/commercial use, attribution required)"
agent,noun,ˈeɪdʒənt,A2,cefr-j,"CEFR-J custom license (research/commercial use, attribution required)"
ahead,adverb,əhˈɛd,A2,cefr-j,"CEFR-J custom license (research/commercial use, attribution required)"
air,noun,ˈɛɹ,A2,cefr-j,"CEFR-J custom license (research/commercial use, attribution required)"
aisle,noun,ˈaɪl,A2,cefr-j,"CEFR-J custom license (research/commercial use, attribution required)"
alarm,noun,əlˈɑɹm,A2,cefr-j,"CEFR-J custom license (research/commercial use, attribution required)"
alarm clock,noun,əlˈɑɹm klˈɑk,A2,cefr-j,"CEFR-J custom license (research/commercial use, attribution required)"
alive,adjective,əlˈaɪv,A2,cefr-j,"CEFR-J custom license (research/commercial use, attribution required)"
all,adverb,ˈɔl,A2,cefr-j,"CEFR-J custom license (research/commercial use, attribution required)"
allow,verb,əlˈaʊ,A2,cefr-j,"CEFR-J custom license (research/commercial use, attribution required)"
alone,adjective,əlˈoʊn,A2,cefr-j,"CEFR-J custom license (research/commercial use, attribution required)"
along,preposition,əlˈɔŋ,A2,cefr-j,"CEFR-J custom license (research/commercial use, attribution required)"
alright,adjective,ˌɔlɹˈaɪt,A2,cefr-j,"CEFR-J custom license (research/commercial use, attribution required)"
alright,adverb,ˌɔlɹˈaɪt,A2,cefr-j,"CEFR-J custom license (research/commercial use, attribution required)"
although,conjunction,ˌɔlðˈoʊ,A2,cefr-j,"CEFR-J custom license (research/commercial use, attribution required)"
ambition,noun,æmbˈɪʃən,A2,cefr-j,"CEFR-J custom license (research/commercial use, attribution required)"
among,preposition,əmˈʌŋ,A2,cefr-j,"CEFR-J custom license (research/commercial use, attribution required)"
amused,adjective,əmjˈuzd,A2,cefr-j,"CEFR-J custom license (research/commercial use, attribution required)"
amusement,noun,əmjˈuzmənt,A2,cefr-j,"CEFR-J custom license (research/commercial use, attribution required)"
ancestor,noun,ˈænsˌɛstɚ,A2,cefr-j,"CEFR-J custom license (research/commercial use, attribution required)"
ancient,adjective,ˈeɪntʃənt,A2,cefr-j,"CEFR-J custom license (research/commercial use, attribution required)"
angel,noun,ˈeɪndʒəl,A2,cefr-j,"CEFR-J custom license (research/commercial use, attribution required)"
angrily,adverb,ˈæŋgɹəli,A2,cefr-j,"CEFR-J custom license (research/commercial use, attribution required)"
ankle,noun,ˈæŋkəl,A2,cefr-j,"CEFR-J custom license (research/commercial use, attribution required)"
anniversary,noun,ˌænəvˈɝsɚi,A2,cefr-j,"CEFR-J custom license (research/commercial use, attribution required)"
annoy,verb,ənˈɔɪ,A2,cefr-j,"CEFR-J custom license (research/commercial use, attribution required)"
annoying,adjective,ənˈɔɪɪŋ,A2,cefr-j,"CEFR-J custom license (research/commercial use, attribution required)"
another,pronoun,ənˈʌðɚ,A2,cefr-j,"CEFR-J custom license (research/commercial use, attribution required)"
anxious,adjective,ˈæŋkʃəs,A2,cefr-j,"CEFR-J custom license (research/commercial use, attribution required)"
anymore,adverb,ˌɛnimˈɔɹ,A2,cefr-j,"CEFR-J custom license (research/commercial use, attribution required)"
anyway,adverb,ˈɛniwˌeɪ,A2,cefr-j,"CEFR-J custom license (research/commercial use, attribution required)"
anywhere,adverb,ˈɛniwˌɛɹ,A2,cefr-j,"CEFR-J custom license (research/commercial use, attribution required)"
apart,adverb,əpˈɑɹt,A2,cefr-j,"CEFR-J custom license (research/commercial use, attribution required)"
apartment,noun,əpˈɑɹtmənt,A2,cefr-j,"CEFR-J custom license (research/commercial use, attribution required)"
apologize,verb,əpˈɑlədʒˌaɪz,A2,cefr-j,"CEFR-J custom license (research/commercial use, attribution required)"
apparently,adverb,əpˈɛɹəntli,A2,cefr-j,"CEFR-J custom license (research/commercial use, attribution required)"
appear,verb,əpˈɪɹ,A2,cefr-j,"CEFR-J custom license (research/commercial use, attribution required)"
appearance,noun,əpˈɪɹəns,A2,cefr-j,"CEFR-J custom license (research/commercial use, attribution required)"
apply,verb,əplˈaɪ,A2,cefr-j,"CEFR-J custom license (research/commercial use, attribution required)"
appointment,noun,əpˈɔɪntmənt,A2,cefr-j,"CEFR-J custom license (research/commercial use, attribution required)"
appreciate,verb,əpɹˈiʃiˌeɪt,A2,cefr-j,"CEFR-J custom license (research/commercial use, attribution required)"
appropriate,adjective,əpɹˈoʊpɹiət,A2,cefr-j,"CEFR-J custom license (research/commercial use, attribution required)"
architecture,noun,ˈɑɹkətˌɛktʃɚ,A2,cefr-j,"CEFR-J custom license (research/commercial use, attribution required)"
area,noun,ˈɛɹiə,A2,cefr-j,"CEFR-J custom license (research/commercial use, attribution required)"
argue,verb,ˈɑɹgju,A2,cefr-j,"CEFR-J custom license (research/commercial use, attribution required)"
argument,noun,ˈɑɹgjəmənt,A2,cefr-j,"CEFR-J custom license (research/commercial use, attribution required)"
armchair,noun,ˈɑɹmtʃˌɛɹ,A2,cefr-j,"CEFR-J custom license (research/commercial use, attribution required)"
armed,adjective,ˈɑɹmd,A2,cefr-j,"CEFR-J custom license (research/commercial use, attribution required)"
around,adverb,ɚˈaʊnd,A2,cefr-j,"CEFR-J custom license (research/commercial use, attribution required)"
artificial,adjective,ˌɑɹtəfˈɪʃəl,A2,cefr-j,"CEFR-J custom license (research/commercial use, attribution required)"
as,conjunction,ˈæz,A2,cefr-j,"CEFR-J custom license (research/commercial use, attribution required)"
asleep,adjective,əslˈip,A2,cefr-j,"CEFR-J custom license (research/commercial use, attribution required)"
assistant,adjective,əsˈɪstənt,A2,cefr-j,"CEFR-J custom license (research/commercial use, attribution required)"
association,noun,əsˌoʊsiˈeɪʃən,A2,cefr-j,"CEFR-J custom license (research/commercial use, attribution required)"
astronaut,noun,ˈæstɹənˌɑt,A2,cefr-j,"CEFR-J custom license (research/commercial use, attribution required)"
athlete,noun,ˈæθlˌit,A2,cefr-j,"CEFR-J custom license (research/commercial use, attribution required)"
atom,noun,ˈætəm,A2,cefr-j,"CEFR-J custom license (research/commercial use, attribution required)"
attack,noun,ətˈæk,A2,cefr-j,"CEFR-J custom license (research/commercial use, attribution required)"
attack,verb,ətˈæk,A2,cefr-j,"CEFR-J custom license (research/commercial use, attribution required)"
attempt,noun,ətˈɛmpt,A2,cefr-j,"CEFR-J custom license (research/commercial use, attribution required)"
attention,noun,ətˈɛnʃən,A2,cefr-j,"CEFR-J custom license (research/commercial use, attribution required)"
attitude,noun,ˈætətˌud,A2,cefr-j,"CEFR-J custom license (research/commercial use, attribution required)"
attractive,adjective,ətɹˈæktɪv,A2,cefr-j,"CEFR-J custom license (research/commercial use, attribution required)"
audience,noun,ˈɑdiəns,A2,cefr-j,"CEFR-J custom license (research/commercial use, attribution required)"
audio,adjective,ˈɑdiˌoʊ,A2,cefr-j,"CEFR-J custom license (research/commercial use, attribution required)"
author,noun,ˈɔθɚ,A2,cefr-j,"CEFR-J custom license (research/commercial use, attribution required)"
automatic,adjective,ˌɔtəmˈætɪk,A2,cefr-j,"CEFR-J custom license (research/commercial use, attribution required)"
automatically,adverb,ˌɔtəmˈætɪkli,A2,cefr-j,"CEFR-J custom license (research/commercial use, attribution required)"
average,adjective,ˈævɚɪdʒ,A2,cefr-j,"CEFR-J custom license (research/commercial use, attribution required)"
average,noun,ˈævɚɪdʒ,A2,cefr-j,"CEFR-J custom license (research/commercial use, attribution required)"
avoid,verb,əvˈɔɪd,A2,cefr-j,"CEFR-J custom license (research/commercial use, attribution required)"
award,noun,əwˈɔɹd,A2,cefr-j,"CEFR-J custom license (research/commercial use, attribution required)"
awful,adjective,ˈɑfəl,A2,cefr-j,"CEFR-J custom license (research/commercial use, attribution required)"
back,adjective,bˈæk,A2,cefr-j,"CEFR-J custom license (research/commercial use, attribution required)"
background,noun,bˈækgɹˌaʊnd,A2,cefr-j,"CEFR-J custom license (research/commercial use, attribution required)"
badly,adverb,bˈædli,A2,cefr-j,"CEFR-J custom license (research/commercial use, attribution required)"
badminton,noun,bˈædmˌɪntən,A2,cefr-j,"CEFR-J custom license (research/commercial use, attribution required)"
bake,verb,bˈeɪk,A2,cefr-j,"CEFR-J custom license (research/commercial use, attribution required)"
balcony,noun,bˈælkəni,A2,cefr-j,"CEFR-J custom license (research/commercial use, attribution required)"
balloon,noun,bəlˈun,A2,cefr-j,"CEFR-J custom license (research/commercial use, attribution required)"
bank,verb,bˈæŋk,A2,cefr-j,"CEFR-J custom license (research/commercial use, attribution required)"
banking,noun,bˈæŋkɪŋ,A2,cefr-j,"CEFR-J custom license (research/commercial use, attribution required)"
barbecue,noun,bˈɑɹbɪkjˌu,A2,cefr-j,"CEFR-J custom license (research/commercial use, attribution required)"
barber,noun,bˈɑɹbɚ,A2,cefr-j,"CEFR-J custom license (research/commercial use, attribution required)"
bargain,noun,bˈɑɹgən,A2,cefr-j,"CEFR-J custom license (research/commercial use, attribution required)"
base,noun,bˈeɪs,A2,cefr-j,"CEFR-J custom license (research/commercial use, attribution required)"
basic,adjective,bˈeɪsɪk,A2,cefr-j,"CEFR-J custom license (research/commercial use, attribution required)"
basically,adverb,bˈeɪsɪkli,A2,cefr-j,"CEFR-J custom license (research/commercial use, attribution required)"
basket,noun,bˈæskət,A2,cefr-j,"CEFR-J custom license (research/commercial use, attribution required)"
batch,noun,bˈætʃ,A2,cefr-j,"CEFR-J custom license (research/commercial use, attribution required)"
battery,noun,bˈætɚi,A2,cefr-j,"CEFR-J custom license (research/commercial use, attribution required)"
bay,noun,bˈeɪ,A2,cefr-j,"CEFR-J custom license (research/commercial use, attribution required)"
bear,verb,bˈɛɹ,A2,cefr-j,"CEFR-J custom license (research/commercial use, attribution required)"
beauty,noun,bjˈuti,A2,cefr-j,"CEFR-J custom license (research/commercial use, attribution required)"
been,be-verb,bˈɪn,A2,cefr-j,"CEFR-J custom license (research/commercial use, attribution required)"
beer,noun,bˈɪɹ,A2,cefr-j,"CEFR-J custom license (research/commercial use, attribution required)"
before,conjunction,bɪfˈɔɹ,A2,cefr-j,"CEFR-J custom license (research/commercial use, attribution required)"
beg,verb,bˈɛg,A2,cefr-j,"CEFR-J custom license (research/commercial use, attribution required)"
beginner,noun,bɪgˈɪnɚ,A2,cefr-j,"CEFR-J custom license (research/commercial use, attribution required)"
beginning,noun,bɪgˈɪnɪŋ,A2,cefr-j,"CEFR-J custom license (research/commercial use, attribution required)"
behavior,noun,bɪhˈeɪvjɚ,A2,cefr-j,"CEFR-J custom license (research/commercial use, attribution required)"
being,noun,bˈiɪŋ,A2,cefr-j,"CEFR-J custom license (research/commercial use, attribution required)"
belly,noun,bˈɛli,A2,cefr-j,"CEFR-J custom license (research/commercial use, attribution required)"
belong,verb,bɪlˈɔŋ,A2,cefr-j,"CEFR-J custom license (research/commercial use, attribution required)"
belt,noun,bˈɛlt,A2,cefr-j,"CEFR-J custom license (research/commercial use, attribution required)"
bench,noun,bˈɛntʃ,A2,cefr-j,"CEFR-J custom license (research/commercial use, attribution required)"
bend,verb,bˈɛnd,A2,cefr-j,"CEFR-J custom license (research/commercial use, attribution required)"
besides,adverb,bɪsˈaɪdz,A2,cefr-j,"CEFR-J custom license (research/commercial use, attribution required)"
better,adverb,bˈɛtɚ,A2,cefr-j,"CEFR-J custom license (research/commercial use, attribution required)"
beyond,preposition,bɪˈɑnd,A2,cefr-j,"CEFR-J custom license (research/commercial use, attribution required)"
bill,noun,bˈɪl,A2,cefr-j,"CEFR-J custom license (research/commercial use, attribution required)"
bit,noun,bˈɪt,A2,cefr-j,"CEFR-J custom license (research/commercial use, attribution required)"
bite,noun,bˈaɪt,A2,cefr-j,"CEFR-J custom license (research/commercial use, attribution required)"
blackboard,noun,blˈækbˌɔɹd,A2,cefr-j,"CEFR-J custom license (research/commercial use, attribution required)"
blame,verb,blˈeɪm,A2,cefr-j,"CEFR-J custom license (research/commercial use, attribution required)"
blanket,noun,blˈæŋkət,A2,cefr-j,"CEFR-J custom license (research/commercial use, attribution required)"
blonde,adjective,blˈɑnd,A2,cefr-j,"CEFR-J custom license (research/commercial use, attribution required)"
blood,noun,blˈʌd,A2,cefr-j,"CEFR-J custom license (research/commercial use, attribution required)"
bloom,noun,blˈum,A2,cefr-j,"CEFR-J custom license (research/commercial use, attribution required)"
blow,noun,blˈoʊ,A2,cefr-j,"CEFR-J custom license (research/commercial use, attribution required)"
board game,noun,bˈɔɹd gˈeɪm,A2,cefr-j,"CEFR-J custom license (research/commercial use, attribution required)"
boil,verb,bˈɔɪl,A2,cefr-j,"CEFR-J custom license (research/commercial use, attribution required)"
boiled,adjective,bˈɔɪld,A2,cefr-j,"CEFR-J custom license (research/commercial use, attribution required)"
bonus,noun,bˈoʊnəs,A2,cefr-j,"CEFR-J custom license (research/commercial use, attribution required)"
bookcase,noun,bˈʊkkˌeɪs,A2,cefr-j,"CEFR-J custom license (research/commercial use, attribution required)"
bookshelf,noun,bˈʊkʃˌɛlf,A2,cefr-j,"CEFR-J custom license (research/commercial use, attribution required)"
bookshop,noun,bˈʊkʃˌɑp,A2,cefr-j,"CEFR-J custom license (research/commercial use, attribution required)"
bored,adjective,bˈɔɹd,A2,cefr-j,"CEFR-J custom license (research/commercial use, attribution required)"
boss,noun,bˈɑs,A2,cefr-j,"CEFR-J custom license (research/commercial use, attribution required)"
bother,verb,bˈɑðɚ,A2,cefr-j,"CEFR-J custom license (research/commercial use, attribution required)"
bra,noun,bɹˈɑ,A2,cefr-j,"CEFR-J custom license (research/commercial use, attribution required)"
brainstorm,noun,bɹˈeɪnstˌɔɹm,A2,cefr-j,"CEFR-J custom license (research/commercial use, attribution required)"
brake,noun,bɹˈeɪk,A2,cefr-j,"CEFR-J custom license (research/commercial use, attribution required)"
branch,noun,bɹˈæntʃ,A2,cefr-j,"CEFR-J custom license (research/commercial use, attribution required)"
brand,noun,bɹˈænd,A2,cefr-j,"CEFR-J custom license (research/commercial use, attribution required)"
brave,adjective,bɹˈeɪv,A2,cefr-j,"CEFR-J custom license (research/commercial use, attribution required)"
break,noun,bɹˈeɪk,A2,cefr-j,"CEFR-J custom license (research/commercial use, attribution required)"
breeze,noun,bɹˈiz,A2,cefr-j,"CEFR-J custom license (research/commercial use, attribution required)"
bride,noun,bɹˈaɪd,A2,cefr-j,"CEFR-J custom license (research/commercial use, attribution required)"
brilliant,adjective,bɹˈɪljənt,A2,cefr-j,"CEFR-J custom license (research/commercial use, attribution required)"
brown,noun,bɹˈaʊn,A2,cefr-j,"CEFR-J custom license (research/commercial use, attribution required)"
budget,noun,bˈʌdʒɪt,A2,cefr-j,"CEFR-J custom license (research/commercial use, attribution required)"
bug,noun,bˈʌg,A2,cefr-j,"CEFR-J custom license (research/commercial use, attribution required)"
bulb,noun,bˈʌlb,A2,cefr-j,"CEFR-J custom license (research/commercial use, attribution required)"
burn,noun,bˈɝn,A2,cefr-j,"CEFR-J custom license (research/commercial use, attribution required)"
bury,verb,bˈɛɹi,A2,cefr-j,"CEFR-J custom license (research/commercial use, attribution required)"
bus station,noun,bˈʌs stˈeɪʃən,A2,cefr-j,"CEFR-J custom license (research/commercial use, attribution required)"
bus stop,noun,bˈʌs stˈɑp,A2,cefr-j,"CEFR-J custom license (research/commercial use, attribution required)"
bush,noun,bˈʊʃ,A2,cefr-j,"CEFR-J custom license (research/commercial use, attribution required)"
businessman,noun,bˈɪznəsmˌæn,A2,cefr-j,"CEFR-J custom license (research/commercial use, attribution required)"
businesswoman,noun,bˈɪznɪswˌʊmən,A2,cefr-j,"CEFR-J custom license (research/commercial use, attribution required)"
cab,noun,kˈæb,A2,cefr-j,"CEFR-J custom license (research/commercial use, attribution required)"
cafeteria,noun,kˌæfətˈɪɹiə,A2,cefr-j,"CEFR-J custom license (research/commercial use, attribution required)"
calendar,noun,kˈæləndɚ,A2,cefr-j,"CEFR-J custom license (research/commercial use, attribution required)"
call,verb,kˈɔl,A2,cefr-j,"CEFR-J custom license (research/commercial use, attribution required)"
camp,verb,kˈæmp,A2,cefr-j,"CEFR-J custom license (research/commercial use, attribution required)"
camping,noun,kˈæmpɪŋ,A2,cefr-j,"CEFR-J custom license (research/commercial use, attribution required)"
campus,noun,kˈæmpəs,A2,cefr-j,"CEFR-J custom license (research/commercial use, attribution required)"
can,noun,kˈæn,A2,cefr-j,"CEFR-J custom license (research/commercial use, attribution required)"
capital,noun,kˈæpətəl,A2,cefr-j,"CEFR-J custom license (research/commercial use, attribution required)"
capital letter,noun,kˈæpətəl lˈɛtɚ,A2,cefr-j,"CEFR-J custom license (research/commercial use, attribution required)"
captain,noun,kˈæptən,A2,cefr-j,"CEFR-J custom license (research/commercial use, attribution required)"
car park,noun,kˈɑɹ pˈɑɹk,A2,cefr-j,"CEFR-J custom license (research/commercial use, attribution required)"
carrot,noun,kˈæɹət,A2,cefr-j,"CEFR-J custom license (research/commercial use, attribution required)"
cash,noun,kˈæʃ,A2,cefr-j,"CEFR-J custom license (research/commercial use, attribution required)"
cassette,noun,kəsˈɛt,A2,cefr-j,"CEFR-J custom license (research/commercial use, attribution required)"
castle,noun,kˈæsəl,A2,cefr-j,"CEFR-J custom license (research/commercial use, attribution required)"
cause,verb,kˈɑz,A2,cefr-j,"CEFR-J custom license (research/commercial use, attribution required)"
cent,noun,sˈɛnt,A2,cefr-j,"CEFR-J custom license (research/commercial use, attribution required)"
center,noun,sˈɛntɚ,A2,cefr-j,"CEFR-J custom license (research/commercial use, attribution required)"
centimeter,noun,sˈɛntəmˌitɚ,A2,cefr-j,"CEFR-J custom license (research/commercial use, attribution required)"
century,noun,sˈɛntʃɚi,A2,cefr-j,"CEFR-J custom license (research/commercial use, attribution required)"
cereal,noun,sˈɪɹiəl,A2,cefr-j,"CEFR-J custom license (research/commercial use, attribution required)"
certain,adjective,sˈɝtən,A2,cefr-j,"CEFR-J custom license (research/commercial use, attribution required)"
certainly,adverb,sˈɝtənli,A2,cefr-j,"CEFR-J custom license (research/commercial use, attribution required)"
chain,noun,tʃˈeɪn,A2,cefr-j,"CEFR-J custom license (research/commercial use, attribution required)"
chairman,noun,tʃˈɛɹmən,A2,cefr-j,"CEFR-J custom license (research/commercial use, attribution required)"
challenge,noun,tʃˈæləndʒ,A2,cefr-j,"CEFR-J custom license (research/commercial use, attribution required)"
champagne,noun,ʃæmpˈeɪn,A2,cefr-j,"CEFR-J custom license (research/commercial use, attribution required)"
championship,noun,tʃˈæmpiənʃˌɪp,A2,cefr-j,"CEFR-J custom license (research/commercial use, attribution required)"
chance,noun,tʃˈæns,A2,cefr-j,"CEFR-J custom license (research/commercial use, attribution required)"
chapter,noun,tʃˈæptɚ,A2,cefr-j,"CEFR-J custom license (research/commercial use, attribution required)"
chart,noun,tʃˈɑɹt,A2,cefr-j,"CEFR-J custom license (research/commercial use, attribution required)"
chat,verb,tʃˈæt,A2,cefr-j,"CEFR-J custom license (research/commercial use, attribution required)"
cheap,adjective,tʃˈip,A2,cefr-j,"CEFR-J custom license (research/commercial use, attribution required)"
check,verb,tʃˈɛk,A2,cefr-j,"CEFR-J custom license (research/commercial use, attribution required)"
cheek,noun,tʃˈik,A2,cefr-j,"CEFR-J custom license (research/commercial use, attribution required)"
cheer,verb,tʃˈɪɹ,A2,cefr-j,"CEFR-J custom license (research/commercial use, attribution required)"
chef,noun,ʃˈɛf,A2,cefr-j,"CEFR-J custom license (research/commercial use, attribution required)"
chemical,adjective,kˈɛməkəl,A2,cefr-j,"CEFR-J custom license (research/commercial use, attribution required)"
cheque,noun,tʃˈɛk,A2,cefr-j,"CEFR-J custom license (research/commercial use, attribution required)"
chess,noun,tʃˈɛs,A2,cefr-j,"CEFR-J custom license (research/commercial use, attribution required)"
chest,noun,tʃˈɛst,A2,cefr-j,"CEFR-J custom license (research/commercial use, attribution required)"
childhood,noun,tʃˈaɪldhˌʊd,A2,cefr-j,"CEFR-J custom license (research/commercial use, attribution required)"
chili,noun,tʃˈɪli,A2,cefr-j,"CEFR-J custom license (research/commercial use, attribution required)"
chimpanzee,noun,tʃɪmpˈænzi,A2,cefr-j,"CEFR-J custom license (research/commercial use, attribution required)"
chin,noun,tʃˈɪn,A2,cefr-j,"CEFR-J custom license (research/commercial use, attribution required)"
chirp,noun,tʃˈɝp,A2,cefr-j,"CEFR-J custom license (research/commercial use, attribution required)"
choice,noun,tʃˈɔɪs,A2,cefr-j,"CEFR-J custom license (research/commercial use, attribution required)"
cigarette,noun,sˌɪgɚˈɛt,A2,cefr-j,"CEFR-J custom license (research/commercial use, attribution required)"
citizen,noun,sˈɪtəzən,A2,cefr-j,"CEFR-J custom license (research/commercial use, attribution required)"
claim,verb,klˈeɪm,A2,cefr-j,"CEFR-J custom license (research/commercial use, attribution required)"
classic,adjective,klˈæsɪk,A2,cefr-j,"CEFR-J custom license (research/commercial use, attribution required)"
classical music,noun,klˈæsɪkəl mjˈuzɪk,A2,cefr-j,"CEFR-J custom license (research/commercial use, attribution required)"
cleaner,noun,klˈinɚ,A2,cefr-j,"CEFR-J custom license (research/commercial use, attribution required)"
clear,adjective,klˈɪɹ,A2,cefr-j,"CEFR-J custom license (research/commercial use, attribution required)"
clearly,adverb,klˈɪɹli,A2,cefr-j,"CEFR-J custom license (research/commercial use, attribution required)"
clerk,noun,klˈɝk,A2,cefr-j,"CEFR-J custom license (research/commercial use, attribution required)"
click,verb,klˈɪk,A2,cefr-j,"CEFR-J custom license (research/commercial use, attribution required)"
climb,verb,klˈaɪm,A2,cefr-j,"CEFR-J custom license (research/commercial use, attribution required)"
climbing,noun,klˈaɪmɪŋ,A2,cefr-j,"CEFR-J custom license (research/commercial use, attribution required)"
clone,verb,klˈoʊn,A2,cefr-j,"CEFR-J custom license (research/commercial use, attribution required)"
clown,noun,klˈaʊn,A2,cefr-j,"CEFR-J custom license (research/commercial use, attribution required)"
clue,noun,klˈu,A2,cefr-j,"CEFR-J custom license (research/commercial use, attribution required)"
coast,noun,kˈoʊst,A2,cefr-j,"CEFR-J custom license (research/commercial use, attribution required)"
coin,noun,kˈɔɪn,A2,cefr-j,"CEFR-J custom license (research/commercial use, attribution required)"
cola,noun,kˈoʊlə,A2,cefr-j,"CEFR-J custom license (research/commercial use, attribution required)"
colorful,adjective,kˈʌlɚfəl,A2,cefr-j,"CEFR-J custom license (research/commercial use, attribution required)"
column,noun,kˈɑləm,A2,cefr-j,"CEFR-J custom license (research/commercial use, attribution required)"
comb,noun,kˈoʊm,A2,cefr-j,"CEFR-J custom license (research/commercial use, attribution required)"
comfortable,adjective,kˈʌmfɚtəbəl,A2,cefr-j,"CEFR-J custom license (research/commercial use, attribution required)"
comic,adjective,kˈɑmɪk,A2,cefr-j,"CEFR-J custom license (research/commercial use, attribution required)"
comic,noun,kˈɑmɪk,A2,cefr-j,"CEFR-J custom license (research/commercial use, attribution required)"
commitment,noun,kəmˈɪtmənt,A2,cefr-j,"CEFR-J custom license (research/commercial use, attribution required)"
committee,noun,kəmˈɪti,A2,cefr-j,"CEFR-J custom license (research/commercial use, attribution required)"
common,adjective,kˈɑmən,A2,cefr-j,"CEFR-J custom license (research/commercial use, attribution required)"
communicate,verb,kəmjˈunəkˌeɪt,A2,cefr-j,"CEFR-J custom license (research/commercial use, attribution required)"
communication,noun,kəmjˌunəkˈeɪʃən,A2,cefr-j,"CEFR-J custom license (research/commercial use, attribution required)"
company,noun,kˈʌmpənˌi,A2,cefr-j,"CEFR-J custom license (research/commercial use, attribution required)"
comparative,noun,kəmpˈɛɹətɪv,A2,cefr-j,"CEFR-J custom license (research/commercial use, attribution required)"
compare,verb,kəmpˈɛɹ,A2,cefr-j,"CEFR-J custom license (research/commercial use, attribution required)"
competition,noun,kˌɑmpətˈɪʃən,A2,cefr-j,"CEFR-J custom license (research/commercial use, attribution required)"
complain,verb,kəmplˈeɪn,A2,cefr-j,"CEFR-J custom license (research/commercial use, attribution required)"
complaint,noun,kəmplˈeɪnt,A2,cefr-j,"CEFR-J custom license (research/commercial use, attribution required)"
complete,adjective,kəmplˈit,A2,cefr-j,"CEFR-J custom license (research/commercial use, attribution required)"
composer,noun,kəmpˈoʊzɚ,A2,cefr-j,"CEFR-J custom license (research/commercial use, attribution required)"
concentrate,verb,kˈɑnsəntɹˌeɪt,A2,cefr-j,"CEFR-J custom license (research/commercial use, attribution required)"
concern,noun,kənsˈɝn,A2,cefr-j,"CEFR-J custom license (research/commercial use, attribution required)"
condition,noun,kəndˈɪʃən,A2,cefr-j,"CEFR-J custom license (research/commercial use, attribution required)"
confident,adjective,kˈɑnfədənt,A2,cefr-j,"CEFR-J custom license (research/commercial use, attribution required)"
confuse,verb,kənfjˈuz,A2,cefr-j,"CEFR-J custom license (research/commercial use, attribution required)"
confused,adjective,kənfjˈuzd,A2,cefr-j,"CEFR-J custom license (research/commercial use, attribution required)"
consequence,noun,kˈɑnsəkwəns,A2,cefr-j,"CEFR-J custom license (research/commercial use, attribution required)"
consider,verb,kənsˈɪdɚ,A2,cefr-j,"CEFR-J custom license (research/commercial use, attribution required)"
consist,verb,kənsˈɪst,A2,cefr-j,"CEFR-J custom license (research/commercial use, attribution required)"
contact,noun,kˈɑntˌækt,A2,cefr-j,"CEFR-J custom license (research/commercial use, attribution required)"
contact,verb,kˈɑntˌækt,A2,cefr-j,"CEFR-J custom license (research/commercial use, attribution required)"
container,noun,kəntˈeɪnɚ,A2,cefr-j,"CEFR-J custom license (research/commercial use, attribution required)"
context,noun,kˈɑntɛkst,A2,cefr-j,"CEFR-J custom license (research/commercial use, attribution required)"
continent,noun,kˈɑntənənt,A2,cefr-j,"CEFR-J custom license (research/commercial use, attribution required)"
continue,verb,kəntˈɪnju,A2,cefr-j,"CEFR-J custom license (research/commercial use, attribution required)"
contrast,noun,kˈɑntɹæst,A2,cefr-j,"CEFR-J custom license (research/commercial use, attribution required)"
control,noun,kəntɹˈoʊl,A2,cefr-j,"CEFR-J custom license (research/commercial use, attribution required)"
convenience,noun,kənvˈinjəns,A2,cefr-j,"CEFR-J custom license (research/commercial use, attribution required)"
convenient,adjective,kənvˈinjənt,A2,cefr-j,"CEFR-J custom license (research/commercial use, attribution required)"
cooker,noun,kˈʊkɚ,A2,cefr-j,"CEFR-J custom license (research/commercial use, attribution required)"
cooking,noun,kˈʊkɪŋ,A2,cefr-j,"CEFR-J custom license (research/commercial use, attribution required)"
cooler,noun,kˈulɚ,A2,cefr-j,"CEFR-J custom license (research/commercial use, attribution required)"
copy,verb,kˈɑpi,A2,cefr-j,"CEFR-J custom license (research/commercial use, attribution required)"
correctly,adverb,kɚˈɛktli,A2,cefr-j,"CEFR-J custom license (research/commercial use, attribution required)"
cost,noun,kˈɑst,A2,cefr-j,"CEFR-J custom license (research/commercial use, attribution required)"
cost,verb,kˈɑst,A2,cefr-j,"CEFR-J custom license (research/commercial use, attribution required)"
count,verb,kˈaʊnt,A2,cefr-j,"CEFR-J custom license (research/commercial use, attribution required)"
country,noun,kˈʌntɹi,A2,cefr-j,"CEFR-J custom license (research/commercial use, attribution required)"
countryside,noun,kˈʌntɹisˌaɪd,A2,cefr-j,"CEFR-J custom license (research/commercial use, attribution required)"
couple,noun,kˈʌpəl,A2,cefr-j,"CEFR-J custom license (research/commercial use, attribution required)"
court,noun,kˈɔɹt,A2,cefr-j,"CEFR-J custom license (research/commercial use, attribution required)"
cover,verb,kˈʌvɚ,A2,cefr-j,"CEFR-J custom license (research/commercial use, attribution required)"
crazy,adjective,kɹˈeɪzi,A2,cefr-j,"CEFR-J custom license (research/commercial use, attribution required)"
cream,adjective,kɹˈim,A2,cefr-j,"CEFR-J custom license (research/commercial use, attribution required)"
create,verb,kɹiˈeɪt,A2,cefr-j,"CEFR-J custom license (research/commercial use, attribution required)"
creative,adjective,kɹiˈeɪtɪv,A2,cefr-j,"CEFR-J custom license (research/commercial use, attribution required)"
creativity,noun,kɹˌieɪtˈɪvəti,A2,cefr-j,"CEFR-J custom license (research/commercial use, attribution required)"
creature,noun,kɹˈitʃɚ,A2,cefr-j,"CEFR-J custom license (research/commercial use, attribution required)"
credit,noun,kɹˈɛdət,A2,cefr-j,"CEFR-J custom license (research/commercial use, attribution required)"
cricket,noun,kɹˈɪkət,A2,cefr-j,"CEFR-J custom license (research/commercial use, attribution required)"
crime,noun,kɹˈaɪm,A2,cefr-j,"CEFR-J custom license (research/commercial use, attribution required)"
crisp,noun,kɹˈɪsp,A2,cefr-j,"CEFR-J custom license (research/commercial use, attribution required)"
criticize,verb,kɹˈɪtɪsˌaɪz,A2,cefr-j,"CEFR-J custom license (research/commercial use, attribution required)"
cross,noun,kɹˈɔs,A2,cefr-j,"CEFR-J custom license (research/commercial use, attribution required)"
cross,verb,kɹˈɔs,A2,cefr-j,"CEFR-J custom license (research/commercial use, attribution required)"
crowd,noun,kɹˈaʊd,A2,cefr-j,"CEFR-J custom license (research/commercial use, attribution required)"
crowded,adjective,kɹˈaʊdəd,A2,cefr-j,"CEFR-J custom license (research/commercial use, attribution required)"
crown,noun,kɹˈaʊn,A2,cefr-j,"CEFR-J custom license (research/commercial use, attribution required)"
cruise,noun,kɹˈuz,A2,cefr-j,"CEFR-J custom license (research/commercial use, attribution required)"
cry,verb,kɹˈaɪ,A2,cefr-j,"CEFR-J custom license (research/commercial use, attribution required)"
cupboard,noun,kˈʌbɚd,A2,cefr-j,"CEFR-J custom license (research/commercial use, attribution required)"
curry,noun,kˈʌɹi,A2,cefr-j,"CEFR-J custom license (research/commercial use, attribution required)"
curse,noun,kˈɝs,A2,cefr-j,"CEFR-J custom license (research/commercial use, attribution required)"
custom,noun,kˈʌstəm,A2,cefr-j,"CEFR-J custom license (research/commercial use, attribution required)"
customer,noun,kˈʌstəmɚ,A2,cefr-j,"CEFR-J custom license (research/commercial use, attribution required)"
cycling,noun,sˈaɪkəlɪŋ,A2,cefr-j,"CEFR-J custom license (research/commercial use, attribution required)"
daily,adjective,dˈeɪli,A2,cefr-j,"CEFR-J custom license (research/commercial use, attribution required)"
daily,adverb,dˈeɪli,A2,cefr-j,"CEFR-J custom license (research/commercial use, attribution required)"
dam,noun,dˈæm,A2,cefr-j,"CEFR-J custom license (research/commercial use, attribution required)"
dancer,noun,dˈænsɚ,A2,cefr-j,"CEFR-J custom license (research/commercial use, attribution required)"
danger,noun,dˈeɪndʒɚ,A2,cefr-j,"CEFR-J custom license (research/commercial use, attribution required)"
dangerous,adjective,dˈeɪndʒɚəs,A2,cefr-j,"CEFR-J custom license (research/commercial use, attribution required)"
daylight,noun,dˈeɪlˌaɪt,A2,cefr-j,"CEFR-J custom license (research/commercial use, attribution required)"
dead,adjective,dˈɛd,A2,cefr-j,"CEFR-J custom license (research/commercial use, attribution required)"
deal,noun,dˈil,A2,cefr-j,"CEFR-J custom license (research/commercial use, attribution required)"
death,noun,dˈɛθ,A2,cefr-j,"CEFR-J custom license (research/commercial use, attribution required)"
debate,noun,dəbˈeɪt,A2,cefr-j,"CEFR-J custom license (research/commercial use, attribution required)"
decide,verb,dˌɪsˈaɪd,A2,cefr-j,"CEFR-J custom license (research/commercial use, attribution required)"
deep,adverb,dˈip,A2,cefr-j,"CEFR-J custom license (research/commercial use, attribution required)"
deeply,adverb,dˈipli,A2,cefr-j,"CEFR-J custom license (research/commercial use, attribution required)"
degree,noun,dɪgɹˈi,A2,cefr-j,"CEFR-J custom license (research/commercial use, attribution required)"
delay,noun,dɪlˈeɪ,A2,cefr-j,"CEFR-J custom license (research/commercial use, attribution required)"
dentist,noun,dˈɛntəst,A2,cefr-j,"CEFR-J custom license (research/commercial use, attribution required)"
department store,noun,dɪpˈɑɹtmənt stˈɔɹ,A2,cefr-j,"CEFR-J custom license (research/commercial use, attribution required)"
depend,verb,dɪpˈɛnd,A2,cefr-j,"CEFR-J custom license (research/commercial use, attribution required)"
description,noun,dɪskɹˈɪpʃən,A2,cefr-j,"CEFR-J custom license (research/commercial use, attribution required)"
desert,noun,dˈɛzɚt,A2,cefr-j,"CEFR-J custom license (research/commercial use, attribution required)"
dessert,noun,dɪzˈɝt,A2,cefr-j,"CEFR-J custom license (research/commercial use, attribution required)"
destroy,verb,dɪstɹˈɔɪ,A2,cefr-j,"CEFR-J custom license (research/commercial use, attribution required)"
detail,noun,dɪtˈeɪl,A2,cefr-j,"CEFR-J custom license (research/commercial use, attribution required)"
develop,verb,dɪvˈɛləp,A2,cefr-j,"CEFR-J custom license (research/commercial use, attribution required)"
developed,adjective,dɪvˈɛləpt,A2,cefr-j,"CEFR-J custom license (research/commercial use, attribution required)"
diamond,noun,dˈaɪmənd,A2,cefr-j,"CEFR-J custom license (research/commercial use, attribution required)"
diary,noun,dˈaɪɚi,A2,cefr-j,"CEFR-J custom license (research/commercial use, attribution required)"
die,verb,dˈaɪ,A2,cefr-j,"CEFR-J custom license (research/commercial use, attribution required)"
diet,noun,dˈaɪət,A2,cefr-j,"CEFR-J custom license (research/commercial use, attribution required)"
differently,adverb,dˈɪfɹəntli,A2,cefr-j,"CEFR-J custom license (research/commercial use, attribution required)"
difficulty,noun,dˈɪfəkəlti,A2,cefr-j,"CEFR-J custom license (research/commercial use, attribution required)"
digital camera,noun,dˈɪdʒətəl kˈæmɚə,A2,cefr-j,"CEFR-J custom license (research/commercial use, attribution required)"
dinosaur,noun,dˈaɪnəsˌɔɹ,A2,cefr-j,"CEFR-J custom license (research/commercial use, attribution required)"
direct,adjective,dɚˈɛkt,A2,cefr-j,"CEFR-J custom license (research/commercial use, attribution required)"
direction,noun,dɚˈɛkʃən,A2,cefr-j,"CEFR-J custom license (research/commercial use, attribution required)"
director,noun,dɚˈɛktɚ,A2,cefr-j,"CEFR-J custom license (research/commercial use, attribution required)"
disadvantage,noun,dˌɪsədvˈæntɪdʒ,A2,cefr-j,"CEFR-J custom license (research/commercial use, attribution required)"
disagree,verb,dɪsəgɹˈi,A2,cefr-j,"CEFR-J custom license (research/commercial use, attribution required)"
disappear,verb,dˌɪsəpˈɪɹ,A2,cefr-j,"CEFR-J custom license (research/commercial use, attribution required)"
disappointed,adjective,dˌɪsəpˈɔɪntɪd,A2,cefr-j,"CEFR-J custom license (research/commercial use, attribution required)"
disappointing,adjective,dˌɪsəpˈɔɪntɪŋ,A2,cefr-j,"CEFR-J custom license (research/commercial use, attribution required)"
disco,noun,dˈɪskoʊ,A2,cefr-j,"CEFR-J custom license (research/commercial use, attribution required)"
discover,verb,dɪskˈʌvɚ,A2,cefr-j,"CEFR-J custom license (research/commercial use, attribution required)"
discussion,noun,dɪskˈʌʃən,A2,cefr-j,"CEFR-J custom license (research/commercial use, attribution required)"
dishonest,adjective,dɪsˈɑnəst,A2,cefr-j,"CEFR-J custom license (research/commercial use, attribution required)"
dislike,noun,dɪslˈaɪk,A2,cefr-j,"CEFR-J custom license (research/commercial use, attribution required)"
display,noun,dɪsplˈeɪ,A2,cefr-j,"CEFR-J custom license (research/commercial use, attribution required)"
disturb,verb,dɪstˈɝb,A2,cefr-j,"CEFR-J custom license (research/commercial use, attribution required)"
divide,verb,dɪvˈaɪd,A2,cefr-j,"CEFR-J custom license (research/commercial use, attribution required)"
dizzy,adjective,dˈɪzi,A2,cefr-j,"CEFR-J custom license (research/commercial use, attribution required)"
done,do-verb,dˈʌn,A2,cefr-j,"CEFR-J custom license (research/commercial use, attribution required)"
double,adjective,dˈʌbəl,A2,cefr-j,"CEFR-J custom license (research/commercial use, attribution required)"
doubt,noun,dˈaʊt,A2,cefr-j,"CEFR-J custom license (research/commercial use, attribution required)"
down,preposition,dˈaʊn,A2,cefr-j,"CEFR-J custom license (research/commercial use, attribution required)"
download,verb,dˈaʊnlˌoʊd,A2,cefr-j,"CEFR-J custom license (research/commercial use, attribution required)"
downstairs,adverb,dˈaʊnstˈɛɹz,A2,cefr-j,"CEFR-J custom license (research/commercial use, attribution required)"
downtown,adverb,dˈaʊntˈaʊn,A2,cefr-j,"CEFR-J custom license (research/commercial use, attribution required)"
draw,noun,dɹˈɔ,A2,cefr-j,"CEFR-J custom license (research/commercial use, attribution required)"
drawer,noun,dɹˈɔɹ,A2,cefr-j,"CEFR-J custom license (research/commercial use, attribution required)"
drawing,noun,dɹˈɔɪŋ,A2,cefr-j,"CEFR-J custom license (research/commercial use, attribution required)"
dream,verb,dɹˈim,A2,cefr-j,"CEFR-J custom license (research/commercial use, attribution required)"
dress,verb,dɹˈɛs,A2,cefr-j,"CEFR-J custom license (research/commercial use, attribution required)"
dressed,adjective,dɹˈɛst,A2,cefr-j,"CEFR-J custom license (research/commercial use, attribution required)"
drill,noun,dɹˈɪl,A2,cefr-j,"CEFR-J custom license (research/commercial use, attribution required)"
drive,verb,dɹˈaɪv,A2,cefr-j,"CEFR-J custom license (research/commercial use, attribution required)"
driver's license,noun,dɹˈaɪvɚz lˈaɪsəns,A2,cefr-j,"CEFR-J custom license (research/commercial use, attribution required)"
drop,noun,dɹˈɑp,A2,cefr-j,"CEFR-J custom license (research/commercial use, attribution required)"
drug,noun,dɹˈʌg,A2,cefr-j,"CEFR-J custom license (research/commercial use, attribution required)"
drugstore,noun,dɹˈʌgstˌɔɹ,A2,cefr-j,"CEFR-J custom license (research/commercial use, attribution required)"
dry,verb,dɹˈaɪ,A2,cefr-j,"CEFR-J custom license (research/commercial use, attribution required)"
duck,noun,dˈʌk,A2,cefr-j,"CEFR-J custom license (research/commercial use, attribution required)"
during,preposition,dˈʊɹɪŋ,A2,cefr-j,"CEFR-J custom license (research/commercial use, attribution required)"
dust,noun,dˈʌst,A2,cefr-j,"CEFR-J custom license (research/commercial use, attribution required)"
early,adjective,ˈɝli,A2,cefr-j,"CEFR-J custom license (research/commercial use, attribution required)"
earn,verb,ˈɝn,A2,cefr-j,"CEFR-J custom license (research/commercial use, attribution required)"
earring,noun,ˈɪɹɪŋ,A2,cefr-j,"CEFR-J custom license (research/commercial use, attribution required)"
earth,noun,ˈɝθ,A2,cefr-j,"CEFR-J custom license (research/commercial use, attribution required)"
earthquake,noun,ˈɝθkwˌeɪk,A2,cefr-j,"CEFR-J custom license (research/commercial use, attribution required)"
easily,adverb,ˈizəli,A2,cefr-j,"CEFR-J custom license (research/commercial use, attribution required)"
east,adjective,ˈist,A2,cefr-j,"CEFR-J custom license (research/commercial use, attribution required)"
east,adverb,ˈist,A2,cefr-j,"CEFR-J custom license (research/commercial use, attribution required)"
east,noun,ˈist,A2,cefr-j,"CEFR-J custom license (research/commercial use, attribution required)"
editor,noun,ˈɛdətɚ,A2,cefr-j,"CEFR-J custom license (research/commercial use, attribution required)"
education,noun,ˌɛdʒəkˈeɪʃən,A2,cefr-j,"CEFR-J custom license (research/commercial use, attribution required)"
educational,adjective,ˌɛdʒəkˈeɪʃənəl,A2,cefr-j,"CEFR-J custom license (research/commercial use, attribution required)"
effect,noun,ɪfˈɛkt,A2,cefr-j,"CEFR-J custom license (research/commercial use, attribution required)"
effort,noun,ˈɛfɚt,A2,cefr-j,"CEFR-J custom license (research/commercial use, attribution required)"
either,conjunction,ˈiðɚ,A2,cefr-j,"CEFR-J custom license (research/commercial use, attribution required)"
elderly,adjective,ˈɛldɚli,A2,cefr-j,"CEFR-J custom license (research/commercial use, attribution required)"
electric,adjective,ɪlˈɛktɹɪk,A2,cefr-j,"CEFR-J custom license (research/commercial use, attribution required)"
elephant,noun,ˈɛləfənt,A2,cefr-j,"CEFR-J custom license (research/commercial use, attribution required)"
elevator,noun,ˈɛləvˌeɪtɚ,A2,cefr-j,"CEFR-J custom license (research/commercial use, attribution required)"
elsewhere,adverb,ˈɛlswˌɛɹ,A2,cefr-j,"CEFR-J custom license (research/commercial use, attribution required)"
email,verb,imˈeɪl,A2,cefr-j,"CEFR-J custom license (research/commercial use, attribution required)"
embarrassing,adjective,ɪmbˈɛɹəsɪŋ,A2,cefr-j,"CEFR-J custom license (research/commercial use, attribution required)"
emergency,noun,ɪmˈɝdʒənsi,A2,cefr-j,"CEFR-J custom license (research/commercial use, attribution required)"
empty,adjective,ˈɛmpti,A2,cefr-j,"CEFR-J custom license (research/commercial use, attribution required)"
encourage,verb,ɛnkˈɝɪdʒ,A2,cefr-j,"CEFR-J custom license (research/commercial use, attribution required)"
end,verb,ˈɛnd,A2,cefr-j,"CEFR-J custom license (research/commercial use, attribution required)"
endangered,adjective,ɛndˈeɪndʒɚd,A2,cefr-j,"CEFR-J custom license (research/commercial use, attribution required)"
ending,noun,ˈɛndɪŋ,A2,cefr-j,"CEFR-J custom license (research/commercial use, attribution required)"
energetic,adjective,ˌɛnɚdʒˈɛtɪk,A2,cefr-j,"CEFR-J custom license (research/commercial use, attribution required)"
enormous,adjective,ɪnˈɔɹməs,A2,cefr-j,"CEFR-J custom license (research/commercial use, attribution required)"
enough,adverb,ɪnˈʌf,A2,cefr-j,"CEFR-J custom license (research/commercial use, attribution required)"
enough,determiner,ɪnˈʌf,A2,cefr-j,"CEFR-J custom license (research/commercial use, attribution required)"
enough,pronoun,ɪnˈʌf,A2,cefr-j,"CEFR-J custom license (research/commercial use, attribution required)"
enter,verb,ˈɛntɚ,A2,cefr-j,"CEFR-J custom license (research/commercial use, attribution required)"
entertainment,noun,ˌɛntɚtˈeɪnmənt,A2,cefr-j,"CEFR-J custom license (research/commercial use, attribution required)"
entrance,noun,ˈɛntɹəns,A2,cefr-j,"CEFR-J custom license (research/commercial use, attribution required)"
envelope,noun,ˈɛnvəlˌoʊp,A2,cefr-j,"CEFR-J custom license (research/commercial use, attribution required)"
envy,noun,ˈɛnvi,A2,cefr-j,"CEFR-J custom license (research/commercial use, attribution required)"
episode,noun,ˈɛpəsˌoʊd,A2,cefr-j,"CEFR-J custom license (research/commercial use, attribution required)"
error,noun,ˈɛɹɚ,A2,cefr-j,"CEFR-J custom license (research/commercial use, attribution required)"
escalator,noun,ˈɛskəlˌeɪtɚ,A2,cefr-j,"CEFR-J custom license (research/commercial use, attribution required)"
escape,noun,ɪskˈeɪp,A2,cefr-j,"CEFR-J custom license (research/commercial use, attribution required)"
especially,adverb,əspˈɛʃli,A2,cefr-j,"CEFR-J custom license (research/commercial use, attribution required)"
essay,noun,ɛsˈeɪ,A2,cefr-j,"CEFR-J custom license (research/commercial use, attribution required)"
establish,verb,ɪstˈæblɪʃ,A2,cefr-j,"CEFR-J custom license (research/commercial use, attribution required)"
euro,noun,jˈuɹoʊ,A2,cefr-j,"CEFR-J custom license (research/commercial use, attribution required)"
even,adverb,ˈivɪn,A2,cefr-j,"CEFR-J custom license (research/commercial use, attribution required)"
ever,adverb,ˈɛvɚ,A2,cefr-j,"CEFR-J custom license (research/commercial use, attribution required)"
evidence,noun,ˈɛvədəns,A2,cefr-j,"CEFR-J custom license (research/commercial use, attribution required)"
exactly,adverb,ɪgzˈæktli,A2,cefr-j,"CEFR-J custom license (research/commercial use, attribution required)"
exam,noun,ɪgzˈæm,A2,cefr-j,"CEFR-J custom license (research/commercial use, attribution required)"
except,conjunction,ɪksˈɛpt,A2,cefr-j,"CEFR-J custom license (research/commercial use, attribution required)"
except,preposition,ɪksˈɛpt,A2,cefr-j,"CEFR-J custom license (research/commercial use, attribution required)"
exchange,noun,ɪkstʃˈeɪndʒ,A2,cefr-j,"CEFR-J custom license (research/commercial use, attribution required)"
exercise,noun,ˈɛksɚsˌaɪz,A2,cefr-j,"CEFR-J custom license (research/commercial use, attribution required)"
exhibition,noun,ˌɛksəbˈɪʃən,A2,cefr-j,"CEFR-J custom license (research/commercial use, attribution required)"
exist,verb,ɪgzˈɪst,A2,cefr-j,"CEFR-J custom license (research/commercial use, attribution required)"
expect,verb,ɪkspˈɛkt,A2,cefr-j,"CEFR-J custom license (research/commercial use, attribution required)"
experience,noun,ɪkspˈɪɹiəns,A2,cefr-j,"CEFR-J custom license (research/commercial use, attribution required)"
expert,noun,ˈɛkspɚt,A2,cefr-j,"CEFR-J custom license (research/commercial use, attribution required)"
explain,verb,ɪksplˈeɪn,A2,cefr-j,"CEFR-J custom license (research/commercial use, attribution required)"
explanation,noun,ˌɛksplənˈeɪʃən,A2,cefr-j,"CEFR-J custom license (research/commercial use, attribution required)"
explore,verb,ɪksplˈɔɹ,A2,cefr-j,"CEFR-J custom license (research/commercial use, attribution required)"
express,noun,ɪkspɹˈɛs,A2,cefr-j,"CEFR-J custom license (research/commercial use, attribution required)"
expression,noun,ɪkspɹˈɛʃən,A2,cefr-j,"CEFR-J custom license (research/commercial use, attribution required)"
extra,adjective,ˈɛkstɹə,A2,cefr-j,"CEFR-J custom license (research/commercial use, attribution required)"
extra,adverb,ˈɛkstɹə,A2,cefr-j,"CEFR-J custom license (research/commercial use, attribution required)"
extremely,adverb,ɛkstɹˈimli,A2,cefr-j,"CEFR-J custom license (research/commercial use, attribution required)"
face,verb,fˈeɪs,A2,cefr-j,"CEFR-J custom license (research/commercial use, attribution required)"
fact,noun,fˈækt,A2,cefr-j,"CEFR-J custom license (research/commercial use, attribution required)"
fail,verb,fˈeɪl,A2,cefr-j,"CEFR-J custom license (research/commercial use, attribution required)"
fairly,adverb,fˈɛɹli,A2,cefr-j,"CEFR-J custom license (research/commercial use, attribution required)"
fall,verb,fˈɔl,A2,cefr-j,"CEFR-J custom license (research/commercial use, attribution required)"
familiar,adjective,fəmˈɪljɚ,A2,cefr-j,"CEFR-J custom license (research/commercial use, attribution required)"
fancy,adjective,fˈænsi,A2,cefr-j,"CEFR-J custom license (research/commercial use, attribution required)"
fantastic,adjective,fæntˈæstɪk,A2,cefr-j,"CEFR-J custom license (research/commercial use, attribution required)"
far,adverb,fˈɑɹ,A2,cefr-j,"CEFR-J custom license (research/commercial use, attribution required)"
fare,noun,fˈɛɹ,A2,cefr-j,"CEFR-J custom license (research/commercial use, attribution required)"
fascinating,adjective,fˈæsənˌeɪtɪŋ,A2,cefr-j,"CEFR-J custom license (research/commercial use, attribution required)"
fashion,noun,fˈæʃən,A2,cefr-j,"CEFR-J custom license (research/commercial use, attribution required)"
fast food,noun,fˈæst fˈud,A2,cefr-j,"CEFR-J custom license (research/commercial use, attribution required)"
fault,noun,fˈɔlt,A2,cefr-j,"CEFR-J custom license (research/commercial use, attribution required)"
favor,noun,fˈeɪvɚ,A2,cefr-j,"CEFR-J custom license (research/commercial use, attribution required)"
fear,noun,fˈɪɹ,A2,cefr-j,"CEFR-J custom license (research/commercial use, attribution required)"
feather,noun,fˈɛðɚ,A2,cefr-j,"CEFR-J custom license (research/commercial use, attribution required)"
feature,noun,fˈitʃɚ,A2,cefr-j,"CEFR-J custom license (research/commercial use, attribution required)"
fee,noun,fˈi,A2,cefr-j,"CEFR-J custom license (research/commercial use, attribution required)"
feel,noun,fˈil,A2,cefr-j,"CEFR-J custom license (research/commercial use, attribution required)"
female,adjective,fˈimˌeɪl,A2,cefr-j,"CEFR-J custom license (research/commercial use, attribution required)"
fence,noun,fˈɛns,A2,cefr-j,"CEFR-J custom license (research/commercial use, attribution required)"
few,determiner,fjˈu,A2,cefr-j,"CEFR-J custom license (research/commercial use, attribution required)"
fiction,noun,fˈɪkʃən,A2,cefr-j,"CEFR-J custom license (research/commercial use, attribution required)"
fighter,noun,fˈaɪtɚ,A2,cefr-j,"CEFR-J custom license (research/commercial use, attribution required)"
figure,noun,fˈɪgjɚ,A2,cefr-j,"CEFR-J custom license (research/commercial use, attribution required)"
figure,verb,fˈɪgjɚ,A2,cefr-j,"CEFR-J custom license (research/commercial use, attribution required)"
film,noun,fˈɪlm,A2,cefr-j,"CEFR-J custom license (research/commercial use, attribution required)"
final,adjective,fˈaɪnəl,A2,cefr-j,"CEFR-J custom license (research/commercial use, attribution required)"
final,noun,fˈaɪnəl,A2,cefr-j,"CEFR-J custom license (research/commercial use, attribution required)"
finally,adverb,fˈaɪnəli,A2,cefr-j,"CEFR-J custom license (research/commercial use, attribution required)"
first name,noun,fˈɝst nˈeɪm,A2,cefr-j,"CEFR-J custom license (research/commercial use, attribution required)"
fisherman,noun,fˈɪʃɚmˌæn,A2,cefr-j,"CEFR-J custom license (research/commercial use, attribution required)"
fit,adjective,fˈɪt,A2,cefr-j,"CEFR-J custom license (research/commercial use, attribution required)"
fix,noun,fˈɪks,A2,cefr-j,"CEFR-J custom license (research/commercial use, attribution required)"
flea,noun,flˈi,A2,cefr-j,"CEFR-J custom license (research/commercial use, attribution required)"
flight,noun,flˈaɪt,A2,cefr-j,"CEFR-J custom license (research/commercial use, attribution required)"
float,noun,flˈoʊt,A2,cefr-j,"CEFR-J custom license (research/commercial use, attribution required)"
flood,noun,flˈʌd,A2,cefr-j,"CEFR-J custom license (research/commercial use, attribution required)"
flour,noun,flˈaʊɚ,A2,cefr-j,"CEFR-J custom license (research/commercial use, attribution required)"
fog,noun,fˈɑg,A2,cefr-j,"CEFR-J custom license (research/commercial use, attribution required)"
folder,noun,fˈoʊldɚ,A2,cefr-j,"CEFR-J custom license (research/commercial use, attribution required)"
follow,verb,fˈɑloʊ,A2,cefr-j,"CEFR-J custom license (research/commercial use, attribution required)"
fool,noun,fˈul,A2,cefr-j,"CEFR-J custom license (research/commercial use, attribution required)"
footballer,noun,,A2,cefr-j,"CEFR-J custom license (research/commercial use, attribution required)"
for,conjunction,fˈɔɹ,A2,cefr-j,"CEFR-J custom license (research/commercial use, attribution required)"
forbid,verb,fɚbˈɪd,A2,cefr-j,"CEFR-J custom license (research/commercial use, attribution required)"
force,noun,fˈɔɹs,A2,cefr-j,"CEFR-J custom license (research/commercial use, attribution required)"
forest,noun,fˈɔɹəst,A2,cefr-j,"CEFR-J custom license (research/commercial use, attribution required)"
forever,adverb,fɚˈɛvɚ,A2,cefr-j,"CEFR-J custom license (research/commercial use, attribution required)"
fork,noun,fˈɔɹk,A2,cefr-j,"CEFR-J custom license (research/commercial use, attribution required)"
fortunately,adverb,fˈɔɹtʃənətli,A2,cefr-j,"CEFR-J custom license (research/commercial use, attribution required)"
fortune,noun,fˈɔɹtʃən,A2,cefr-j,"CEFR-J custom license (research/commercial use, attribution required)"
forward,adverb,fˈɔɹwɚd,A2,cefr-j,"CEFR-J custom license (research/commercial use, attribution required)"
frame,noun,fɹˈeɪm,A2,cefr-j,"CEFR-J custom license (research/commercial use, attribution required)"
frank,adjective,fɹˈæŋk,A2,cefr-j,"CEFR-J custom license (research/commercial use, attribution required)"
free,adverb,fɹˈi,A2,cefr-j,"CEFR-J custom license (research/commercial use, attribution required)"
freedom,noun,fɹˈidəm,A2,cefr-j,"CEFR-J custom license (research/commercial use, attribution required)"
freeze,verb,fɹˈiz,A2,cefr-j,"CEFR-J custom license (research/commercial use, attribution required)"
fresh,adjective,fɹˈɛʃ,A2,cefr-j,"CEFR-J custom license (research/commercial use, attribution required)"
fridge,noun,fɹˈɪdʒ,A2,cefr-j,"CEFR-J custom license (research/commercial use, attribution required)"
fried,adjective,fɹˈaɪd,A2,cefr-j,"CEFR-J custom license (research/commercial use, attribution required)"
friendship,noun,fɹˈɛndʃɪp,A2,cefr-j,"CEFR-J custom license (research/commercial use, attribution required)"
frighten,verb,fɹˈaɪtən,A2,cefr-j,"CEFR-J custom license (research/commercial use, attribution required)"
frightened,adjective,fɹˈaɪtənd,A2,cefr-j,"CEFR-J custom license (research/commercial use, attribution required)"
frightening,adjective,fɹˈaɪtənɪŋ,A2,cefr-j,"CEFR-J custom license (research/commercial use, attribution required)"
front,noun,fɹˈʌnt,A2,cefr-j,"CEFR-J custom license (research/commercial use, attribution required)"
fry,noun,fɹˈaɪ,A2,cefr-j,"CEFR-J custom license (research/commercial use, attribution required)"
fully,adverb,fˈʊli,A2,cefr-j,"CEFR-J custom license (research/commercial use, attribution required)"
function,verb,fˈʌŋkʃən,A2,cefr-j,"CEFR-J custom license (research/commercial use, attribution required)"
furniture,noun,fˈɝnɪtʃɚ,A2,cefr-j,"CEFR-J custom license (research/commercial use, attribution required)"
further,adjective,fˈɝðɚ,A2,cefr-j,"CEFR-J custom license (research/commercial use, attribution required)"
gallery,noun,gˈælɚi,A2,cefr-j,"CEFR-J custom license (research/commercial use, attribution required)"
garage,noun,gɚˈɑʒ,A2,cefr-j,"CEFR-J custom license (research/commercial use, attribution required)"
garlic,noun,gˈɑɹlɪk,A2,cefr-j,"CEFR-J custom license (research/commercial use, attribution required)"
gas,noun,gˈæs,A2,cefr-j,"CEFR-J custom license (research/commercial use, attribution required)"
gate,noun,gˈeɪt,A2,cefr-j,"CEFR-J custom license (research/commercial use, attribution required)"
gather,verb,gˈæðɚ,A2,cefr-j,"CEFR-J custom license (research/commercial use, attribution required)"
gender,noun,dʒˈɛndɚ,A2,cefr-j,"CEFR-J custom license (research/commercial use, attribution required)"
generation,noun,dʒˌɛnɚˈeɪʃən,A2,cefr-j,"CEFR-J custom license (research/commercial use, attribution required)"
gentle,adjective,dʒˈɛntəl,A2,cefr-j,"CEFR-J custom license (research/commercial use, attribution required)"
given,adjective,gˈɪvən,A2,cefr-j,"CEFR-J custom license (research/commercial use, attribution required)"
globe,noun,glˈoʊb,A2,cefr-j,"CEFR-J custom license (research/commercial use, attribution required)"
glove,noun,glˈʌv,A2,cefr-j,"CEFR-J custom license (research/commercial use, attribution required)"
gold,noun,gˈoʊld,A2,cefr-j,"CEFR-J custom license (research/commercial use, attribution required)"
golden,adjective,gˈoʊldən,A2,cefr-j,"CEFR-J custom license (research/commercial use, attribution required)"
golf,noun,gˈɑlf,A2,cefr-j,"CEFR-J custom license (research/commercial use, attribution required)"
good-looking,adjective,gˈʊdlˌʊkɪŋ,A2,cefr-j,"CEFR-J custom license (research/commercial use, attribution required)"
government,noun,gˈʌvɚmənt,A2,cefr-j,"CEFR-J custom license (research/commercial use, attribution required)"
grace,noun,gɹˈeɪs,A2,cefr-j,"CEFR-J custom license (research/commercial use, attribution required)"
gradually,adverb,gɹˈædʒuəli,A2,cefr-j,"CEFR-J custom license (research/commercial use, attribution required)"
graduate,verb,gɹˈædʒəwət,A2,cefr-j,"CEFR-J custom license (research/commercial use, attribution required)"
gram,noun,gɹˈæm,A2,cefr-j,"CEFR-J custom license (research/commercial use, attribution required)"
grandchild,noun,gɹˈændtʃˌaɪld,A2,cefr-j,"CEFR-J custom license (research/commercial use, attribution required)"
granddad,noun,gɹˈændˌæd,A2,cefr-j,"CEFR-J custom license (research/commercial use, attribution required)"
granddaughter,noun,gɹˈændˌɔtɚ,A2,cefr-j,"CEFR-J custom license (research/commercial use, attribution required)"
grandson,noun,gɹˈændsˌʌn,A2,cefr-j,"CEFR-J custom license (research/commercial use, attribution required)"
granny,noun,gɹˈæni,A2,cefr-j,"CEFR-J custom license (research/commercial use, attribution required)"
grateful,adjective,gɹˈeɪtfəl,A2,cefr-j,"CEFR-J custom license (research/commercial use, attribution required)"
greatly,adverb,gɹˈeɪtli,A2,cefr-j,"CEFR-J custom license (research/commercial use, attribution required)"
greedy,adjective,gɹˈidi,A2,cefr-j,"CEFR-J custom license (research/commercial use, attribution required)"
green,noun,gɹˈin,A2,cefr-j,"CEFR-J custom license (research/commercial use, attribution required)"
grilled,adjective,gɹˈɪld,A2,cefr-j,"CEFR-J custom license (research/commercial use, attribution required)"
grocery store,noun,gɹˈoʊsɚi stˈɔɹ,A2,cefr-j,"CEFR-J custom license (research/commercial use, attribution required)"
guard,noun,gˈɑɹd,A2,cefr-j,"CEFR-J custom license (research/commercial use, attribution required)"
guidebook,noun,gˈaɪdbˌʊk,A2,cefr-j,"CEFR-J custom license (research/commercial use, attribution required)"
gun,noun,gˈʌn,A2,cefr-j,"CEFR-J custom license (research/commercial use, attribution required)"
half,determiner,hˈæf,A2,cefr-j,"CEFR-J custom license (research/commercial use, attribution required)"
half,pronoun,hˈæf,A2,cefr-j,"CEFR-J custom license (research/commercial use, attribution required)"
half-price,adjective,,A2,cefr-j,"CEFR-J custom license (research/commercial use, attribution required)"
half-price,adverb,,A2,cefr-j,"CEFR-J custom license (research/commercial use, attribution required)"
ham,noun,hˈæm,A2,cefr-j,"CEFR-J custom license (research/commercial use, attribution required)"
hand,verb,hˈænd,A2,cefr-j,"CEFR-J custom license (research/commercial use, attribution required)"
handbag,noun,hˈændbˌæg,A2,cefr-j,"CEFR-J custom license (research/commercial use, attribution required)"
handicapped,adjective,hˈændikˌæpt,A2,cefr-j,"CEFR-J custom license (research/commercial use, attribution required)"
handle,noun,hˈændəl,A2,cefr-j,"CEFR-J custom license (research/commercial use, attribution required)"
happily,adverb,hˈæpəli,A2,cefr-j,"CEFR-J custom license (research/commercial use, attribution required)"
happiness,noun,hˈæpinəs,A2,cefr-j,"CEFR-J custom license (research/commercial use, attribution required)"
hardly,adverb,hˈɑɹdli,A2,cefr-j,"CEFR-J custom license (research/commercial use, attribution required)"
harm,verb,hˈɑɹm,A2,cefr-j,"CEFR-J custom license (research/commercial use, attribution required)"
harmful,adjective,hˈɑɹmfəl,A2,cefr-j,"CEFR-J custom license (research/commercial use, attribution required)"
harmony,noun,hˈɑɹməni,A2,cefr-j,"CEFR-J custom license (research/commercial use, attribution required)"
harvest,noun,hˈɑɹvəst,A2,cefr-j,"CEFR-J custom license (research/commercial use, attribution required)"
hate,verb,hˈeɪt,A2,cefr-j,"CEFR-J custom license (research/commercial use, attribution required)"
head,verb,hˈɛd,A2,cefr-j,"CEFR-J custom license (research/commercial use, attribution required)"
headphone,noun,hˈɛdfˌoʊn,A2,cefr-j,"CEFR-J custom license (research/commercial use, attribution required)"
headteacher,noun,,A2,cefr-j,"CEFR-J custom license (research/commercial use, attribution required)"
heat,noun,hˈit,A2,cefr-j,"CEFR-J custom license (research/commercial use, attribution required)"
heating,noun,hˈitɪŋ,A2,cefr-j,"CEFR-J custom license (research/commercial use, attribution required)"
heavily,adverb,hˈɛvəli,A2,cefr-j,"CEFR-J custom license (research/commercial use, attribution required)"
help,noun,hˈɛlp,A2,cefr-j,"CEFR-J custom license (research/commercial use, attribution required)"
helpful,adjective,hˈɛlpfəl,A2,cefr-j,"CEFR-J custom license (research/commercial use, attribution required)"
hero,noun,hˈɪɹoʊ,A2,cefr-j,"CEFR-J custom license (research/commercial use, attribution required)"
herself,pronoun,hɚsˈɛlf,A2,cefr-j,"CEFR-J custom license (research/commercial use, attribution required)"
hey,interjection,hˈeɪ,A2,cefr-j,"CEFR-J custom license (research/commercial use, attribution required)"
high,adverb,hˈaɪ,A2,cefr-j,"CEFR-J custom license (research/commercial use, attribution required)"
high school,noun,hˈaɪ skˈul,A2,cefr-j,"CEFR-J custom license (research/commercial use, attribution required)"
highway,noun,hˈaɪwˌeɪ,A2,cefr-j,"CEFR-J custom license (research/commercial use, attribution required)"
hike,noun,hˈaɪk,A2,cefr-j,"CEFR-J custom license (research/commercial use, attribution required)"
hiking,noun,hˈaɪkɪŋ,A2,cefr-j,"CEFR-J custom license (research/commercial use, attribution required)"
himself,pronoun,hɪmsˈɛlf,A2,cefr-j,"CEFR-J custom license (research/commercial use, attribution required)"
hip hop,noun,hˈɪp hˈɑp,A2,cefr-j,"CEFR-J custom license (research/commercial use, attribution required)"
hit,verb,hˈɪt,A2,cefr-j,"CEFR-J custom license (research/commercial use, attribution required)"
hockey,noun,hˈɑki,A2,cefr-j,"CEFR-J custom license (research/commercial use, attribution required)"
hold,verb,hˈoʊld,A2,cefr-j,"CEFR-J custom license (research/commercial use, attribution required)"
home,adverb,hˈoʊm,A2,cefr-j,"CEFR-J custom license (research/commercial use, attribution required)"
honey,noun,hˈʌni,A2,cefr-j,"CEFR-J custom license (research/commercial use, attribution required)"
honor,noun,ˈɑnɚ,A2,cefr-j,"CEFR-J custom license (research/commercial use, attribution required)"
horror,noun,hˈɔɹɚ,A2,cefr-j,"CEFR-J custom license (research/commercial use, attribution required)"
host,noun,hˈoʊst,A2,cefr-j,"CEFR-J custom license (research/commercial use, attribution required)"
however,adverb,hˌaʊˈɛvɚ,A2,cefr-j,"CEFR-J custom license (research/commercial use, attribution required)"
hug,verb,hˈʌg,A2,cefr-j,"CEFR-J custom license (research/commercial use, attribution required)"
human,adjective,hjˈumən,A2,cefr-j,"CEFR-J custom license (research/commercial use, attribution required)"
hundred,number,hˈʌndɹəd,A2,cefr-j,"CEFR-J custom license (research/commercial use, attribution required)"
hunter,noun,hˈʌntɚ,A2,cefr-j,"CEFR-J custom license (research/commercial use, attribution required)"
hurry,verb,hˈɝi,A2,cefr-j,"CEFR-J custom license (research/commercial use, attribution required)"
ID,noun,ˈɪd,A2,cefr-j,"CEFR-J custom license (research/commercial use, attribution required)"
ID card,noun,ˈɪd kˈɑɹd,A2,cefr-j,"CEFR-J custom license (research/commercial use, attribution required)"
ill,adjective,ˈɪl,A2,cefr-j,"CEFR-J custom license (research/commercial use, attribution required)"
illegal,adjective,ˌɪlˈigəl,A2,cefr-j,"CEFR-J custom license (research/commercial use, attribution required)"
image,noun,ˈɪmədʒ,A2,cefr-j,"CEFR-J custom license (research/commercial use, attribution required)"
imagination,noun,ˌɪmˌædʒənˈeɪʃən,A2,cefr-j,"CEFR-J custom license (research/commercial use, attribution required)"
impact,noun,ˌɪmpˈækt,A2,cefr-j,"CEFR-J custom license (research/commercial use, attribution required)"
impatient,adjective,ˌɪmpˈeɪʃənt,A2,cefr-j,"CEFR-J custom license (research/commercial use, attribution required)"
importance,noun,ˌɪmpˈɔɹtəns,A2,cefr-j,"CEFR-J custom license (research/commercial use, attribution required)"
importantly,adverb,ˌɪmpˈɔɹtəntli,A2,cefr-j,"CEFR-J custom license (research/commercial use, attribution required)"
impossible,adjective,ˌɪmpˈɑsəbəl,A2,cefr-j,"CEFR-J custom license (research/commercial use, attribution required)"
impress,verb,ˌɪmpɹˈɛs,A2,cefr-j,"CEFR-J custom license (research/commercial use, attribution required)"
improve,verb,ˌɪmpɹˈuv,A2,cefr-j,"CEFR-J custom license (research/commercial use, attribution required)"
in,adverb,ɪn,A2,cefr-j,"CEFR-J custom license (research/commercial use, attribution required)"
inch,noun,ˈɪntʃ,A2,cefr-j,"CEFR-J custom license (research/commercial use, attribution required)"
include,verb,ˌɪnklˈud,A2,cefr-j,"CEFR-J custom license (research/commercial use, attribution required)"
increase,verb,ˌɪnkɹˈis,A2,cefr-j,"CEFR-J custom license (research/commercial use, attribution required)"
indeed,adverb,ˌɪndˈid,A2,cefr-j,"CEFR-J custom license (research/commercial use, attribution required)"
independence,noun,ˌɪndɪpˈɛndəns,A2,cefr-j,"CEFR-J custom license (research/commercial use, attribution required)"
indicate,verb,ˈɪndəkˌeɪt,A2,cefr-j,"CEFR-J custom license (research/commercial use, attribution required)"
indoor,adjective,ˈɪndˌɔɹ,A2,cefr-j,"CEFR-J custom license (research/commercial use, attribution required)"
inexpensive,adjective,ˌɪnɪkspˈɛnsɪv,A2,cefr-j,"CEFR-J custom license (research/commercial use, attribution required)"
influence,noun,ˈɪnfluəns,A2,cefr-j,"CEFR-J custom license (research/commercial use, attribution required)"
injure,verb,ˈɪndʒɚ,A2,cefr-j,"CEFR-J custom license (research/commercial use, attribution required)"
inner,adjective,ˈɪnɚ,A2,cefr-j,"CEFR-J custom license (research/commercial use, attribution required)"
insect,noun,ˈɪnsˌɛkt,A2,cefr-j,"CEFR-J custom license (research/commercial use, attribution required)"
inside,adverb,ˌɪnsˈaɪd,A2,cefr-j,"CEFR-J custom license (research/commercial use, attribution required)"
inspiration,noun,ˌɪnspɚˈeɪʃən,A2,cefr-j,"CEFR-J custom license (research/commercial use, attribution required)"
instant,adjective,ˈɪnstənt,A2,cefr-j,"CEFR-J custom license (research/commercial use, attribution required)"
instead,adverb,ˌɪnstˈɛd,A2,cefr-j,"CEFR-J custom license (research/commercial use, attribution required)"
instrument,noun,ˈɪnstɹəmənt,A2,cefr-j,"CEFR-J custom license (research/commercial use, attribution required)"
intelligence,noun,ˌɪntˈɛlədʒəns,A2,cefr-j,"CEFR-J custom license (research/commercial use, attribution required)"
intelligent,adjective,ˌɪntˈɛlədʒənt,A2,cefr-j,"CEFR-J custom license (research/commercial use, attribution required)"
interest,noun,ˈɪntɹəst,A2,cefr-j,"CEFR-J custom license (research/commercial use, attribution required)"
international,adjective,ˌɪntɚnˈæʃənəl,A2,cefr-j,"CEFR-J custom license (research/commercial use, attribution required)"
invade,verb,ˌɪnvˈeɪd,A2,cefr-j,"CEFR-J custom license (research/commercial use, attribution required)"
invent,verb,ˌɪnvˈɛnt,A2,cefr-j,"CEFR-J custom license (research/commercial use, attribution required)"
invention,noun,ˌɪnvˈɛnʃən,A2,cefr-j,"CEFR-J custom license (research/commercial use, attribution required)"
invite,verb,ˌɪnvˈaɪt,A2,cefr-j,"CEFR-J custom license (research/commercial use, attribution required)"
issue,noun,ˈɪʃu,A2,cefr-j,"CEFR-J custom license (research/commercial use, attribution required)"
IT,noun,ˈɪt,A2,cefr-j,"CEFR-J custom license (research/commercial use, attribution required)"
itself,pronoun,ˌɪtsˈɛlf,A2,cefr-j,"CEFR-J custom license (research/commercial use, attribution required)"
jam,noun,dʒˈæm,A2,cefr-j,"CEFR-J custom license (research/commercial use, attribution required)"
jelly,noun,dʒˈɛli,A2,cefr-j,"CEFR-J custom license (research/commercial use, attribution required)"
joke,noun,dʒˈoʊk,A2,cefr-j,"CEFR-J custom license (research/commercial use, attribution required)"
journey,noun,dʒˈɝni,A2,cefr-j,"CEFR-J custom license (research/commercial use, attribution required)"
joy,noun,dʒˈɔɪ,A2,cefr-j,"CEFR-J custom license (research/commercial use, attribution required)"
junior,adjective,dʒˈunjɚ,A2,cefr-j,"CEFR-J custom license (research/commercial use, attribution required)"
junk,noun,dʒˈʌŋk,A2,cefr-j,"CEFR-J custom license (research/commercial use, attribution required)"
killer,noun,kˈɪlɚ,A2,cefr-j,"CEFR-J custom license (research/commercial use, attribution required)"
kilo,noun,kˈɪlˌoʊ,A2,cefr-j,"CEFR-J custom license (research/commercial use, attribution required)"
kilogram,noun,kˈɪləgɹˌæm,A2,cefr-j,"CEFR-J custom license (research/commercial use, attribution required)"
kilometer,noun,kəlˈɑmətɚ,A2,cefr-j,"CEFR-J custom license (research/commercial use, attribution required)"
kind,adjective,kˈaɪnd,A2,cefr-j,"CEFR-J custom license (research/commercial use, attribution required)"
kindly,adjective,kˈaɪndli,A2,cefr-j,"CEFR-J custom license (research/commercial use, attribution required)"
kingdom,noun,kˈɪŋdəm,A2,cefr-j,"CEFR-J custom license (research/commercial use, attribution required)"
kit,noun,kˈɪt,A2,cefr-j,"CEFR-J custom license (research/commercial use, attribution required)"
knock,noun,nˈɑk,A2,cefr-j,"CEFR-J custom license (research/commercial use, attribution required)"
knowledge,noun,nˈɑlədʒ,A2,cefr-j,"CEFR-J custom license (research/commercial use, attribution required)"
labor,noun,lˈeɪbɚ,A2,cefr-j,"CEFR-J custom license (research/commercial use, attribution required)"
lack,noun,lˈæk,A2,cefr-j,"CEFR-J custom license (research/commercial use, attribution required)"
lake,noun,lˈeɪk,A2,cefr-j,"CEFR-J custom license (research/commercial use, attribution required)"
lamp,noun,lˈæmp,A2,cefr-j,"CEFR-J custom license (research/commercial use, attribution required)"
land,verb,lˈænd,A2,cefr-j,"CEFR-J custom license (research/commercial use, attribution required)"
landscape,noun,lˈændskˌeɪp,A2,cefr-j,"CEFR-J custom license (research/commercial use, attribution required)"
lane,noun,lˈeɪn,A2,cefr-j,"CEFR-J custom license (research/commercial use, attribution required)"
last,determiner,lˈæst,A2,cefr-j,"CEFR-J custom license (research/commercial use, attribution required)"
last,pronoun,lˈæst,A2,cefr-j,"CEFR-J custom license (research/commercial use, attribution required)"
latest,adjective,lˈeɪtəst,A2,cefr-j,"CEFR-J custom license (research/commercial use, attribution required)"
latter,adverb,lˈætɚ,A2,cefr-j,"CEFR-J custom license (research/commercial use, attribution required)"
latter,pronoun,lˈætɚ,A2,cefr-j,"CEFR-J custom license (research/commercial use, attribution required)"
law,noun,lˈɔ,A2,cefr-j,"CEFR-J custom license (research/commercial use, attribution required)"
lawyer,noun,lˈɔjɚ,A2,cefr-j,"CEFR-J custom license (research/commercial use, attribution required)"
laziness,noun,lˈeɪzinəs,A2,cefr-j,"CEFR-J custom license (research/commercial use, attribution required)"
lead,noun,lˈɛd,A2,cefr-j,"CEFR-J custom license (research/commercial use, attribution required)"
learner,noun,lˈɝnɚ,A2,cefr-j,"CEFR-J custom license (research/commercial use, attribution required)"
least,determiner,lˈist,A2,cefr-j,"CEFR-J custom license (research/commercial use, attribution required)"
leather,noun,lˈɛðɚ,A2,cefr-j,"CEFR-J custom license (research/commercial use, attribution required)"
left,adverb,lˈɛft,A2,cefr-j,"CEFR-J custom license (research/commercial use, attribution required)"
left,noun,lˈɛft,A2,cefr-j,"CEFR-J custom license (research/commercial use, attribution required)"
left-hand,adjective,lˌɛfthˈænd,A2,cefr-j,"CEFR-J custom license (research/commercial use, attribution required)"
leisure,noun,lˈɛʒɚ,A2,cefr-j,"CEFR-J custom license (research/commercial use, attribution required)"
lemon,noun,lˈɛmən,A2,cefr-j,"CEFR-J custom license (research/commercial use, attribution required)"
lemonade,noun,lˈɛmənˈeɪd,A2,cefr-j,"CEFR-J custom license (research/commercial use, attribution required)"
lend,verb,lˈɛnd,A2,cefr-j,"CEFR-J custom license (research/commercial use, attribution required)"
less,adverb,lˈɛs,A2,cefr-j,"CEFR-J custom license (research/commercial use, attribution required)"
less,determiner,lˈɛs,A2,cefr-j,"CEFR-J custom license (research/commercial use, attribution required)"
less,pronoun,lˈɛs,A2,cefr-j,"CEFR-J custom license (research/commercial use, attribution required)"
level,noun,lˈɛvəl,A2,cefr-j,"CEFR-J custom license (research/commercial use, attribution required)"
liberty,noun,lˈɪbɚtˌi,A2,cefr-j,"CEFR-J custom license (research/commercial use, attribution required)"
license,verb,lˈaɪsəns,A2,cefr-j,"CEFR-J custom license (research/commercial use, attribution required)"
lie,verb,lˈaɪ,A2,cefr-j,"CEFR-J custom license (research/commercial use, attribution required)"
lifestyle,noun,lˈaɪfstˌaɪl,A2,cefr-j,"CEFR-J custom license (research/commercial use, attribution required)"
likely,adjective,lˈaɪkli,A2,cefr-j,"CEFR-J custom license (research/commercial use, attribution required)"
lip,noun,lˈɪp,A2,cefr-j,"CEFR-J custom license (research/commercial use, attribution required)"
liter,noun,lˈitɚ,A2,cefr-j,"CEFR-J custom license (research/commercial use, attribution required)"
lively,adjective,lˈaɪvli,A2,cefr-j,"CEFR-J custom license (research/commercial use, attribution required)"
load,noun,lˈoʊd,A2,cefr-j,"CEFR-J custom license (research/commercial use, attribution required)"
local,adjective,lˈoʊkəl,A2,cefr-j,"CEFR-J custom license (research/commercial use, attribution required)"
lock,noun,lˈɑk,A2,cefr-j,"CEFR-J custom license (research/commercial use, attribution required)"
logical,adjective,lˈɑdʒɪkəl,A2,cefr-j,"CEFR-J custom license (research/commercial use, attribution required)"
long,adverb,lˈɔŋ,A2,cefr-j,"CEFR-J custom license (research/commercial use, attribution required)"
loose,adjective,lˈus,A2,cefr-j,"CEFR-J custom license (research/commercial use, attribution required)"
lose,verb,lˈuz,A2,cefr-j,"CEFR-J custom license (research/commercial use, attribution required)"
lost,adjective,lˈɔst,A2,cefr-j,"CEFR-J custom license (research/commercial use, attribution required)"
lot,noun,lˈɑt,A2,cefr-j,"CEFR-J custom license (research/commercial use, attribution required)"
loudly,adverb,lˈaʊdli,A2,cefr-j,"CEFR-J custom license (research/commercial use, attribution required)"
lover,noun,lˈʌvɚ,A2,cefr-j,"CEFR-J custom license (research/commercial use, attribution required)"
low,adjective,lˈoʊ,A2,cefr-j,"CEFR-J custom license (research/commercial use, attribution required)"
low,adverb,lˈoʊ,A2,cefr-j,"CEFR-J custom license (research/commercial use, attribution required)"
luckily,adverb,lˈʌkəli,A2,cefr-j,"CEFR-J custom license (research/commercial use, attribution required)"
lunchtime,noun,lˈʌntʃtˌaɪm,A2,cefr-j,"CEFR-J custom license (research/commercial use, attribution required)"
lyric,adjective,lˈɪɹɪk,A2,cefr-j,"CEFR-J custom license (research/commercial use, attribution required)"
mad,adjective,mˈæd,A2,cefr-j,"CEFR-J custom license (research/commercial use, attribution required)"
magic,adjective,mˈædʒɪk,A2,cefr-j,"CEFR-J custom license (research/commercial use, attribution required)"
magic,noun,mˈædʒɪk,A2,cefr-j,"CEFR-J custom license (research/commercial use, attribution required)"
main course,noun,mˈeɪn kˈɔɹs,A2,cefr-j,"CEFR-J custom license (research/commercial use, attribution required)"
mainly,adverb,mˈeɪnli,A2,cefr-j,"CEFR-J custom license (research/commercial use, attribution required)"
major,adjective,mˈeɪdʒɚ,A2,cefr-j,"CEFR-J custom license (research/commercial use, attribution required)"
make-up,noun,mˈeɪkˌʌp,A2,cefr-j,"CEFR-J custom license (research/commercial use, attribution required)"
maker,noun,mˈeɪkɚ,A2,cefr-j,"CEFR-J custom license (research/commercial use, attribution required)"
male,noun,mˈeɪl,A2,cefr-j,"CEFR-J custom license (research/commercial use, attribution required)"
mall,noun,mˈɔl,A2,cefr-j,"CEFR-J custom license (research/commercial use, attribution required)"
manage,verb,mˈænədʒ,A2,cefr-j,"CEFR-J custom license (research/commercial use, attribution required)"
manager,noun,mˈænədʒɚ,A2,cefr-j,"CEFR-J custom license (research/commercial use, attribution required)"
manner,noun,mˈænɚ,A2,cefr-j,"CEFR-J custom license (research/commercial use, attribution required)"
mark,noun,mˈɑɹk,A2,cefr-j,"CEFR-J custom license (research/commercial use, attribution required)"
mark,verb,mˈɑɹk,A2,cefr-j,"CEFR-J custom license (research/commercial use, attribution required)"
market,noun,mˈɑɹkət,A2,cefr-j,"CEFR-J custom license (research/commercial use, attribution required)"
married,adjective,mˈɛɹid,A2,cefr-j,"CEFR-J custom license (research/commercial use, attribution required)"
marry,verb,mˈɛɹi,A2,cefr-j,"CEFR-J custom license (research/commercial use, attribution required)"
marvelous,adjective,mˈɑɹvələs,A2,cefr-j,"CEFR-J custom license (research/commercial use, attribution required)"
material,noun,mətˈɪɹiəl,A2,cefr-j,"CEFR-J custom license (research/commercial use, attribution required)"
matter,verb,mˈætɚ,A2,cefr-j,"CEFR-J custom license (research/commercial use, attribution required)"
max,noun,mˈæks,A2,cefr-j,"CEFR-J custom license (research/commercial use, attribution required)"
mean,adjective,mˈin,A2,cefr-j,"CEFR-J custom license (research/commercial use, attribution required)"
meaning,noun,mˈinɪŋ,A2,cefr-j,"CEFR-J custom license (research/commercial use, attribution required)"
medal,noun,mˈɛdəl,A2,cefr-j,"CEFR-J custom license (research/commercial use, attribution required)"
medical,adjective,mˈɛdəkəl,A2,cefr-j,"CEFR-J custom license (research/commercial use, attribution required)"
melon,noun,mˈɛlən,A2,cefr-j,"CEFR-J custom license (research/commercial use, attribution required)"
member,noun,mˈɛmbɚ,A2,cefr-j,"CEFR-J custom license (research/commercial use, attribution required)"
mention,noun,mˈɛnʃən,A2,cefr-j,"CEFR-J custom license (research/commercial use, attribution required)"
menu,noun,mˈɛnju,A2,cefr-j,"CEFR-J custom license (research/commercial use, attribution required)"
metal,noun,mˈɛtəl,A2,cefr-j,"CEFR-J custom license (research/commercial use, attribution required)"
meter,noun,mˈitɚ,A2,cefr-j,"CEFR-J custom license (research/commercial use, attribution required)"
method,noun,mˈɛθəd,A2,cefr-j,"CEFR-J custom license (research/commercial use, attribution required)"
midday,noun,mˈɪddˌeɪ,A2,cefr-j,"CEFR-J custom license (research/commercial use, attribution required)"
middle,noun,mˈɪdəl,A2,cefr-j,"CEFR-J custom license (research/commercial use, attribution required)"
midnight,noun,mˈɪdnˌaɪt,A2,cefr-j,"CEFR-J custom license (research/commercial use, attribution required)"
might,modal auxiliary,mˈaɪt,A2,cefr-j,"CEFR-J custom license (research/commercial use, attribution required)"
military,adjective,mˈɪlətˌɛɹi,A2,cefr-j,"CEFR-J custom license (research/commercial use, attribution required)"
million,number,mˈɪljən,A2,cefr-j,"CEFR-J custom license (research/commercial use, attribution required)"
mind,verb,mˈaɪnd,A2,cefr-j,"CEFR-J custom license (research/commercial use, attribution required)"
mineral water,noun,mˈɪnɚəl wˈɔtɚ,A2,cefr-j,"CEFR-J custom license (research/commercial use, attribution required)"
mirror,noun,mˈɪɹɚ,A2,cefr-j,"CEFR-J custom license (research/commercial use, attribution required)"
missing,adjective,mˈɪsɪŋ,A2,cefr-j,"CEFR-J custom license (research/commercial use, attribution required)"
mistake,noun,mɪstˈeɪk,A2,cefr-j,"CEFR-J custom license (research/commercial use, attribution required)"
mix,verb,mˈɪks,A2,cefr-j,"CEFR-J custom license (research/commercial use, attribution required)"
mobile,adjective,mˈoʊbəl,A2,cefr-j,"CEFR-J custom license (research/commercial use, attribution required)"
model,noun,mˈɑdəl,A2,cefr-j,"CEFR-J custom license (research/commercial use, attribution required)"
modern,adjective,mˈɑdɚn,A2,cefr-j,"CEFR-J custom license (research/commercial use, attribution required)"
mood,noun,mˈud,A2,cefr-j,"CEFR-J custom license (research/commercial use, attribution required)"
mosque,noun,mˈɑsk,A2,cefr-j,"CEFR-J custom license (research/commercial use, attribution required)"
most,adverb,mˈoʊst,A2,cefr-j,"CEFR-J custom license (research/commercial use, attribution required)"
most,pronoun,mˈoʊst,A2,cefr-j,"CEFR-J custom license (research/commercial use, attribution required)"
mostly,adverb,mˈoʊstli,A2,cefr-j,"CEFR-J custom license (research/commercial use, attribution required)"
motorway,noun,,A2,cefr-j,"CEFR-J custom license (research/commercial use, attribution required)"
move,verb,mˈuv,A2,cefr-j,"CEFR-J custom license (research/commercial use, attribution required)"
MP3 player,noun,,A2,cefr-j,"CEFR-J custom license (research/commercial use, attribution required)"
Ms.,noun,mˈɪz,A2,cefr-j,"CEFR-J custom license (research/commercial use, attribution required)"
mug,noun,mˈʌg,A2,cefr-j,"CEFR-J custom license (research/commercial use, attribution required)"
murder,noun,mˈɝdɚ,A2,cefr-j,"CEFR-J custom license (research/commercial use, attribution required)"
museum,noun,mjuzˈiəm,A2,cefr-j,"CEFR-J custom license (research/commercial use, attribution required)"
mushroom,noun,mˈʌʃɹum,A2,cefr-j,"CEFR-J custom license (research/commercial use, attribution required)"
musical,adjective,mjˈuzɪkəl,A2,cefr-j,"CEFR-J custom license (research/commercial use, attribution required)"
myself,pronoun,mˌaɪsˈɛlf,A2,cefr-j,"CEFR-J custom license (research/commercial use, attribution required)"
mysterious,adjective,mɪstˈɪɹiəs,A2,cefr-j,"CEFR-J custom license (research/commercial use, attribution required)"
mystery,noun,mˈɪstɚi,A2,cefr-j,"CEFR-J custom license (research/commercial use, attribution required)"
napkin,noun,nˈæpkɪn,A2,cefr-j,"CEFR-J custom license (research/commercial use, attribution required)"
nation,noun,nˈeɪʃən,A2,cefr-j,"CEFR-J custom license (research/commercial use, attribution required)"
national,adjective,nˈæʃənəl,A2,cefr-j,"CEFR-J custom license (research/commercial use, attribution required)"
native,adjective,nˈeɪtɪv,A2,cefr-j,"CEFR-J custom license (research/commercial use, attribution required)"
natural,adjective,nˈætʃɚəl,A2,cefr-j,"CEFR-J custom license (research/commercial use, attribution required)"
nature,noun,nˈeɪtʃɚ,A2,cefr-j,"CEFR-J custom license (research/commercial use, attribution required)"
nearly,adverb,nˈɪɹli,A2,cefr-j,"CEFR-J custom license (research/commercial use, attribution required)"
necessary,adjective,nˈɛsəsˌɛɹi,A2,cefr-j,"CEFR-J custom license (research/commercial use, attribution required)"
need,verb,nˈid,A2,cefr-j,"CEFR-J custom license (research/commercial use, attribution required)"
negative,adjective,nˈɛgətɪv,A2,cefr-j,"CEFR-J custom license (research/commercial use, attribution required)"
nervous,adjective,nˈɝvəs,A2,cefr-j,"CEFR-J custom license (research/commercial use, attribution required)"
net,adjective,nˈɛt,A2,cefr-j,"CEFR-J custom license (research/commercial use, attribution required)"
next,adverb,nˈɛkst,A2,cefr-j,"CEFR-J custom license (research/commercial use, attribution required)"
next,determiner,nˈɛkst,A2,cefr-j,"CEFR-J custom license (research/commercial use, attribution required)"
next to,preposition,nˈɛkst tˈu,A2,cefr-j,"CEFR-J custom license (research/commercial use, attribution required)"
no one,pronoun,nˈoʊ wˈʌn,A2,cefr-j,"CEFR-J custom license (research/commercial use, attribution required)"
nobody,pronoun,nˈoʊbˌɑdˌi,A2,cefr-j,"CEFR-J custom license (research/commercial use, attribution required)"
noisy,adjective,nˈɔɪzi,A2,cefr-j,"CEFR-J custom license (research/commercial use, attribution required)"
noon,noun,nˈun,A2,cefr-j,"CEFR-J custom license (research/commercial use, attribution required)"
normal,adjective,nˈɔɹməl,A2,cefr-j,"CEFR-J custom license (research/commercial use, attribution required)"
north,adjective,nˈɔɹθ,A2,cefr-j,"CEFR-J custom license (research/commercial use, attribution required)"
north,adverb,nˈɔɹθ,A2,cefr-j,"CEFR-J custom license (research/commercial use, attribution required)"
north,noun,nˈɔɹθ,A2,cefr-j,"CEFR-J custom license (research/commercial use, attribution required)"
notice,noun,nˈoʊtəs,A2,cefr-j,"CEFR-J custom license (research/commercial use, attribution required)"
noun,noun,nˈaʊn,A2,cefr-j,"CEFR-J custom license (research/commercial use, attribution required)"
novel,noun,nˈɑvəl,A2,cefr-j,"CEFR-J custom license (research/commercial use, attribution required)"
nowadays,adverb,nˈaʊədˌeɪz,A2,cefr-j,"CEFR-J custom license (research/commercial use, attribution required)"
oak,noun,ˈoʊk,A2,cefr-j,"CEFR-J custom license (research/commercial use, attribution required)"
occupation,noun,ˌɑkjəpˈeɪʃən,A2,cefr-j,"CEFR-J custom license (research/commercial use, attribution required)"
off,adverb,ˈɔf,A2,cefr-j,"CEFR-J custom license (research/commercial use, attribution required)"
offer,noun,ˈɔfɚ,A2,cefr-j,"CEFR-J custom license (research/commercial use, attribution required)"
offer,verb,ˈɔfɚ,A2,cefr-j,"CEFR-J custom license (research/commercial use, attribution required)"
official,adjective,əfˈɪʃəl,A2,cefr-j,"CEFR-J custom license (research/commercial use, attribution required)"
oil,noun,ˈɔɪl,A2,cefr-j,"CEFR-J custom license (research/commercial use, attribution required)"
olive oil,noun,ˈɑləv ˈɔɪl,A2,cefr-j,"CEFR-J custom license (research/commercial use, attribution required)"
Olympic,adjective,oʊlˈɪmpɪk,A2,cefr-j,"CEFR-J custom license (research/commercial use, attribution required)"
omelet,noun,ˈɑmlət,A2,cefr-j,"CEFR-J custom license (research/commercial use, attribution required)"
on,adverb,ˈɑn,A2,cefr-j,"CEFR-J custom license (research/commercial use, attribution required)"
one,pronoun,wˈʌn,A2,cefr-j,"CEFR-J custom license (research/commercial use, attribution required)"
onion,noun,ˈʌnjən,A2,cefr-j,"CEFR-J custom license (research/commercial use, attribution required)"
online,adjective,ˈɔnlˌaɪn,A2,cefr-j,"CEFR-J custom license (research/commercial use, attribution required)"
online,adverb,ˈɔnlˌaɪn,A2,cefr-j,"CEFR-J custom license (research/commercial use, attribution required)"
operate,verb,ˈɑpɚˌeɪt,A2,cefr-j,"CEFR-J custom license (research/commercial use, attribution required)"
opinion,noun,əpˈɪnjən,A2,cefr-j,"CEFR-J custom license (research/commercial use, attribution required)"
opportunity,noun,ˌɑpɚtˈunəti,A2,cefr-j,"CEFR-J custom license (research/commercial use, attribution required)"
oppose,verb,əpˈoʊz,A2,cefr-j,"CEFR-J custom license (research/commercial use, attribution required)"
opposite,adjective,ˈɑpəzət,A2,cefr-j,"CEFR-J custom license (research/commercial use, attribution required)"
opposite,preposition,ˈɑpəzət,A2,cefr-j,"CEFR-J custom license (research/commercial use, attribution required)"
order,verb,ˈɔɹdɚ,A2,cefr-j,"CEFR-J custom license (research/commercial use, attribution required)"
organize,verb,ˈɔɹgənˌaɪz,A2,cefr-j,"CEFR-J custom license (research/commercial use, attribution required)"
organized,adjective,ˈɔɹgənˌaɪzd,A2,cefr-j,"CEFR-J custom license (research/commercial use, attribution required)"
original,adjective,ɚˈɪdʒənəl,A2,cefr-j,"CEFR-J custom license (research/commercial use, attribution required)"
orphan,noun,ˈɔɹfən,A2,cefr-j,"CEFR-J custom license (research/commercial use, attribution required)"
other,pronoun,ˈʌðɚ,A2,cefr-j,"CEFR-J custom license (research/commercial use, attribution required)"
ourselves,pronoun,aʊɚsˈɛlvz,A2,cefr-j,"CEFR-J custom license (research/commercial use, attribution required)"
out of,preposition,ˈaʊt ˈʌv,A2,cefr-j,"CEFR-J custom license (research/commercial use, attribution required)"
outside,preposition,ˈaʊtsˈaɪd,A2,cefr-j,"CEFR-J custom license (research/commercial use, attribution required)"
oven,noun,ˈʌvən,A2,cefr-j,"CEFR-J custom license (research/commercial use, attribution required)"
over,adverb,ˈoʊvɚ,A2,cefr-j,"CEFR-J custom license (research/commercial use, attribution required)"
overseas,adverb,ˈoʊvɚsˈiz,A2,cefr-j,"CEFR-J custom license (research/commercial use, attribution required)"
overweight,adjective,ˌoʊvɚwˈeɪt,A2,cefr-j,"CEFR-J custom license (research/commercial use, attribution required)"
own,pronoun,ˈoʊn,A2,cefr-j,"CEFR-J custom license (research/commercial use, attribution required)"
pacific,adjective,pəsˈɪfɪk,A2,cefr-j,"CEFR-J custom license (research/commercial use, attribution required)"
pack,noun,pˈæk,A2,cefr-j,"CEFR-J custom license (research/commercial use, attribution required)"
pack,verb,pˈæk,A2,cefr-j,"CEFR-J custom license (research/commercial use, attribution required)"
painter,noun,pˈeɪntɚ,A2,cefr-j,"CEFR-J custom license (research/commercial use, attribution required)"
pal,noun,pˈæl,A2,cefr-j,"CEFR-J custom license (research/commercial use, attribution required)"
pan,noun,pˈæn,A2,cefr-j,"CEFR-J custom license (research/commercial use, attribution required)"
panic,noun,pˈænɪk,A2,cefr-j,"CEFR-J custom license (research/commercial use, attribution required)"
park,verb,pˈɑɹk,A2,cefr-j,"CEFR-J custom license (research/commercial use, attribution required)"
part,noun,pˈɑɹt,A2,cefr-j,"CEFR-J custom license (research/commercial use, attribution required)"
partly,adverb,pˈɑɹtli,A2,cefr-j,"CEFR-J custom license (research/commercial use, attribution required)"
pass,noun,pˈæs,A2,cefr-j,"CEFR-J custom license (research/commercial use, attribution required)"
pass,verb,pˈæs,A2,cefr-j,"CEFR-J custom license (research/commercial use, attribution required)"
passage,noun,pˈæsədʒ,A2,cefr-j,"CEFR-J custom license (research/commercial use, attribution required)"
passenger,noun,pˈæsəndʒɚ,A2,cefr-j,"CEFR-J custom license (research/commercial use, attribution required)"
pasta,noun,pˈɑstə,A2,cefr-j,"CEFR-J custom license (research/commercial use, attribution required)"
path,noun,pˈæθ,A2,cefr-j,"CEFR-J custom license (research/commercial use, attribution required)"
patient,noun,pˈeɪʃənt,A2,cefr-j,"CEFR-J custom license (research/commercial use, attribution required)"
PC,noun,pˈisˈi,A2,cefr-j,"CEFR-J custom license (research/commercial use, attribution required)"
pea,noun,pˈi,A2,cefr-j,"CEFR-J custom license (research/commercial use, attribution required)"
peaceful,adjective,pˈisfəl,A2,cefr-j,"CEFR-J custom license (research/commercial use, attribution required)"
pear,noun,pˈɛɹ,A2,cefr-j,"CEFR-J custom license (research/commercial use, attribution required)"
pence,noun,pˈɛns,A2,cefr-j,"CEFR-J custom license (research/commercial use, attribution required)"
penfriend,noun,,A2,cefr-j,"CEFR-J custom license (research/commercial use, attribution required)"
pepper,noun,pˈɛpɚ,A2,cefr-j,"CEFR-J custom license (research/commercial use, attribution required)"
perfect,adjective,pɚfˈɛkt,A2,cefr-j,"CEFR-J custom license (research/commercial use, attribution required)"
perfectly,adverb,pˈɝfəktli,A2,cefr-j,"CEFR-J custom license (research/commercial use, attribution required)"
perform,verb,pɚfˈɔɹm,A2,cefr-j,"CEFR-J custom license (research/commercial use, attribution required)"
performance,noun,pɚfˈɔɹməns,A2,cefr-j,"CEFR-J custom license (research/commercial use, attribution required)"
perfume,noun,pɚfjˈum,A2,cefr-j,"CEFR-J custom license (research/commercial use, attribution required)"
perhaps,adverb,pɚhˈæps,A2,cefr-j,"CEFR-J custom license (research/commercial use, attribution required)"
permission,noun,pɚmˈɪʃən,A2,cefr-j,"CEFR-J custom license (research/commercial use, attribution required)"
personality,noun,pˌɝsənˈælɪti,A2,cefr-j,"CEFR-J custom license (research/commercial use, attribution required)"
petrol,noun,pˈɛtɹoʊl,A2,cefr-j,"CEFR-J custom license (research/commercial use, attribution required)"
petrol station,noun,pˈɛtɹoʊl stˈeɪʃən,A2,cefr-j,"CEFR-J custom license (research/commercial use, attribution required)"
photograph,noun,fˈoʊtəgɹˌæf,A2,cefr-j,"CEFR-J custom license (research/commercial use, attribution required)"
photographer,noun,fətˈɑgɹəfɚ,A2,cefr-j,"CEFR-J custom license (research/commercial use, attribution required)"
photography,noun,fətˈɑgɹəfi,A2,cefr-j,"CEFR-J custom license (research/commercial use, attribution required)"
physical,adjective,fˈɪzɪkəl,A2,cefr-j,"CEFR-J custom license (research/commercial use, attribution required)"
physically,adverb,fˈɪzɪkəli,A2,cefr-j,"CEFR-J custom license (research/commercial use, attribution required)"
pile,noun,pˈaɪl,A2,cefr-j,"CEFR-J custom license (research/commercial use, attribution required)"
pilgrim,noun,pˈɪlgɹəm,A2,cefr-j,"CEFR-J custom license (research/commercial use, attribution required)"
pill,noun,pˈɪl,A2,cefr-j,"CEFR-J custom license (research/commercial use, attribution required)"
pilot,noun,pˈaɪlət,A2,cefr-j,"CEFR-J custom license (research/commercial use, attribution required)"
pink,noun,pˈɪŋk,A2,cefr-j,"CEFR-J custom license (research/commercial use, attribution required)"
pity,noun,pˈɪti,A2,cefr-j,"CEFR-J custom license (research/commercial use, attribution required)"
planet,noun,plˈænət,A2,cefr-j,"CEFR-J custom license (research/commercial use, attribution required)"
plant,noun,plˈænt,A2,cefr-j,"CEFR-J custom license (research/commercial use, attribution required)"
plastic,adjective,plˈæstɪk,A2,cefr-j,"CEFR-J custom license (research/commercial use, attribution required)"
plate,noun,plˈeɪt,A2,cefr-j,"CEFR-J custom license (research/commercial use, attribution required)"
playful,adjective,plˈeɪfəl,A2,cefr-j,"CEFR-J custom license (research/commercial use, attribution required)"
playground,noun,plˈeɪgɹˌaʊnd,A2,cefr-j,"CEFR-J custom license (research/commercial use, attribution required)"
pleasant,adjective,plˈɛzənt,A2,cefr-j,"CEFR-J custom license (research/commercial use, attribution required)"
pleased,adjective,plˈizd,A2,cefr-j,"CEFR-J custom license (research/commercial use, attribution required)"
pleasing,adjective,plˈizɪŋ,A2,cefr-j,"CEFR-J custom license (research/commercial use, attribution required)"
plenty,noun,plˈɛnti,A2,cefr-j,"CEFR-J custom license (research/commercial use, attribution required)"
plural,noun,plˈʊɹəl,A2,cefr-j,"CEFR-J custom license (research/commercial use, attribution required)"
plus,preposition,plˈʌs,A2,cefr-j,"CEFR-J custom license (research/commercial use, attribution required)"
point,verb,pˈɔɪnt,A2,cefr-j,"CEFR-J custom license (research/commercial use, attribution required)"
police,noun,pəlˈis,A2,cefr-j,"CEFR-J custom license (research/commercial use, attribution required)"
police officer,noun,pəlˈis ˈɔfəsɚ,A2,cefr-j,"CEFR-J custom license (research/commercial use, attribution required)"
police station,noun,pəlˈis stˈeɪʃən,A2,cefr-j,"CEFR-J custom license (research/commercial use, attribution required)"
policeman,noun,pəlˈismən,A2,cefr-j,"CEFR-J custom license (research/commercial use, attribution required)"
policewoman,noun,pəlˈiswˌʊmən,A2,cefr-j,"CEFR-J custom license (research/commercial use, attribution required)"
polite,adjective,pəlˈaɪt,A2,cefr-j,"CEFR-J custom license (research/commercial use, attribution required)"
political,adjective,pəlˈɪtəkəl,A2,cefr-j,"CEFR-J custom license (research/commercial use, attribution required)"
pollute,verb,pəlˈut,A2,cefr-j,"CEFR-J custom license (research/commercial use, attribution required)"
popular,adjective,pˈɑpjəlɚ,A2,cefr-j,"CEFR-J custom license (research/commercial use, attribution required)"
population,noun,pˌɑpjəlˈeɪʃən,A2,cefr-j,"CEFR-J custom license (research/commercial use, attribution required)"
portrait,noun,pˈɔɹtɹət,A2,cefr-j,"CEFR-J custom license (research/commercial use, attribution required)"
position,noun,pəzˈɪʃən,A2,cefr-j,"CEFR-J custom license (research/commercial use, attribution required)"
possible,adjective,pˈɑsəbəl,A2,cefr-j,"CEFR-J custom license (research/commercial use, attribution required)"
possibly,adverb,pˈɑsəbli,A2,cefr-j,"CEFR-J custom license (research/commercial use, attribution required)"
post,verb,pˈoʊst,A2,cefr-j,"CEFR-J custom license (research/commercial use, attribution required)"
post office,noun,pˈoʊst ˈɔfɪs,A2,cefr-j,"CEFR-J custom license (research/commercial use, attribution required)"
pour,verb,pˈɔɹ,A2,cefr-j,"CEFR-J custom license (research/commercial use, attribution required)"
power,noun,pˈaʊɚ,A2,cefr-j,"CEFR-J custom license (research/commercial use, attribution required)"
powerful,adjective,pˈaʊɚfəl,A2,cefr-j,"CEFR-J custom license (research/commercial use, attribution required)"
precise,adjective,pɹɪsˈaɪs,A2,cefr-j,"CEFR-J custom license (research/commercial use, attribution required)"
predict,verb,pɹɪdˈɪkt,A2,cefr-j,"CEFR-J custom license (research/commercial use, attribution required)"
prediction,noun,pɹidˈɪkʃən,A2,cefr-j,"CEFR-J custom license (research/commercial use, attribution required)"
prefer,verb,pɹəfˈɝ,A2,cefr-j,"CEFR-J custom license (research/commercial use, attribution required)"
prepare,verb,pɹipˈɛɹ,A2,cefr-j,"CEFR-J custom license (research/commercial use, attribution required)"
pressure,noun,pɹˈɛʃɚ,A2,cefr-j,"CEFR-J custom license (research/commercial use, attribution required)"
pretend,verb,pɹitˈɛnd,A2,cefr-j,"CEFR-J custom license (research/commercial use, attribution required)"
pretty,adverb,pɹˈɪti,A2,cefr-j,"CEFR-J custom license (research/commercial use, attribution required)"
prevent,verb,pɹɪvˈɛnt,A2,cefr-j,"CEFR-J custom license (research/commercial use, attribution required)"
pride,noun,pɹˈaɪd,A2,cefr-j,"CEFR-J custom license (research/commercial use, attribution required)"
principal,adjective,pɹˈɪnsəpəl,A2,cefr-j,"CEFR-J custom license (research/commercial use, attribution required)"
print,verb,pɹˈɪnt,A2,cefr-j,"CEFR-J custom license (research/commercial use, attribution required)"
printer,noun,pɹˈɪntɚ,A2,cefr-j,"CEFR-J custom license (research/commercial use, attribution required)"
private,adjective,pɹˈaɪvət,A2,cefr-j,"CEFR-J custom license (research/commercial use, attribution required)"
pro,noun,pɹˈoʊ,A2,cefr-j,"CEFR-J custom license (research/commercial use, attribution required)"
probably,adverb,pɹˈɑbəblˌi,A2,cefr-j,"CEFR-J custom license (research/commercial use, attribution required)"
produce,verb,pɹədˈus,A2,cefr-j,"CEFR-J custom license (research/commercial use, attribution required)"
product,noun,pɹˈɑdəkt,A2,cefr-j,"CEFR-J custom license (research/commercial use, attribution required)"
production,noun,pɹədˈʌkʃən,A2,cefr-j,"CEFR-J custom license (research/commercial use, attribution required)"
professional,adjective,pɹəfˈɛʃənəl,A2,cefr-j,"CEFR-J custom license (research/commercial use, attribution required)"
progressive,adjective,pɹəgɹˈɛsɪv,A2,cefr-j,"CEFR-J custom license (research/commercial use, attribution required)"
promise,noun,pɹˈɑməs,A2,cefr-j,"CEFR-J custom license (research/commercial use, attribution required)"
pronounce,verb,pɹənˈaʊns,A2,cefr-j,"CEFR-J custom license (research/commercial use, attribution required)"
pronunciation,noun,pɹoʊnˌʌnsiˈeɪʃən,A2,cefr-j,"CEFR-J custom license (research/commercial use, attribution required)"
proper,adjective,pɹˈɑpɚ,A2,cefr-j,"CEFR-J custom license (research/commercial use, attribution required)"
provide,verb,pɹəvˈaɪd,A2,cefr-j,"CEFR-J custom license (research/commercial use, attribution required)"
psychologist,noun,saɪkˈɑlədʒəst,A2,cefr-j,"CEFR-J custom license (research/commercial use, attribution required)"
public,noun,pˈʌblɪk,A2,cefr-j,"CEFR-J custom license (research/commercial use, attribution required)"
publish,verb,pˈʌblɪʃ,A2,cefr-j,"CEFR-J custom license (research/commercial use, attribution required)"
pull,verb,pˈʊl,A2,cefr-j,"CEFR-J custom license (research/commercial use, attribution required)"
punctuation,noun,pˌʌŋktʃuˈeɪʃən,A2,cefr-j,"CEFR-J custom license (research/commercial use, attribution required)"
purple,adjective,pˈɝpəl,A2,cefr-j,"CEFR-J custom license (research/commercial use, attribution required)"
purpose,noun,pˈɝpəs,A2,cefr-j,"CEFR-J custom license (research/commercial use, attribution required)"
pursue,verb,pɚsˈu,A2,cefr-j,"CEFR-J custom license (research/commercial use, attribution required)"
quality,noun,kwˈɑləti,A2,cefr-j,"CEFR-J custom license (research/commercial use, attribution required)"
queen,noun,kwˈin,A2,cefr-j,"CEFR-J custom license (research/commercial use, attribution required)"
quick,adjective,kwˈɪk,A2,cefr-j,"CEFR-J custom license (research/commercial use, attribution required)"
quietly,adverb,kwˈaɪətli,A2,cefr-j,"CEFR-J custom license (research/commercial use, attribution required)"
quit,verb,kwˈɪt,A2,cefr-j,"CEFR-J custom license (research/commercial use, attribution required)"
quite,adverb,kwˈaɪt,A2,cefr-j,"CEFR-J custom license (research/commercial use, attribution required)"
quiz,noun,kwˈɪz,A2,cefr-j,"CEFR-J custom license (research/commercial use, attribution required)"
racket,noun,ɹˈækɪt,A2,cefr-j,"CEFR-J custom license (research/commercial use, attribution required)"
raincoat,noun,ɹˈeɪnkˌoʊt,A2,cefr-j,"CEFR-J custom license (research/commercial use, attribution required)"
raise,verb,ɹˈeɪz,A2,cefr-j,"CEFR-J custom license (research/commercial use, attribution required)"
range,noun,ɹˈeɪndʒ,A2,cefr-j,"CEFR-J custom license (research/commercial use, attribution required)"
rap,noun,ɹˈæp,A2,cefr-j,"CEFR-J custom license (research/commercial use, attribution required)"
rate,noun,ɹˈeɪt,A2,cefr-j,"CEFR-J custom license (research/commercial use, attribution required)"
rather,adverb,ɹˈæðɚ,A2,cefr-j,"CEFR-J custom license (research/commercial use, attribution required)"
rating,noun,ɹˈeɪtɪŋ,A2,cefr-j,"CEFR-J custom license (research/commercial use, attribution required)"
raw,adjective,ɹˈɑ,A2,cefr-j,"CEFR-J custom license (research/commercial use, attribution required)"
ray,noun,ɹˈeɪ,A2,cefr-j,"CEFR-J custom license (research/commercial use, attribution required)"
reach,verb,ɹˈitʃ,A2,cefr-j,"CEFR-J custom license (research/commercial use, attribution required)"
realize,verb,ɹˈiəlˌaɪz,A2,cefr-j,"CEFR-J custom license (research/commercial use, attribution required)"
receipt,noun,ɹɪsˈit,A2,cefr-j,"CEFR-J custom license (research/commercial use, attribution required)"
receive,verb,ɹəsˈiv,A2,cefr-j,"CEFR-J custom license (research/commercial use, attribution required)"
recent,adjective,ɹˈisənt,A2,cefr-j,"CEFR-J custom license (research/commercial use, attribution required)"
recently,adverb,ɹˈisəntli,A2,cefr-j,"CEFR-J custom license (research/commercial use, attribution required)"
receptionist,noun,ɹɪsˈɛpʃənɪst,A2,cefr-j,"CEFR-J custom license (research/commercial use, attribution required)"
record,verb,ɹəkˈɔɹd,A2,cefr-j,"CEFR-J custom license (research/commercial use, attribution required)"
recycle,verb,ɹisˈaɪkəl,A2,cefr-j,"CEFR-J custom license (research/commercial use, attribution required)"
red,noun,ɹˈɛd,A2,cefr-j,"CEFR-J custom license (research/commercial use, attribution required)"
refer,verb,ɹəfˈɝ,A2,cefr-j,"CEFR-J custom license (research/commercial use, attribution required)"
reflect,verb,ɹɪflˈɛkt,A2,cefr-j,"CEFR-J custom license (research/commercial use, attribution required)"
refrigerator,noun,ɹəfɹˈɪdʒɚˌeɪtɚ,A2,cefr-j,"CEFR-J custom license (research/commercial use, attribution required)"
regret,verb,ɹəgɹˈɛt,A2,cefr-j,"CEFR-J custom license (research/commercial use, attribution required)"
regular,adjective,ɹˈɛgjəlɚ,A2,cefr-j,"CEFR-J custom license (research/commercial use, attribution required)"
regularly,adverb,ɹˈɛgjəlɚli,A2,cefr-j,"CEFR-J custom license (research/commercial use, attribution required)"
relax,verb,ɹɪlˈæks,A2,cefr-j,"CEFR-J custom license (research/commercial use, attribution required)"
relaxed,adjective,ɹɪlˈækst,A2,cefr-j,"CEFR-J custom license (research/commercial use, attribution required)"
release,noun,ɹilˈis,A2,cefr-j,"CEFR-J custom license (research/commercial use, attribution required)"
remain,verb,ɹɪmˈeɪn,A2,cefr-j,"CEFR-J custom license (research/commercial use, attribution required)"
remind,verb,ɹimˈaɪnd,A2,cefr-j,"CEFR-J custom license (research/commercial use, attribution required)"
remote,adjective,ɹɪmˈoʊt,A2,cefr-j,"CEFR-J custom license (research/commercial use, attribution required)"
rent,noun,ɹˈɛnt,A2,cefr-j,"CEFR-J custom license (research/commercial use, attribution required)"
rent,verb,ɹˈɛnt,A2,cefr-j,"CEFR-J custom license (research/commercial use, attribution required)"
repair,noun,ɹɪpˈɛɹ,A2,cefr-j,"CEFR-J custom license (research/commercial use, attribution required)"
repair,verb,ɹɪpˈɛɹ,A2,cefr-j,"CEFR-J custom license (research/commercial use, attribution required)"
replace,verb,ɹˌiplˈeɪs,A2,cefr-j,"CEFR-J custom license (research/commercial use, attribution required)"
reply,noun,ɹɪplˈaɪ,A2,cefr-j,"CEFR-J custom license (research/commercial use, attribution required)"
report,noun,ɹipˈɔɹt,A2,cefr-j,"CEFR-J custom license (research/commercial use, attribution required)"
represent,verb,ɹˌɛpɹɪzˈɛnt,A2,cefr-j,"CEFR-J custom license (research/commercial use, attribution required)"
request,noun,ɹɪkwˈɛst,A2,cefr-j,"CEFR-J custom license (research/commercial use, attribution required)"
research,noun,ɹisˈɝtʃ,A2,cefr-j,"CEFR-J custom license (research/commercial use, attribution required)"
response,noun,ɹɪspˈɑns,A2,cefr-j,"CEFR-J custom license (research/commercial use, attribution required)"
retire,verb,ɹɪtˈaɪɹ,A2,cefr-j,"CEFR-J custom license (research/commercial use, attribution required)"
retired,adjective,ɹɪtˈaɪɹd,A2,cefr-j,"CEFR-J custom license (research/commercial use, attribution required)"
return,noun,ɹɪtˈɝn,A2,cefr-j,"CEFR-J custom license (research/commercial use, attribution required)"
return,verb,ɹɪtˈɝn,A2,cefr-j,"CEFR-J custom license (research/commercial use, attribution required)"
reunion,noun,ɹiˈunjən,A2,cefr-j,"CEFR-J custom license (research/commercial use, attribution required)"
reveal,verb,ɹɪvˈil,A2,cefr-j,"CEFR-J custom license (research/commercial use, attribution required)"
rhythm,noun,ɹˈɪðəm,A2,cefr-j,"CEFR-J custom license (research/commercial use, attribution required)"
right,noun,ɹˈaɪt,A2,cefr-j,"CEFR-J custom license (research/commercial use, attribution required)"
right-hand,adjective,ɹaɪthˈænd,A2,cefr-j,"CEFR-J custom license (research/commercial use, attribution required)"
ring,noun,ɹˈɪŋ,A2,cefr-j,"CEFR-J custom license (research/commercial use, attribution required)"
road,noun,ɹˈoʊd,A2,cefr-j,"CEFR-J custom license (research/commercial use, attribution required)"
roast,verb,ɹˈoʊst,A2,cefr-j,"CEFR-J custom license (research/commercial use, attribution required)"
rob,verb,ɹˈɑb,A2,cefr-j,"CEFR-J custom license (research/commercial use, attribution required)"
robbery,noun,ɹˈɑbɚi,A2,cefr-j,"CEFR-J custom license (research/commercial use, attribution required)"
robin,noun,ɹˈɑbən,A2,cefr-j,"CEFR-J custom license (research/commercial use, attribution required)"
rock,noun,ɹˈɑk,A2,cefr-j,"CEFR-J custom license (research/commercial use, attribution required)"
roll,noun,ɹˈoʊl,A2,cefr-j,"CEFR-J custom license (research/commercial use, attribution required)"
romance,noun,ɹoʊmˈæns,A2,cefr-j,"CEFR-J custom license (research/commercial use, attribution required)"
romantic,adjective,ɹoʊmˈæntɪk,A2,cefr-j,"CEFR-J custom license (research/commercial use, attribution required)"
roof,noun,ɹˈuf,A2,cefr-j,"CEFR-J custom license (research/commercial use, attribution required)"
root,noun,ɹˈut,A2,cefr-j,"CEFR-J custom license (research/commercial use, attribution required)"
rope,noun,ɹˈoʊp,A2,cefr-j,"CEFR-J custom license (research/commercial use, attribution required)"
roughly,adverb,ɹˈʌfli,A2,cefr-j,"CEFR-J custom license (research/commercial use, attribution required)"
round,adverb,ɹˈaʊnd,A2,cefr-j,"CEFR-J custom license (research/commercial use, attribution required)"
roundabout,noun,ɹˈaʊndəbˌaʊt,A2,cefr-j,"CEFR-J custom license (research/commercial use, attribution required)"
royal,adjective,ɹˈɔɪəl,A2,cefr-j,"CEFR-J custom license (research/commercial use, attribution required)"
rugby,noun,ɹˈʌgbi,A2,cefr-j,"CEFR-J custom license (research/commercial use, attribution required)"
ruin,verb,ɹˈuən,A2,cefr-j,"CEFR-J custom license (research/commercial use, attribution required)"
rumor,noun,ɹˈumɚ,A2,cefr-j,"CEFR-J custom license (research/commercial use, attribution required)"
runner,noun,ɹˈʌnɚ,A2,cefr-j,"CEFR-J custom license (research/commercial use, attribution required)"
running,noun,ɹˈʌnɪŋ,A2,cefr-j,"CEFR-J custom license (research/commercial use, attribution required)"
rush,noun,ɹˈʌʃ,A2,cefr-j,"CEFR-J custom license (research/commercial use, attribution required)"
sadly,adverb,sˈædli,A2,cefr-j,"CEFR-J custom license (research/commercial use, attribution required)"
safe,adjective,sˈeɪf,A2,cefr-j,"CEFR-J custom license (research/commercial use, attribution required)"
sailing,noun,sˈeɪlɪŋ,A2,cefr-j,"CEFR-J custom license (research/commercial use, attribution required)"
sake,noun,sˈeɪk,A2,cefr-j,"CEFR-J custom license (research/commercial use, attribution required)"
salt,noun,sˈɔlt,A2,cefr-j,"CEFR-J custom license (research/commercial use, attribution required)"
sample,noun,sˈæmpəl,A2,cefr-j,"CEFR-J custom license (research/commercial use, attribution required)"
sandy,adjective,sˈændi,A2,cefr-j,"CEFR-J custom license (research/commercial use, attribution required)"
satisfy,verb,sˈætəsfˌaɪ,A2,cefr-j,"CEFR-J custom license (research/commercial use, attribution required)"
sauce,noun,sˈɔs,A2,cefr-j,"CEFR-J custom license (research/commercial use, attribution required)"
sausage,noun,sˈɔsədʒ,A2,cefr-j,"CEFR-J custom license (research/commercial use, attribution required)"
scale,noun,skˈeɪl,A2,cefr-j,"CEFR-J custom license (research/commercial use, attribution required)"
scarf,noun,skˈɑɹf,A2,cefr-j,"CEFR-J custom license (research/commercial use, attribution required)"
scene,noun,sˈin,A2,cefr-j,"CEFR-J custom license (research/commercial use, attribution required)"
scenery,noun,sˈinɚi,A2,cefr-j,"CEFR-J custom license (research/commercial use, attribution required)"
schedule,noun,skˈɛdʒʊl,A2,cefr-j,"CEFR-J custom license (research/commercial use, attribution required)"
schoolchild,noun,skˈultʃˌaɪld,A2,cefr-j,"CEFR-J custom license (research/commercial use, attribution required)"
schoolwork,noun,skˈulwˌɝk,A2,cefr-j,"CEFR-J custom license (research/commercial use, attribution required)"
scientific,adjective,sˌaɪəntˈɪfɪk,A2,cefr-j,"CEFR-J custom license (research/commercial use, attribution required)"
scissors,noun,sˈɪzɚz,A2,cefr-j,"CEFR-J custom license (research/commercial use, attribution required)"
scream,noun,skɹˈim,A2,cefr-j,"CEFR-J custom license (research/commercial use, attribution required)"
screen,noun,skɹˈin,A2,cefr-j,"CEFR-J custom license (research/commercial use, attribution required)"
screw,noun,skɹˈu,A2,cefr-j,"CEFR-J custom license (research/commercial use, attribution required)"
script,noun,skɹˈɪpt,A2,cefr-j,"CEFR-J custom license (research/commercial use, attribution required)"
seafood,noun,sˈifˌud,A2,cefr-j,"CEFR-J custom license (research/commercial use, attribution required)"
search,noun,sˈɝtʃ,A2,cefr-j,"CEFR-J custom license (research/commercial use, attribution required)"
seaside,noun,sˈisˌaɪd,A2,cefr-j,"CEFR-J custom license (research/commercial use, attribution required)"
second,noun,sˈɛkənd,A2,cefr-j,"CEFR-J custom license (research/commercial use, attribution required)"
second,pronoun,sˈɛkənd,A2,cefr-j,"CEFR-J custom license (research/commercial use, attribution required)"
secret,noun,sˈikɹət,A2,cefr-j,"CEFR-J custom license (research/commercial use, attribution required)"
secretary,noun,sˈɛkɹətˌɛɹi,A2,cefr-j,"CEFR-J custom license (research/commercial use, attribution required)"
seed,noun,sˈid,A2,cefr-j,"CEFR-J custom license (research/commercial use, attribution required)"
seek,verb,sˈik,A2,cefr-j,"CEFR-J custom license (research/commercial use, attribution required)"
seem,verb,sˈim,A2,cefr-j,"CEFR-J custom license (research/commercial use, attribution required)"
semester,noun,səmˈɛstɚ,A2,cefr-j,"CEFR-J custom license (research/commercial use, attribution required)"
send,verb,sˈɛnd,A2,cefr-j,"CEFR-J custom license (research/commercial use, attribution required)"
senior,adjective,sˈinjɚ,A2,cefr-j,"CEFR-J custom license (research/commercial use, attribution required)"
senior,noun,sˈinjɚ,A2,cefr-j,"CEFR-J custom license (research/commercial use, attribution required)"
sense,noun,sˈɛns,A2,cefr-j,"CEFR-J custom license (research/commercial use, attribution required)"
separate,adjective,sˈɛpɚˌeɪt,A2,cefr-j,"CEFR-J custom license (research/commercial use, attribution required)"
seriously,adverb,sˈɪɹiəsli,A2,cefr-j,"CEFR-J custom license (research/commercial use, attribution required)"
serve,verb,sˈɝv,A2,cefr-j,"CEFR-J custom license (research/commercial use, attribution required)"
set,noun,sˈɛt,A2,cefr-j,"CEFR-J custom license (research/commercial use, attribution required)"
several,determiner,sˈɛvɹəl,A2,cefr-j,"CEFR-J custom license (research/commercial use, attribution required)"
several,pronoun,sˈɛvɹəl,A2,cefr-j,"CEFR-J custom license (research/commercial use, attribution required)"
sew,verb,sˈoʊ,A2,cefr-j,"CEFR-J custom license (research/commercial use, attribution required)"
shade,noun,ʃˈeɪd,A2,cefr-j,"CEFR-J custom license (research/commercial use, attribution required)"
shadow,noun,ʃˈædˌoʊ,A2,cefr-j,"CEFR-J custom license (research/commercial use, attribution required)"
shall,modal auxiliary,ʃˈæl,A2,cefr-j,"CEFR-J custom license (research/commercial use, attribution required)"
shampoo,noun,ʃæmpˈu,A2,cefr-j,"CEFR-J custom license (research/commercial use, attribution required)"
shape,noun,ʃˈeɪp,A2,cefr-j,"CEFR-J custom license (research/commercial use, attribution required)"
share,noun,ʃˈɛɹ,A2,cefr-j,"CEFR-J custom license (research/commercial use, attribution required)"
shell,noun,ʃˈɛl,A2,cefr-j,"CEFR-J custom license (research/commercial use, attribution required)"
shine,verb,ʃˈaɪn,A2,cefr-j,"CEFR-J custom license (research/commercial use, attribution required)"
shock,noun,ʃˈɑk,A2,cefr-j,"CEFR-J custom license (research/commercial use, attribution required)"
shoot,verb,ʃˈut,A2,cefr-j,"CEFR-J custom license (research/commercial use, attribution required)"
shop assistant,noun,ʃˈɑp əsˈɪstənt,A2,cefr-j,"CEFR-J custom license (research/commercial use, attribution required)"
shore,noun,ʃˈɔɹ,A2,cefr-j,"CEFR-J custom license (research/commercial use, attribution required)"
short,noun,ʃˈɔɹt,A2,cefr-j,"CEFR-J custom license (research/commercial use, attribution required)"
shot,noun,ʃˈɑt,A2,cefr-j,"CEFR-J custom license (research/commercial use, attribution required)"
shout,noun,ʃˈaʊt,A2,cefr-j,"CEFR-J custom license (research/commercial use, attribution required)"
show,noun,ʃˈoʊ,A2,cefr-j,"CEFR-J custom license (research/commercial use, attribution required)"
shut,verb,ʃˈʌt,A2,cefr-j,"CEFR-J custom license (research/commercial use, attribution required)"
sightseeing,noun,sˈaɪtsˈiɪŋ,A2,cefr-j,"CEFR-J custom license (research/commercial use, attribution required)"
significant,adjective,səgnˈɪfɪkənt,A2,cefr-j,"CEFR-J custom license (research/commercial use, attribution required)"
silence,noun,sˈaɪləns,A2,cefr-j,"CEFR-J custom license (research/commercial use, attribution required)"
silently,adverb,sˈaɪləntli,A2,cefr-j,"CEFR-J custom license (research/commercial use, attribution required)"
silly,adjective,sˈɪli,A2,cefr-j,"CEFR-J custom license (research/commercial use, attribution required)"
silver,adjective,sˈɪlvɚ,A2,cefr-j,"CEFR-J custom license (research/commercial use, attribution required)"
silver,noun,sˈɪlvɚ,A2,cefr-j,"CEFR-J custom license (research/commercial use, attribution required)"
similar,adjective,sˈɪməlɚ,A2,cefr-j,"CEFR-J custom license (research/commercial use, attribution required)"
simple,adjective,sˈɪmpəl,A2,cefr-j,"CEFR-J custom license (research/commercial use, attribution required)"
simply,adverb,sˈɪmpli,A2,cefr-j,"CEFR-J custom license (research/commercial use, attribution required)"
since,preposition,sˈɪns,A2,cefr-j,"CEFR-J custom license (research/commercial use, attribution required)"
singing,noun,sˈɪŋɪŋ,A2,cefr-j,"CEFR-J custom license (research/commercial use, attribution required)"
single,adjective,sˈɪŋgəl,A2,cefr-j,"CEFR-J custom license (research/commercial use, attribution required)"
singular,adjective,sˈɪŋgjəlɚ,A2,cefr-j,"CEFR-J custom license (research/commercial use, attribution required)"
singular,noun,sˈɪŋgjəlɚ,A2,cefr-j,"CEFR-J custom license (research/commercial use, attribution required)"
sink,noun,sˈɪŋk,A2,cefr-j,"CEFR-J custom license (research/commercial use, attribution required)"
sitting room,noun,sˈɪtɪŋ ɹˈum,A2,cefr-j,"CEFR-J custom license (research/commercial use, attribution required)"
situation,noun,sˌɪtʃuˈeɪʃən,A2,cefr-j,"CEFR-J custom license (research/commercial use, attribution required)"
skate,noun,skˈeɪt,A2,cefr-j,"CEFR-J custom license (research/commercial use, attribution required)"
skateboarding,noun,skˈeɪtbˌɔɹdɪŋ,A2,cefr-j,"CEFR-J custom license (research/commercial use, attribution required)"
skating,noun,skˈeɪtɪŋ,A2,cefr-j,"CEFR-J custom license (research/commercial use, attribution required)"
ski,noun,skˈi,A2,cefr-j,"CEFR-J custom license (research/commercial use, attribution required)"
skiing,noun,skˈiɪŋ,A2,cefr-j,"CEFR-J custom license (research/commercial use, attribution required)"
slave,noun,slˈeɪv,A2,cefr-j,"CEFR-J custom license (research/commercial use, attribution required)"
sleepless,adjective,slˈipləs,A2,cefr-j,"CEFR-J custom license (research/commercial use, attribution required)"
sleepy,adjective,slˈipi,A2,cefr-j,"CEFR-J custom license (research/commercial use, attribution required)"
slice,noun,slˈaɪs,A2,cefr-j,"CEFR-J custom license (research/commercial use, attribution required)"
slide,noun,slˈaɪd,A2,cefr-j,"CEFR-J custom license (research/commercial use, attribution required)"
slim,adjective,slˈɪm,A2,cefr-j,"CEFR-J custom license (research/commercial use, attribution required)"
slowly,adverb,slˈoʊli,A2,cefr-j,"CEFR-J custom license (research/commercial use, attribution required)"
smoke,verb,smˈoʊk,A2,cefr-j,"CEFR-J custom license (research/commercial use, attribution required)"
smooth,adjective,smˈuð,A2,cefr-j,"CEFR-J custom license (research/commercial use, attribution required)"
smoothly,adverb,smˈuðli,A2,cefr-j,"CEFR-J custom license (research/commercial use, attribution required)"
snack,noun,snˈæk,A2,cefr-j,"CEFR-J custom license (research/commercial use, attribution required)"
snow,verb,snˈoʊ,A2,cefr-j,"CEFR-J custom license (research/commercial use, attribution required)"
snowboarding,noun,,A2,cefr-j,"CEFR-J custom license (research/commercial use, attribution required)"
so,adverb,sˈoʊ,A2,cefr-j,"CEFR-J custom license (research/commercial use, attribution required)"
soap,noun,sˈoʊp,A2,cefr-j,"CEFR-J custom license (research/commercial use, attribution required)"
society,noun,səsˈaɪəti,A2,cefr-j,"CEFR-J custom license (research/commercial use, attribution required)"
sock,noun,sˈɑk,A2,cefr-j,"CEFR-J custom license (research/commercial use, attribution required)"
soda,noun,sˈoʊdə,A2,cefr-j,"CEFR-J custom license (research/commercial use, attribution required)"
soft,adjective,sˈɑft,A2,cefr-j,"CEFR-J custom license (research/commercial use, attribution required)"
soft drink,noun,sˈɑft dɹˈɪŋk,A2,cefr-j,"CEFR-J custom license (research/commercial use, attribution required)"
softly,adverb,sˈɔftli,A2,cefr-j,"CEFR-J custom license (research/commercial use, attribution required)"
software,noun,sˈɔftwˌɛɹ,A2,cefr-j,"CEFR-J custom license (research/commercial use, attribution required)"
soldier,noun,sˈoʊldʒɚ,A2,cefr-j,"CEFR-J custom license (research/commercial use, attribution required)"
solution,noun,səlˈuʃən,A2,cefr-j,"CEFR-J custom license (research/commercial use, attribution required)"
somebody,pronoun,sˈʌmbˌɑdi,A2,cefr-j,"CEFR-J custom license (research/commercial use, attribution required)"
someday,adverb,sˈʌmdˌeɪ,A2,cefr-j,"CEFR-J custom license (research/commercial use, attribution required)"
somewhere,adverb,sˈʌmwˌɛɹ,A2,cefr-j,"CEFR-J custom license (research/commercial use, attribution required)"
sound,noun,sˈaʊnd,A2,cefr-j,"CEFR-J custom license (research/commercial use, attribution required)"
sound,verb,sˈaʊnd,A2,cefr-j,"CEFR-J custom license (research/commercial use, attribution required)"
source,noun,sˈɔɹs,A2,cefr-j,"CEFR-J custom license (research/commercial use, attribution required)"
south,adjective,sˈaʊθ,A2,cefr-j,"CEFR-J custom license (research/commercial use, attribution required)"
south,adverb,sˈaʊθ,A2,cefr-j,"CEFR-J custom license (research/commercial use, attribution required)"
south,noun,sˈaʊθ,A2,cefr-j,"CEFR-J custom license (research/commercial use, attribution required)"
space,noun,spˈeɪs,A2,cefr-j,"CEFR-J custom license (research/commercial use, attribution required)"
spaceship,noun,spˈeɪsʃˌɪp,A2,cefr-j,"CEFR-J custom license (research/commercial use, attribution required)"
spaghetti,noun,spəgˈɛti,A2,cefr-j,"CEFR-J custom license (research/commercial use, attribution required)"
speaker,noun,spˈikɚ,A2,cefr-j,"CEFR-J custom license (research/commercial use, attribution required)"
specific,adjective,spəsˈɪfɪk,A2,cefr-j,"CEFR-J custom license (research/commercial use, attribution required)"
speed,noun,spˈid,A2,cefr-j,"CEFR-J custom license (research/commercial use, attribution required)"
spell,verb,spˈɛl,A2,cefr-j,"CEFR-J custom license (research/commercial use, attribution required)"
spill,verb,spˈɪl,A2,cefr-j,"CEFR-J custom license (research/commercial use, attribution required)"
splash,verb,splˈæʃ,A2,cefr-j,"CEFR-J custom license (research/commercial use, attribution required)"
split,adjective,splˈɪt,A2,cefr-j,"CEFR-J custom license (research/commercial use, attribution required)"
spoon,noun,spˈun,A2,cefr-j,"CEFR-J custom license (research/commercial use, attribution required)"
sports center,noun,spˈɔɹts sˈɛntɚ,A2,cefr-j,"CEFR-J custom license (research/commercial use, attribution required)"
spread,noun,spɹˈɛd,A2,cefr-j,"CEFR-J custom license (research/commercial use, attribution required)"
square,adjective,skwˈɛɹ,A2,cefr-j,"CEFR-J custom license (research/commercial use, attribution required)"
square,noun,skwˈɛɹ,A2,cefr-j,"CEFR-J custom license (research/commercial use, attribution required)"
stadium,noun,stˈeɪdiəm,A2,cefr-j,"CEFR-J custom license (research/commercial use, attribution required)"
staff,noun,stˈæf,A2,cefr-j,"CEFR-J custom license (research/commercial use, attribution required)"
stair,noun,stˈɛɹ,A2,cefr-j,"CEFR-J custom license (research/commercial use, attribution required)"
stamp,noun,stˈæmp,A2,cefr-j,"CEFR-J custom license (research/commercial use, attribution required)"
stand,verb,stˈænd,A2,cefr-j,"CEFR-J custom license (research/commercial use, attribution required)"
state,noun,stˈeɪt,A2,cefr-j,"CEFR-J custom license (research/commercial use, attribution required)"
statement,noun,stˈeɪtmənt,A2,cefr-j,"CEFR-J custom license (research/commercial use, attribution required)"
statue,noun,stˈætʃˌu,A2,cefr-j,"CEFR-J custom license (research/commercial use, attribution required)"
steak,noun,stˈeɪk,A2,cefr-j,"CEFR-J custom license (research/commercial use, attribution required)"
steal,verb,stˈil,A2,cefr-j,"CEFR-J custom license (research/commercial use, attribution required)"
step,noun,stˈɛp,A2,cefr-j,"CEFR-J custom license (research/commercial use, attribution required)"
still,adverb,stˈɪl,A2,cefr-j,"CEFR-J custom license (research/commercial use, attribution required)"
stomach,noun,stˈʌmək,A2,cefr-j,"CEFR-J custom license (research/commercial use, attribution required)"
stomachache,noun,,A2,cefr-j,"CEFR-J custom license (research/commercial use, attribution required)"
storm,noun,stˈɔɹm,A2,cefr-j,"CEFR-J custom license (research/commercial use, attribution required)"
stove,noun,stˈoʊv,A2,cefr-j,"CEFR-J custom license (research/commercial use, attribution required)"
straight,adjective,stɹˈeɪt,A2,cefr-j,"CEFR-J custom license (research/commercial use, attribution required)"
stranger,noun,stɹˈeɪndʒɚ,A2,cefr-j,"CEFR-J custom license (research/commercial use, attribution required)"
strategy,noun,stɹˈætədʒi,A2,cefr-j,"CEFR-J custom license (research/commercial use, attribution required)"
strength,noun,stɹˈɛŋkθ,A2,cefr-j,"CEFR-J custom license (research/commercial use, attribution required)"
strike,noun,stɹˈaɪk,A2,cefr-j,"CEFR-J custom license (research/commercial use, attribution required)"
string,noun,stɹˈɪŋ,A2,cefr-j,"CEFR-J custom license (research/commercial use, attribution required)"
strongly,adverb,stɹˈɔŋli,A2,cefr-j,"CEFR-J custom license (research/commercial use, attribution required)"
structure,noun,stɹˈʌktʃɚ,A2,cefr-j,"CEFR-J custom license (research/commercial use, attribution required)"
study,noun,stˈʌdi,A2,cefr-j,"CEFR-J custom license (research/commercial use, attribution required)"
stuff,noun,stˈʌf,A2,cefr-j,"CEFR-J custom license (research/commercial use, attribution required)"
style,noun,stˈaɪl,A2,cefr-j,"CEFR-J custom license (research/commercial use, attribution required)"
succeed,verb,səksˈid,A2,cefr-j,"CEFR-J custom license (research/commercial use, attribution required)"
success,noun,səksˈɛs,A2,cefr-j,"CEFR-J custom license (research/commercial use, attribution required)"
successfully,adverb,səksˈɛsfəli,A2,cefr-j,"CEFR-J custom license (research/commercial use, attribution required)"
such,determiner,sˈʌtʃ,A2,cefr-j,"CEFR-J custom license (research/commercial use, attribution required)"
such,pronoun,sˈʌtʃ,A2,cefr-j,"CEFR-J custom license (research/commercial use, attribution required)"
sudden,adjective,sˈʌdən,A2,cefr-j,"CEFR-J custom license (research/commercial use, attribution required)"
suggest,verb,sədʒˈɛst,A2,cefr-j,"CEFR-J custom license (research/commercial use, attribution required)"
suit,noun,sˈut,A2,cefr-j,"CEFR-J custom license (research/commercial use, attribution required)"
suit,verb,sˈut,A2,cefr-j,"CEFR-J custom license (research/commercial use, attribution required)"
suitable,adjective,sˈutəbəl,A2,cefr-j,"CEFR-J custom license (research/commercial use, attribution required)"
suitcase,noun,sˈutkˌeɪs,A2,cefr-j,"CEFR-J custom license (research/commercial use, attribution required)"
summary,noun,sˈʌmɚi,A2,cefr-j,"CEFR-J custom license (research/commercial use, attribution required)"
sunflower,noun,sˈʌnflˌaʊɚ,A2,cefr-j,"CEFR-J custom license (research/commercial use, attribution required)"
sunglasses,noun,sˈʌnglˌæsɪz,A2,cefr-j,"CEFR-J custom license (research/commercial use, attribution required)"
sunlight,noun,sˈʌnlˌaɪt,A2,cefr-j,"CEFR-J custom license (research/commercial use, attribution required)"
superlative,noun,sʊpˈɝlətɪv,A2,cefr-j,"CEFR-J custom license (research/commercial use, attribution required)"
superstar,noun,sˌupɚstˈɑɹ,A2,cefr-j,"CEFR-J custom license (research/commercial use, attribution required)"
supper,noun,sˈʌpɚ,A2,cefr-j,"CEFR-J custom license (research/commercial use, attribution required)"
support,noun,səpˈɔɹt,A2,cefr-j,"CEFR-J custom license (research/commercial use, attribution required)"
sure,adverb,ʃˈʊɹ,A2,cefr-j,"CEFR-J custom license (research/commercial use, attribution required)"
surf,verb,sˈɝf,A2,cefr-j,"CEFR-J custom license (research/commercial use, attribution required)"
surfing,noun,sˈɝfɪŋ,A2,cefr-j,"CEFR-J custom license (research/commercial use, attribution required)"
surname,noun,sˈɝnˌeɪm,A2,cefr-j,"CEFR-J custom license (research/commercial use, attribution required)"
surprised,adjective,sɚpɹˈaɪzd,A2,cefr-j,"CEFR-J custom license (research/commercial use, attribution required)"
surprising,adjective,sɚpɹˈaɪzɪŋ,A2,cefr-j,"CEFR-J custom license (research/commercial use, attribution required)"
survive,verb,sɚvˈaɪv,A2,cefr-j,"CEFR-J custom license (research/commercial use, attribution required)"
swallow,verb,swˈɑloʊ,A2,cefr-j,"CEFR-J custom license (research/commercial use, attribution required)"
sweat,verb,swˈɛt,A2,cefr-j,"CEFR-J custom license (research/commercial use, attribution required)"
sweater,noun,swˈɛtɚ,A2,cefr-j,"CEFR-J custom license (research/commercial use, attribution required)"
sweet,noun,swˈit,A2,cefr-j,"CEFR-J custom license (research/commercial use, attribution required)"
sweetheart,noun,swˈithˌɑɹt,A2,cefr-j,"CEFR-J custom license (research/commercial use, attribution required)"
swimming costume,noun,swˈɪmɪŋ kɑstˈum,A2,cefr-j,"CEFR-J custom license (research/commercial use, attribution required)"
swimsuit,noun,swˈɪmsˌut,A2,cefr-j,"CEFR-J custom license (research/commercial use, attribution required)"
symbol,noun,sˈɪmbəl,A2,cefr-j,"CEFR-J custom license (research/commercial use, attribution required)"
symphony,noun,sˈɪmfəni,A2,cefr-j,"CEFR-J custom license (research/commercial use, attribution required)"
system,noun,sˈɪstəm,A2,cefr-j,"CEFR-J custom license (research/commercial use, attribution required)"
table tennis,noun,tˈeɪbəl tˈɛnəs,A2,cefr-j,"CEFR-J custom license (research/commercial use, attribution required)"
tablespoon,noun,tˈeɪbəlspˌun,A2,cefr-j,"CEFR-J custom license (research/commercial use, attribution required)"
talent,noun,tˈælənt,A2,cefr-j,"CEFR-J custom license (research/commercial use, attribution required)"
tap,noun,tˈæp,A2,cefr-j,"CEFR-J custom license (research/commercial use, attribution required)"
tape,noun,tˈeɪp,A2,cefr-j,"CEFR-J custom license (research/commercial use, attribution required)"
target,noun,tˈɑɹgət,A2,cefr-j,"CEFR-J custom license (research/commercial use, attribution required)"
task,noun,tˈæsk,A2,cefr-j,"CEFR-J custom license (research/commercial use, attribution required)"
tear,noun,tˈɛɹ,A2,cefr-j,"CEFR-J custom license (research/commercial use, attribution required)"
teenage,adjective,tˈinˌeɪdʒ,A2,cefr-j,"CEFR-J custom license (research/commercial use, attribution required)"
teenager,noun,tˈinˌeɪdʒɚ,A2,cefr-j,"CEFR-J custom license (research/commercial use, attribution required)"
telephone,verb,tˈɛləfˌoʊn,A2,cefr-j,"CEFR-J custom license (research/commercial use, attribution required)"
temperature,noun,tˈɛmpɹətʃɚ,A2,cefr-j,"CEFR-J custom license (research/commercial use, attribution required)"
terrify,verb,tˈɛɹəfˌaɪ,A2,cefr-j,"CEFR-J custom license (research/commercial use, attribution required)"
terrorist,adjective,tˈɛɹɚɪst,A2,cefr-j,"CEFR-J custom license (research/commercial use, attribution required)"
text,noun,tˈɛkst,A2,cefr-j,"CEFR-J custom license (research/commercial use, attribution required)"
text,verb,tˈɛkst,A2,cefr-j,"CEFR-J custom license (research/commercial use, attribution required)"
text message,noun,tˈɛkst mˈɛsədʒ,A2,cefr-j,"CEFR-J custom license (research/commercial use, attribution required)"
textbook,noun,tˈɛkstbˌʊk,A2,cefr-j,"CEFR-J custom license (research/commercial use, attribution required)"
theirs,pronoun,ðˈɛɹz,A2,cefr-j,"CEFR-J custom license (research/commercial use, attribution required)"
themselves,pronoun,ðɛmsˈɛlvz,A2,cefr-j,"CEFR-J custom license (research/commercial use, attribution required)"
therefore,adverb,ðˈɛɹfˌɔɹ,A2,cefr-j,"CEFR-J custom license (research/commercial use, attribution required)"
thief,noun,θˈif,A2,cefr-j,"CEFR-J custom license (research/commercial use, attribution required)"
third,adjective,θˈɝd,A2,cefr-j,"CEFR-J custom license (research/commercial use, attribution required)"
thirsty,adjective,θˈɝsti,A2,cefr-j,"CEFR-J custom license (research/commercial use, attribution required)"
though,conjunction,ðˈoʊ,A2,cefr-j,"CEFR-J custom license (research/commercial use, attribution required)"
thought,noun,θˈɔt,A2,cefr-j,"CEFR-J custom license (research/commercial use, attribution required)"
thousand,number,θˈaʊzənd,A2,cefr-j,"CEFR-J custom license (research/commercial use, attribution required)"
throw,verb,θɹˈoʊ,A2,cefr-j,"CEFR-J custom license (research/commercial use, attribution required)"
thunderstorm,noun,θˈʌndɚstˌɔɹm,A2,cefr-j,"CEFR-J custom license (research/commercial use, attribution required)"
tidy,adjective,tˈaɪdi,A2,cefr-j,"CEFR-J custom license (research/commercial use, attribution required)"
tidy,verb,tˈaɪdi,A2,cefr-j,"CEFR-J custom license (research/commercial use, attribution required)"
tie,noun,tˈaɪ,A2,cefr-j,"CEFR-J custom license (research/commercial use, attribution required)"
tights,noun,tˈaɪts,A2,cefr-j,"CEFR-J custom license (research/commercial use, attribution required)"
till,preposition,tˈɪl,A2,cefr-j,"CEFR-J custom license (research/commercial use, attribution required)"
timetable,noun,tˈaɪmtˌeɪbəl,A2,cefr-j,"CEFR-J custom license (research/commercial use, attribution required)"
tip,noun,tˈɪp,A2,cefr-j,"CEFR-J custom license (research/commercial use, attribution required)"
title,noun,tˈaɪtəl,A2,cefr-j,"CEFR-J custom license (research/commercial use, attribution required)"
toast,noun,tˈoʊst,A2,cefr-j,"CEFR-J custom license (research/commercial use, attribution required)"
toe,noun,tˈoʊ,A2,cefr-j,"CEFR-J custom license (research/commercial use, attribution required)"
tone,noun,tˈoʊn,A2,cefr-j,"CEFR-J custom license (research/commercial use, attribution required)"
tonight,noun,tənˈaɪt,A2,cefr-j,"CEFR-J custom license (research/commercial use, attribution required)"
toothache,noun,,A2,cefr-j,"CEFR-J custom license (research/commercial use, attribution required)"
toothbrush,noun,tˈuθbɹəʃ,A2,cefr-j,"CEFR-J custom license (research/commercial use, attribution required)"
tour,noun,tˈʊɹ,A2,cefr-j,"CEFR-J custom license (research/commercial use, attribution required)"
tour guide,noun,tˈʊɹ gˈaɪd,A2,cefr-j,"CEFR-J custom license (research/commercial use, attribution required)"
tourist,noun,tˈʊɹəst,A2,cefr-j,"CEFR-J custom license (research/commercial use, attribution required)"
toward,preposition,təwˈɔɹd,A2,cefr-j,"CEFR-J custom license (research/commercial use, attribution required)"
track,noun,tɹˈæk,A2,cefr-j,"CEFR-J custom license (research/commercial use, attribution required)"
trade,noun,tɹˈeɪd,A2,cefr-j,"CEFR-J custom license (research/commercial use, attribution required)"
tradition,noun,tɹədˈɪʃən,A2,cefr-j,"CEFR-J custom license (research/commercial use, attribution required)"
traditional,adjective,tɹədˈɪʃənəl,A2,cefr-j,"CEFR-J custom license (research/commercial use, attribution required)"
traffic,noun,tɹˈæfɪk,A2,cefr-j,"CEFR-J custom license (research/commercial use, attribution required)"
traffic light,noun,tɹˈæfɪk lˈaɪt,A2,cefr-j,"CEFR-J custom license (research/commercial use, attribution required)"
train,verb,tɹˈeɪn,A2,cefr-j,"CEFR-J custom license (research/commercial use, attribution required)"
training,noun,tɹˈeɪnɪŋ,A2,cefr-j,"CEFR-J custom license (research/commercial use, attribution required)"
tram,noun,tɹˈæm,A2,cefr-j,"CEFR-J custom license (research/commercial use, attribution required)"
trap,noun,tɹˈæp,A2,cefr-j,"CEFR-J custom license (research/commercial use, attribution required)"
travel,noun,tɹˈævəl,A2,cefr-j,"CEFR-J custom license (research/commercial use, attribution required)"
traveler,noun,tɹˈævəlɚ,A2,cefr-j,"CEFR-J custom license (research/commercial use, attribution required)"
treasure,noun,tɹˈɛʒɚ,A2,cefr-j,"CEFR-J custom license (research/commercial use, attribution required)"
trick,noun,tɹˈɪk,A2,cefr-j,"CEFR-J custom license (research/commercial use, attribution required)"
trouble,noun,tɹˈʌbəl,A2,cefr-j,"CEFR-J custom license (research/commercial use, attribution required)"
truly,adverb,tɹˈuli,A2,cefr-j,"CEFR-J custom license (research/commercial use, attribution required)"
trust,verb,tɹˈʌst,A2,cefr-j,"CEFR-J custom license (research/commercial use, attribution required)"
truth,noun,tɹˈuθ,A2,cefr-j,"CEFR-J custom license (research/commercial use, attribution required)"
try,verb,tɹˈaɪ,A2,cefr-j,"CEFR-J custom license (research/commercial use, attribution required)"
tune,noun,tˈun,A2,cefr-j,"CEFR-J custom license (research/commercial use, attribution required)"
twice,adverb,twˈaɪs,A2,cefr-j,"CEFR-J custom license (research/commercial use, attribution required)"
uncertain,adjective,ənsˈɝtən,A2,cefr-j,"CEFR-J custom license (research/commercial use, attribution required)"
uncomfortable,adjective,ənkˈʌmfɚtəbəl,A2,cefr-j,"CEFR-J custom license (research/commercial use, attribution required)"
understand,verb,ˌʌndɚstˈænd,A2,cefr-j,"CEFR-J custom license (research/commercial use, attribution required)"
underwater,adjective,ˈʌndɚwˌɔtɚ,A2,cefr-j,"CEFR-J custom license (research/commercial use, attribution required)"
uneasy,adjective,ənˈizi,A2,cefr-j,"CEFR-J custom license (research/commercial use, attribution required)"
unfair,adjective,ənfˈɛɹ,A2,cefr-j,"CEFR-J custom license (research/commercial use, attribution required)"
unforgettable,adjective,ˌʌnfɚgˈɛtəbəl,A2,cefr-j,"CEFR-J custom license (research/commercial use, attribution required)"
unfortunately,adverb,ənfˈɔɹtʃənətli,A2,cefr-j,"CEFR-J custom license (research/commercial use, attribution required)"
unhappy,adjective,ənhˈæpi,A2,cefr-j,"CEFR-J custom license (research/commercial use, attribution required)"
unhealthy,adjective,ənhˈɛlθi,A2,cefr-j,"CEFR-J custom license (research/commercial use, attribution required)"
uniform,adjective,jˈunəfˌɔɹm,A2,cefr-j,"CEFR-J custom license (research/commercial use, attribution required)"
uniform,noun,jˈunəfˌɔɹm,A2,cefr-j,"CEFR-J custom license (research/commercial use, attribution required)"
unimportant,adjective,ənɪmpˈɔɹtənt,A2,cefr-j,"CEFR-J custom license (research/commercial use, attribution required)"
unit,noun,jˈunət,A2,cefr-j,"CEFR-J custom license (research/commercial use, attribution required)"
university,noun,jˌunəvˈɝsəti,A2,cefr-j,"CEFR-J custom license (research/commercial use, attribution required)"
unknown,adjective,ənnˈoʊn,A2,cefr-j,"CEFR-J custom license (research/commercial use, attribution required)"
unlike,adjective,ənlˈaɪk,A2,cefr-j,"CEFR-J custom license (research/commercial use, attribution required)"
unnecessary,adjective,ənnˈɛsəsˌɛɹi,A2,cefr-j,"CEFR-J custom license (research/commercial use, attribution required)"
unpleasant,adjective,ənplˈɛzənt,A2,cefr-j,"CEFR-J custom license (research/commercial use, attribution required)"
unusual,adjective,ənjˈuʒˌuəl,A2,cefr-j,"CEFR-J custom license (research/commercial use, attribution required)"
up,adverb,ˈʌp,A2,cefr-j,"CEFR-J custom license (research/commercial use, attribution required)"
upon,preposition,əpˈɑn,A2,cefr-j,"CEFR-J custom license (research/commercial use, attribution required)"
upset,adjective,əpsˈɛt,A2,cefr-j,"CEFR-J custom license (research/commercial use, attribution required)"
upstairs,adverb,əpstˈɛɹz,A2,cefr-j,"CEFR-J custom license (research/commercial use, attribution required)"
use,noun,jˈus,A2,cefr-j,"CEFR-J custom license (research/commercial use, attribution required)"
used,adjective,jˈuzd,A2,cefr-j,"CEFR-J custom license (research/commercial use, attribution required)"
useful,adjective,jˈusfəl,A2,cefr-j,"CEFR-J custom license (research/commercial use, attribution required)"
usual,adjective,jˈuʒəwəl,A2,cefr-j,"CEFR-J custom license (research/commercial use, attribution required)"
valley,noun,vˈæli,A2,cefr-j,"CEFR-J custom license (research/commercial use, attribution required)"
value,noun,vˈælju,A2,cefr-j,"CEFR-J custom license (research/commercial use, attribution required)"
verb,noun,vˈɝb,A2,cefr-j,"CEFR-J custom license (research/commercial use, attribution required)"
video game,noun,vˈɪdioʊ gˈeɪm,A2,cefr-j,"CEFR-J custom license (research/commercial use, attribution required)"
view,noun,vjˈu,A2,cefr-j,"CEFR-J custom license (research/commercial use, attribution required)"
village,noun,vˈɪlədʒ,A2,cefr-j,"CEFR-J custom license (research/commercial use, attribution required)"
violent,adjective,vˈaɪələnt,A2,cefr-j,"CEFR-J custom license (research/commercial use, attribution required)"
violin,noun,vaɪəlˈɪn,A2,cefr-j,"CEFR-J custom license (research/commercial use, attribution required)"
visitor,noun,vˈɪzɪtɚ,A2,cefr-j,"CEFR-J custom license (research/commercial use, attribution required)"
vocabulary,noun,voʊkˈæbjəlˌɛɹi,A2,cefr-j,"CEFR-J custom license (research/commercial use, attribution required)"
voice,noun,vˈɔɪs,A2,cefr-j,"CEFR-J custom license (research/commercial use, attribution required)"
walking,noun,wˈɔkɪŋ,A2,cefr-j,"CEFR-J custom license (research/commercial use, attribution required)"
wallet,noun,wˈɔlət,A2,cefr-j,"CEFR-J custom license (research/commercial use, attribution required)"
wander,verb,wˈɑndɚ,A2,cefr-j,"CEFR-J custom license (research/commercial use, attribution required)"
washing machine,noun,wˈɑʃɪŋ məʃˈin,A2,cefr-j,"CEFR-J custom license (research/commercial use, attribution required)"
washing-up,noun,,A2,cefr-j,"CEFR-J custom license (research/commercial use, attribution required)"
wave,noun,wˈeɪv,A2,cefr-j,"CEFR-J custom license (research/commercial use, attribution required)"
weak,adjective,wˈik,A2,cefr-j,"CEFR-J custom license (research/commercial use, attribution required)"
wealth,noun,wˈɛlθ,A2,cefr-j,"CEFR-J custom license (research/commercial use, attribution required)"
web,noun,wˈɛb,A2,cefr-j,"CEFR-J custom license (research/commercial use, attribution required)"
web page,noun,wˈɛb pˈeɪdʒ,A2,cefr-j,"CEFR-J custom license (research/commercial use, attribution required)"
website,noun,wˈɛbsˌaɪt,A2,cefr-j,"CEFR-J custom license (research/commercial use, attribution required)"
wedding,noun,wˈɛdɪŋ,A2,cefr-j,"CEFR-J custom license (research/commercial use, attribution required)"
weekday,noun,wˈikdˌeɪ,A2,cefr-j,"CEFR-J custom license (research/commercial use, attribution required)"
weekly,adjective,wˈikli,A2,cefr-j,"CEFR-J custom license (research/commercial use, attribution required)"
weekly,adverb,wˈikli,A2,cefr-j,"CEFR-J custom license (research/commercial use, attribution required)"
weep,noun,wˈip,A2,cefr-j,"CEFR-J custom license (research/commercial use, attribution required)"
weigh,verb,wˈeɪ,A2,cefr-j,"CEFR-J custom license (research/commercial use, attribution required)"
weight,noun,wˈeɪt,A2,cefr-j,"CEFR-J custom license (research/commercial use, attribution required)"
well-known,adjective,wˈɛlnˈoʊn,A2,cefr-j,"CEFR-J custom license (research/commercial use, attribution required)"
west,adjective,wˈɛst,A2,cefr-j,"CEFR-J custom license (research/commercial use, attribution required)"
west,adverb,wˈɛst,A2,cefr-j,"CEFR-J custom license (research/commercial use, attribution required)"
west,noun,wˈɛst,A2,cefr-j,"CEFR-J custom license (research/commercial use, attribution required)"
wet,adjective,wˈɛt,A2,cefr-j,"CEFR-J custom license (research/commercial use, attribution required)"
whatever,determiner,wˌʌtˈɛvɚ,A2,cefr-j,"CEFR-J custom license (research/commercial use, attribution required)"
wheelchair,noun,wˈiltʃˌɛɹ,A2,cefr-j,"CEFR-J custom license (research/commercial use, attribution required)"
while,conjunction,wˈaɪl,A2,cefr-j,"CEFR-J custom license (research/commercial use, attribution required)"
whole,adjective,hˈoʊl,A2,cefr-j,"CEFR-J custom license (research/commercial use, attribution required)"
whom,pronoun,hˈum,A2,cefr-j,"CEFR-J custom license (research/commercial use, attribution required)"
wide,adjective,wˈaɪd,A2,cefr-j,"CEFR-J custom license (research/commercial use, attribution required)"
wide,adverb,wˈaɪd,A2,cefr-j,"CEFR-J custom license (research/commercial use, attribution required)"
widely,adverb,wˈaɪdli,A2,cefr-j,"CEFR-J custom license (research/commercial use, attribution required)"
wild,adjective,wˈaɪld,A2,cefr-j,"CEFR-J custom license (research/commercial use, attribution required)"
windy,adjective,wˈɪndi,A2,cefr-j,"CEFR-J custom license (research/commercial use, attribution required)"
wine,noun,wˈaɪn,A2,cefr-j,"CEFR-J custom license (research/commercial use, attribution required)"
winner,noun,wˈɪnɚ,A2,cefr-j,"CEFR-J custom license (research/commercial use, attribution required)"
wisdom,noun,wˈɪzdəm,A2,cefr-j,"CEFR-J custom license (research/commercial use, attribution required)"
wise,adjective,wˈaɪz,A2,cefr-j,"CEFR-J custom license (research/commercial use, attribution required)"
wish,verb,wˈɪʃ,A2,cefr-j,"CEFR-J custom license (research/commercial use, attribution required)"
within,preposition,wɪðˈɪn,A2,cefr-j,"CEFR-J custom license (research/commercial use, attribution required)"
without,preposition,wɪθˈaʊt,A2,cefr-j,"CEFR-J custom license (research/commercial use, attribution required)"
wonder,verb,wˈʌndɚ,A2,cefr-j,"CEFR-J custom license (research/commercial use, attribution required)"
wood,noun,wˈʊd,A2,cefr-j,"CEFR-J custom license (research/commercial use, attribution required)"
wooden,adjective,wˈʊdən,A2,cefr-j,"CEFR-J custom license (research/commercial use, attribution required)"
wool,noun,wˈʊl,A2,cefr-j,"CEFR-J custom license (research/commercial use, attribution required)"
worldwide,adverb,wˈɝldwˈaɪd,A2,cefr-j,"CEFR-J custom license (research/commercial use, attribution required)"
worried,adjective,wˈɝid,A2,cefr-j,"CEFR-J custom license (research/commercial use, attribution required)"
worry,verb,wˈɝi,A2,cefr-j,"CEFR-J custom license (research/commercial use, attribution required)"
worse,adjective,wˈɝs,A2,cefr-j,"CEFR-J custom license (research/commercial use, attribution required)"
worse,adverb,wˈɝs,A2,cefr-j,"CEFR-J custom license (research/commercial use, attribution required)"
worst,adjective,wˈɝst,A2,cefr-j,"CEFR-J custom license (research/commercial use, attribution required)"
writing,noun,ɹˈaɪtɪŋ,A2,cefr-j,"CEFR-J custom license (research/commercial use, attribution required)"
wrong,adverb,ɹˈɔŋ,A2,cefr-j,"CEFR-J custom license (research/commercial use, attribution required)"
yeah,adverb,jˈæ,A2,cefr-j,"CEFR-J custom license (research/commercial use, attribution required)"
youth,noun,jˈuθ,A2,cefr-j,"CEFR-J custom license (research/commercial use, attribution required)"
zone,noun,zˈoʊn,A2,cefr-j,"CEFR-J custom license (research/commercial use, attribution required)"
abandon,verb,əbˈændən,B1,cefr-j,"CEFR-J custom license (research/commercial use, attribution required)"
able,adjective,ˈeɪbəl,B1,cefr-j,"CEFR-J custom license (research/commercial use, attribution required)"
abnormal,adjective,æbnˈɔɹməl,B1,cefr-j,"CEFR-J custom license (research/commercial use, attribution required)"
aboard,adverb,əbˈɔɹd,B1,cefr-j,"CEFR-J custom license (research/commercial use, attribution required)"
aborigine,noun,ˌæbɚˈɪdʒəni,B1,cefr-j,"CEFR-J custom license (research/commercial use, attribution required)"
above,adjective,əbˈʌv,B1,cefr-j,"CEFR-J custom license (research/commercial use, attribution required)"
absence,noun,ˈæbsəns,B1,cefr-j,"CEFR-J custom license (research/commercial use, attribution required)"
absent,adjective,ˈæbsənt,B1,cefr-j,"CEFR-J custom license (research/commercial use, attribution required)"
absolute,adjective,ˈæbsəlˌut,B1,cefr-j,"CEFR-J custom license (research/commercial use, attribution required)"
absolutely,adverb,ˌæbsəlˈutli,B1,cefr-j,"CEFR-J custom license (research/commercial use, attribution required)"
absorb,verb,əbzˈɔɹb,B1,cefr-j,"CEFR-J custom license (research/commercial use, attribution required)"
abstract,adjective,æbstɹˈækt,B1,cefr-j,"CEFR-J custom license (research/commercial use, attribution required)"
abundance,noun,əbˈʌndəns,B1,cefr-j,"CEFR-J custom license (research/commercial use, attribution required)"
abundant,adjective,əbˈʌndənt,B1,cefr-j,"CEFR-J custom license (research/commercial use, attribution required)"
academic,adjective,ˌækədˈɛmɪk,B1,cefr-j,"CEFR-J custom license (research/commercial use, attribution required)"
academy,noun,əkˈædəmi,B1,cefr-j,"CEFR-J custom license (research/commercial use, attribution required)"
accent,noun,əksˈɛnt,B1,cefr-j,"CEFR-J custom license (research/commercial use, attribution required)"
acceptance,noun,æksˈɛptəns,B1,cefr-j,"CEFR-J custom license (research/commercial use, attribution required)"
access,noun,ˈæksˌɛs,B1,cefr-j,"CEFR-J custom license (research/commercial use, attribution required)"
accessible,adjective,æksˈɛsəbəl,B1,cefr-j,"CEFR-J custom license (research/commercial use, attribution required)"
accessory,noun,æksˈɛsɚi,B1,cefr-j,"CEFR-J custom license (research/commercial use, attribution required)"
accidental,adjective,ˌæksədˈɛntəl,B1,cefr-j,"CEFR-J custom license (research/commercial use, attribution required)"
accidentally,adverb,ˌæksədˈɛntəli,B1,cefr-j,"CEFR-J custom license (research/commercial use, attribution required)"
accompany,verb,əkˈʌmpəni,B1,cefr-j,"CEFR-J custom license (research/commercial use, attribution required)"
accomplish,verb,əkˈɑmplɪʃ,B1,cefr-j,"CEFR-J custom license (research/commercial use, attribution required)"
according to,preposition,əkˈɔɹdɪŋ tˈu,B1,cefr-j,"CEFR-J custom license (research/commercial use, attribution required)"
account,verb,əkˈaʊnt,B1,cefr-j,"CEFR-J custom license (research/commercial use, attribution required)"
accountant,noun,əkˈaʊntənt,B1,cefr-j,"CEFR-J custom license (research/commercial use, attribution required)"
accuracy,noun,ˈækjɚəsi,B1,cefr-j,"CEFR-J custom license (research/commercial use, attribution required)"
accurate,adjective,ˈækjɚət,B1,cefr-j,"CEFR-J custom license (research/commercial use, attribution required)"
accurately,adverb,ˈækjɚətli,B1,cefr-j,"CEFR-J custom license (research/commercial use, attribution required)"
accuse,verb,əkjˈuz,B1,cefr-j,"CEFR-J custom license (research/commercial use, attribution required)"
accustom,verb,əkˈʌstəm,B1,cefr-j,"CEFR-J custom license (research/commercial use, attribution required)"
ache,noun,ˈeɪk,B1,cefr-j,"CEFR-J custom license (research/commercial use, attribution required)"
achievement,noun,ətʃˈivmənt,B1,cefr-j,"CEFR-J custom license (research/commercial use, attribution required)"
acknowledge,verb,æknˈɑlɪdʒ,B1,cefr-j,"CEFR-J custom license (research/commercial use, attribution required)"
acknowledgment,noun,æknˈɑlɪdʒmənt,B1,cefr-j,"CEFR-J custom license (research/commercial use, attribution required)"
acquaintance,noun,əkwˈeɪntəns,B1,cefr-j,"CEFR-J custom license (research/commercial use, attribution required)"
acquire,verb,əkwˈaɪɚ,B1,cefr-j,"CEFR-J custom license (research/commercial use, attribution required)"
act,verb,ˈækt,B1,cefr-j,"CEFR-J custom license (research/commercial use, attribution required)"
active,adjective,ˈæktɪv,B1,cefr-j,"CEFR-J custom license (research/commercial use, attribution required)"
actress,noun,ˈæktɹəs,B1,cefr-j,"CEFR-J custom license (research/commercial use, attribution required)"
ad,noun,ˈæd,B1,cefr-j,"CEFR-J custom license (research/commercial use, attribution required)"
adapt,verb,ədˈæpt,B1,cefr-j,"CEFR-J custom license (research/commercial use, attribution required)"
address,verb,ˈædɹˌɛs,B1,cefr-j,"CEFR-J custom license (research/commercial use, attribution required)"
addressee,noun,ˌædɹɛsˈi,B1,cefr-j,"CEFR-J custom license (research/commercial use, attribution required)"
administration,noun,ædmˌɪnɪstɹˈeɪʃən,B1,cefr-j,"CEFR-J custom license (research/commercial use, attribution required)"
admiration,noun,ˌædmɚˈeɪʃən,B1,cefr-j,"CEFR-J custom license (research/commercial use, attribution required)"
admission,noun,ædmˈɪʃən,B1,cefr-j,"CEFR-J custom license (research/commercial use, attribution required)"
adopt,verb,ədˈɑpt,B1,cefr-j,"CEFR-J custom license (research/commercial use, attribution required)"
adorable,adjective,ədˈɔɹəbəl,B1,cefr-j,"CEFR-J custom license (research/commercial use, attribution required)"
advance,verb,ədvˈæns,B1,cefr-j,"CEFR-J custom license (research/commercial use, attribution required)"
adverb,noun,ˈædvɚb,B1,cefr-j,"CEFR-J custom license (research/commercial use, attribution required)"
adverbial,adjective,ædvˈɝbiəl,B1,cefr-j,"CEFR-J custom license (research/commercial use, attribution required)"
advert,noun,ˈædvɚt,B1,cefr-j,"CEFR-J custom license (research/commercial use, attribution required)"
advertise,verb,ˈædvɚtˌaɪz,B1,cefr-j,"CEFR-J custom license (research/commercial use, attribution required)"
adviser,noun,ædvˈaɪzɚ,B1,cefr-j,"CEFR-J custom license (research/commercial use, attribution required)"
aerobics,noun,ɚˈoʊbɪks,B1,cefr-j,"CEFR-J custom license (research/commercial use, attribution required)"
affect,verb,əfˈɛkt,B1,cefr-j,"CEFR-J custom license (research/commercial use, attribution required)"
affection,noun,əfˈɛkʃən,B1,cefr-j,"CEFR-J custom license (research/commercial use, attribution required)"
afford,verb,əfˈɔɹd,B1,cefr-j,"CEFR-J custom license (research/commercial use, attribution required)"
after,conjunction,ˈæftɚ,B1,cefr-j,"CEFR-J custom license (research/commercial use, attribution required)"
afterward,adverb,ˈæftɚwɚd,B1,cefr-j,"CEFR-J custom license (research/commercial use, attribution required)"
afterwards,adverb,ˈæftɚwɚdz,B1,cefr-j,"CEFR-J custom license (research/commercial use, attribution required)"
agenda,noun,ədʒˈɛndə,B1,cefr-j,"CEFR-J custom license (research/commercial use, attribution required)"
aggressive,adjective,əgɹˈɛsɪv,B1,cefr-j,"CEFR-J custom license (research/commercial use, attribution required)"
agreement,noun,əgɹˈimənt,B1,cefr-j,"CEFR-J custom license (research/commercial use, attribution required)"
agricultural,adjective,ˌægɹəkˈʌltʃɚəl,B1,cefr-j,"CEFR-J custom license (research/commercial use, attribution required)"
agriculture,noun,ˈægɹɪkˌʌltʃɚ,B1,cefr-j,"CEFR-J custom license (research/commercial use, attribution required)"
aid,noun,ˈeɪd,B1,cefr-j,"CEFR-J custom license (research/commercial use, attribution required)"
aid,verb,ˈeɪd,B1,cefr-j,"CEFR-J custom license (research/commercial use, attribution required)"
aim,noun,ˈeɪm,B1,cefr-j,"CEFR-J custom license (research/commercial use, attribution required)"
air conditioning,noun,ˈɛɹ kəndˈɪʃənɪŋ,B1,cefr-j,"CEFR-J custom license (research/commercial use, attribution required)"
air force,noun,ˈɛɹ fˈɔɹs,B1,cefr-j,"CEFR-J custom license (research/commercial use, attribution required)"
airline,noun,ˈɛɹlˌaɪn,B1,cefr-j,"CEFR-J custom license (research/commercial use, attribution required)"
alarm,verb,əlˈɑɹm,B1,cefr-j,"CEFR-J custom license (research/commercial use, attribution required)"
alcohol,noun,ˈælkəhˌɑl,B1,cefr-j,"CEFR-J custom license (research/commercial use, attribution required)"
alcoholic,adjective,ˌælkəhˈɑlɪk,B1,cefr-j,"CEFR-J custom license (research/commercial use, attribution required)"
alike,adjective,əlˈaɪk,B1,cefr-j,"CEFR-J custom license (research/commercial use, attribution required)"
alike,adverb,əlˈaɪk,B1,cefr-j,"CEFR-J custom license (research/commercial use, attribution required)"
allergic,adjective,əlˈɝdʒɪk,B1,cefr-j,"CEFR-J custom license (research/commercial use, attribution required)"
allowance,noun,əlˈaʊəns,B1,cefr-j,"CEFR-J custom license (research/commercial use, attribution required)"
aloud,adverb,əlˈaʊd,B1,cefr-j,"CEFR-J custom license (research/commercial use, attribution required)"
alphabet,noun,ˈælfəbˌɛt,B1,cefr-j,"CEFR-J custom license (research/commercial use, attribution required)"
alternative,adjective,ɔltˈɝnətɪv,B1,cefr-j,"CEFR-J custom license (research/commercial use, attribution required)"
alternative,noun,ɔltˈɝnətɪv,B1,cefr-j,"CEFR-J custom license (research/commercial use, attribution required)"
altogether,adverb,ˌɔltəgˈɛðɚ,B1,cefr-j,"CEFR-J custom license (research/commercial use, attribution required)"
amazed,adjective,əmˈeɪzd,B1,cefr-j,"CEFR-J custom license (research/commercial use, attribution required)"
amazing,adjective,əmˈeɪzɪŋ,B1,cefr-j,"CEFR-J custom license (research/commercial use, attribution required)"
ambitious,adjective,æmbˈɪʃəs,B1,cefr-j,"CEFR-J custom license (research/commercial use, attribution required)"
ambulance,noun,ˈæmbjələns,B1,cefr-j,"CEFR-J custom license (research/commercial use, attribution required)"
amount,noun,əmˈaʊnt,B1,cefr-j,"CEFR-J custom license (research/commercial use, attribution required)"
amusing,adjective,əmjˈuzɪŋ,B1,cefr-j,"CEFR-J custom license (research/commercial use, attribution required)"
analysis,noun,ənˈæləsəs,B1,cefr-j,"CEFR-J custom license (research/commercial use, attribution required)"
analyze,verb,ˈænəlˌaɪz,B1,cefr-j,"CEFR-J custom license (research/commercial use, attribution required)"
anger,noun,ˈæŋgɚ,B1,cefr-j,"CEFR-J custom license (research/commercial use, attribution required)"
angle,noun,ˈæŋgəl,B1,cefr-j,"CEFR-J custom license (research/commercial use, attribution required)"
animated,adjective,ˈænəmˌeɪtɪd,B1,cefr-j,"CEFR-J custom license (research/commercial use, attribution required)"
animation,noun,ˌænəmˈeɪʃən,B1,cefr-j,"CEFR-J custom license (research/commercial use, attribution required)"
announce,verb,ənˈaʊns,B1,cefr-j,"CEFR-J custom license (research/commercial use, attribution required)"
announcement,noun,ənˈaʊnsmənt,B1,cefr-j,"CEFR-J custom license (research/commercial use, attribution required)"
annoyance,noun,ənˈɔɪəns,B1,cefr-j,"CEFR-J custom license (research/commercial use, attribution required)"
annoyed,adjective,ənˈɔɪd,B1,cefr-j,"CEFR-J custom license (research/commercial use, attribution required)"
annual,adjective,ˈænjuəl,B1,cefr-j,"CEFR-J custom license (research/commercial use, attribution required)"
annually,adverb,ˈænjuəli,B1,cefr-j,"CEFR-J custom license (research/commercial use, attribution required)"
ant,noun,ˈænt,B1,cefr-j,"CEFR-J custom license (research/commercial use, attribution required)"
anti,adjective,ˈæntˌi,B1,cefr-j,"CEFR-J custom license (research/commercial use, attribution required)"
antique,noun,æntˈik,B1,cefr-j,"CEFR-J custom license (research/commercial use, attribution required)"
antonym,noun,,B1,cefr-j,"CEFR-J custom license (research/commercial use, attribution required)"
anxiety,noun,æŋzˈaɪəti,B1,cefr-j,"CEFR-J custom license (research/commercial use, attribution required)"
anxiously,adverb,ˈæŋkʃəsli,B1,cefr-j,"CEFR-J custom license (research/commercial use, attribution required)"
anyhow,adverb,ˈɛnihˌaʊ,B1,cefr-j,"CEFR-J custom license (research/commercial use, attribution required)"
ape,noun,ˈeɪp,B1,cefr-j,"CEFR-J custom license (research/commercial use, attribution required)"
apology,noun,əpˈɑlədʒˌi,B1,cefr-j,"CEFR-J custom license (research/commercial use, attribution required)"
apparent,adjective,əpˈɛɹənt,B1,cefr-j,"CEFR-J custom license (research/commercial use, attribution required)"
appeal,noun,əpˈil,B1,cefr-j,"CEFR-J custom license (research/commercial use, attribution required)"
appetite,noun,ˈæpətˌaɪt,B1,cefr-j,"CEFR-J custom license (research/commercial use, attribution required)"
applaud,verb,əplˈɔd,B1,cefr-j,"CEFR-J custom license (research/commercial use, attribution required)"
applause,noun,əplˈɔz,B1,cefr-j,"CEFR-J custom license (research/commercial use, attribution required)"
application,noun,ˌæpləkˈeɪʃən,B1,cefr-j,"CEFR-J custom license (research/commercial use, attribution required)"
appoint,verb,əpˈɔɪnt,B1,cefr-j,"CEFR-J custom license (research/commercial use, attribution required)"
appreciation,noun,əpɹˌiʃiˈeɪʃən,B1,cefr-j,"CEFR-J custom license (research/commercial use, attribution required)"
approach,noun,əpɹˈoʊtʃ,B1,cefr-j,"CEFR-J custom license (research/commercial use, attribution required)"
approval,noun,əpɹˈuvəl,B1,cefr-j,"CEFR-J custom license (research/commercial use, attribution required)"
approve,verb,əpɹˈuv,B1,cefr-j,"CEFR-J custom license (research/commercial use, attribution required)"
approximately,adverb,əpɹˈɑksəmətli,B1,cefr-j,"CEFR-J custom license (research/commercial use, attribution required)"
architect,noun,ˈɑɹkətˌɛkt,B1,cefr-j,"CEFR-J custom license (research/commercial use, attribution required)"
arise,verb,ɚˈaɪz,B1,cefr-j,"CEFR-J custom license (research/commercial use, attribution required)"
arithmetic,noun,ˌɛɹɪθmˈɛtɪk,B1,cefr-j,"CEFR-J custom license (research/commercial use, attribution required)"
arm,verb,ˈɑɹm,B1,cefr-j,"CEFR-J custom license (research/commercial use, attribution required)"
army,noun,ˈɑɹmi,B1,cefr-j,"CEFR-J custom license (research/commercial use, attribution required)"
arrange,verb,ɚˈeɪndʒ,B1,cefr-j,"CEFR-J custom license (research/commercial use, attribution required)"
arrangement,noun,ɚˈeɪndʒmənt,B1,cefr-j,"CEFR-J custom license (research/commercial use, attribution required)"
arrest,noun,ɚˈɛst,B1,cefr-j,"CEFR-J custom license (research/commercial use, attribution required)"
arrest,verb,ɚˈɛst,B1,cefr-j,"CEFR-J custom license (research/commercial use, attribution required)"
arrival,noun,ɚˈaɪvəl,B1,cefr-j,"CEFR-J custom license (research/commercial use, attribution required)"
arrow,noun,ˈæɹoʊ,B1,cefr-j,"CEFR-J custom license (research/commercial use, attribution required)"
artist,noun,ˈɑɹtəst,B1,cefr-j,"CEFR-J custom license (research/commercial use, attribution required)"
artistic,adjective,ɑɹtˈɪstɪk,B1,cefr-j,"CEFR-J custom license (research/commercial use, attribution required)"
ashamed,adjective,əʃˈeɪmd,B1,cefr-j,"CEFR-J custom license (research/commercial use, attribution required)"
aside,adverb,əsˈaɪd,B1,cefr-j,"CEFR-J custom license (research/commercial use, attribution required)"
aspect,noun,ˈæspˌɛkt,B1,cefr-j,"CEFR-J custom license (research/commercial use, attribution required)"
aspirin,noun,ˈæspɹɪn,B1,cefr-j,"CEFR-J custom license (research/commercial use, attribution required)"
assign,verb,əsˈaɪn,B1,cefr-j,"CEFR-J custom license (research/commercial use, attribution required)"
assignment,noun,əsˈaɪnmənt,B1,cefr-j,"CEFR-J custom license (research/commercial use, attribution required)"
assist,verb,əsˈɪst,B1,cefr-j,"CEFR-J custom license (research/commercial use, attribution required)"
assistance,noun,əsˈɪstəns,B1,cefr-j,"CEFR-J custom license (research/commercial use, attribution required)"
assistant,noun,əsˈɪstənt,B1,cefr-j,"CEFR-J custom license (research/commercial use, attribution required)"
associate,verb,əsˈoʊsiət,B1,cefr-j,"CEFR-J custom license (research/commercial use, attribution required)"
assume,verb,əsˈum,B1,cefr-j,"CEFR-J custom license (research/commercial use, attribution required)"
astronomer,noun,əstɹˈɑnəmɚ,B1,cefr-j,"CEFR-J custom license (research/commercial use, attribution required)"
athletic,adjective,æθlˈɛtɪk,B1,cefr-j,"CEFR-J custom license (research/commercial use, attribution required)"
Atlantic,adjective,ətlˈæntɪk,B1,cefr-j,"CEFR-J custom license (research/commercial use, attribution required)"
atmosphere,noun,ˈætməsfˌɪɹ,B1,cefr-j,"CEFR-J custom license (research/commercial use, attribution required)"
atomic,adjective,ətˈɑmɪk,B1,cefr-j,"CEFR-J custom license (research/commercial use, attribution required)"
attach,verb,ətˈætʃ,B1,cefr-j,"CEFR-J custom license (research/commercial use, attribution required)"
attachment,noun,ətˈætʃmənt,B1,cefr-j,"CEFR-J custom license (research/commercial use, attribution required)"
attain,verb,ətˈeɪn,B1,cefr-j,"CEFR-J custom license (research/commercial use, attribution required)"
attempt,verb,ətˈɛmpt,B1,cefr-j,"CEFR-J custom license (research/commercial use, attribution required)"
attend,verb,ətˈɛnd,B1,cefr-j,"CEFR-J custom license (research/commercial use, attribution required)"
attract,verb,ətɹˈækt,B1,cefr-j,"CEFR-J custom license (research/commercial use, attribution required)"
attraction,noun,ətɹˈækʃən,B1,cefr-j,"CEFR-J custom license (research/commercial use, attribution required)"
authority,noun,əθˈɔɹəti,B1,cefr-j,"CEFR-J custom license (research/commercial use, attribution required)"
auxiliary,adjective,ɑgzˈɪljɚi,B1,cefr-j,"CEFR-J custom license (research/commercial use, attribution required)"
available,adjective,əvˈeɪləbəl,B1,cefr-j,"CEFR-J custom license (research/commercial use, attribution required)"
avenue,noun,ˈævənˌu,B1,cefr-j,"CEFR-J custom license (research/commercial use, attribution required)"
award,verb,əwˈɔɹd,B1,cefr-j,"CEFR-J custom license (research/commercial use, attribution required)"
aware,adjective,əwˈɛɹ,B1,cefr-j,"CEFR-J custom license (research/commercial use, attribution required)"
awareness,noun,əwˈɛɹnəs,B1,cefr-j,"CEFR-J custom license (research/commercial use, attribution required)"
awesome,adjective,ˈɑsəm,B1,cefr-j,"CEFR-J custom license (research/commercial use, attribution required)"
awkward,adjective,ˈɑkwɚd,B1,cefr-j,"CEFR-J custom license (research/commercial use, attribution required)"
babysit,verb,bˈeɪbisɪt,B1,cefr-j,"CEFR-J custom license (research/commercial use, attribution required)"
babysitter,noun,bˈeɪbisˌɪtɚ,B1,cefr-j,"CEFR-J custom license (research/commercial use, attribution required)"
back,verb,bˈæk,B1,cefr-j,"CEFR-J custom license (research/commercial use, attribution required)"
backache,noun,bˈækˌeɪk,B1,cefr-j,"CEFR-J custom license (research/commercial use, attribution required)"
backpack,noun,bˈækpˌæk,B1,cefr-j,"CEFR-J custom license (research/commercial use, attribution required)"
backpacker,noun,bˈækpˌækɚ,B1,cefr-j,"CEFR-J custom license (research/commercial use, attribution required)"
backpacking,noun,bˈækpˌækɪŋ,B1,cefr-j,"CEFR-J custom license (research/commercial use, attribution required)"
bacon,noun,bˈeɪkən,B1,cefr-j,"CEFR-J custom license (research/commercial use, attribution required)"
baggage,noun,bˈægədʒ,B1,cefr-j,"CEFR-J custom license (research/commercial use, attribution required)"
baker,noun,bˈeɪkɚ,B1,cefr-j,"CEFR-J custom license (research/commercial use, attribution required)"
bakery,noun,bˈeɪkɚi,B1,cefr-j,"CEFR-J custom license (research/commercial use, attribution required)"
balance,noun,bˈæləns,B1,cefr-j,"CEFR-J custom license (research/commercial use, attribution required)"
bald,adjective,bˈɔld,B1,cefr-j,"CEFR-J custom license (research/commercial use, attribution required)"
bandage,noun,bˈændɪdʒ,B1,cefr-j,"CEFR-J custom license (research/commercial use, attribution required)"
bang,noun,bˈæŋ,B1,cefr-j,"CEFR-J custom license (research/commercial use, attribution required)"
bang,verb,bˈæŋ,B1,cefr-j,"CEFR-J custom license (research/commercial use, attribution required)"
bank account,noun,bˈæŋk əkˈaʊnt,B1,cefr-j,"CEFR-J custom license (research/commercial use, attribution required)"
bar,verb,bˈɑɹ,B1,cefr-j,"CEFR-J custom license (research/commercial use, attribution required)"
barbecue,verb,bˈɑɹbɪkjˌu,B1,cefr-j,"CEFR-J custom license (research/commercial use, attribution required)"
bare,adjective,bˈɛɹ,B1,cefr-j,"CEFR-J custom license (research/commercial use, attribution required)"
barely,adverb,bˈɛɹli,B1,cefr-j,"CEFR-J custom license (research/commercial use, attribution required)"
bark,noun,bˈɑɹk,B1,cefr-j,"CEFR-J custom license (research/commercial use, attribution required)"
barman,noun,bˈɑɹmən,B1,cefr-j,"CEFR-J custom license (research/commercial use, attribution required)"
barrel,noun,bˈæɹəl,B1,cefr-j,"CEFR-J custom license (research/commercial use, attribution required)"
base,verb,bˈeɪs,B1,cefr-j,"CEFR-J custom license (research/commercial use, attribution required)"
basement,noun,bˈeɪsmənt,B1,cefr-j,"CEFR-J custom license (research/commercial use, attribution required)"
basin,noun,bˈeɪsən,B1,cefr-j,"CEFR-J custom license (research/commercial use, attribution required)"
basis,noun,bˈeɪsəs,B1,cefr-j,"CEFR-J custom license (research/commercial use, attribution required)"
bat,verb,bˈæt,B1,cefr-j,"CEFR-J custom license (research/commercial use, attribution required)"
bathe,verb,bˈeɪð,B1,cefr-j,"CEFR-J custom license (research/commercial use, attribution required)"
battle,noun,bˈætəl,B1,cefr-j,"CEFR-J custom license (research/commercial use, attribution required)"
beard,noun,bˈɪɹd,B1,cefr-j,"CEFR-J custom license (research/commercial use, attribution required)"
beast,noun,bˈist,B1,cefr-j,"CEFR-J custom license (research/commercial use, attribution required)"
beat,verb,bˈit,B1,cefr-j,"CEFR-J custom license (research/commercial use, attribution required)"
beautifully,adverb,bjˈutəfli,B1,cefr-j,"CEFR-J custom license (research/commercial use, attribution required)"
beaver,noun,bˈivɚ,B1,cefr-j,"CEFR-J custom license (research/commercial use, attribution required)"
because of,preposition,bɪkˈɔz ˈʌv,B1,cefr-j,"CEFR-J custom license (research/commercial use, attribution required)"
bedside,noun,bˈɛdsˌaɪd,B1,cefr-j,"CEFR-J custom license (research/commercial use, attribution required)"
behalf,noun,bɪhˈæf,B1,cefr-j,"CEFR-J custom license (research/commercial use, attribution required)"
behave,verb,bɪhˈeɪv,B1,cefr-j,"CEFR-J custom license (research/commercial use, attribution required)"
belief,noun,bɪlˈif,B1,cefr-j,"CEFR-J custom license (research/commercial use, attribution required)"
beloved,adjective,bɪlˈʌvd,B1,cefr-j,"CEFR-J custom license (research/commercial use, attribution required)"
beneath,preposition,bɪnˈiθ,B1,cefr-j,"CEFR-J custom license (research/commercial use, attribution required)"
benefit,noun,bˈɛnəfɪt,B1,cefr-j,"CEFR-J custom license (research/commercial use, attribution required)"
bent,adjective,bˈɛnt,B1,cefr-j,"CEFR-J custom license (research/commercial use, attribution required)"
besides,preposition,bɪsˈaɪdz,B1,cefr-j,"CEFR-J custom license (research/commercial use, attribution required)"
bet,verb,bˈɛt,B1,cefr-j,"CEFR-J custom license (research/commercial use, attribution required)"
bilingual,adjective,baɪlˈɪŋgwəl,B1,cefr-j,"CEFR-J custom license (research/commercial use, attribution required)"
bill,verb,bˈɪl,B1,cefr-j,"CEFR-J custom license (research/commercial use, attribution required)"
bin,noun,bˈɪn,B1,cefr-j,"CEFR-J custom license (research/commercial use, attribution required)"
biochemistry,noun,bˌaɪoʊkˈɛməstɹi,B1,cefr-j,"CEFR-J custom license (research/commercial use, attribution required)"
biography,noun,baɪˈɑgɹəfi,B1,cefr-j,"CEFR-J custom license (research/commercial use, attribution required)"
biology,noun,baɪˈɑlədʒi,B1,cefr-j,"CEFR-J custom license (research/commercial use, attribution required)"
bishop,noun,bˈɪʃəp,B1,cefr-j,"CEFR-J custom license (research/commercial use, attribution required)"
bite,verb,bˈaɪt,B1,cefr-j,"CEFR-J custom license (research/commercial use, attribution required)"
bitter,adjective,bˈɪtɚ,B1,cefr-j,"CEFR-J custom license (research/commercial use, attribution required)"
blame,noun,blˈeɪm,B1,cefr-j,"CEFR-J custom license (research/commercial use, attribution required)"
bleed,verb,blˈid,B1,cefr-j,"CEFR-J custom license (research/commercial use, attribution required)"
blend,verb,blˈɛnd,B1,cefr-j,"CEFR-J custom license (research/commercial use, attribution required)"
bless,verb,blˈɛs,B1,cefr-j,"CEFR-J custom license (research/commercial use, attribution required)"
blessing,noun,blˈɛsɪŋ,B1,cefr-j,"CEFR-J custom license (research/commercial use, attribution required)"
blind,adjective,blˈaɪnd,B1,cefr-j,"CEFR-J custom license (research/commercial use, attribution required)"
block,verb,blˈɑk,B1,cefr-j,"CEFR-J custom license (research/commercial use, attribution required)"
blog,noun,blˈɔg,B1,cefr-j,"CEFR-J custom license (research/commercial use, attribution required)"
blogger,noun,blˈɔgɚ,B1,cefr-j,"CEFR-J custom license (research/commercial use, attribution required)"
blush,noun,blˈʌʃ,B1,cefr-j,"CEFR-J custom license (research/commercial use, attribution required)"
board,verb,bˈɔɹd,B1,cefr-j,"CEFR-J custom license (research/commercial use, attribution required)"
boast,verb,bˈoʊst,B1,cefr-j,"CEFR-J custom license (research/commercial use, attribution required)"
bold,adjective,bˈoʊld,B1,cefr-j,"CEFR-J custom license (research/commercial use, attribution required)"
boldly,adverb,bˈoʊldli,B1,cefr-j,"CEFR-J custom license (research/commercial use, attribution required)"
bomb,noun,bˈɑm,B1,cefr-j,"CEFR-J custom license (research/commercial use, attribution required)"
bomb,verb,bˈɑm,B1,cefr-j,"CEFR-J custom license (research/commercial use, attribution required)"
bond,noun,bˈɑnd,B1,cefr-j,"CEFR-J custom license (research/commercial use, attribution required)"
book,verb,bˈʊk,B1,cefr-j,"CEFR-J custom license (research/commercial use, attribution required)"
booking,noun,bˈʊkɪŋ,B1,cefr-j,"CEFR-J custom license (research/commercial use, attribution required)"
boom,noun,bˈum,B1,cefr-j,"CEFR-J custom license (research/commercial use, attribution required)"
boot,noun,bˈut,B1,cefr-j,"CEFR-J custom license (research/commercial use, attribution required)"
border,noun,bˈɔɹdɚ,B1,cefr-j,"CEFR-J custom license (research/commercial use, attribution required)"
bore,verb,bˈɔɹ,B1,cefr-j,"CEFR-J custom license (research/commercial use, attribution required)"
boredom,noun,bˈɔɹdəm,B1,cefr-j,"CEFR-J custom license (research/commercial use, attribution required)"
bother,noun,bˈɑðɚ,B1,cefr-j,"CEFR-J custom license (research/commercial use, attribution required)"
bounce,verb,bˈaʊns,B1,cefr-j,"CEFR-J custom license (research/commercial use, attribution required)"
bound,adjective,bˈaʊnd,B1,cefr-j,"CEFR-J custom license (research/commercial use, attribution required)"
bow,noun,bˈaʊ,B1,cefr-j,"CEFR-J custom license (research/commercial use, attribution required)"
bowl,verb,bˈoʊl,B1,cefr-j,"CEFR-J custom license (research/commercial use, attribution required)"
boxing,noun,bˈɑksɪŋ,B1,cefr-j,"CEFR-J custom license (research/commercial use, attribution required)"
bracelet,noun,bɹˈeɪslət,B1,cefr-j,"CEFR-J custom license (research/commercial use, attribution required)"
brainstorming,noun,bɹˈeɪnstˌɔɹmɪŋ,B1,cefr-j,"CEFR-J custom license (research/commercial use, attribution required)"
branch,verb,bɹˈæntʃ,B1,cefr-j,"CEFR-J custom license (research/commercial use, attribution required)"
brand-new,adjective,bɹˈændnˌu,B1,cefr-j,"CEFR-J custom license (research/commercial use, attribution required)"
brass,noun,bɹˈæs,B1,cefr-j,"CEFR-J custom license (research/commercial use, attribution required)"
bravely,adverb,bɹˈeɪvli,B1,cefr-j,"CEFR-J custom license (research/commercial use, attribution required)"
breakthrough,noun,bɹˈeɪkθɹˌu,B1,cefr-j,"CEFR-J custom license (research/commercial use, attribution required)"
breast,noun,bɹˈɛst,B1,cefr-j,"CEFR-J custom license (research/commercial use, attribution required)"
breath,noun,bɹˈɛθ,B1,cefr-j,"CEFR-J custom license (research/commercial use, attribution required)"
breathless,adjective,bɹˈɛθləs,B1,cefr-j,"CEFR-J custom license (research/commercial use, attribution required)"
breed,verb,bɹˈid,B1,cefr-j,"CEFR-J custom license (research/commercial use, attribution required)"
breeding,noun,bɹˈidɪŋ,B1,cefr-j,"CEFR-J custom license (research/commercial use, attribution required)"
brick,noun,bɹˈɪk,B1,cefr-j,"CEFR-J custom license (research/commercial use, attribution required)"
brief,adjective,bɹˈif,B1,cefr-j,"CEFR-J custom license (research/commercial use, attribution required)"
briefly,adverb,bɹˈifli,B1,cefr-j,"CEFR-J custom license (research/commercial use, attribution required)"
brightly,adverb,bɹˈaɪtli,B1,cefr-j,"CEFR-J custom license (research/commercial use, attribution required)"
broad,adjective,bɹˈɔd,B1,cefr-j,"CEFR-J custom license (research/commercial use, attribution required)"
broadcast,noun,bɹˈɔdkˌæst,B1,cefr-j,"CEFR-J custom license (research/commercial use, attribution required)"
broccoli,noun,bɹˈɑkəli,B1,cefr-j,"CEFR-J custom license (research/commercial use, attribution required)"
bronze,noun,bɹˈɑnz,B1,cefr-j,"CEFR-J custom license (research/commercial use, attribution required)"
brotherhood,noun,bɹˈʌðɚhˌʊd,B1,cefr-j,"CEFR-J custom license (research/commercial use, attribution required)"
bubble,noun,bˈʌbəl,B1,cefr-j,"CEFR-J custom license (research/commercial use, attribution required)"
buddy,noun,bˈʌdi,B1,cefr-j,"CEFR-J custom license (research/commercial use, attribution required)"
builder,noun,bˈɪldɚ,B1,cefr-j,"CEFR-J custom license (research/commercial use, attribution required)"
bull,noun,bˈʊl,B1,cefr-j,"CEFR-J custom license (research/commercial use, attribution required)"
bullet,noun,bˈʊlət,B1,cefr-j,"CEFR-J custom license (research/commercial use, attribution required)"
bulletin,noun,bˈʊlɪtən,B1,cefr-j,"CEFR-J custom license (research/commercial use, attribution required)"
bump,verb,bˈʌmp,B1,cefr-j,"CEFR-J custom license (research/commercial use, attribution required)"
bunch,noun,bˈʌntʃ,B1,cefr-j,"CEFR-J custom license (research/commercial use, attribution required)"
burden,noun,bˈɝdən,B1,cefr-j,"CEFR-J custom license (research/commercial use, attribution required)"
bureau,noun,bjˈʊɹoʊ,B1,cefr-j,"CEFR-J custom license (research/commercial use, attribution required)"
burglar,noun,bˈɝglɚ,B1,cefr-j,"CEFR-J custom license (research/commercial use, attribution required)"
burn,verb,bˈɝn,B1,cefr-j,"CEFR-J custom license (research/commercial use, attribution required)"
burning,adjective,bˈɝnɪŋ,B1,cefr-j,"CEFR-J custom license (research/commercial use, attribution required)"
burst,verb,bˈɝst,B1,cefr-j,"CEFR-J custom license (research/commercial use, attribution required)"
bust,verb,bˈʌst,B1,cefr-j,"CEFR-J custom license (research/commercial use, attribution required)"
but,preposition,bˈʌt,B1,cefr-j,"CEFR-J custom license (research/commercial use, attribution required)"
butcher,noun,bˈʊtʃɚ,B1,cefr-j,"CEFR-J custom license (research/commercial use, attribution required)"
buyer,noun,bˈaɪɚ,B1,cefr-j,"CEFR-J custom license (research/commercial use, attribution required)"
cabbage,noun,kˈæbədʒ,B1,cefr-j,"CEFR-J custom license (research/commercial use, attribution required)"
cabin,noun,kˈæbən,B1,cefr-j,"CEFR-J custom license (research/commercial use, attribution required)"
cage,noun,kˈeɪdʒ,B1,cefr-j,"CEFR-J custom license (research/commercial use, attribution required)"
calculate,verb,kˈælkjəlˌeɪt,B1,cefr-j,"CEFR-J custom license (research/commercial use, attribution required)"
calculation,noun,kˌælkjəlˈeɪʃən,B1,cefr-j,"CEFR-J custom license (research/commercial use, attribution required)"
calculator,noun,kˈælkjəlˌeɪtɚ,B1,cefr-j,"CEFR-J custom license (research/commercial use, attribution required)"
calf,noun,kˈæf,B1,cefr-j,"CEFR-J custom license (research/commercial use, attribution required)"
caller,noun,kˈɔlɚ,B1,cefr-j,"CEFR-J custom license (research/commercial use, attribution required)"
calm,adjective,kˈɑm,B1,cefr-j,"CEFR-J custom license (research/commercial use, attribution required)"
calmness,noun,kˈɑmnəs,B1,cefr-j,"CEFR-J custom license (research/commercial use, attribution required)"
camel,noun,kˈæməl,B1,cefr-j,"CEFR-J custom license (research/commercial use, attribution required)"
campsite,noun,kˈæmpsˌaɪt,B1,cefr-j,"CEFR-J custom license (research/commercial use, attribution required)"
canal,noun,kənˈæl,B1,cefr-j,"CEFR-J custom license (research/commercial use, attribution required)"
cancel,verb,kˈænsəl,B1,cefr-j,"CEFR-J custom license (research/commercial use, attribution required)"
cancer,noun,kˈænsɚ,B1,cefr-j,"CEFR-J custom license (research/commercial use, attribution required)"
candle,noun,kˈændəl,B1,cefr-j,"CEFR-J custom license (research/commercial use, attribution required)"
canned,adjective,kˈænd,B1,cefr-j,"CEFR-J custom license (research/commercial use, attribution required)"
canteen,noun,kæntˈin,B1,cefr-j,"CEFR-J custom license (research/commercial use, attribution required)"
capable,adjective,kˈeɪpəbəl,B1,cefr-j,"CEFR-J custom license (research/commercial use, attribution required)"
capacity,noun,kəpˈæsəti,B1,cefr-j,"CEFR-J custom license (research/commercial use, attribution required)"
capsule,noun,kˈæpsəl,B1,cefr-j,"CEFR-J custom license (research/commercial use, attribution required)"
capture,noun,kˈæptʃɚ,B1,cefr-j,"CEFR-J custom license (research/commercial use, attribution required)"
capture,verb,kˈæptʃɚ,B1,cefr-j,"CEFR-J custom license (research/commercial use, attribution required)"
care,verb,kˈɛɹ,B1,cefr-j,"CEFR-J custom license (research/commercial use, attribution required)"
career,noun,kɚˈɪɹ,B1,cefr-j,"CEFR-J custom license (research/commercial use, attribution required)"
careless,adjective,kˈɛɹləs,B1,cefr-j,"CEFR-J custom license (research/commercial use, attribution required)"
carelessly,adverb,kˈɛɹləsli,B1,cefr-j,"CEFR-J custom license (research/commercial use, attribution required)"
carelessness,noun,kˈɛɹləsnəs,B1,cefr-j,"CEFR-J custom license (research/commercial use, attribution required)"
carpet,noun,kˈɑɹpət,B1,cefr-j,"CEFR-J custom license (research/commercial use, attribution required)"
carriage,noun,kˈæɹɪdʒ,B1,cefr-j,"CEFR-J custom license (research/commercial use, attribution required)"
carton,noun,kˈɑɹtən,B1,cefr-j,"CEFR-J custom license (research/commercial use, attribution required)"
cashpoint,noun,,B1,cefr-j,"CEFR-J custom license (research/commercial use, attribution required)"
casual,adjective,kˈæʒəwəl,B1,cefr-j,"CEFR-J custom license (research/commercial use, attribution required)"
categorize,verb,kˈætəgɚˌaɪz,B1,cefr-j,"CEFR-J custom license (research/commercial use, attribution required)"
category,noun,kˈætəgˌɔɹi,B1,cefr-j,"CEFR-J custom license (research/commercial use, attribution required)"
cattle,noun,kˈætəl,B1,cefr-j,"CEFR-J custom license (research/commercial use, attribution required)"
caution,noun,kˈɑʃən,B1,cefr-j,"CEFR-J custom license (research/commercial use, attribution required)"
cautious,adjective,kˈɔʃəs,B1,cefr-j,"CEFR-J custom license (research/commercial use, attribution required)"
cave,noun,kˈeɪv,B1,cefr-j,"CEFR-J custom license (research/commercial use, attribution required)"
CD-ROM,noun,,B1,cefr-j,"CEFR-J custom license (research/commercial use, attribution required)"
celebrity,noun,səlˈɛbɹɪti,B1,cefr-j,"CEFR-J custom license (research/commercial use, attribution required)"
cell,noun,sˈɛl,B1,cefr-j,"CEFR-J custom license (research/commercial use, attribution required)"
central,adjective,sˈɛntɹəl,B1,cefr-j,"CEFR-J custom license (research/commercial use, attribution required)"
central heating,noun,sˈɛntɹəl hˈitɪŋ,B1,cefr-j,"CEFR-J custom license (research/commercial use, attribution required)"
ceremony,noun,sˈɛɹəmˌoʊni,B1,cefr-j,"CEFR-J custom license (research/commercial use, attribution required)"
certainty,noun,sˈɝtənti,B1,cefr-j,"CEFR-J custom license (research/commercial use, attribution required)"
challenging,adjective,tʃˈæləndʒɪŋ,B1,cefr-j,"CEFR-J custom license (research/commercial use, attribution required)"
champion,noun,tʃˈæmpiən,B1,cefr-j,"CEFR-J custom license (research/commercial use, attribution required)"
channel,noun,tʃˈænəl,B1,cefr-j,"CEFR-J custom license (research/commercial use, attribution required)"
chaos,noun,kˈeɪɑs,B1,cefr-j,"CEFR-J custom license (research/commercial use, attribution required)"
characteristic,noun,kˌɛɹəktɚˈɪstɪk,B1,cefr-j,"CEFR-J custom license (research/commercial use, attribution required)"
characterize,verb,kˈɛɹəktɚˌaɪz,B1,cefr-j,"CEFR-J custom license (research/commercial use, attribution required)"
charge,noun,tʃˈɑɹdʒ,B1,cefr-j,"CEFR-J custom license (research/commercial use, attribution required)"
charge,verb,tʃˈɑɹdʒ,B1,cefr-j,"CEFR-J custom license (research/commercial use, attribution required)"
chariot,noun,tʃˈɛɹiət,B1,cefr-j,"CEFR-J custom license (research/commercial use, attribution required)"
charity,noun,tʃˈɛɹɪti,B1,cefr-j,"CEFR-J custom license (research/commercial use, attribution required)"
charm,noun,tʃˈɑɹm,B1,cefr-j,"CEFR-J custom license (research/commercial use, attribution required)"
chase,noun,tʃˈeɪs,B1,cefr-j,"CEFR-J custom license (research/commercial use, attribution required)"
chat,noun,tʃˈæt,B1,cefr-j,"CEFR-J custom license (research/commercial use, attribution required)"
chat show,noun,tʃˈæt ʃˈoʊ,B1,cefr-j,"CEFR-J custom license (research/commercial use, attribution required)"
check-in counter,noun,,B1,cefr-j,"CEFR-J custom license (research/commercial use, attribution required)"
check-in desk,noun,,B1,cefr-j,"CEFR-J custom license (research/commercial use, attribution required)"
checkout,noun,tʃˈɛkˌaʊt,B1,cefr-j,"CEFR-J custom license (research/commercial use, attribution required)"
cheerful,adjective,tʃˈɪɹfəl,B1,cefr-j,"CEFR-J custom license (research/commercial use, attribution required)"
chemical,noun,kˈɛməkəl,B1,cefr-j,"CEFR-J custom license (research/commercial use, attribution required)"
chemist,noun,kˈɛmɪst,B1,cefr-j,"CEFR-J custom license (research/commercial use, attribution required)"
chemistry,noun,kˈɛməstɹi,B1,cefr-j,"CEFR-J custom license (research/commercial use, attribution required)"
cherish,verb,tʃˈɛɹɪʃ,B1,cefr-j,"CEFR-J custom license (research/commercial use, attribution required)"
chest of drawers,noun,tʃˈɛst ˈʌv dɹˈɔɹz,B1,cefr-j,"CEFR-J custom license (research/commercial use, attribution required)"
chewing gum,noun,tʃˈuɪŋ gˈʌm,B1,cefr-j,"CEFR-J custom license (research/commercial use, attribution required)"
chief,adjective,tʃˈif,B1,cefr-j,"CEFR-J custom license (research/commercial use, attribution required)"
choir,noun,kwˈaɪɚ,B1,cefr-j,"CEFR-J custom license (research/commercial use, attribution required)"
choke,verb,tʃˈoʊk,B1,cefr-j,"CEFR-J custom license (research/commercial use, attribution required)"
Christian,adjective,kɹˈɪstʃən,B1,cefr-j,"CEFR-J custom license (research/commercial use, attribution required)"
chronological,adjective,kɹˌɑnəlˈɑdʒɪkəl,B1,cefr-j,"CEFR-J custom license (research/commercial use, attribution required)"
chuckle,noun,tʃˈʌkəl,B1,cefr-j,"CEFR-J custom license (research/commercial use, attribution required)"
circle,verb,sˈɝkəl,B1,cefr-j,"CEFR-J custom license (research/commercial use, attribution required)"
circular,adjective,sˈɝkjəlɚ,B1,cefr-j,"CEFR-J custom license (research/commercial use, attribution required)"
circus,noun,sˈɝkəs,B1,cefr-j,"CEFR-J custom license (research/commercial use, attribution required)"
citizenship,noun,sˈɪtɪzənʃˌɪp,B1,cefr-j,"CEFR-J custom license (research/commercial use, attribution required)"
civil,adjective,sˈɪvəl,B1,cefr-j,"CEFR-J custom license (research/commercial use, attribution required)"
civilization,noun,sˌɪvəlɪzˈeɪʃən,B1,cefr-j,"CEFR-J custom license (research/commercial use, attribution required)"
claim,noun,klˈeɪm,B1,cefr-j,"CEFR-J custom license (research/commercial use, attribution required)"
classical,adjective,klˈæsɪkəl,B1,cefr-j,"CEFR-J custom license (research/commercial use, attribution required)"
classify,verb,klˈæsəfˌaɪ,B1,cefr-j,"CEFR-J custom license (research/commercial use, attribution required)"
clear,verb,klˈɪɹ,B1,cefr-j,"CEFR-J custom license (research/commercial use, attribution required)"
click,noun,klˈɪk,B1,cefr-j,"CEFR-J custom license (research/commercial use, attribution required)"
cliff,noun,klˈɪf,B1,cefr-j,"CEFR-J custom license (research/commercial use, attribution required)"
climate,noun,klˈaɪmət,B1,cefr-j,"CEFR-J custom license (research/commercial use, attribution required)"
climber,noun,klˈaɪmɚ,B1,cefr-j,"CEFR-J custom license (research/commercial use, attribution required)"
clinic,noun,klˈɪnɪk,B1,cefr-j,"CEFR-J custom license (research/commercial use, attribution required)"
clip,noun,klˈɪp,B1,cefr-j,"CEFR-J custom license (research/commercial use, attribution required)"
closely,adverb,klˈoʊsli,B1,cefr-j,"CEFR-J custom license (research/commercial use, attribution required)"
coal,noun,kˈoʊl,B1,cefr-j,"CEFR-J custom license (research/commercial use, attribution required)"
coast,verb,kˈoʊst,B1,cefr-j,"CEFR-J custom license (research/commercial use, attribution required)"
coastal,adjective,kˈoʊstəl,B1,cefr-j,"CEFR-J custom license (research/commercial use, attribution required)"
cod,noun,kˈɑd,B1,cefr-j,"CEFR-J custom license (research/commercial use, attribution required)"
coffin,noun,kˈɔfɪn,B1,cefr-j,"CEFR-J custom license (research/commercial use, attribution required)"
collapse,noun,kəlˈæps,B1,cefr-j,"CEFR-J custom license (research/commercial use, attribution required)"
collar,noun,kˈɑlɚ,B1,cefr-j,"CEFR-J custom license (research/commercial use, attribution required)"
columnist,noun,kˈɑləmnəst,B1,cefr-j,"CEFR-J custom license (research/commercial use, attribution required)"
combination,noun,kˌɑmbənˈeɪʃən,B1,cefr-j,"CEFR-J custom license (research/commercial use, attribution required)"
combine,verb,kˈɑmbaɪn,B1,cefr-j,"CEFR-J custom license (research/commercial use, attribution required)"
comedian,noun,kəmˈidiən,B1,cefr-j,"CEFR-J custom license (research/commercial use, attribution required)"
comedy,noun,kˈɑmədi,B1,cefr-j,"CEFR-J custom license (research/commercial use, attribution required)"
comet,noun,kˈɑmət,B1,cefr-j,"CEFR-J custom license (research/commercial use, attribution required)"
comfort,noun,kˈʌmfɚt,B1,cefr-j,"CEFR-J custom license (research/commercial use, attribution required)"
comma,noun,kˈɑmə,B1,cefr-j,"CEFR-J custom license (research/commercial use, attribution required)"
command,noun,kəmˈænd,B1,cefr-j,"CEFR-J custom license (research/commercial use, attribution required)"
comment,noun,kˈɑmɛnt,B1,cefr-j,"CEFR-J custom license (research/commercial use, attribution required)"
commercial,adjective,kəmˈɝʃəl,B1,cefr-j,"CEFR-J custom license (research/commercial use, attribution required)"
commit,verb,kəmˈɪt,B1,cefr-j,"CEFR-J custom license (research/commercial use, attribution required)"
common sense,noun,kˈɑmən sˈɛns,B1,cefr-j,"CEFR-J custom license (research/commercial use, attribution required)"
commonly,adverb,kˈɑmənli,B1,cefr-j,"CEFR-J custom license (research/commercial use, attribution required)"
companion,noun,kəmpˈænjən,B1,cefr-j,"CEFR-J custom license (research/commercial use, attribution required)"
comparison,noun,kəmpˈɛɹəsən,B1,cefr-j,"CEFR-J custom license (research/commercial use, attribution required)"
compete,verb,kəmpˈit,B1,cefr-j,"CEFR-J custom license (research/commercial use, attribution required)"
competitive,adjective,kəmpˈɛtətɪv,B1,cefr-j,"CEFR-J custom license (research/commercial use, attribution required)"
competitor,noun,kəmpˈɛtətɚ,B1,cefr-j,"CEFR-J custom license (research/commercial use, attribution required)"
complement,noun,kˈɑmpləmənt,B1,cefr-j,"CEFR-J custom license (research/commercial use, attribution required)"
complete,verb,kəmplˈit,B1,cefr-j,"CEFR-J custom license (research/commercial use, attribution required)"
completely,adverb,kəmplˈitli,B1,cefr-j,"CEFR-J custom license (research/commercial use, attribution required)"
complex,adjective,kˈɑmplɛks,B1,cefr-j,"CEFR-J custom license (research/commercial use, attribution required)"
complicate,verb,kˈɑmpləkˌeɪt,B1,cefr-j,"CEFR-J custom license (research/commercial use, attribution required)"
complicated,adjective,kˈɑmpləkˌeɪtəd,B1,cefr-j,"CEFR-J custom license (research/commercial use, attribution required)"
compliment,noun,kˈɑmpləmɛnt,B1,cefr-j,"CEFR-J custom license (research/commercial use, attribution required)"
compose,verb,kəmpˈoʊz,B1,cefr-j,"CEFR-J custom license (research/commercial use, attribution required)"
composition,noun,kˌɑmpəzˈɪʃən,B1,cefr-j,"CEFR-J custom license (research/commercial use, attribution required)"
compound,noun,kˈɑmpaʊnd,B1,cefr-j,"CEFR-J custom license (research/commercial use, attribution required)"
compromise,noun,kˈɑmpɹəmˌaɪz,B1,cefr-j,"CEFR-J custom license (research/commercial use, attribution required)"
concentration,noun,kˌɑnsəntɹˈeɪʃən,B1,cefr-j,"CEFR-J custom license (research/commercial use, attribution required)"
concept,noun,kˈɑnsɛpt,B1,cefr-j,"CEFR-J custom license (research/commercial use, attribution required)"
concerned,adjective,kənsˈɝnd,B1,cefr-j,"CEFR-J custom license (research/commercial use, attribution required)"
conclude,verb,kənklˈud,B1,cefr-j,"CEFR-J custom license (research/commercial use, attribution required)"
conclusion,noun,kənklˈuʒən,B1,cefr-j,"CEFR-J custom license (research/commercial use, attribution required)"
conduct,noun,kˈɑndəkt,B1,cefr-j,"CEFR-J custom license (research/commercial use, attribution required)"
confidence,noun,kˈɑnfədəns,B1,cefr-j,"CEFR-J custom license (research/commercial use, attribution required)"
confirm,verb,kənfˈɝm,B1,cefr-j,"CEFR-J custom license (research/commercial use, attribution required)"
confirmation,noun,kˌɑnfɚmˈeɪʃən,B1,cefr-j,"CEFR-J custom license (research/commercial use, attribution required)"
conflict,noun,kˈɑnflɪkt,B1,cefr-j,"CEFR-J custom license (research/commercial use, attribution required)"
confusing,adjective,kənfjˈuzɪŋ,B1,cefr-j,"CEFR-J custom license (research/commercial use, attribution required)"
confusion,noun,kənfjˈuʒən,B1,cefr-j,"CEFR-J custom license (research/commercial use, attribution required)"
congratulate,verb,kəngɹˈætʃəlˌeɪt,B1,cefr-j,"CEFR-J custom license (research/commercial use, attribution required)"
connect,verb,kənˈɛkt,B1,cefr-j,"CEFR-J custom license (research/commercial use, attribution required)"
connection,noun,kənˈɛkʃən,B1,cefr-j,"CEFR-J custom license (research/commercial use, attribution required)"
conquer,verb,kˈɑŋkɚ,B1,cefr-j,"CEFR-J custom license (research/commercial use, attribution required)"
conscious,adjective,kˈɑnʃəs,B1,cefr-j,"CEFR-J custom license (research/commercial use, attribution required)"
consequently,adverb,kˈɑnsəkwəntli,B1,cefr-j,"CEFR-J custom license (research/commercial use, attribution required)"
conservation,noun,kˌɑnsɚvˈeɪʃən,B1,cefr-j,"CEFR-J custom license (research/commercial use, attribution required)"
conservative,adjective,kənsˈɝvətɪv,B1,cefr-j,"CEFR-J custom license (research/commercial use, attribution required)"
considerable,adjective,kənsˈɪdɚəbəl,B1,cefr-j,"CEFR-J custom license (research/commercial use, attribution required)"
consideration,noun,kənsˌɪdɚˈeɪʃən,B1,cefr-j,"CEFR-J custom license (research/commercial use, attribution required)"
consonant,noun,kˈɑnsənənt,B1,cefr-j,"CEFR-J custom license (research/commercial use, attribution required)"
constantly,adverb,kˈɑnstəntli,B1,cefr-j,"CEFR-J custom license (research/commercial use, attribution required)"
constitute,verb,kˈɑnstətˌut,B1,cefr-j,"CEFR-J custom license (research/commercial use, attribution required)"
constitution,noun,kˌɑnstətˈuʃən,B1,cefr-j,"CEFR-J custom license (research/commercial use, attribution required)"
construct,verb,kənstɹˈʌkt,B1,cefr-j,"CEFR-J custom license (research/commercial use, attribution required)"
construction,noun,kənstɹˈʌkʃən,B1,cefr-j,"CEFR-J custom license (research/commercial use, attribution required)"
consume,verb,kənsˈum,B1,cefr-j,"CEFR-J custom license (research/commercial use, attribution required)"
consumer,noun,kənsˈumɚ,B1,cefr-j,"CEFR-J custom license (research/commercial use, attribution required)"
consumption,noun,kənsˈʌmpʃən,B1,cefr-j,"CEFR-J custom license (research/commercial use, attribution required)"
contain,verb,kəntˈeɪn,B1,cefr-j,"CEFR-J custom license (research/commercial use, attribution required)"
content,noun,kˈɑntɛnt,B1,cefr-j,"CEFR-J custom license (research/commercial use, attribution required)"
continual,adjective,kəntˈɪnjuəl,B1,cefr-j,"CEFR-J custom license (research/commercial use, attribution required)"
continually,adverb,kəntˈɪnjuəli,B1,cefr-j,"CEFR-J custom license (research/commercial use, attribution required)"
continuous,adjective,kəntˈɪnjuəs,B1,cefr-j,"CEFR-J custom license (research/commercial use, attribution required)"
continuously,adverb,kəntˈɪnjuəsli,B1,cefr-j,"CEFR-J custom license (research/commercial use, attribution required)"
contrary,adjective,kˈɑntɹɛɹi,B1,cefr-j,"CEFR-J custom license (research/commercial use, attribution required)"
contribute,verb,kəntɹˈɪbjut,B1,cefr-j,"CEFR-J custom license (research/commercial use, attribution required)"
contribution,noun,kˌɑntɹəbjˈuʃən,B1,cefr-j,"CEFR-J custom license (research/commercial use, attribution required)"
control,verb,kəntɹˈoʊl,B1,cefr-j,"CEFR-J custom license (research/commercial use, attribution required)"
controversial,adjective,kˌɑntɹəvˈɝʃəl,B1,cefr-j,"CEFR-J custom license (research/commercial use, attribution required)"
convey,verb,kənvˈeɪ,B1,cefr-j,"CEFR-J custom license (research/commercial use, attribution required)"
convince,verb,kənvˈɪns,B1,cefr-j,"CEFR-J custom license (research/commercial use, attribution required)"
copyright,noun,kˈɑpiɹˌaɪt,B1,cefr-j,"CEFR-J custom license (research/commercial use, attribution required)"
correction,noun,kɚˈɛkʃən,B1,cefr-j,"CEFR-J custom license (research/commercial use, attribution required)"
cotton,noun,kˈɑtən,B1,cefr-j,"CEFR-J custom license (research/commercial use, attribution required)"
cough,verb,kˈɑf,B1,cefr-j,"CEFR-J custom license (research/commercial use, attribution required)"
council,noun,kˈaʊnsəl,B1,cefr-j,"CEFR-J custom license (research/commercial use, attribution required)"
counseling,noun,kˈaʊnsəlɪŋ,B1,cefr-j,"CEFR-J custom license (research/commercial use, attribution required)"
count,noun,kˈaʊnt,B1,cefr-j,"CEFR-J custom license (research/commercial use, attribution required)"
counter,verb,kˈaʊntɚ,B1,cefr-j,"CEFR-J custom license (research/commercial use, attribution required)"
countless,adjective,kˈaʊntləs,B1,cefr-j,"CEFR-J custom license (research/commercial use, attribution required)"
county,noun,kˈaʊnti,B1,cefr-j,"CEFR-J custom license (research/commercial use, attribution required)"
courage,noun,kˈɝədʒ,B1,cefr-j,"CEFR-J custom license (research/commercial use, attribution required)"
courageous,adjective,kɚˈeɪdʒəs,B1,cefr-j,"CEFR-J custom license (research/commercial use, attribution required)"
courgette,noun,,B1,cefr-j,"CEFR-J custom license (research/commercial use, attribution required)"
craft,noun,kɹˈæft,B1,cefr-j,"CEFR-J custom license (research/commercial use, attribution required)"
crash,noun,kɹˈæʃ,B1,cefr-j,"CEFR-J custom license (research/commercial use, attribution required)"
crash,verb,kɹˈæʃ,B1,cefr-j,"CEFR-J custom license (research/commercial use, attribution required)"
creator,noun,kɹiˈeɪtɚ,B1,cefr-j,"CEFR-J custom license (research/commercial use, attribution required)"
criminal,noun,kɹˈɪmənəl,B1,cefr-j,"CEFR-J custom license (research/commercial use, attribution required)"
crisis,noun,kɹˈaɪsəs,B1,cefr-j,"CEFR-J custom license (research/commercial use, attribution required)"
critic,noun,kɹˈɪtɪk,B1,cefr-j,"CEFR-J custom license (research/commercial use, attribution required)"
critical,adjective,kɹˈɪtɪkəl,B1,cefr-j,"CEFR-J custom license (research/commercial use, attribution required)"
crop,noun,kɹˈɑp,B1,cefr-j,"CEFR-J custom license (research/commercial use, attribution required)"
crossing,noun,kɹˈɔsɪŋ,B1,cefr-j,"CEFR-J custom license (research/commercial use, attribution required)"
crossroads,noun,kɹˈɔsɹˌoʊdz,B1,cefr-j,"CEFR-J custom license (research/commercial use, attribution required)"
crow,noun,kɹˈoʊ,B1,cefr-j,"CEFR-J custom license (research/commercial use, attribution required)"
cruel,adjective,kɹˈuəl,B1,cefr-j,"CEFR-J custom license (research/commercial use, attribution required)"
crush,noun,kɹˈʌʃ,B1,cefr-j,"CEFR-J custom license (research/commercial use, attribution required)"
cucumber,noun,kjˈukəmbɚ,B1,cefr-j,"CEFR-J custom license (research/commercial use, attribution required)"
cultivate,verb,kˈʌltəvˌeɪt,B1,cefr-j,"CEFR-J custom license (research/commercial use, attribution required)"
cultural,adjective,kˈʌltʃɚəl,B1,cefr-j,"CEFR-J custom license (research/commercial use, attribution required)"
cure,noun,kjˈʊɹ,B1,cefr-j,"CEFR-J custom license (research/commercial use, attribution required)"
curiosity,noun,kjˌʊɹiˈɑsəti,B1,cefr-j,"CEFR-J custom license (research/commercial use, attribution required)"
curious,adjective,kjˈʊɹiəs,B1,cefr-j,"CEFR-J custom license (research/commercial use, attribution required)"
curiously,adverb,kjˈʊɹiəsli,B1,cefr-j,"CEFR-J custom license (research/commercial use, attribution required)"
curly,adjective,kˈɝli,B1,cefr-j,"CEFR-J custom license (research/commercial use, attribution required)"
currency,noun,kˈɝənsi,B1,cefr-j,"CEFR-J custom license (research/commercial use, attribution required)"
current,adjective,kˈɝənt,B1,cefr-j,"CEFR-J custom license (research/commercial use, attribution required)"
currently,adverb,kˈɝəntli,B1,cefr-j,"CEFR-J custom license (research/commercial use, attribution required)"
curriculum,noun,kɚˈɪkjələm,B1,cefr-j,"CEFR-J custom license (research/commercial use, attribution required)"
curtain,noun,kˈɝtən,B1,cefr-j,"CEFR-J custom license (research/commercial use, attribution required)"
curve,noun,kˈɝv,B1,cefr-j,"CEFR-J custom license (research/commercial use, attribution required)"
cushion,noun,kˈʊʃən,B1,cefr-j,"CEFR-J custom license (research/commercial use, attribution required)"
customs,noun,kˈʌstəmz,B1,cefr-j,"CEFR-J custom license (research/commercial use, attribution required)"
cut,noun,kˈʌt,B1,cefr-j,"CEFR-J custom license (research/commercial use, attribution required)"
CV,noun,sˌivˈi,B1,cefr-j,"CEFR-J custom license (research/commercial use, attribution required)"
cycle,noun,sˈaɪkəl,B1,cefr-j,"CEFR-J custom license (research/commercial use, attribution required)"
cycle,verb,sˈaɪkəl,B1,cefr-j,"CEFR-J custom license (research/commercial use, attribution required)"
daisy,noun,dˈeɪzi,B1,cefr-j,"CEFR-J custom license (research/commercial use, attribution required)"
damage,noun,dˈæmədʒ,B1,cefr-j,"CEFR-J custom license (research/commercial use, attribution required)"
damage,verb,dˈæmədʒ,B1,cefr-j,"CEFR-J custom license (research/commercial use, attribution required)"
damaged,adjective,dˈæmədʒd,B1,cefr-j,"CEFR-J custom license (research/commercial use, attribution required)"
damp,adjective,dˈæmp,B1,cefr-j,"CEFR-J custom license (research/commercial use, attribution required)"
dangerously,adverb,dˈeɪndʒɚəsli,B1,cefr-j,"CEFR-J custom license (research/commercial use, attribution required)"
dare,verb,dˈɛɹ,B1,cefr-j,"CEFR-J custom license (research/commercial use, attribution required)"
darkness,noun,dˈɑɹknəs,B1,cefr-j,"CEFR-J custom license (research/commercial use, attribution required)"
date,verb,dˈeɪt,B1,cefr-j,"CEFR-J custom license (research/commercial use, attribution required)"
dating,noun,dˈeɪtɪŋ,B1,cefr-j,"CEFR-J custom license (research/commercial use, attribution required)"
daze,noun,dˈeɪz,B1,cefr-j,"CEFR-J custom license (research/commercial use, attribution required)"
dazzle,noun,dˈæzəl,B1,cefr-j,"CEFR-J custom license (research/commercial use, attribution required)"
deadline,noun,dˈɛdlˌaɪn,B1,cefr-j,"CEFR-J custom license (research/commercial use, attribution required)"
deadly,adjective,dˈɛdli,B1,cefr-j,"CEFR-J custom license (research/commercial use, attribution required)"
deaf,adjective,dˈɛf,B1,cefr-j,"CEFR-J custom license (research/commercial use, attribution required)"
deal,verb,dˈil,B1,cefr-j,"CEFR-J custom license (research/commercial use, attribution required)"
dealer,noun,dˈilɚ,B1,cefr-j,"CEFR-J custom license (research/commercial use, attribution required)"
debris,noun,dəbɹˈi,B1,cefr-j,"CEFR-J custom license (research/commercial use, attribution required)"
debt,noun,dˈɛt,B1,cefr-j,"CEFR-J custom license (research/commercial use, attribution required)"
decision,noun,dɪsˈɪʒən,B1,cefr-j,"CEFR-J custom license (research/commercial use, attribution required)"
declaration,noun,dˌɛklɚˈeɪʃən,B1,cefr-j,"CEFR-J custom license (research/commercial use, attribution required)"
declare,verb,dɪklˈɛɹ,B1,cefr-j,"CEFR-J custom license (research/commercial use, attribution required)"
decline,noun,dɪklˈaɪn,B1,cefr-j,"CEFR-J custom license (research/commercial use, attribution required)"
decrease,noun,dɪkɹˈis,B1,cefr-j,"CEFR-J custom license (research/commercial use, attribution required)"
decrease,verb,dɪkɹˈis,B1,cefr-j,"CEFR-J custom license (research/commercial use, attribution required)"
dedicate,verb,dˈɛdəkˌeɪt,B1,cefr-j,"CEFR-J custom license (research/commercial use, attribution required)"
deed,noun,dˈid,B1,cefr-j,"CEFR-J custom license (research/commercial use, attribution required)"
defeat,verb,dɪfˈit,B1,cefr-j,"CEFR-J custom license (research/commercial use, attribution required)"
defend,verb,dɪfˈɛnd,B1,cefr-j,"CEFR-J custom license (research/commercial use, attribution required)"
defender,noun,dɪfˈɛndɚ,B1,cefr-j,"CEFR-J custom license (research/commercial use, attribution required)"
defense,noun,dɪfˈɛns,B1,cefr-j,"CEFR-J custom license (research/commercial use, attribution required)"
deficiency,noun,dɪfˈɪʃənsi,B1,cefr-j,"CEFR-J custom license (research/commercial use, attribution required)"
define,verb,dɪfˈaɪn,B1,cefr-j,"CEFR-J custom license (research/commercial use, attribution required)"
definite,adjective,dˈɛfənət,B1,cefr-j,"CEFR-J custom license (research/commercial use, attribution required)"
definite article,noun,dˈɛfənət ˈɑɹtəkəl,B1,cefr-j,"CEFR-J custom license (research/commercial use, attribution required)"
definitely,adverb,dˈɛfənətli,B1,cefr-j,"CEFR-J custom license (research/commercial use, attribution required)"
definition,noun,dˌɛfənˈɪʃən,B1,cefr-j,"CEFR-J custom license (research/commercial use, attribution required)"
delay,verb,dɪlˈeɪ,B1,cefr-j,"CEFR-J custom license (research/commercial use, attribution required)"
delete,verb,dɪlˈit,B1,cefr-j,"CEFR-J custom license (research/commercial use, attribution required)"
delicate,adjective,dˈɛləkət,B1,cefr-j,"CEFR-J custom license (research/commercial use, attribution required)"
delight,noun,dɪlˈaɪt,B1,cefr-j,"CEFR-J custom license (research/commercial use, attribution required)"
delighted,adjective,dɪlˈaɪtəd,B1,cefr-j,"CEFR-J custom license (research/commercial use, attribution required)"
delightful,adjective,dɪlˈaɪtfəl,B1,cefr-j,"CEFR-J custom license (research/commercial use, attribution required)"
deliver,verb,dɪlˈɪvɚ,B1,cefr-j,"CEFR-J custom license (research/commercial use, attribution required)"
delivery,noun,dɪlˈɪvɚi,B1,cefr-j,"CEFR-J custom license (research/commercial use, attribution required)"
demand,noun,dɪmˈænd,B1,cefr-j,"CEFR-J custom license (research/commercial use, attribution required)"
demand,verb,dɪmˈænd,B1,cefr-j,"CEFR-J custom license (research/commercial use, attribution required)"
democracy,noun,dɪmˈɑkɹəsi,B1,cefr-j,"CEFR-J custom license (research/commercial use, attribution required)"
democratic,adjective,dˌɛməkɹˈætɪk,B1,cefr-j,"CEFR-J custom license (research/commercial use, attribution required)"
demonstrate,verb,dˈɛmənstɹˌeɪt,B1,cefr-j,"CEFR-J custom license (research/commercial use, attribution required)"
demonstration,noun,dˌɛmənstɹˈeɪʃən,B1,cefr-j,"CEFR-J custom license (research/commercial use, attribution required)"
deny,verb,dɪnˈaɪ,B1,cefr-j,"CEFR-J custom license (research/commercial use, attribution required)"
depart,verb,dɪpˈɑɹt,B1,cefr-j,"CEFR-J custom license (research/commercial use, attribution required)"
department,noun,dɪpˈɑɹtmənt,B1,cefr-j,"CEFR-J custom license (research/commercial use, attribution required)"
departure,noun,dɪpˈɑɹtʃɚ,B1,cefr-j,"CEFR-J custom license (research/commercial use, attribution required)"
dependent,adjective,dɪpˈɛndənt,B1,cefr-j,"CEFR-J custom license (research/commercial use, attribution required)"
deposit,noun,dəpˈɑzɪt,B1,cefr-j,"CEFR-J custom license (research/commercial use, attribution required)"
depressed,adjective,dɪpɹˈɛst,B1,cefr-j,"CEFR-J custom license (research/commercial use, attribution required)"
depressing,adjective,dɪpɹˈɛsɪŋ,B1,cefr-j,"CEFR-J custom license (research/commercial use, attribution required)"
depression,noun,dɪpɹˈɛʃən,B1,cefr-j,"CEFR-J custom license (research/commercial use, attribution required)"
deprive,verb,dɪpɹˈaɪv,B1,cefr-j,"CEFR-J custom license (research/commercial use, attribution required)"
depth,noun,dˈɛpθ,B1,cefr-j,"CEFR-J custom license (research/commercial use, attribution required)"
derive,verb,dɚˈaɪv,B1,cefr-j,"CEFR-J custom license (research/commercial use, attribution required)"
deserve,verb,dɪzˈɝv,B1,cefr-j,"CEFR-J custom license (research/commercial use, attribution required)"
design,verb,dɪzˈaɪn,B1,cefr-j,"CEFR-J custom license (research/commercial use, attribution required)"
designer,noun,dɪzˈaɪnɚ,B1,cefr-j,"CEFR-J custom license (research/commercial use, attribution required)"
desire,noun,dɪzˈaɪɚ,B1,cefr-j,"CEFR-J custom license (research/commercial use, attribution required)"
despair,noun,dɪspˈɛɹ,B1,cefr-j,"CEFR-J custom license (research/commercial use, attribution required)"
desperate,adjective,dˈɛspɹɪt,B1,cefr-j,"CEFR-J custom license (research/commercial use, attribution required)"
despite,preposition,dɪspˈaɪt,B1,cefr-j,"CEFR-J custom license (research/commercial use, attribution required)"
destination,noun,dˌɛstənˈeɪʃən,B1,cefr-j,"CEFR-J custom license (research/commercial use, attribution required)"
destruction,noun,dɪstɹˈʌkʃən,B1,cefr-j,"CEFR-J custom license (research/commercial use, attribution required)"
destructive,adjective,dɪstɹˈʌktɪv,B1,cefr-j,"CEFR-J custom license (research/commercial use, attribution required)"
detective,noun,dɪtˈɛktɪv,B1,cefr-j,"CEFR-J custom license (research/commercial use, attribution required)"
determination,noun,dɪtˌɝmənˈeɪʃən,B1,cefr-j,"CEFR-J custom license (research/commercial use, attribution required)"
determine,verb,dətˈɝmən,B1,cefr-j,"CEFR-J custom license (research/commercial use, attribution required)"
devastate,verb,dˈɛvəstˌeɪt,B1,cefr-j,"CEFR-J custom license (research/commercial use, attribution required)"
devastating,adjective,dˈɛvəstˌeɪtɪŋ,B1,cefr-j,"CEFR-J custom license (research/commercial use, attribution required)"
development,noun,dɪvˈɛləpmənt,B1,cefr-j,"CEFR-J custom license (research/commercial use, attribution required)"
device,noun,dɪvˈaɪs,B1,cefr-j,"CEFR-J custom license (research/commercial use, attribution required)"
devotion,noun,dɪvˈoʊʃən,B1,cefr-j,"CEFR-J custom license (research/commercial use, attribution required)"
diagram,noun,dˈaɪəgɹˌæm,B1,cefr-j,"CEFR-J custom license (research/commercial use, attribution required)"
dial,noun,dˈaɪəl,B1,cefr-j,"CEFR-J custom license (research/commercial use, attribution required)"
dial,verb,dˈaɪəl,B1,cefr-j,"CEFR-J custom license (research/commercial use, attribution required)"
dialog,noun,dˈaɪəlɔg,B1,cefr-j,"CEFR-J custom license (research/commercial use, attribution required)"
diameter,noun,daɪˈæmətɚ,B1,cefr-j,"CEFR-J custom license (research/commercial use, attribution required)"
diaper,noun,dˈaɪpɚ,B1,cefr-j,"CEFR-J custom license (research/commercial use, attribution required)"
differ,verb,dˈɪfɚ,B1,cefr-j,"CEFR-J custom license (research/commercial use, attribution required)"
dig,verb,dˈɪg,B1,cefr-j,"CEFR-J custom license (research/commercial use, attribution required)"
digital,adjective,dˈɪdʒətəl,B1,cefr-j,"CEFR-J custom license (research/commercial use, attribution required)"
diligence,noun,dˈɪlədʒəns,B1,cefr-j,"CEFR-J custom license (research/commercial use, attribution required)"
diligent,adjective,dˈɪlɪdʒənt,B1,cefr-j,"CEFR-J custom license (research/commercial use, attribution required)"
dioxide,noun,daɪˈɑksˌaɪd,B1,cefr-j,"CEFR-J custom license (research/commercial use, attribution required)"
direct,verb,dɚˈɛkt,B1,cefr-j,"CEFR-J custom license (research/commercial use, attribution required)"
directly,adverb,dɚˈɛktli,B1,cefr-j,"CEFR-J custom license (research/commercial use, attribution required)"
dirt,noun,dˈɝt,B1,cefr-j,"CEFR-J custom license (research/commercial use, attribution required)"
disability,noun,dˌɪsəbˈɪlɪti,B1,cefr-j,"CEFR-J custom license (research/commercial use, attribution required)"
disable,verb,dɪsˈeɪbəl,B1,cefr-j,"CEFR-J custom license (research/commercial use, attribution required)"
disabled,adjective,dɪsˈeɪbəld,B1,cefr-j,"CEFR-J custom license (research/commercial use, attribution required)"
disagreement,noun,dɪsəgɹˈimənt,B1,cefr-j,"CEFR-J custom license (research/commercial use, attribution required)"
disappoint,verb,dˌɪsəpˈɔɪnt,B1,cefr-j,"CEFR-J custom license (research/commercial use, attribution required)"
disappointment,noun,dˌɪsəpˈɔɪntmənt,B1,cefr-j,"CEFR-J custom license (research/commercial use, attribution required)"
disaster,noun,dɪzˈæstɚ,B1,cefr-j,"CEFR-J custom license (research/commercial use, attribution required)"
disastrous,adjective,dɪzˈæstɹəs,B1,cefr-j,"CEFR-J custom license (research/commercial use, attribution required)"
disc jockey,noun,dˈɪsk dʒˈɑki,B1,cefr-j,"CEFR-J custom license (research/commercial use, attribution required)"
discomfort,noun,dɪskˈʌmfɚt,B1,cefr-j,"CEFR-J custom license (research/commercial use, attribution required)"
discount,noun,dɪskˈaʊnt,B1,cefr-j,"CEFR-J custom license (research/commercial use, attribution required)"
discourage,verb,dɪskˈɝɪdʒ,B1,cefr-j,"CEFR-J custom license (research/commercial use, attribution required)"
discovery,noun,dɪskˈʌvɚi,B1,cefr-j,"CEFR-J custom license (research/commercial use, attribution required)"
discrimination,noun,dɪskɹˌɪmənˈeɪʃən,B1,cefr-j,"CEFR-J custom license (research/commercial use, attribution required)"
disease,noun,dɪzˈiz,B1,cefr-j,"CEFR-J custom license (research/commercial use, attribution required)"
disgusting,adjective,dɪsgˈʌstɪŋ,B1,cefr-j,"CEFR-J custom license (research/commercial use, attribution required)"
dishwasher,noun,dˈɪʃwˌɑʃɚ,B1,cefr-j,"CEFR-J custom license (research/commercial use, attribution required)"
disk,noun,dˈɪsk,B1,cefr-j,"CEFR-J custom license (research/commercial use, attribution required)"
dislike,verb,dɪslˈaɪk,B1,cefr-j,"CEFR-J custom license (research/commercial use, attribution required)"
display,verb,dɪsplˈeɪ,B1,cefr-j,"CEFR-J custom license (research/commercial use, attribution required)"
dissolve,verb,dɪzˈɑlv,B1,cefr-j,"CEFR-J custom license (research/commercial use, attribution required)"
distance,noun,dˈɪstəns,B1,cefr-j,"CEFR-J custom license (research/commercial use, attribution required)"
distant,adjective,dˈɪstənt,B1,cefr-j,"CEFR-J custom license (research/commercial use, attribution required)"
distinction,noun,dɪstˈɪŋkʃən,B1,cefr-j,"CEFR-J custom license (research/commercial use, attribution required)"
distinctly,adverb,dɪstˈɪŋktli,B1,cefr-j,"CEFR-J custom license (research/commercial use, attribution required)"
distinguish,verb,dɪstˈɪŋgwɪʃ,B1,cefr-j,"CEFR-J custom license (research/commercial use, attribution required)"
distribute,verb,dɪstɹˈɪbjut,B1,cefr-j,"CEFR-J custom license (research/commercial use, attribution required)"
distribution,noun,dˌɪstɹəbjˈuʃən,B1,cefr-j,"CEFR-J custom license (research/commercial use, attribution required)"
district,noun,dˈɪstɹɪkt,B1,cefr-j,"CEFR-J custom license (research/commercial use, attribution required)"
disturbance,noun,dɪstˈɝbəns,B1,cefr-j,"CEFR-J custom license (research/commercial use, attribution required)"
dive,noun,dˈaɪv,B1,cefr-j,"CEFR-J custom license (research/commercial use, attribution required)"
dive,verb,dˈaɪv,B1,cefr-j,"CEFR-J custom license (research/commercial use, attribution required)"
diver,noun,dˈaɪvɚ,B1,cefr-j,"CEFR-J custom license (research/commercial use, attribution required)"
diverse,adjective,daɪvˈɝs,B1,cefr-j,"CEFR-J custom license (research/commercial use, attribution required)"
divide,noun,dɪvˈaɪd,B1,cefr-j,"CEFR-J custom license (research/commercial use, attribution required)"
divine,adjective,dɪvˈaɪn,B1,cefr-j,"CEFR-J custom license (research/commercial use, attribution required)"
diving,noun,dˈaɪvɪŋ,B1,cefr-j,"CEFR-J custom license (research/commercial use, attribution required)"
divorced,adjective,dɪvˈɔɹst,B1,cefr-j,"CEFR-J custom license (research/commercial use, attribution required)"
DJ,noun,dˈidʒˈeɪ,B1,cefr-j,"CEFR-J custom license (research/commercial use, attribution required)"
doc,noun,dˈɑk,B1,cefr-j,"CEFR-J custom license (research/commercial use, attribution required)"
document,noun,dˈɑkjəmɛnt,B1,cefr-j,"CEFR-J custom license (research/commercial use, attribution required)"
documentary,noun,dˌɑkjəmˈɛntɚi,B1,cefr-j,"CEFR-J custom license (research/commercial use, attribution required)"
dolphin,noun,dˈɑlfən,B1,cefr-j,"CEFR-J custom license (research/commercial use, attribution required)"
dot,noun,dˈɑt,B1,cefr-j,"CEFR-J custom license (research/commercial use, attribution required)"
downstairs,adjective,dˈaʊnstˈɛɹz,B1,cefr-j,"CEFR-J custom license (research/commercial use, attribution required)"
downward,adjective,dˈaʊnwɚd,B1,cefr-j,"CEFR-J custom license (research/commercial use, attribution required)"
doze,noun,dˈoʊz,B1,cefr-j,"CEFR-J custom license (research/commercial use, attribution required)"
dozen,determiner,dˈʌzən,B1,cefr-j,"CEFR-J custom license (research/commercial use, attribution required)"
dozen,noun,dˈʌzən,B1,cefr-j,"CEFR-J custom license (research/commercial use, attribution required)"
drag,verb,dɹˈæg,B1,cefr-j,"CEFR-J custom license (research/commercial use, attribution required)"
dramatic,adjective,dɹəmˈætɪk,B1,cefr-j,"CEFR-J custom license (research/commercial use, attribution required)"
drown,verb,dɹˈaʊn,B1,cefr-j,"CEFR-J custom license (research/commercial use, attribution required)"
drunk,adjective,dɹˈʌŋk,B1,cefr-j,"CEFR-J custom license (research/commercial use, attribution required)"
dude,noun,dˈud,B1,cefr-j,"CEFR-J custom license (research/commercial use, attribution required)"
dull,adjective,dˈʌl,B1,cefr-j,"CEFR-J custom license (research/commercial use, attribution required)"
dump,noun,dˈʌmp,B1,cefr-j,"CEFR-J custom license (research/commercial use, attribution required)"
dump,verb,dˈʌmp,B1,cefr-j,"CEFR-J custom license (research/commercial use, attribution required)"
dustbin,noun,dˈʌstbɪn,B1,cefr-j,"CEFR-J custom license (research/commercial use, attribution required)"
dusty,adjective,dˈʌsti,B1,cefr-j,"CEFR-J custom license (research/commercial use, attribution required)"
duty,noun,dˈuti,B1,cefr-j,"CEFR-J custom license (research/commercial use, attribution required)"
duty-free,adjective,,B1,cefr-j,"CEFR-J custom license (research/commercial use, attribution required)"
duvet,noun,,B1,cefr-j,"CEFR-J custom license (research/commercial use, attribution required)"
dynasty,noun,dˈaɪnəsti,B1,cefr-j,"CEFR-J custom license (research/commercial use, attribution required)"
eager,adjective,ˈigɚ,B1,cefr-j,"CEFR-J custom license (research/commercial use, attribution required)"
eagerness,noun,ˈigɚnəs,B1,cefr-j,"CEFR-J custom license (research/commercial use, attribution required)"
earache,noun,,B1,cefr-j,"CEFR-J custom license (research/commercial use, attribution required)"
earnest,adjective,ˈɝnɪst,B1,cefr-j,"CEFR-J custom license (research/commercial use, attribution required)"
eastern,adjective,ˈistɚn,B1,cefr-j,"CEFR-J custom license (research/commercial use, attribution required)"
easygoing,adjective,ˈizigˈoʊɪŋ,B1,cefr-j,"CEFR-J custom license (research/commercial use, attribution required)"
eco,noun,ˈikoʊ,B1,cefr-j,"CEFR-J custom license (research/commercial use, attribution required)"
ecological,adjective,ikəlˈɑdʒɪkəl,B1,cefr-j,"CEFR-J custom license (research/commercial use, attribution required)"
ecology,noun,ɪkˈɑlədʒi,B1,cefr-j,"CEFR-J custom license (research/commercial use, attribution required)"
economic,adjective,ˌɛkənˈɑmɪk,B1,cefr-j,"CEFR-J custom license (research/commercial use, attribution required)"
economics,noun,ˌɛkənˈɑmɪks,B1,cefr-j,"CEFR-J custom license (research/commercial use, attribution required)"
economy,noun,ɪkˈɑnəmi,B1,cefr-j,"CEFR-J custom license (research/commercial use, attribution required)"
ecosystem,noun,ˈikoʊsˌɪstəm,B1,cefr-j,"CEFR-J custom license (research/commercial use, attribution required)"
ecstasy,noun,ˈɛkstəsi,B1,cefr-j,"CEFR-J custom license (research/commercial use, attribution required)"
edge,noun,ˈɛdʒ,B1,cefr-j,"CEFR-J custom license (research/commercial use, attribution required)"
edition,noun,ədˈɪʃən,B1,cefr-j,"CEFR-J custom license (research/commercial use, attribution required)"
educate,verb,ˈɛdʒəkˌeɪt,B1,cefr-j,"CEFR-J custom license (research/commercial use, attribution required)"
effective,adjective,ɪfˈɛktɪv,B1,cefr-j,"CEFR-J custom license (research/commercial use, attribution required)"
efficiency,noun,ɪfˈɪʃənsi,B1,cefr-j,"CEFR-J custom license (research/commercial use, attribution required)"
efficient,adjective,ɪfˈɪʃənt,B1,cefr-j,"CEFR-J custom license (research/commercial use, attribution required)"
either,determiner,ˈiðɚ,B1,cefr-j,"CEFR-J custom license (research/commercial use, attribution required)"
either,pronoun,ˈiðɚ,B1,cefr-j,"CEFR-J custom license (research/commercial use, attribution required)"
elbow,noun,ˈɛlbˌoʊ,B1,cefr-j,"CEFR-J custom license (research/commercial use, attribution required)"
election,noun,ɪlˈɛkʃən,B1,cefr-j,"CEFR-J custom license (research/commercial use, attribution required)"
electrical,adjective,ɪlˈɛktɹɪkəl,B1,cefr-j,"CEFR-J custom license (research/commercial use, attribution required)"
electricity,noun,ɪlˌɛktɹˈɪsəti,B1,cefr-j,"CEFR-J custom license (research/commercial use, attribution required)"
electron,noun,ˌɪlˈɛktɹɑn,B1,cefr-j,"CEFR-J custom license (research/commercial use, attribution required)"
electronic,adjective,ˌɪlˌɛktɹˈɑnɪk,B1,cefr-j,"CEFR-J custom license (research/commercial use, attribution required)"
element,noun,ˈɛləmənt,B1,cefr-j,"CEFR-J custom license (research/commercial use, attribution required)"
eliminate,verb,ɪlˈɪmənˌeɪt,B1,cefr-j,"CEFR-J custom license (research/commercial use, attribution required)"
embarrass,verb,ɪmbˈɛɹəs,B1,cefr-j,"CEFR-J custom license (research/commercial use, attribution required)"
embarrassed,adjective,ɪmbˈɛɹəst,B1,cefr-j,"CEFR-J custom license (research/commercial use, attribution required)"
embarrassment,noun,ɪmbˈɛɹəsmənt,B1,cefr-j,"CEFR-J custom license (research/commercial use, attribution required)"
emerge,verb,ɪmˈɝdʒ,B1,cefr-j,"CEFR-J custom license (research/commercial use, attribution required)"
emotion,noun,ɪmˈoʊʃən,B1,cefr-j,"CEFR-J custom license (research/commercial use, attribution required)"
emotional,adjective,ɪmˈoʊʃənəl,B1,cefr-j,"CEFR-J custom license (research/commercial use, attribution required)"
emotionally,adverb,ɪmˈoʊʃnəli,B1,cefr-j,"CEFR-J custom license (research/commercial use, attribution required)"
emperor,noun,ˈɛmpɚɚ,B1,cefr-j,"CEFR-J custom license (research/commercial use, attribution required)"
emphasis,noun,ˈɛmfəsəs,B1,cefr-j,"CEFR-J custom license (research/commercial use, attribution required)"
emphasize,verb,ˈɛmfəsˌaɪz,B1,cefr-j,"CEFR-J custom license (research/commercial use, attribution required)"
empire,noun,ˈɛmpaɪɚ,B1,cefr-j,"CEFR-J custom license (research/commercial use, attribution required)"
employment,noun,ɛmplˈɔɪmənt,B1,cefr-j,"CEFR-J custom license (research/commercial use, attribution required)"
enable,verb,ɛnˈeɪbəl,B1,cefr-j,"CEFR-J custom license (research/commercial use, attribution required)"
enclose,verb,ɪnklˈoʊz,B1,cefr-j,"CEFR-J custom license (research/commercial use, attribution required)"
encounter,noun,ɪnkˈaʊntɚ,B1,cefr-j,"CEFR-J custom license (research/commercial use, attribution required)"
encouragement,noun,ɛnkˈɝɪdʒmənt,B1,cefr-j,"CEFR-J custom license (research/commercial use, attribution required)"
encouraging,adjective,ɛnkˈɝɪdʒɪŋ,B1,cefr-j,"CEFR-J custom license (research/commercial use, attribution required)"
encyclopedia,noun,ɪnsˌaɪkləpˈidiə,B1,cefr-j,"CEFR-J custom license (research/commercial use, attribution required)"
endanger,verb,ɛndˈeɪndʒɚ,B1,cefr-j,"CEFR-J custom license (research/commercial use, attribution required)"
endless,adjective,ˈɛndləs,B1,cefr-j,"CEFR-J custom license (research/commercial use, attribution required)"
endure,verb,ɛndjˈʊɹ,B1,cefr-j,"CEFR-J custom license (research/commercial use, attribution required)"
enemy,noun,ˈɛnəmi,B1,cefr-j,"CEFR-J custom license (research/commercial use, attribution required)"
engage,verb,ɛngˈeɪdʒ,B1,cefr-j,"CEFR-J custom license (research/commercial use, attribution required)"
engaged,adjective,ɛngˈeɪdʒd,B1,cefr-j,"CEFR-J custom license (research/commercial use, attribution required)"
engine,noun,ˈɛndʒən,B1,cefr-j,"CEFR-J custom license (research/commercial use, attribution required)"
engineering,noun,ˈɛndʒənˈɪɹɪŋ,B1,cefr-j,"CEFR-J custom license (research/commercial use, attribution required)"
Englishman,noun,ˈɪŋglɪʃmən,B1,cefr-j,"CEFR-J custom license (research/commercial use, attribution required)"
enjoyable,adjective,ˌɛndʒˈɔɪəbəl,B1,cefr-j,"CEFR-J custom license (research/commercial use, attribution required)"
enjoyment,noun,ˌɛndʒˈɔɪmənt,B1,cefr-j,"CEFR-J custom license (research/commercial use, attribution required)"
enrich,verb,ɛnɹˈɪtʃ,B1,cefr-j,"CEFR-J custom license (research/commercial use, attribution required)"
ensure,verb,ɛnʃˈʊɹ,B1,cefr-j,"CEFR-J custom license (research/commercial use, attribution required)"
entertain,verb,ˌɛntɚtˈeɪn,B1,cefr-j,"CEFR-J custom license (research/commercial use, attribution required)"
entertainer,noun,ˌɛntɚtˈeɪnɚ,B1,cefr-j,"CEFR-J custom license (research/commercial use, attribution required)"
enthusiasm,noun,ɪnθˈuziˌæzəm,B1,cefr-j,"CEFR-J custom license (research/commercial use, attribution required)"
enthusiast,noun,ɛnθˈuziˌæst,B1,cefr-j,"CEFR-J custom license (research/commercial use, attribution required)"
enthusiastic,adjective,ɪnθˌuziˈæstɪk,B1,cefr-j,"CEFR-J custom license (research/commercial use, attribution required)"
entire,adjective,ɪntˈaɪɚ,B1,cefr-j,"CEFR-J custom license (research/commercial use, attribution required)"
entirely,adverb,ɪntˈaɪɚli,B1,cefr-j,"CEFR-J custom license (research/commercial use, attribution required)"
entry,noun,ˈɛntɹi,B1,cefr-j,"CEFR-J custom license (research/commercial use, attribution required)"
environmental,adjective,ɪnvˌaɪɹənmˈɛntəl,B1,cefr-j,"CEFR-J custom license (research/commercial use, attribution required)"
environmentalist,noun,ɪnvˌaɪɹənmˈɛntəlɪst,B1,cefr-j,"CEFR-J custom license (research/commercial use, attribution required)"
equal,adjective,ˈikwəl,B1,cefr-j,"CEFR-J custom license (research/commercial use, attribution required)"
equality,noun,ɪkwˈɑləti,B1,cefr-j,"CEFR-J custom license (research/commercial use, attribution required)"
equally,adverb,ˈikwəli,B1,cefr-j,"CEFR-J custom license (research/commercial use, attribution required)"
equipment,noun,ɪkwˈɪpmənt,B1,cefr-j,"CEFR-J custom license (research/commercial use, attribution required)"
era,noun,ˈɛɹə,B1,cefr-j,"CEFR-J custom license (research/commercial use, attribution required)"
escape,verb,ɪskˈeɪp,B1,cefr-j,"CEFR-J custom license (research/commercial use, attribution required)"
essence,noun,ˈɛsəns,B1,cefr-j,"CEFR-J custom license (research/commercial use, attribution required)"
essential,adjective,ɛsˈɛnʃəl,B1,cefr-j,"CEFR-J custom license (research/commercial use, attribution required)"
establishment,noun,ɪstˈæblɪʃmənt,B1,cefr-j,"CEFR-J custom license (research/commercial use, attribution required)"
estimate,verb,ˈɛstəmət,B1,cefr-j,"CEFR-J custom license (research/commercial use, attribution required)"
eternal,adjective,ɪtˈɝnəl,B1,cefr-j,"CEFR-J custom license (research/commercial use, attribution required)"
eternity,noun,ɪtˈɝnəti,B1,cefr-j,"CEFR-J custom license (research/commercial use, attribution required)"
even,adjective,ˈivɪn,B1,cefr-j,"CEFR-J custom license (research/commercial use, attribution required)"
evenly,adverb,ˈivənli,B1,cefr-j,"CEFR-J custom license (research/commercial use, attribution required)"
eventually,adverb,ɪvˈɛntʃəwəli,B1,cefr-j,"CEFR-J custom license (research/commercial use, attribution required)"
evident,adjective,ˈɛvədənt,B1,cefr-j,"CEFR-J custom license (research/commercial use, attribution required)"
exact,adjective,ɪgzˈækt,B1,cefr-j,"CEFR-J custom license (research/commercial use, attribution required)"
examination,noun,ɪgzˌæmənˈeɪʃən,B1,cefr-j,"CEFR-J custom license (research/commercial use, attribution required)"
examine,verb,ɪgzˈæmɪn,B1,cefr-j,"CEFR-J custom license (research/commercial use, attribution required)"
examiner,noun,ɪgzˈæmənɚ,B1,cefr-j,"CEFR-J custom license (research/commercial use, attribution required)"
excellence,noun,ˈɛksələns,B1,cefr-j,"CEFR-J custom license (research/commercial use, attribution required)"
excess,noun,ˈɛksˌɛs,B1,cefr-j,"CEFR-J custom license (research/commercial use, attribution required)"
exchange,verb,ɪkstʃˈeɪndʒ,B1,cefr-j,"CEFR-J custom license (research/commercial use, attribution required)"
exchange rate,noun,ɪkstʃˈeɪndʒ ɹˈeɪt,B1,cefr-j,"CEFR-J custom license (research/commercial use, attribution required)"
excitedly,adverb,ɪksˈaɪtədli,B1,cefr-j,"CEFR-J custom license (research/commercial use, attribution required)"
excitement,noun,ɪksˈaɪtmənt,B1,cefr-j,"CEFR-J custom license (research/commercial use, attribution required)"
exclusive,adjective,ɪksklˈusɪv,B1,cefr-j,"CEFR-J custom license (research/commercial use, attribution required)"
excuse,verb,ɪkskjˈus,B1,cefr-j,"CEFR-J custom license (research/commercial use, attribution required)"
exhausted,adjective,ɪgzˈɔstɪd,B1,cefr-j,"CEFR-J custom license (research/commercial use, attribution required)"
existence,noun,ɛgzˈɪstəns,B1,cefr-j,"CEFR-J custom license (research/commercial use, attribution required)"
exit,noun,ˈɛgzɪt,B1,cefr-j,"CEFR-J custom license (research/commercial use, attribution required)"
exit,verb,ˈɛgzɪt,B1,cefr-j,"CEFR-J custom license (research/commercial use, attribution required)"
expand,verb,ɪkspˈænd,B1,cefr-j,"CEFR-J custom license (research/commercial use, attribution required)"
expense,noun,ɪkspˈɛns,B1,cefr-j,"CEFR-J custom license (research/commercial use, attribution required)"
experience,verb,ɪkspˈɪɹiəns,B1,cefr-j,"CEFR-J custom license (research/commercial use, attribution required)"
experienced,adjective,ɪkspˈɪɹiənst,B1,cefr-j,"CEFR-J custom license (research/commercial use, attribution required)"
experiment,noun,ɪkspˈɛɹəmənt,B1,cefr-j,"CEFR-J custom license (research/commercial use, attribution required)"
exploration,noun,ˌɛksplɚˈeɪʃən,B1,cefr-j,"CEFR-J custom license (research/commercial use, attribution required)"
explosion,noun,ɪksplˈoʊʒən,B1,cefr-j,"CEFR-J custom license (research/commercial use, attribution required)"
expose,verb,ɪkspˈoʊz,B1,cefr-j,"CEFR-J custom license (research/commercial use, attribution required)"
express,verb,ɪkspɹˈɛs,B1,cefr-j,"CEFR-J custom license (research/commercial use, attribution required)"
extend,verb,ɪkstˈɛnd,B1,cefr-j,"CEFR-J custom license (research/commercial use, attribution required)"
extensively,adverb,ɪkstˈɛnsɪvli,B1,cefr-j,"CEFR-J custom license (research/commercial use, attribution required)"
extent,noun,ɪkstˈɛnt,B1,cefr-j,"CEFR-J custom license (research/commercial use, attribution required)"
extinct,adjective,ɪkstˈɪŋkt,B1,cefr-j,"CEFR-J custom license (research/commercial use, attribution required)"
extinction,noun,ɪkstˈɪŋkʃən,B1,cefr-j,"CEFR-J custom license (research/commercial use, attribution required)"
extra,noun,ˈɛkstɹə,B1,cefr-j,"CEFR-J custom license (research/commercial use, attribution required)"
extraordinary,adjective,ˌɛkstɹəˈɔɹdənˌɛɹi,B1,cefr-j,"CEFR-J custom license (research/commercial use, attribution required)"
extreme,adjective,ɛkstɹˈim,B1,cefr-j,"CEFR-J custom license (research/commercial use, attribution required)"
extreme sports,noun,ɛkstɹˈim spˈɔɹts,B1,cefr-j,"CEFR-J custom license (research/commercial use, attribution required)"
eyesight,noun,ˈaɪsˌaɪt,B1,cefr-j,"CEFR-J custom license (research/commercial use, attribution required)"
face to face,adverb,fˈeɪs tˈu fˈeɪs,B1,cefr-j,"CEFR-J custom license (research/commercial use, attribution required)"
face-to-face,adjective,fˈeɪstufˈeɪs,B1,cefr-j,"CEFR-J custom license (research/commercial use, attribution required)"
facility,noun,fəsˈɪlɪti,B1,cefr-j,"CEFR-J custom license (research/commercial use, attribution required)"
fade,verb,fˈeɪd,B1,cefr-j,"CEFR-J custom license (research/commercial use, attribution required)"
failure,noun,fˈeɪljɚ,B1,cefr-j,"CEFR-J custom license (research/commercial use, attribution required)"
faint,adjective,fˈeɪnt,B1,cefr-j,"CEFR-J custom license (research/commercial use, attribution required)"
fair,noun,fˈɛɹ,B1,cefr-j,"CEFR-J custom license (research/commercial use, attribution required)"
faithful,adjective,fˈeɪθfəl,B1,cefr-j,"CEFR-J custom license (research/commercial use, attribution required)"
fake,adjective,fˈeɪk,B1,cefr-j,"CEFR-J custom license (research/commercial use, attribution required)"
fall,noun,fˈɔl,B1,cefr-j,"CEFR-J custom license (research/commercial use, attribution required)"
fallen,adjective,fˈɑlən,B1,cefr-j,"CEFR-J custom license (research/commercial use, attribution required)"
fancy,noun,fˈænsi,B1,cefr-j,"CEFR-J custom license (research/commercial use, attribution required)"
fancy,verb,fˈænsi,B1,cefr-j,"CEFR-J custom license (research/commercial use, attribution required)"
fantasy,noun,fˈæntəsi,B1,cefr-j,"CEFR-J custom license (research/commercial use, attribution required)"
faraway,adjective,fˈɑɹəwˈeɪ,B1,cefr-j,"CEFR-J custom license (research/commercial use, attribution required)"
farewell,noun,fˌɛɹwˈɛl,B1,cefr-j,"CEFR-J custom license (research/commercial use, attribution required)"
farming,noun,fˈɑɹmɪŋ,B1,cefr-j,"CEFR-J custom license (research/commercial use, attribution required)"
farmland,noun,fˈɑɹmlˌænd,B1,cefr-j,"CEFR-J custom license (research/commercial use, attribution required)"
farther,adverb,fˈɑɹðɚ,B1,cefr-j,"CEFR-J custom license (research/commercial use, attribution required)"
farthest,adverb,fˈɑɹðəst,B1,cefr-j,"CEFR-J custom license (research/commercial use, attribution required)"
fascinate,verb,fˈæsənˌeɪt,B1,cefr-j,"CEFR-J custom license (research/commercial use, attribution required)"
fashionable,adjective,fˈæʃənəbəl,B1,cefr-j,"CEFR-J custom license (research/commercial use, attribution required)"
fasten,verb,fˈæsən,B1,cefr-j,"CEFR-J custom license (research/commercial use, attribution required)"
favorable,adjective,fˈeɪvɚəbəl,B1,cefr-j,"CEFR-J custom license (research/commercial use, attribution required)"
fax,noun,fˈæks,B1,cefr-j,"CEFR-J custom license (research/commercial use, attribution required)"
fax,verb,fˈæks,B1,cefr-j,"CEFR-J custom license (research/commercial use, attribution required)"
feast,noun,fˈist,B1,cefr-j,"CEFR-J custom license (research/commercial use, attribution required)"
feed,verb,fˈid,B1,cefr-j,"CEFR-J custom license (research/commercial use, attribution required)"
fellow,noun,fˈɛloʊ,B1,cefr-j,"CEFR-J custom license (research/commercial use, attribution required)"
ferry,noun,fˈɛɹi,B1,cefr-j,"CEFR-J custom license (research/commercial use, attribution required)"
festive,adjective,fˈɛstɪv,B1,cefr-j,"CEFR-J custom license (research/commercial use, attribution required)"
fetch,verb,fˈɛtʃ,B1,cefr-j,"CEFR-J custom license (research/commercial use, attribution required)"
feverishly,adverb,fˈɛvɚˌɪʃli,B1,cefr-j,"CEFR-J custom license (research/commercial use, attribution required)"
few,pronoun,fjˈu,B1,cefr-j,"CEFR-J custom license (research/commercial use, attribution required)"
fifth,noun,fˈɪfθ,B1,cefr-j,"CEFR-J custom license (research/commercial use, attribution required)"
fight,verb,fˈaɪt,B1,cefr-j,"CEFR-J custom license (research/commercial use, attribution required)"
filling,noun,fˈɪlɪŋ,B1,cefr-j,"CEFR-J custom license (research/commercial use, attribution required)"
film,verb,fˈɪlm,B1,cefr-j,"CEFR-J custom license (research/commercial use, attribution required)"
film-maker,noun,,B1,cefr-j,"CEFR-J custom license (research/commercial use, attribution required)"
filter,noun,fˈɪltɚ,B1,cefr-j,"CEFR-J custom license (research/commercial use, attribution required)"
finance,verb,fənˈæns,B1,cefr-j,"CEFR-J custom license (research/commercial use, attribution required)"
financial,adjective,fənˈænʃəl,B1,cefr-j,"CEFR-J custom license (research/commercial use, attribution required)"
finding,noun,fˈaɪndɪŋ,B1,cefr-j,"CEFR-J custom license (research/commercial use, attribution required)"
fine,noun,fˈaɪn,B1,cefr-j,"CEFR-J custom license (research/commercial use, attribution required)"
finger,noun,fˈɪŋgɚ,B1,cefr-j,"CEFR-J custom license (research/commercial use, attribution required)"
fire station,noun,fˈaɪɚ stˈeɪʃən,B1,cefr-j,"CEFR-J custom license (research/commercial use, attribution required)"
firefighter,noun,fˈaɪɹfˌaɪtɚ,B1,cefr-j,"CEFR-J custom license (research/commercial use, attribution required)"
firework,noun,fˈaɪɹwˌɝk,B1,cefr-j,"CEFR-J custom license (research/commercial use, attribution required)"
firm,adjective,fˈɝm,B1,cefr-j,"CEFR-J custom license (research/commercial use, attribution required)"
firm,noun,fˈɝm,B1,cefr-j,"CEFR-J custom license (research/commercial use, attribution required)"
firmly,adverb,fˈɝmli,B1,cefr-j,"CEFR-J custom license (research/commercial use, attribution required)"
first floor,noun,fˈɝst flˈɔɹ,B1,cefr-j,"CEFR-J custom license (research/commercial use, attribution required)"
first lady,noun,fˈɝst lˈeɪdi,B1,cefr-j,"CEFR-J custom license (research/commercial use, attribution required)"
first-floor,adjective,,B1,cefr-j,"CEFR-J custom license (research/commercial use, attribution required)"
fish,verb,fˈɪʃ,B1,cefr-j,"CEFR-J custom license (research/commercial use, attribution required)"
fit,verb,fˈɪt,B1,cefr-j,"CEFR-J custom license (research/commercial use, attribution required)"
fitness,noun,fˈɪtnəs,B1,cefr-j,"CEFR-J custom license (research/commercial use, attribution required)"
fix,verb,fˈɪks,B1,cefr-j,"CEFR-J custom license (research/commercial use, attribution required)"
flash,adjective,flˈæʃ,B1,cefr-j,"CEFR-J custom license (research/commercial use, attribution required)"
flat,adjective,flˈæt,B1,cefr-j,"CEFR-J custom license (research/commercial use, attribution required)"
flavor,noun,flˈeɪvɚ,B1,cefr-j,"CEFR-J custom license (research/commercial use, attribution required)"
float,verb,flˈoʊt,B1,cefr-j,"CEFR-J custom license (research/commercial use, attribution required)"
flock,noun,flˈɑk,B1,cefr-j,"CEFR-J custom license (research/commercial use, attribution required)"
flood,verb,flˈʌd,B1,cefr-j,"CEFR-J custom license (research/commercial use, attribution required)"
flow,noun,flˈoʊ,B1,cefr-j,"CEFR-J custom license (research/commercial use, attribution required)"
flow,verb,flˈoʊ,B1,cefr-j,"CEFR-J custom license (research/commercial use, attribution required)"
flu,noun,flˈu,B1,cefr-j,"CEFR-J custom license (research/commercial use, attribution required)"
fluent,adjective,flˈuənt,B1,cefr-j,"CEFR-J custom license (research/commercial use, attribution required)"
fluently,adverb,flˈuəntli,B1,cefr-j,"CEFR-J custom license (research/commercial use, attribution required)"
flunk,verb,flˈʌŋk,B1,cefr-j,"CEFR-J custom license (research/commercial use, attribution required)"
flute,noun,flˈut,B1,cefr-j,"CEFR-J custom license (research/commercial use, attribution required)"
fold,noun,fˈoʊld,B1,cefr-j,"CEFR-J custom license (research/commercial use, attribution required)"
fold,verb,fˈoʊld,B1,cefr-j,"CEFR-J custom license (research/commercial use, attribution required)"
folk,noun,fˈoʊk,B1,cefr-j,"CEFR-J custom license (research/commercial use, attribution required)"
fond,adjective,fˈɑnd,B1,cefr-j,"CEFR-J custom license (research/commercial use, attribution required)"
fondness,noun,fˈɑndnəs,B1,cefr-j,"CEFR-J custom license (research/commercial use, attribution required)"
fool,verb,fˈul,B1,cefr-j,"CEFR-J custom license (research/commercial use, attribution required)"
foolish,adjective,fˈulɪʃ,B1,cefr-j,"CEFR-J custom license (research/commercial use, attribution required)"
foot,noun,fˈʊt,B1,cefr-j,"CEFR-J custom license (research/commercial use, attribution required)"
forbidden,adjective,fˈɔɹbɪdən,B1,cefr-j,"CEFR-J custom license (research/commercial use, attribution required)"
forecast,noun,fˈɔɹkˌæst,B1,cefr-j,"CEFR-J custom license (research/commercial use, attribution required)"
forehead,noun,fˈɔɹhɛd,B1,cefr-j,"CEFR-J custom license (research/commercial use, attribution required)"
forgive,verb,fɚgˈɪv,B1,cefr-j,"CEFR-J custom license (research/commercial use, attribution required)"
form,verb,fˈɔɹm,B1,cefr-j,"CEFR-J custom license (research/commercial use, attribution required)"
formal,adjective,fˈɔɹməl,B1,cefr-j,"CEFR-J custom license (research/commercial use, attribution required)"
formally,adverb,fˈɔɹməli,B1,cefr-j,"CEFR-J custom license (research/commercial use, attribution required)"
format,noun,fˈɔɹmˌæt,B1,cefr-j,"CEFR-J custom license (research/commercial use, attribution required)"
format,verb,fˈɔɹmˌæt,B1,cefr-j,"CEFR-J custom license (research/commercial use, attribution required)"
former,adjective,fˈɔɹmɚ,B1,cefr-j,"CEFR-J custom license (research/commercial use, attribution required)"
formula,noun,fˈɔɹmjələ,B1,cefr-j,"CEFR-J custom license (research/commercial use, attribution required)"
forth,adverb,fˈɔɹθ,B1,cefr-j,"CEFR-J custom license (research/commercial use, attribution required)"
fortnight,noun,fˈɔɹtnˌaɪt,B1,cefr-j,"CEFR-J custom license (research/commercial use, attribution required)"
fortunate,adjective,fˈɔɹtʃənət,B1,cefr-j,"CEFR-J custom license (research/commercial use, attribution required)"
foundation,noun,faʊndˈeɪʃən,B1,cefr-j,"CEFR-J custom license (research/commercial use, attribution required)"
fountain,noun,fˈaʊntən,B1,cefr-j,"CEFR-J custom license (research/commercial use, attribution required)"
fragment,noun,fɹˈægmənt,B1,cefr-j,"CEFR-J custom license (research/commercial use, attribution required)"
freely,adverb,fɹˈili,B1,cefr-j,"CEFR-J custom license (research/commercial use, attribution required)"
freezer,noun,fɹˈizɚ,B1,cefr-j,"CEFR-J custom license (research/commercial use, attribution required)"
freezing,adjective,fɹˈizɪŋ,B1,cefr-j,"CEFR-J custom license (research/commercial use, attribution required)"
frequency,noun,fɹˈikwənsi,B1,cefr-j,"CEFR-J custom license (research/commercial use, attribution required)"
frequent,adjective,fɹˈikwənt,B1,cefr-j,"CEFR-J custom license (research/commercial use, attribution required)"
frequently,adverb,fɹˈikwəntli,B1,cefr-j,"CEFR-J custom license (research/commercial use, attribution required)"
freshman,noun,fɹˈɛʃmən,B1,cefr-j,"CEFR-J custom license (research/commercial use, attribution required)"
friendliness,noun,fɹˈɛndlinɪs,B1,cefr-j,"CEFR-J custom license (research/commercial use, attribution required)"
fright,noun,fɹˈaɪt,B1,cefr-j,"CEFR-J custom license (research/commercial use, attribution required)"
frost,noun,fɹˈɔst,B1,cefr-j,"CEFR-J custom license (research/commercial use, attribution required)"
frozen,adjective,fɹˈoʊzən,B1,cefr-j,"CEFR-J custom license (research/commercial use, attribution required)"
frustrated,adjective,fɹˈʌstɹˌeɪtəd,B1,cefr-j,"CEFR-J custom license (research/commercial use, attribution required)"
frustration,noun,fɹəstɹˈeɪʃən,B1,cefr-j,"CEFR-J custom license (research/commercial use, attribution required)"
fry,verb,fɹˈaɪ,B1,cefr-j,"CEFR-J custom license (research/commercial use, attribution required)"
frying pan,noun,fɹˈaɪɪŋ pˈæn,B1,cefr-j,"CEFR-J custom license (research/commercial use, attribution required)"
fuel,noun,fjˈuəl,B1,cefr-j,"CEFR-J custom license (research/commercial use, attribution required)"
full stop,noun,fˈʊl stˈɑp,B1,cefr-j,"CEFR-J custom license (research/commercial use, attribution required)"
full-time,adjective,fˈʊltˌaɪm,B1,cefr-j,"CEFR-J custom license (research/commercial use, attribution required)"
full-time,adverb,fˈʊltˌaɪm,B1,cefr-j,"CEFR-J custom license (research/commercial use, attribution required)"
function,noun,fˈʌŋkʃən,B1,cefr-j,"CEFR-J custom license (research/commercial use, attribution required)"
fund,noun,fˈʌnd,B1,cefr-j,"CEFR-J custom license (research/commercial use, attribution required)"
fund,verb,fˈʌnd,B1,cefr-j,"CEFR-J custom license (research/commercial use, attribution required)"
funeral,noun,fjˈunɚəl,B1,cefr-j,"CEFR-J custom license (research/commercial use, attribution required)"
fur,noun,fˈɝ,B1,cefr-j,"CEFR-J custom license (research/commercial use, attribution required)"
furnish,verb,fˈɝnɪʃ,B1,cefr-j,"CEFR-J custom license (research/commercial use, attribution required)"
further,adverb,fˈɝðɚ,B1,cefr-j,"CEFR-J custom license (research/commercial use, attribution required)"
furthermore,adverb,fˈɝðɚmˌɔɹ,B1,cefr-j,"CEFR-J custom license (research/commercial use, attribution required)"
furthest,adverb,fˈɝθəst,B1,cefr-j,"CEFR-J custom license (research/commercial use, attribution required)"
fuss,noun,fˈʌs,B1,cefr-j,"CEFR-J custom license (research/commercial use, attribution required)"
future,adjective,fjˈutʃɚ,B1,cefr-j,"CEFR-J custom license (research/commercial use, attribution required)"
gain,noun,gˈeɪn,B1,cefr-j,"CEFR-J custom license (research/commercial use, attribution required)"
gain,verb,gˈeɪn,B1,cefr-j,"CEFR-J custom license (research/commercial use, attribution required)"
gall,noun,gˈɔl,B1,cefr-j,"CEFR-J custom license (research/commercial use, attribution required)"
gallon,noun,gˈælən,B1,cefr-j,"CEFR-J custom license (research/commercial use, attribution required)"
gap,noun,gˈæp,B1,cefr-j,"CEFR-J custom license (research/commercial use, attribution required)"
gardening,noun,gˈɑɹdənɪŋ,B1,cefr-j,"CEFR-J custom license (research/commercial use, attribution required)"
garment,noun,gˈɑɹmənt,B1,cefr-j,"CEFR-J custom license (research/commercial use, attribution required)"
gay,adjective,gˈeɪ,B1,cefr-j,"CEFR-J custom license (research/commercial use, attribution required)"
gee,interjection,dʒˈi,B1,cefr-j,"CEFR-J custom license (research/commercial use, attribution required)"
gene,noun,dʒˈin,B1,cefr-j,"CEFR-J custom license (research/commercial use, attribution required)"
general,adjective,dʒˈɛnɚəl,B1,cefr-j,"CEFR-J custom license (research/commercial use, attribution required)"
general,noun,dʒˈɛnɚəl,B1,cefr-j,"CEFR-J custom license (research/commercial use, attribution required)"
generally,adverb,dʒˈɛnɚəli,B1,cefr-j,"CEFR-J custom license (research/commercial use, attribution required)"
generate,verb,dʒˈɛnɚˌeɪt,B1,cefr-j,"CEFR-J custom license (research/commercial use, attribution required)"
generous,adjective,dʒˈɛnɚəs,B1,cefr-j,"CEFR-J custom license (research/commercial use, attribution required)"
genetic,adjective,dʒənˈɛtɪk,B1,cefr-j,"CEFR-J custom license (research/commercial use, attribution required)"
genetically,adverb,dʒənˈɛtɪkli,B1,cefr-j,"CEFR-J custom license (research/commercial use, attribution required)"
genetics,noun,dʒənˈɛtɪks,B1,cefr-j,"CEFR-J custom license (research/commercial use, attribution required)"
gentleman,noun,dʒˈɛntəlmən,B1,cefr-j,"CEFR-J custom license (research/commercial use, attribution required)"
geographical,adjective,dʒˌiəgɹˈæfɪkəl,B1,cefr-j,"CEFR-J custom license (research/commercial use, attribution required)"
geography,noun,dʒiˈɑgɹəfi,B1,cefr-j,"CEFR-J custom license (research/commercial use, attribution required)"
geology,noun,dʒiˈɑlədʒi,B1,cefr-j,"CEFR-J custom license (research/commercial use, attribution required)"
gesture,noun,dʒˈɛstʃɚ,B1,cefr-j,"CEFR-J custom license (research/commercial use, attribution required)"
giant,adjective,dʒˈaɪənt,B1,cefr-j,"CEFR-J custom license (research/commercial use, attribution required)"
gifted,adjective,gˈɪftəd,B1,cefr-j,"CEFR-J custom license (research/commercial use, attribution required)"
giggle,noun,gˈɪgəl,B1,cefr-j,"CEFR-J custom license (research/commercial use, attribution required)"
ginger,noun,dʒˈɪndʒɚ,B1,cefr-j,"CEFR-J custom license (research/commercial use, attribution required)"
giraffe,noun,dʒɚˈæf,B1,cefr-j,"CEFR-J custom license (research/commercial use, attribution required)"
glance,noun,glˈæns,B1,cefr-j,"CEFR-J custom license (research/commercial use, attribution required)"
glance,verb,glˈæns,B1,cefr-j,"CEFR-J custom license (research/commercial use, attribution required)"
glide,noun,glˈaɪd,B1,cefr-j,"CEFR-J custom license (research/commercial use, attribution required)"
glimpse,noun,glˈɪmps,B1,cefr-j,"CEFR-J custom license (research/commercial use, attribution required)"
glint,noun,glˈɪnt,B1,cefr-j,"CEFR-J custom license (research/commercial use, attribution required)"
global,adjective,glˈoʊbəl,B1,cefr-j,"CEFR-J custom license (research/commercial use, attribution required)"
glorious,adjective,glˈɔɹiəs,B1,cefr-j,"CEFR-J custom license (research/commercial use, attribution required)"
glory,noun,glˈɔɹi,B1,cefr-j,"CEFR-J custom license (research/commercial use, attribution required)"
go,noun,gˈoʊ,B1,cefr-j,"CEFR-J custom license (research/commercial use, attribution required)"
goalkeeper,noun,gˈoʊlkˌipɚ,B1,cefr-j,"CEFR-J custom license (research/commercial use, attribution required)"
goddess,noun,gˈɑdəs,B1,cefr-j,"CEFR-J custom license (research/commercial use, attribution required)"
golfer,noun,gˈɑlfɚ,B1,cefr-j,"CEFR-J custom license (research/commercial use, attribution required)"
goodness,interjection,gˈʊdnəs,B1,cefr-j,"CEFR-J custom license (research/commercial use, attribution required)"
goods,noun,gˈʊdz,B1,cefr-j,"CEFR-J custom license (research/commercial use, attribution required)"
gorgeous,adjective,gˈɔɹdʒəs,B1,cefr-j,"CEFR-J custom license (research/commercial use, attribution required)"
gorilla,noun,gɚˈɪlə,B1,cefr-j,"CEFR-J custom license (research/commercial use, attribution required)"
gossip,noun,gˈɑsəp,B1,cefr-j,"CEFR-J custom license (research/commercial use, attribution required)"
govern,verb,gˈʌvɚn,B1,cefr-j,"CEFR-J custom license (research/commercial use, attribution required)"
governor,noun,gˈʌvɚnɚ,B1,cefr-j,"CEFR-J custom license (research/commercial use, attribution required)"
gown,noun,gˈaʊn,B1,cefr-j,"CEFR-J custom license (research/commercial use, attribution required)"
grab,verb,gɹˈæb,B1,cefr-j,"CEFR-J custom license (research/commercial use, attribution required)"
graceful,adjective,gɹˈeɪsfəl,B1,cefr-j,"CEFR-J custom license (research/commercial use, attribution required)"
graduate,noun,gɹˈædʒəwət,B1,cefr-j,"CEFR-J custom license (research/commercial use, attribution required)"
graduation,noun,gɹˌædʒuˈeɪʃən,B1,cefr-j,"CEFR-J custom license (research/commercial use, attribution required)"
grant,noun,gɹˈænt,B1,cefr-j,"CEFR-J custom license (research/commercial use, attribution required)"
grant,verb,gɹˈænt,B1,cefr-j,"CEFR-J custom license (research/commercial use, attribution required)"
graph,noun,gɹˈæf,B1,cefr-j,"CEFR-J custom license (research/commercial use, attribution required)"
graphic,adjective,gɹˈæfɪk,B1,cefr-j,"CEFR-J custom license (research/commercial use, attribution required)"
graphics,noun,gɹˈæfɪks,B1,cefr-j,"CEFR-J custom license (research/commercial use, attribution required)"
gratitude,noun,gɹˈætətˌud,B1,cefr-j,"CEFR-J custom license (research/commercial use, attribution required)"
grave,noun,gɹˈeɪv,B1,cefr-j,"CEFR-J custom license (research/commercial use, attribution required)"
gravy,noun,gɹˈeɪvi,B1,cefr-j,"CEFR-J custom license (research/commercial use, attribution required)"
greenhouse,noun,gɹˈinhˌaʊs,B1,cefr-j,"CEFR-J custom license (research/commercial use, attribution required)"
greeting,noun,gɹˈitɪŋ,B1,cefr-j,"CEFR-J custom license (research/commercial use, attribution required)"
grill,noun,gɹˈɪl,B1,cefr-j,"CEFR-J custom license (research/commercial use, attribution required)"
grill,verb,gɹˈɪl,B1,cefr-j,"CEFR-J custom license (research/commercial use, attribution required)"
groom,noun,gɹˈum,B1,cefr-j,"CEFR-J custom license (research/commercial use, attribution required)"
ground floor,noun,gɹˈaʊnd flˈɔɹ,B1,cefr-j,"CEFR-J custom license (research/commercial use, attribution required)"
group,verb,gɹˈup,B1,cefr-j,"CEFR-J custom license (research/commercial use, attribution required)"
grouping,noun,gɹˈupɪŋ,B1,cefr-j,"CEFR-J custom license (research/commercial use, attribution required)"
growth,noun,gɹˈoʊθ,B1,cefr-j,"CEFR-J custom license (research/commercial use, attribution required)"
guarantee,noun,gˌɛɹəntˈi,B1,cefr-j,"CEFR-J custom license (research/commercial use, attribution required)"
guess,noun,gˈɛs,B1,cefr-j,"CEFR-J custom license (research/commercial use, attribution required)"
guidance,noun,gˈaɪdəns,B1,cefr-j,"CEFR-J custom license (research/commercial use, attribution required)"
guide,noun,gˈaɪd,B1,cefr-j,"CEFR-J custom license (research/commercial use, attribution required)"
guide,verb,gˈaɪd,B1,cefr-j,"CEFR-J custom license (research/commercial use, attribution required)"
guilt,noun,gˈɪlt,B1,cefr-j,"CEFR-J custom license (research/commercial use, attribution required)"
guilty,adjective,gˈɪlti,B1,cefr-j,"CEFR-J custom license (research/commercial use, attribution required)"
guitarist,noun,gˌɪtˈɑɹɪst,B1,cefr-j,"CEFR-J custom license (research/commercial use, attribution required)"
gym,noun,dʒˈɪm,B1,cefr-j,"CEFR-J custom license (research/commercial use, attribution required)"
gymnastics,noun,dʒɪmnˈæstɪks,B1,cefr-j,"CEFR-J custom license (research/commercial use, attribution required)"
habitat,noun,hˈæbətˌæt,B1,cefr-j,"CEFR-J custom license (research/commercial use, attribution required)"
hairdresser,noun,hˈɛɹdɹˌɛsɚ,B1,cefr-j,"CEFR-J custom license (research/commercial use, attribution required)"
hairdryer,noun,,B1,cefr-j,"CEFR-J custom license (research/commercial use, attribution required)"
half,adverb,hˈæf,B1,cefr-j,"CEFR-J custom license (research/commercial use, attribution required)"
hammer,noun,hˈæmɚ,B1,cefr-j,"CEFR-J custom license (research/commercial use, attribution required)"
hand-held,adjective,hˈændhˌɛld,B1,cefr-j,"CEFR-J custom license (research/commercial use, attribution required)"
handball,noun,hˈændbˌɔl,B1,cefr-j,"CEFR-J custom license (research/commercial use, attribution required)"
handkerchief,noun,hˈæŋkɚtʃɪf,B1,cefr-j,"CEFR-J custom license (research/commercial use, attribution required)"
handle,verb,hˈændəl,B1,cefr-j,"CEFR-J custom license (research/commercial use, attribution required)"
handshake,noun,hˈændʃˌeɪk,B1,cefr-j,"CEFR-J custom license (research/commercial use, attribution required)"
handwriting,noun,hˈændɹˌaɪtɪŋ,B1,cefr-j,"CEFR-J custom license (research/commercial use, attribution required)"
handy,adjective,hˈændi,B1,cefr-j,"CEFR-J custom license (research/commercial use, attribution required)"
hang,verb,hˈæŋ,B1,cefr-j,"CEFR-J custom license (research/commercial use, attribution required)"
hanging,adjective,hˈæŋɪŋ,B1,cefr-j,"CEFR-J custom license (research/commercial use, attribution required)"
harbor,noun,hˈɑɹbɚ,B1,cefr-j,"CEFR-J custom license (research/commercial use, attribution required)"
hard-working,adjective,hˌɑɹdhwˈɝkɪŋ,B1,cefr-j,"CEFR-J custom license (research/commercial use, attribution required)"
hardship,noun,hˈɑɹdʃɪp,B1,cefr-j,"CEFR-J custom license (research/commercial use, attribution required)"
harness,noun,hˈɑɹnəs,B1,cefr-j,"CEFR-J custom license (research/commercial use, attribution required)"
hasty,adjective,hˈeɪsti,B1,cefr-j,"CEFR-J custom license (research/commercial use, attribution required)"
hatch,noun,hˈætʃ,B1,cefr-j,"CEFR-J custom license (research/commercial use, attribution required)"
hate,noun,hˈeɪt,B1,cefr-j,"CEFR-J custom license (research/commercial use, attribution required)"
hatred,noun,hˈeɪtɹəd,B1,cefr-j,"CEFR-J custom license (research/commercial use, attribution required)"
haunt,noun,hˈɔnt,B1,cefr-j,"CEFR-J custom license (research/commercial use, attribution required)"
haven,noun,hˈeɪvən,B1,cefr-j,"CEFR-J custom license (research/commercial use, attribution required)"
hazard,noun,hˈæzɚd,B1,cefr-j,"CEFR-J custom license (research/commercial use, attribution required)"
headline,noun,hˈɛdlˌaɪn,B1,cefr-j,"CEFR-J custom license (research/commercial use, attribution required)"
heal,verb,hˈil,B1,cefr-j,"CEFR-J custom license (research/commercial use, attribution required)"
healing,adjective,hˈilɪŋ,B1,cefr-j,"CEFR-J custom license (research/commercial use, attribution required)"
hearing,noun,hˈiɹɪŋ,B1,cefr-j,"CEFR-J custom license (research/commercial use, attribution required)"
heart attack,noun,hˈɑɹt ətˈæk,B1,cefr-j,"CEFR-J custom license (research/commercial use, attribution required)"
hearted,adjective,hˈɑɹtəd,B1,cefr-j,"CEFR-J custom license (research/commercial use, attribution required)"
hearty,adjective,hˈɑɹti,B1,cefr-j,"CEFR-J custom license (research/commercial use, attribution required)"
heat,verb,hˈit,B1,cefr-j,"CEFR-J custom license (research/commercial use, attribution required)"
heater,noun,hˈitɚ,B1,cefr-j,"CEFR-J custom license (research/commercial use, attribution required)"
heaven,noun,hˈɛvən,B1,cefr-j,"CEFR-J custom license (research/commercial use, attribution required)"
heavenly,adjective,hˈɛvənli,B1,cefr-j,"CEFR-J custom license (research/commercial use, attribution required)"
heel,noun,hˈil,B1,cefr-j,"CEFR-J custom license (research/commercial use, attribution required)"
height,noun,hˈaɪt,B1,cefr-j,"CEFR-J custom license (research/commercial use, attribution required)"
helmet,noun,hˈɛlmət,B1,cefr-j,"CEFR-J custom license (research/commercial use, attribution required)"
helpless,adjective,hˈɛlpləs,B1,cefr-j,"CEFR-J custom license (research/commercial use, attribution required)"
herd,noun,hˈɝd,B1,cefr-j,"CEFR-J custom license (research/commercial use, attribution required)"
hesitate,verb,hˈɛzətˌeɪt,B1,cefr-j,"CEFR-J custom license (research/commercial use, attribution required)"
hidden,adjective,hˈɪdən,B1,cefr-j,"CEFR-J custom license (research/commercial use, attribution required)"
highlight,verb,hˈaɪlˌaɪt,B1,cefr-j,"CEFR-J custom license (research/commercial use, attribution required)"
highly,adverb,hˈaɪli,B1,cefr-j,"CEFR-J custom license (research/commercial use, attribution required)"
hip,noun,hˈɪp,B1,cefr-j,"CEFR-J custom license (research/commercial use, attribution required)"
hire,verb,hˈaɪɚ,B1,cefr-j,"CEFR-J custom license (research/commercial use, attribution required)"
historian,noun,hɪstˈɔɹiən,B1,cefr-j,"CEFR-J custom license (research/commercial use, attribution required)"
historic,adjective,hɪstˈɔɹɪk,B1,cefr-j,"CEFR-J custom license (research/commercial use, attribution required)"
historical,adjective,hɪstˈɔɹɪkəl,B1,cefr-j,"CEFR-J custom license (research/commercial use, attribution required)"
hit,noun,hˈɪt,B1,cefr-j,"CEFR-J custom license (research/commercial use, attribution required)"
HIV,noun,ˈeɪtʃˈaɪvˈi,B1,cefr-j,"CEFR-J custom license (research/commercial use, attribution required)"
holy,adjective,hˈoʊli,B1,cefr-j,"CEFR-J custom license (research/commercial use, attribution required)"
homeless,adjective,hˈoʊmləs,B1,cefr-j,"CEFR-J custom license (research/commercial use, attribution required)"
honest,adjective,ˈɑnəst,B1,cefr-j,"CEFR-J custom license (research/commercial use, attribution required)"
honestly,adverb,ˈɑnəstli,B1,cefr-j,"CEFR-J custom license (research/commercial use, attribution required)"
honesty,noun,ˈɑnəsti,B1,cefr-j,"CEFR-J custom license (research/commercial use, attribution required)"
honeymoon,noun,hˈʌnimˌun,B1,cefr-j,"CEFR-J custom license (research/commercial use, attribution required)"
hop,noun,hˈɑp,B1,cefr-j,"CEFR-J custom license (research/commercial use, attribution required)"
hope,verb,hˈoʊp,B1,cefr-j,"CEFR-J custom license (research/commercial use, attribution required)"
hopeful,adjective,hˈoʊpfəl,B1,cefr-j,"CEFR-J custom license (research/commercial use, attribution required)"
hopefully,adverb,hˈoʊpfəli,B1,cefr-j,"CEFR-J custom license (research/commercial use, attribution required)"
hopeless,adjective,hˈoʊpləs,B1,cefr-j,"CEFR-J custom license (research/commercial use, attribution required)"
horizon,noun,hɚˈaɪzən,B1,cefr-j,"CEFR-J custom license (research/commercial use, attribution required)"
horn,noun,hˈɔɹn,B1,cefr-j,"CEFR-J custom license (research/commercial use, attribution required)"
horrible,adjective,hˈɔɹəbəl,B1,cefr-j,"CEFR-J custom license (research/commercial use, attribution required)"
horrify,verb,hˈɔɹəfˌaɪ,B1,cefr-j,"CEFR-J custom license (research/commercial use, attribution required)"
hostel,noun,hˈɑstəl,B1,cefr-j,"CEFR-J custom license (research/commercial use, attribution required)"
household,noun,hˈaʊshˌoʊld,B1,cefr-j,"CEFR-J custom license (research/commercial use, attribution required)"
housework,noun,hˈaʊswˌɝk,B1,cefr-j,"CEFR-J custom license (research/commercial use, attribution required)"
huge,adjective,hjˈudʒ,B1,cefr-j,"CEFR-J custom license (research/commercial use, attribution required)"
human,noun,hjˈumən,B1,cefr-j,"CEFR-J custom license (research/commercial use, attribution required)"
humanity,noun,hjumˈænɪti,B1,cefr-j,"CEFR-J custom license (research/commercial use, attribution required)"
humid,adjective,hjˈuməd,B1,cefr-j,"CEFR-J custom license (research/commercial use, attribution required)"
humor,noun,hjˈumɚ,B1,cefr-j,"CEFR-J custom license (research/commercial use, attribution required)"
humorous,adjective,hjˈumɚəs,B1,cefr-j,"CEFR-J custom license (research/commercial use, attribution required)"
hunger,noun,hˈʌŋgɚ,B1,cefr-j,"CEFR-J custom license (research/commercial use, attribution required)"
hunt,noun,hˈʌnt,B1,cefr-j,"CEFR-J custom license (research/commercial use, attribution required)"
hunt,verb,hˈʌnt,B1,cefr-j,"CEFR-J custom license (research/commercial use, attribution required)"
hurriedly,adverb,hˈɝidli,B1,cefr-j,"CEFR-J custom license (research/commercial use, attribution required)"
hurt,adjective,hˈɝt,B1,cefr-j,"CEFR-J custom license (research/commercial use, attribution required)"
hut,noun,hˈʌt,B1,cefr-j,"CEFR-J custom license (research/commercial use, attribution required)"
ice hockey,noun,ˈaɪs hˈɑki,B1,cefr-j,"CEFR-J custom license (research/commercial use, attribution required)"
ice skating,noun,ˈaɪs skˈeɪtɪŋ,B1,cefr-j,"CEFR-J custom license (research/commercial use, attribution required)"
identity,noun,aɪdˈɛntɪtˌi,B1,cefr-j,"CEFR-J custom license (research/commercial use, attribution required)"
identity card,noun,aɪdˈɛntɪtˌi kˈɑɹd,B1,cefr-j,"CEFR-J custom license (research/commercial use, attribution required)"
idiom,noun,ˈɪdiəm,B1,cefr-j,"CEFR-J custom license (research/commercial use, attribution required)"
idol,noun,ˈaɪdəl,B1,cefr-j,"CEFR-J custom license (research/commercial use, attribution required)"
ignore,verb,ˌɪgnˈɔɹ,B1,cefr-j,"CEFR-J custom license (research/commercial use, attribution required)"
illegally,adverb,ˌɪlˈigəli,B1,cefr-j,"CEFR-J custom license (research/commercial use, attribution required)"
illness,noun,ˈɪlnəs,B1,cefr-j,"CEFR-J custom license (research/commercial use, attribution required)"
illuminate,verb,ˌɪlˈumɪnɪt,B1,cefr-j,"CEFR-J custom license (research/commercial use, attribution required)"
imaginary,adjective,ˌɪmˈædʒənˌɛɹi,B1,cefr-j,"CEFR-J custom license (research/commercial use, attribution required)"
imitate,verb,ˈɪmətˌeɪt,B1,cefr-j,"CEFR-J custom license (research/commercial use, attribution required)"
immediate,adjective,ˌɪmˈidˌiət,B1,cefr-j,"CEFR-J custom license (research/commercial use, attribution required)"
immediately,adverb,ˌɪmˈidˌiətli,B1,cefr-j,"CEFR-J custom license (research/commercial use, attribution required)"
immigrate,verb,ˈɪməgɹˌeɪt,B1,cefr-j,"CEFR-J custom license (research/commercial use, attribution required)"
immigration,noun,ˌɪməgɹˈeɪʃən,B1,cefr-j,"CEFR-J custom license (research/commercial use, attribution required)"
impair,verb,ˌɪmpˈɛɹ,B1,cefr-j,"CEFR-J custom license (research/commercial use, attribution required)"
impression,noun,ˌɪmpɹˈɛʃən,B1,cefr-j,"CEFR-J custom license (research/commercial use, attribution required)"
impressive,adjective,ˌɪmpɹˈɛsɪv,B1,cefr-j,"CEFR-J custom license (research/commercial use, attribution required)"
improper,adjective,ˌɪmpɹˈɑpɚ,B1,cefr-j,"CEFR-J custom license (research/commercial use, attribution required)"
improvement,noun,ˌɪmpɹˈuvmənt,B1,cefr-j,"CEFR-J custom license (research/commercial use, attribution required)"
incident,noun,ˈɪnsədənt,B1,cefr-j,"CEFR-J custom license (research/commercial use, attribution required)"
including,preposition,ˌɪnklˈudɪŋ,B1,cefr-j,"CEFR-J custom license (research/commercial use, attribution required)"
income,noun,ˈɪnkˌʌm,B1,cefr-j,"CEFR-J custom license (research/commercial use, attribution required)"
inconvenient,adjective,ˌɪnkənvˈinjənt,B1,cefr-j,"CEFR-J custom license (research/commercial use, attribution required)"
incorrect,adjective,ˌɪnkɚˈɛkt,B1,cefr-j,"CEFR-J custom license (research/commercial use, attribution required)"
increase,noun,ˌɪnkɹˈis,B1,cefr-j,"CEFR-J custom license (research/commercial use, attribution required)"
increasingly,adverb,ɪnkɹˈisɪŋli,B1,cefr-j,"CEFR-J custom license (research/commercial use, attribution required)"
incredible,adjective,ˌɪnkɹˈɛdəbəl,B1,cefr-j,"CEFR-J custom license (research/commercial use, attribution required)"
incredibly,adverb,ˌɪnkɹˈɛdəbli,B1,cefr-j,"CEFR-J custom license (research/commercial use, attribution required)"
indefinite article,noun,ˌɪndˈɛfənət ˈɑɹtəkəl,B1,cefr-j,"CEFR-J custom license (research/commercial use, attribution required)"
independent,adjective,ˌɪndɪpˈɛndənt,B1,cefr-j,"CEFR-J custom license (research/commercial use, attribution required)"
indirect,adjective,ˌɪndɚˈɛkt,B1,cefr-j,"CEFR-J custom license (research/commercial use, attribution required)"
indirectly,adverb,ˌɪndɚˈɛktlˌi,B1,cefr-j,"CEFR-J custom license (research/commercial use, attribution required)"
individual,adjective,ˌɪndəvˈɪdʒəwəl,B1,cefr-j,"CEFR-J custom license (research/commercial use, attribution required)"
indoors,adverb,ˈɪndˌɔɹz,B1,cefr-j,"CEFR-J custom license (research/commercial use, attribution required)"
industrial,adjective,ˌɪndˈʌstɹiəl,B1,cefr-j,"CEFR-J custom license (research/commercial use, attribution required)"
industry,noun,ˈɪndəstɹi,B1,cefr-j,"CEFR-J custom license (research/commercial use, attribution required)"
inevitable,adjective,ˌɪnˈɛvətəbəl,B1,cefr-j,"CEFR-J custom license (research/commercial use, attribution required)"
infection,noun,ˌɪnfˈɛkʃən,B1,cefr-j,"CEFR-J custom license (research/commercial use, attribution required)"
infinitive,noun,ˌɪnfˈɪnɪtɪv,B1,cefr-j,"CEFR-J custom license (research/commercial use, attribution required)"
inform,verb,ˌɪnfˈɔɹm,B1,cefr-j,"CEFR-J custom license (research/commercial use, attribution required)"
informative,adjective,ˌɪnfˈɔɹmətɪv,B1,cefr-j,"CEFR-J custom license (research/commercial use, attribution required)"
ingredient,noun,ˌɪngɹˈidiənt,B1,cefr-j,"CEFR-J custom license (research/commercial use, attribution required)"
inhabitant,noun,ɪnhˈæbətənt,B1,cefr-j,"CEFR-J custom license (research/commercial use, attribution required)"
inhale,verb,ˌɪnhˈeɪl,B1,cefr-j,"CEFR-J custom license (research/commercial use, attribution required)"
initial,noun,ˌɪnˈɪʃəl,B1,cefr-j,"CEFR-J custom license (research/commercial use, attribution required)"
initially,adverb,ˌɪnˈɪʃəli,B1,cefr-j,"CEFR-J custom license (research/commercial use, attribution required)"
inject,verb,ˌɪndʒˈɛkt,B1,cefr-j,"CEFR-J custom license (research/commercial use, attribution required)"
injury,noun,ˈɪndʒɚi,B1,cefr-j,"CEFR-J custom license (research/commercial use, attribution required)"
ink,noun,ˈɪŋk,B1,cefr-j,"CEFR-J custom license (research/commercial use, attribution required)"
innermost,adjective,ˈɪnɚmˌoʊst,B1,cefr-j,"CEFR-J custom license (research/commercial use, attribution required)"
innocent,adjective,ˈɪnəsənt,B1,cefr-j,"CEFR-J custom license (research/commercial use, attribution required)"
innovator,noun,ˈɪnəvˌeɪtɚ,B1,cefr-j,"CEFR-J custom license (research/commercial use, attribution required)"
inquiry,noun,ˌɪnkwˈaɪɹˌi,B1,cefr-j,"CEFR-J custom license (research/commercial use, attribution required)"
insane,adjective,ˌɪnsˈeɪn,B1,cefr-j,"CEFR-J custom license (research/commercial use, attribution required)"
inscribe,verb,ˌɪnskɹˈaɪb,B1,cefr-j,"CEFR-J custom license (research/commercial use, attribution required)"
inscription,noun,ˌɪnskɹˈɪpʃən,B1,cefr-j,"CEFR-J custom license (research/commercial use, attribution required)"
insight,noun,ˈɪnsˌaɪt,B1,cefr-j,"CEFR-J custom license (research/commercial use, attribution required)"
insist,verb,ˌɪnsˈɪst,B1,cefr-j,"CEFR-J custom license (research/commercial use, attribution required)"
inspection,noun,ˌɪnspˈɛkʃən,B1,cefr-j,"CEFR-J custom license (research/commercial use, attribution required)"
inspire,verb,ˌɪnspˈaɪɹ,B1,cefr-j,"CEFR-J custom license (research/commercial use, attribution required)"
install,verb,ˌɪnstˈɔl,B1,cefr-j,"CEFR-J custom license (research/commercial use, attribution required)"
instance,noun,ˈɪnstəns,B1,cefr-j,"CEFR-J custom license (research/commercial use, attribution required)"
instead of,preposition,ˌɪnstˈɛd ˈʌv,B1,cefr-j,"CEFR-J custom license (research/commercial use, attribution required)"
institute,noun,ˈɪnstətˌut,B1,cefr-j,"CEFR-J custom license (research/commercial use, attribution required)"
instruction,noun,ˌɪnstɹˈʌkʃən,B1,cefr-j,"CEFR-J custom license (research/commercial use, attribution required)"
instructor,noun,ˌɪnstɹˈʌktɚ,B1,cefr-j,"CEFR-J custom license (research/commercial use, attribution required)"
insurance,noun,ˌɪnʃˈʊɹəns,B1,cefr-j,"CEFR-J custom license (research/commercial use, attribution required)"
intend,verb,ˌɪntˈɛnd,B1,cefr-j,"CEFR-J custom license (research/commercial use, attribution required)"
intense,adjective,ˌɪntˈɛns,B1,cefr-j,"CEFR-J custom license (research/commercial use, attribution required)"
intensive,adjective,ˌɪntˈɛnsɪv,B1,cefr-j,"CEFR-J custom license (research/commercial use, attribution required)"
intention,noun,ˌɪntˈɛntʃən,B1,cefr-j,"CEFR-J custom license (research/commercial use, attribution required)"
intentionally,adverb,ˌɪntˈɛnʃənəli,B1,cefr-j,"CEFR-J custom license (research/commercial use, attribution required)"
interact,verb,ˌɪntɚˈækt,B1,cefr-j,"CEFR-J custom license (research/commercial use, attribution required)"
interaction,noun,ˌɪntɚˈækʃən,B1,cefr-j,"CEFR-J custom license (research/commercial use, attribution required)"
interest,verb,ˈɪntɹəst,B1,cefr-j,"CEFR-J custom license (research/commercial use, attribution required)"
intermediate,adjective,ˌɪntɚmˈidiɪt,B1,cefr-j,"CEFR-J custom license (research/commercial use, attribution required)"
intermission,noun,ˌɪntɚmˈɪʃən,B1,cefr-j,"CEFR-J custom license (research/commercial use, attribution required)"
internal,adjective,ˌɪntˈɝnəl,B1,cefr-j,"CEFR-J custom license (research/commercial use, attribution required)"
internationally,adverb,ˌɪntɚnˈæʃənəli,B1,cefr-j,"CEFR-J custom license (research/commercial use, attribution required)"
interrupt,verb,ˌɪntɚˈʌpt,B1,cefr-j,"CEFR-J custom license (research/commercial use, attribution required)"
interval,noun,ˈɪntɚvəl,B1,cefr-j,"CEFR-J custom license (research/commercial use, attribution required)"
interview,verb,ˈɪntɚvjˌu,B1,cefr-j,"CEFR-J custom license (research/commercial use, attribution required)"
interviewee,noun,ˌɪntɚvjuˈi,B1,cefr-j,"CEFR-J custom license (research/commercial use, attribution required)"
introduction,noun,ˌɪntɹədˈʌkʃən,B1,cefr-j,"CEFR-J custom license (research/commercial use, attribution required)"
invasion,noun,ˌɪnvˈeɪʒən,B1,cefr-j,"CEFR-J custom license (research/commercial use, attribution required)"
invest,verb,ˌɪnvˈɛst,B1,cefr-j,"CEFR-J custom license (research/commercial use, attribution required)"
investigation,noun,ˌɪnvˌɛstəgˈeɪʃən,B1,cefr-j,"CEFR-J custom license (research/commercial use, attribution required)"
invitation,noun,ˌɪnvɪtˈeɪʃən,B1,cefr-j,"CEFR-J custom license (research/commercial use, attribution required)"
involuntarily,adverb,ˌɪnvoʊlˈʌntɚˌɪli,B1,cefr-j,"CEFR-J custom license (research/commercial use, attribution required)"
involve,verb,ˌɪnvˈɑlv,B1,cefr-j,"CEFR-J custom license (research/commercial use, attribution required)"
involved,adjective,ˌɪnvˈɑlvd,B1,cefr-j,"CEFR-J custom license (research/commercial use, attribution required)"
iron,noun,ˈaɪɚn,B1,cefr-j,"CEFR-J custom license (research/commercial use, attribution required)"
iron,verb,ˈaɪɚn,B1,cefr-j,"CEFR-J custom license (research/commercial use, attribution required)"
ironing,noun,ˈaɪɚnɪŋ,B1,cefr-j,"CEFR-J custom license (research/commercial use, attribution required)"
irregular,adjective,ˌɪɹˈɛgjəlɚ,B1,cefr-j,"CEFR-J custom license (research/commercial use, attribution required)"
irritate,verb,ˈɪɹɪtˌeɪt,B1,cefr-j,"CEFR-J custom license (research/commercial use, attribution required)"
isle,noun,ˈaɪl,B1,cefr-j,"CEFR-J custom license (research/commercial use, attribution required)"
isolation,noun,ˌaɪsəlˈeɪʃən,B1,cefr-j,"CEFR-J custom license (research/commercial use, attribution required)"
ivory,noun,ˈaɪvɚi,B1,cefr-j,"CEFR-J custom license (research/commercial use, attribution required)"
jade,noun,dʒˈeɪd,B1,cefr-j,"CEFR-J custom license (research/commercial use, attribution required)"
jail,noun,dʒˈeɪl,B1,cefr-j,"CEFR-J custom license (research/commercial use, attribution required)"
jar,noun,dʒˈɑɹ,B1,cefr-j,"CEFR-J custom license (research/commercial use, attribution required)"
jazz,noun,dʒˈæz,B1,cefr-j,"CEFR-J custom license (research/commercial use, attribution required)"
jealous,adjective,dʒˈɛləs,B1,cefr-j,"CEFR-J custom license (research/commercial use, attribution required)"
jewel,noun,dʒˈuəl,B1,cefr-j,"CEFR-J custom license (research/commercial use, attribution required)"
jog,verb,dʒˈɑg,B1,cefr-j,"CEFR-J custom license (research/commercial use, attribution required)"
jogging,noun,dʒˈɑgɪŋ,B1,cefr-j,"CEFR-J custom license (research/commercial use, attribution required)"
joint,adjective,dʒˈɔɪnt,B1,cefr-j,"CEFR-J custom license (research/commercial use, attribution required)"
joke,verb,dʒˈoʊk,B1,cefr-j,"CEFR-J custom license (research/commercial use, attribution required)"
journal,noun,dʒˈɝnəl,B1,cefr-j,"CEFR-J custom license (research/commercial use, attribution required)"
journalist,noun,dʒˈɝnələst,B1,cefr-j,"CEFR-J custom license (research/commercial use, attribution required)"
judge,noun,dʒˈʌdʒ,B1,cefr-j,"CEFR-J custom license (research/commercial use, attribution required)"
judgment,noun,dʒˈʌdʒmənt,B1,cefr-j,"CEFR-J custom license (research/commercial use, attribution required)"
jug,noun,dʒˈʌg,B1,cefr-j,"CEFR-J custom license (research/commercial use, attribution required)"
juicy,adjective,dʒˈusi,B1,cefr-j,"CEFR-J custom license (research/commercial use, attribution required)"
jumper,noun,dʒˈʌmpɚ,B1,cefr-j,"CEFR-J custom license (research/commercial use, attribution required)"
jungle,noun,dʒˈʌŋgəl,B1,cefr-j,"CEFR-J custom license (research/commercial use, attribution required)"
justice,noun,dʒˈʌstəs,B1,cefr-j,"CEFR-J custom license (research/commercial use, attribution required)"
kettle,noun,kˈɛtəl,B1,cefr-j,"CEFR-J custom license (research/commercial use, attribution required)"
keyboard,noun,kˈibˌɔɹd,B1,cefr-j,"CEFR-J custom license (research/commercial use, attribution required)"
kid,verb,kˈɪd,B1,cefr-j,"CEFR-J custom license (research/commercial use, attribution required)"
killing,noun,kˈɪlɪŋ,B1,cefr-j,"CEFR-J custom license (research/commercial use, attribution required)"
kindly,adverb,kˈaɪndli,B1,cefr-j,"CEFR-J custom license (research/commercial use, attribution required)"
kindness,noun,kˈaɪndnəs,B1,cefr-j,"CEFR-J custom license (research/commercial use, attribution required)"
kiss,verb,kˈɪs,B1,cefr-j,"CEFR-J custom license (research/commercial use, attribution required)"
kitten,noun,kˈɪtən,B1,cefr-j,"CEFR-J custom license (research/commercial use, attribution required)"
knit,verb,nˈɪt,B1,cefr-j,"CEFR-J custom license (research/commercial use, attribution required)"
knock,verb,nˈɑk,B1,cefr-j,"CEFR-J custom license (research/commercial use, attribution required)"
lab,noun,lˈæb,B1,cefr-j,"CEFR-J custom license (research/commercial use, attribution required)"
laboratory,noun,lˈæbɹətˌɔɹi,B1,cefr-j,"CEFR-J custom license (research/commercial use, attribution required)"
ladder,noun,lˈædɚ,B1,cefr-j,"CEFR-J custom license (research/commercial use, attribution required)"
lamb,noun,lˈæm,B1,cefr-j,"CEFR-J custom license (research/commercial use, attribution required)"
land,noun,lˈænd,B1,cefr-j,"CEFR-J custom license (research/commercial use, attribution required)"
landlord,noun,lˈændlˌɔɹd,B1,cefr-j,"CEFR-J custom license (research/commercial use, attribution required)"
largely,adverb,lˈɑɹdʒli,B1,cefr-j,"CEFR-J custom license (research/commercial use, attribution required)"
last,adverb,lˈæst,B1,cefr-j,"CEFR-J custom license (research/commercial use, attribution required)"
last,verb,lˈæst,B1,cefr-j,"CEFR-J custom license (research/commercial use, attribution required)"
lasting,adjective,lˈæstɪŋ,B1,cefr-j,"CEFR-J custom license (research/commercial use, attribution required)"
latecomer,noun,lˈeɪtkəmɚ,B1,cefr-j,"CEFR-J custom license (research/commercial use, attribution required)"
lately,adverb,lˈeɪtli,B1,cefr-j,"CEFR-J custom license (research/commercial use, attribution required)"
laugh,noun,lˈæf,B1,cefr-j,"CEFR-J custom license (research/commercial use, attribution required)"
laughter,noun,lˈæftɚ,B1,cefr-j,"CEFR-J custom license (research/commercial use, attribution required)"
launch,verb,lˈɔntʃ,B1,cefr-j,"CEFR-J custom license (research/commercial use, attribution required)"
lawful,adjective,lˈɔfəl,B1,cefr-j,"CEFR-J custom license (research/commercial use, attribution required)"
lay,verb,lˈeɪ,B1,cefr-j,"CEFR-J custom license (research/commercial use, attribution required)"
layer,noun,lˈeɪɚ,B1,cefr-j,"CEFR-J custom license (research/commercial use, attribution required)"
lead,adjective,lˈɛd,B1,cefr-j,"CEFR-J custom license (research/commercial use, attribution required)"
lead,verb,lˈɛd,B1,cefr-j,"CEFR-J custom license (research/commercial use, attribution required)"
leadership,noun,lˈidɚʃˌɪp,B1,cefr-j,"CEFR-J custom license (research/commercial use, attribution required)"
leading,adjective,lˈidɪŋ,B1,cefr-j,"CEFR-J custom license (research/commercial use, attribution required)"
league,noun,lˈig,B1,cefr-j,"CEFR-J custom license (research/commercial use, attribution required)"
lean,adjective,lˈin,B1,cefr-j,"CEFR-J custom license (research/commercial use, attribution required)"
leap,verb,lˈip,B1,cefr-j,"CEFR-J custom license (research/commercial use, attribution required)"
least,adverb,lˈist,B1,cefr-j,"CEFR-J custom license (research/commercial use, attribution required)"
leave,noun,lˈiv,B1,cefr-j,"CEFR-J custom license (research/commercial use, attribution required)"
lecture,noun,lˈɛktʃɚ,B1,cefr-j,"CEFR-J custom license (research/commercial use, attribution required)"
legal,adjective,lˈigəl,B1,cefr-j,"CEFR-J custom license (research/commercial use, attribution required)"
legally,adverb,lˈigəli,B1,cefr-j,"CEFR-J custom license (research/commercial use, attribution required)"
length,noun,lˈɛŋkθ,B1,cefr-j,"CEFR-J custom license (research/commercial use, attribution required)"
lessen,verb,lˈɛsən,B1,cefr-j,"CEFR-J custom license (research/commercial use, attribution required)"
lettuce,noun,lˈɛtəs,B1,cefr-j,"CEFR-J custom license (research/commercial use, attribution required)"
level,adjective,lˈɛvəl,B1,cefr-j,"CEFR-J custom license (research/commercial use, attribution required)"
liar,noun,lˈaɪɚ,B1,cefr-j,"CEFR-J custom license (research/commercial use, attribution required)"
liberate,verb,lˈɪbˌɝˌeɪt,B1,cefr-j,"CEFR-J custom license (research/commercial use, attribution required)"
liberation,noun,lˌɪbˌɝˈeɪʃən,B1,cefr-j,"CEFR-J custom license (research/commercial use, attribution required)"
librarian,noun,laɪbɹˈɛɹˌiən,B1,cefr-j,"CEFR-J custom license (research/commercial use, attribution required)"
lie,noun,lˈaɪ,B1,cefr-j,"CEFR-J custom license (research/commercial use, attribution required)"
lifeguard,noun,lˈaɪfgˌɑɹd,B1,cefr-j,"CEFR-J custom license (research/commercial use, attribution required)"
lifelong,adjective,lˈaɪflˈɔŋ,B1,cefr-j,"CEFR-J custom license (research/commercial use, attribution required)"
lift,noun,lˈɪft,B1,cefr-j,"CEFR-J custom license (research/commercial use, attribution required)"
lift,verb,lˈɪft,B1,cefr-j,"CEFR-J custom license (research/commercial use, attribution required)"
light,verb,lˈaɪt,B1,cefr-j,"CEFR-J custom license (research/commercial use, attribution required)"
lighter,noun,lˈaɪtɚ,B1,cefr-j,"CEFR-J custom license (research/commercial use, attribution required)"
lightly,adverb,lˈaɪtli,B1,cefr-j,"CEFR-J custom license (research/commercial use, attribution required)"
lightning,noun,lˈaɪtnɪŋ,B1,cefr-j,"CEFR-J custom license (research/commercial use, attribution required)"
like,conjunction,lˈaɪk,B1,cefr-j,"CEFR-J custom license (research/commercial use, attribution required)"
likeness,noun,lˈaɪknəs,B1,cefr-j,"CEFR-J custom license (research/commercial use, attribution required)"
limit,noun,lˈɪmət,B1,cefr-j,"CEFR-J custom license (research/commercial use, attribution required)"
limit,verb,lˈɪmət,B1,cefr-j,"CEFR-J custom license (research/commercial use, attribution required)"
limitation,noun,lˌɪmɪtˈeɪʃən,B1,cefr-j,"CEFR-J custom license (research/commercial use, attribution required)"
limited,adjective,lˈɪmətəd,B1,cefr-j,"CEFR-J custom license (research/commercial use, attribution required)"
limp,verb,lˈɪmp,B1,cefr-j,"CEFR-J custom license (research/commercial use, attribution required)"
link,noun,lˈɪŋk,B1,cefr-j,"CEFR-J custom license (research/commercial use, attribution required)"
link,verb,lˈɪŋk,B1,cefr-j,"CEFR-J custom license (research/commercial use, attribution required)"
liquid,adjective,lˈɪkwəd,B1,cefr-j,"CEFR-J custom license (research/commercial use, attribution required)"
liquid,noun,lˈɪkwəd,B1,cefr-j,"CEFR-J custom license (research/commercial use, attribution required)"
literary,adjective,lˈɪtɚˌɛɹi,B1,cefr-j,"CEFR-J custom license (research/commercial use, attribution required)"
literature,noun,lˈɪtɚətʃɚ,B1,cefr-j,"CEFR-J custom license (research/commercial use, attribution required)"
little,determiner,lˈɪtəl,B1,cefr-j,"CEFR-J custom license (research/commercial use, attribution required)"
little,pronoun,lˈɪtəl,B1,cefr-j,"CEFR-J custom license (research/commercial use, attribution required)"
live,adjective,lˈaɪv,B1,cefr-j,"CEFR-J custom license (research/commercial use, attribution required)"
liver,noun,lˈɪvɚ,B1,cefr-j,"CEFR-J custom license (research/commercial use, attribution required)"
loaf,noun,lˈoʊf,B1,cefr-j,"CEFR-J custom license (research/commercial use, attribution required)"
locate,verb,lˈoʊkˌeɪt,B1,cefr-j,"CEFR-J custom license (research/commercial use, attribution required)"
location,noun,loʊkˈeɪʃən,B1,cefr-j,"CEFR-J custom license (research/commercial use, attribution required)"
lock,verb,lˈɑk,B1,cefr-j,"CEFR-J custom license (research/commercial use, attribution required)"
lodge,noun,lˈɑdʒ,B1,cefr-j,"CEFR-J custom license (research/commercial use, attribution required)"
log,noun,lˈɔg,B1,cefr-j,"CEFR-J custom license (research/commercial use, attribution required)"
logic,noun,lˈɑdʒɪk,B1,cefr-j,"CEFR-J custom license (research/commercial use, attribution required)"
logo,noun,lˈoʊgoʊ,B1,cefr-j,"CEFR-J custom license (research/commercial use, attribution required)"
lorry,noun,lˈɔɹi,B1,cefr-j,"CEFR-J custom license (research/commercial use, attribution required)"
loss,noun,lˈɔs,B1,cefr-j,"CEFR-J custom license (research/commercial use, attribution required)"
lottery,noun,lˈɑtɚi,B1,cefr-j,"CEFR-J custom license (research/commercial use, attribution required)"
loud,adjective,lˈaʊd,B1,cefr-j,"CEFR-J custom license (research/commercial use, attribution required)"
loud,adverb,lˈaʊd,B1,cefr-j,"CEFR-J custom license (research/commercial use, attribution required)"
loudspeaker,noun,lˈaʊdspˌikɚ,B1,cefr-j,"CEFR-J custom license (research/commercial use, attribution required)"
lovingly,adverb,lˈʌvɪŋli,B1,cefr-j,"CEFR-J custom license (research/commercial use, attribution required)"
loyal,adjective,lˈɔɪəl,B1,cefr-j,"CEFR-J custom license (research/commercial use, attribution required)"
loyalty,noun,lˈɔɪəlti,B1,cefr-j,"CEFR-J custom license (research/commercial use, attribution required)"
luggage,noun,lˈʌgədʒ,B1,cefr-j,"CEFR-J custom license (research/commercial use, attribution required)"
lung,noun,lˈʌŋ,B1,cefr-j,"CEFR-J custom license (research/commercial use, attribution required)"
luxury,noun,lˈʌgʒɚi,B1,cefr-j,"CEFR-J custom license (research/commercial use, attribution required)"
magical,adjective,mˈædʒɪkəl,B1,cefr-j,"CEFR-J custom license (research/commercial use, attribution required)"
magician,noun,mədʒˈɪʃən,B1,cefr-j,"CEFR-J custom license (research/commercial use, attribution required)"
magnificent,adjective,mægnˈɪfəsənt,B1,cefr-j,"CEFR-J custom license (research/commercial use, attribution required)"
mail,verb,mˈeɪl,B1,cefr-j,"CEFR-J custom license (research/commercial use, attribution required)"
mailbox,noun,mˈeɪlbˌɑks,B1,cefr-j,"CEFR-J custom license (research/commercial use, attribution required)"
main,adjective,mˈeɪn,B1,cefr-j,"CEFR-J custom license (research/commercial use, attribution required)"
maintain,verb,meɪntˈeɪn,B1,cefr-j,"CEFR-J custom license (research/commercial use, attribution required)"
maintenance,noun,mˈeɪntənəns,B1,cefr-j,"CEFR-J custom license (research/commercial use, attribution required)"
majority,noun,mədʒˈɔɹəti,B1,cefr-j,"CEFR-J custom license (research/commercial use, attribution required)"
male,adjective,mˈeɪl,B1,cefr-j,"CEFR-J custom license (research/commercial use, attribution required)"
management,noun,mˈænədʒmənt,B1,cefr-j,"CEFR-J custom license (research/commercial use, attribution required)"
mankind,noun,mˈænkˈaɪnd,B1,cefr-j,"CEFR-J custom license (research/commercial use, attribution required)"
maple,noun,mˈeɪpəl,B1,cefr-j,"CEFR-J custom license (research/commercial use, attribution required)"
marble,noun,mˈɑɹbəl,B1,cefr-j,"CEFR-J custom license (research/commercial use, attribution required)"
march,noun,mˈɑɹtʃ,B1,cefr-j,"CEFR-J custom license (research/commercial use, attribution required)"
march,verb,mˈɑɹtʃ,B1,cefr-j,"CEFR-J custom license (research/commercial use, attribution required)"
marine,adjective,mɚˈin,B1,cefr-j,"CEFR-J custom license (research/commercial use, attribution required)"
marked,adjective,mˈɑɹkt,B1,cefr-j,"CEFR-J custom license (research/commercial use, attribution required)"
market,verb,mˈɑɹkət,B1,cefr-j,"CEFR-J custom license (research/commercial use, attribution required)"
marriage,noun,mˈɛɹɪdʒ,B1,cefr-j,"CEFR-J custom license (research/commercial use, attribution required)"
mash,verb,mˈæʃ,B1,cefr-j,"CEFR-J custom license (research/commercial use, attribution required)"
mass,adjective,mˈæs,B1,cefr-j,"CEFR-J custom license (research/commercial use, attribution required)"
massive,adjective,mˈæsɪv,B1,cefr-j,"CEFR-J custom license (research/commercial use, attribution required)"
match,verb,mˈætʃ,B1,cefr-j,"CEFR-J custom license (research/commercial use, attribution required)"
mathematician,noun,mˌæθəmətˈɪʃən,B1,cefr-j,"CEFR-J custom license (research/commercial use, attribution required)"
mathematics,noun,mˌæθəmˈætɪks,B1,cefr-j,"CEFR-J custom license (research/commercial use, attribution required)"
maximum,adjective,mˈæksəməm,B1,cefr-j,"CEFR-J custom license (research/commercial use, attribution required)"
maximum,noun,mˈæksəməm,B1,cefr-j,"CEFR-J custom license (research/commercial use, attribution required)"
mayor,noun,mˈeɪɚ,B1,cefr-j,"CEFR-J custom license (research/commercial use, attribution required)"
meaningful,adjective,mˈinɪŋfəl,B1,cefr-j,"CEFR-J custom license (research/commercial use, attribution required)"
meanwhile,adverb,mˈinwˌaɪl,B1,cefr-j,"CEFR-J custom license (research/commercial use, attribution required)"
measure,noun,mˈɛʒɚ,B1,cefr-j,"CEFR-J custom license (research/commercial use, attribution required)"
measure,verb,mˈɛʒɚ,B1,cefr-j,"CEFR-J custom license (research/commercial use, attribution required)"
measurement,noun,mˈɛʒɚmənt,B1,cefr-j,"CEFR-J custom license (research/commercial use, attribution required)"
mechanic,noun,məkˈænɪk,B1,cefr-j,"CEFR-J custom license (research/commercial use, attribution required)"
mechanical,adjective,məkˈænɪkəl,B1,cefr-j,"CEFR-J custom license (research/commercial use, attribution required)"
meditate,verb,mˈɛdətˌeɪt,B1,cefr-j,"CEFR-J custom license (research/commercial use, attribution required)"
meditation,noun,mˌɛdətˈeɪʃən,B1,cefr-j,"CEFR-J custom license (research/commercial use, attribution required)"
Mediterranean,noun,mˌɛdətɚˈeɪniən,B1,cefr-j,"CEFR-J custom license (research/commercial use, attribution required)"
medium,adjective,mˈidiəm,B1,cefr-j,"CEFR-J custom license (research/commercial use, attribution required)"
medium,noun,mˈidiəm,B1,cefr-j,"CEFR-J custom license (research/commercial use, attribution required)"
melt,verb,mˈɛlt,B1,cefr-j,"CEFR-J custom license (research/commercial use, attribution required)"
membership,noun,mˈɛmbɚʃˌɪp,B1,cefr-j,"CEFR-J custom license (research/commercial use, attribution required)"
memorable,adjective,mˈɛmɚəbəl,B1,cefr-j,"CEFR-J custom license (research/commercial use, attribution required)"
memorize,verb,mˈɛmɚˌaɪz,B1,cefr-j,"CEFR-J custom license (research/commercial use, attribution required)"
mend,verb,mˈɛnd,B1,cefr-j,"CEFR-J custom license (research/commercial use, attribution required)"
mental,adjective,mˈɛntəl,B1,cefr-j,"CEFR-J custom license (research/commercial use, attribution required)"
mentally,adverb,mˈɛntəli,B1,cefr-j,"CEFR-J custom license (research/commercial use, attribution required)"
mention,verb,mˈɛnʃən,B1,cefr-j,"CEFR-J custom license (research/commercial use, attribution required)"
merchant,noun,mˈɝtʃənt,B1,cefr-j,"CEFR-J custom license (research/commercial use, attribution required)"
mere,adjective,mˈɪɹ,B1,cefr-j,"CEFR-J custom license (research/commercial use, attribution required)"
merely,adverb,mˈɪɹli,B1,cefr-j,"CEFR-J custom license (research/commercial use, attribution required)"
mess,noun,mˈɛs,B1,cefr-j,"CEFR-J custom license (research/commercial use, attribution required)"
message board,noun,mˈɛsədʒ bˈɔɹd,B1,cefr-j,"CEFR-J custom license (research/commercial use, attribution required)"
messy,adjective,mˈɛsi,B1,cefr-j,"CEFR-J custom license (research/commercial use, attribution required)"
middle-aged,adjective,mˈɪdəlˌeɪgd,B1,cefr-j,"CEFR-J custom license (research/commercial use, attribution required)"
mild,adjective,mˈaɪld,B1,cefr-j,"CEFR-J custom license (research/commercial use, attribution required)"
mile,noun,mˈaɪl,B1,cefr-j,"CEFR-J custom license (research/commercial use, attribution required)"
mineral,noun,mˈɪnɚəl,B1,cefr-j,"CEFR-J custom license (research/commercial use, attribution required)"
minimize,verb,mˈɪnəmˌaɪz,B1,cefr-j,"CEFR-J custom license (research/commercial use, attribution required)"
minimum,adjective,mˈɪnəməm,B1,cefr-j,"CEFR-J custom license (research/commercial use, attribution required)"
minimum,noun,mˈɪnəməm,B1,cefr-j,"CEFR-J custom license (research/commercial use, attribution required)"
minor,adjective,mˈaɪnɚ,B1,cefr-j,"CEFR-J custom license (research/commercial use, attribution required)"
minority,noun,maɪnˈɔɹəti,B1,cefr-j,"CEFR-J custom license (research/commercial use, attribution required)"
minus,preposition,mˈaɪnəs,B1,cefr-j,"CEFR-J custom license (research/commercial use, attribution required)"
miracle,noun,mˈɪɹəkəl,B1,cefr-j,"CEFR-J custom license (research/commercial use, attribution required)"
mischief,noun,mˈɪstʃəf,B1,cefr-j,"CEFR-J custom license (research/commercial use, attribution required)"
miserable,adjective,mˈɪzɚəbəl,B1,cefr-j,"CEFR-J custom license (research/commercial use, attribution required)"
misery,noun,mˈɪzɚi,B1,cefr-j,"CEFR-J custom license (research/commercial use, attribution required)"
mislead,verb,mɪslˈid,B1,cefr-j,"CEFR-J custom license (research/commercial use, attribution required)"
mission,noun,mˈɪʃən,B1,cefr-j,"CEFR-J custom license (research/commercial use, attribution required)"
misty,adjective,mˈɪsti,B1,cefr-j,"CEFR-J custom license (research/commercial use, attribution required)"
misunderstanding,noun,mˌɪsəndɚstˈændɪŋ,B1,cefr-j,"CEFR-J custom license (research/commercial use, attribution required)"
mixing bowl,noun,mˈɪksɪŋ bˈoʊl,B1,cefr-j,"CEFR-J custom license (research/commercial use, attribution required)"
modal verb,noun,mˈoʊdəl vˈɝb,B1,cefr-j,"CEFR-J custom license (research/commercial use, attribution required)"
model,adjective,mˈɑdəl,B1,cefr-j,"CEFR-J custom license (research/commercial use, attribution required)"
model,verb,mˈɑdəl,B1,cefr-j,"CEFR-J custom license (research/commercial use, attribution required)"
modem,noun,mˈoʊdəm,B1,cefr-j,"CEFR-J custom license (research/commercial use, attribution required)"
moderate,adjective,mˈɑdɚət,B1,cefr-j,"CEFR-J custom license (research/commercial use, attribution required)"
modify,verb,mˈɑdəfˌaɪ,B1,cefr-j,"CEFR-J custom license (research/commercial use, attribution required)"
moisture,noun,mˈɔɪstʃɚ,B1,cefr-j,"CEFR-J custom license (research/commercial use, attribution required)"
molecule,noun,mˈɑləkjˌul,B1,cefr-j,"CEFR-J custom license (research/commercial use, attribution required)"
monitor,noun,mˈɑnətɚ,B1,cefr-j,"CEFR-J custom license (research/commercial use, attribution required)"
monitor,verb,mˈɑnətɚ,B1,cefr-j,"CEFR-J custom license (research/commercial use, attribution required)"
monk,noun,mˈʌŋk,B1,cefr-j,"CEFR-J custom license (research/commercial use, attribution required)"
monster,noun,mˈɑnstɚ,B1,cefr-j,"CEFR-J custom license (research/commercial use, attribution required)"
monthly,adjective,mˈʌnθli,B1,cefr-j,"CEFR-J custom license (research/commercial use, attribution required)"
monthly,adverb,mˈʌnθli,B1,cefr-j,"CEFR-J custom license (research/commercial use, attribution required)"
monument,noun,mˈɑnjumənt,B1,cefr-j,"CEFR-J custom license (research/commercial use, attribution required)"
moral,noun,mˈɔɹəl,B1,cefr-j,"CEFR-J custom license (research/commercial use, attribution required)"
more,adverb,mˈɔɹ,B1,cefr-j,"CEFR-J custom license (research/commercial use, attribution required)"
moreover,adverb,mɔɹˈoʊvɚ,B1,cefr-j,"CEFR-J custom license (research/commercial use, attribution required)"
mosquito,noun,məskˈitoʊ,B1,cefr-j,"CEFR-J custom license (research/commercial use, attribution required)"
moss,noun,mˈɔs,B1,cefr-j,"CEFR-J custom license (research/commercial use, attribution required)"
motherland,noun,mˈʌðɚlˌænd,B1,cefr-j,"CEFR-J custom license (research/commercial use, attribution required)"
motionless,adjective,mˈoʊʃənləs,B1,cefr-j,"CEFR-J custom license (research/commercial use, attribution required)"
motivate,verb,mˈoʊtəvˌeɪt,B1,cefr-j,"CEFR-J custom license (research/commercial use, attribution required)"
motivation,noun,mˌoʊtəvˈeɪʃən,B1,cefr-j,"CEFR-J custom license (research/commercial use, attribution required)"
motive,noun,mˈoʊtɪv,B1,cefr-j,"CEFR-J custom license (research/commercial use, attribution required)"
motor,noun,mˈoʊtɚ,B1,cefr-j,"CEFR-J custom license (research/commercial use, attribution required)"
motorcycle,noun,mˈoʊtɚsˌaɪkəl,B1,cefr-j,"CEFR-J custom license (research/commercial use, attribution required)"
motto,noun,mˈɑtoʊ,B1,cefr-j,"CEFR-J custom license (research/commercial use, attribution required)"
mount,noun,mˈaʊnt,B1,cefr-j,"CEFR-J custom license (research/commercial use, attribution required)"
mountaintop,noun,mˈaʊntəntˌɑp,B1,cefr-j,"CEFR-J custom license (research/commercial use, attribution required)"
mourn,verb,mˈɔɹn,B1,cefr-j,"CEFR-J custom license (research/commercial use, attribution required)"
movement,noun,mˈuvmənt,B1,cefr-j,"CEFR-J custom license (research/commercial use, attribution required)"
mud,noun,mˈʌd,B1,cefr-j,"CEFR-J custom license (research/commercial use, attribution required)"
mule,noun,mjˈul,B1,cefr-j,"CEFR-J custom license (research/commercial use, attribution required)"
murder,verb,mˈɝdɚ,B1,cefr-j,"CEFR-J custom license (research/commercial use, attribution required)"
murderer,noun,mˈɝdɚɚ,B1,cefr-j,"CEFR-J custom license (research/commercial use, attribution required)"
muscle,noun,mˈʌsəl,B1,cefr-j,"CEFR-J custom license (research/commercial use, attribution required)"
mustard,noun,mˈʌstɚd,B1,cefr-j,"CEFR-J custom license (research/commercial use, attribution required)"
mutual,adjective,mjˈutʃuəl,B1,cefr-j,"CEFR-J custom license (research/commercial use, attribution required)"
myth,noun,mˈɪθ,B1,cefr-j,"CEFR-J custom license (research/commercial use, attribution required)"
nail,noun,nˈeɪl,B1,cefr-j,"CEFR-J custom license (research/commercial use, attribution required)"
naked,adjective,nˈeɪkəd,B1,cefr-j,"CEFR-J custom license (research/commercial use, attribution required)"
name,verb,nˈeɪm,B1,cefr-j,"CEFR-J custom license (research/commercial use, attribution required)"
nap,noun,nˈæp,B1,cefr-j,"CEFR-J custom license (research/commercial use, attribution required)"
narrate,verb,nˈɛɹˌeɪt,B1,cefr-j,"CEFR-J custom license (research/commercial use, attribution required)"
narrative,adjective,nˈæɹətɪv,B1,cefr-j,"CEFR-J custom license (research/commercial use, attribution required)"
narrow,adjective,nˈɛɹoʊ,B1,cefr-j,"CEFR-J custom license (research/commercial use, attribution required)"
nasty,adjective,nˈæsti,B1,cefr-j,"CEFR-J custom license (research/commercial use, attribution required)"
nationalist,noun,nˈæʃənələst,B1,cefr-j,"CEFR-J custom license (research/commercial use, attribution required)"
naturally,adverb,nˈætʃɚəli,B1,cefr-j,"CEFR-J custom license (research/commercial use, attribution required)"
navy blue,adjective,nˈeɪvi blˈu,B1,cefr-j,"CEFR-J custom license (research/commercial use, attribution required)"
near,adjective,nˈɪɹ,B1,cefr-j,"CEFR-J custom license (research/commercial use, attribution required)"
near,adverb,nˈɪɹ,B1,cefr-j,"CEFR-J custom license (research/commercial use, attribution required)"
nearby,adjective,nˈɪɹbˈaɪ,B1,cefr-j,"CEFR-J custom license (research/commercial use, attribution required)"
nearby,adverb,nˈɪɹbˈaɪ,B1,cefr-j,"CEFR-J custom license (research/commercial use, attribution required)"
necklace,noun,nˈɛkləs,B1,cefr-j,"CEFR-J custom license (research/commercial use, attribution required)"
nectar,noun,nˈɛktɚ,B1,cefr-j,"CEFR-J custom license (research/commercial use, attribution required)"
needle,noun,nˈidəl,B1,cefr-j,"CEFR-J custom license (research/commercial use, attribution required)"
negotiate,verb,nəgˈoʊʃiˌeɪt,B1,cefr-j,"CEFR-J custom license (research/commercial use, attribution required)"
negotiation,noun,nɪgˌoʊʃiˈeɪʃən,B1,cefr-j,"CEFR-J custom license (research/commercial use, attribution required)"
neighborhood,noun,nˈeɪbɚhˌʊd,B1,cefr-j,"CEFR-J custom license (research/commercial use, attribution required)"
nephew,noun,nˈɛfju,B1,cefr-j,"CEFR-J custom license (research/commercial use, attribution required)"
nervousness,noun,nˈɝvəsnəs,B1,cefr-j,"CEFR-J custom license (research/commercial use, attribution required)"
ness,noun,nˈɛs,B1,cefr-j,"CEFR-J custom license (research/commercial use, attribution required)"
net,noun,nˈɛt,B1,cefr-j,"CEFR-J custom license (research/commercial use, attribution required)"
network,noun,nˈɛtwˌɝk,B1,cefr-j,"CEFR-J custom license (research/commercial use, attribution required)"
neutral,adjective,nˈutɹəl,B1,cefr-j,"CEFR-J custom license (research/commercial use, attribution required)"
nevertheless,adverb,nˌɛvɚðəlˈɛs,B1,cefr-j,"CEFR-J custom license (research/commercial use, attribution required)"
newborn,adjective,nˈubɔɹn,B1,cefr-j,"CEFR-J custom license (research/commercial use, attribution required)"
newcomer,noun,nˈukˌʌmɚ,B1,cefr-j,"CEFR-J custom license (research/commercial use, attribution required)"
newly,adverb,nˈuli,B1,cefr-j,"CEFR-J custom license (research/commercial use, attribution required)"
next door,adverb,nˈɛkst dˈɔɹ,B1,cefr-j,"CEFR-J custom license (research/commercial use, attribution required)"
next-door,adjective,,B1,cefr-j,"CEFR-J custom license (research/commercial use, attribution required)"
nickname,noun,nˈɪknˌeɪm,B1,cefr-j,"CEFR-J custom license (research/commercial use, attribution required)"
niece,noun,nˈis,B1,cefr-j,"CEFR-J custom license (research/commercial use, attribution required)"
nightlife,noun,nˈaɪtlˌaɪf,B1,cefr-j,"CEFR-J custom license (research/commercial use, attribution required)"
nod,noun,nˈɑd,B1,cefr-j,"CEFR-J custom license (research/commercial use, attribution required)"
noisily,adverb,nˈɔɪzəli,B1,cefr-j,"CEFR-J custom license (research/commercial use, attribution required)"
none,pronoun,nˈʌn,B1,cefr-j,"CEFR-J custom license (research/commercial use, attribution required)"
nonetheless,adverb,nˌʌnðəlˈɛs,B1,cefr-j,"CEFR-J custom license (research/commercial use, attribution required)"
nonsense,noun,nˈɑnsɛns,B1,cefr-j,"CEFR-J custom license (research/commercial use, attribution required)"
nor,conjunction,nˈɔɹ,B1,cefr-j,"CEFR-J custom license (research/commercial use, attribution required)"
normally,adverb,nˈɔɹməli,B1,cefr-j,"CEFR-J custom license (research/commercial use, attribution required)"
northeast,adjective,nˌɔɹθˈist,B1,cefr-j,"CEFR-J custom license (research/commercial use, attribution required)"
northeast,noun,nˌɔɹθˈist,B1,cefr-j,"CEFR-J custom license (research/commercial use, attribution required)"
northeastern,adjective,nˌɔɹθˈistɚn,B1,cefr-j,"CEFR-J custom license (research/commercial use, attribution required)"
northern,adjective,nˈɔɹðɚn,B1,cefr-j,"CEFR-J custom license (research/commercial use, attribution required)"
northwest,adjective,nˌɔɹθwˈɛst,B1,cefr-j,"CEFR-J custom license (research/commercial use, attribution required)"
northwest,noun,nˌɔɹθwˈɛst,B1,cefr-j,"CEFR-J custom license (research/commercial use, attribution required)"
northwestern,adjective,nˌɔɹθwˈɛstɚn,B1,cefr-j,"CEFR-J custom license (research/commercial use, attribution required)"
notice,verb,nˈoʊtəs,B1,cefr-j,"CEFR-J custom license (research/commercial use, attribution required)"
noticeable,adjective,nˈoʊtəsəbəl,B1,cefr-j,"CEFR-J custom license (research/commercial use, attribution required)"
noticeboard,noun,,B1,cefr-j,"CEFR-J custom license (research/commercial use, attribution required)"
notion,noun,nˈoʊʃən,B1,cefr-j,"CEFR-J custom license (research/commercial use, attribution required)"
notorious,adjective,noʊtˈɔɹiəs,B1,cefr-j,"CEFR-J custom license (research/commercial use, attribution required)"
novelist,noun,nˈɑvələst,B1,cefr-j,"CEFR-J custom license (research/commercial use, attribution required)"
nowhere,adverb,nˈoʊwˌɛɹ,B1,cefr-j,"CEFR-J custom license (research/commercial use, attribution required)"
nuclear,adjective,nˈukliɚ,B1,cefr-j,"CEFR-J custom license (research/commercial use, attribution required)"
nucleus,noun,nˈukliəs,B1,cefr-j,"CEFR-J custom license (research/commercial use, attribution required)"
numerous,adjective,nˈumɚəs,B1,cefr-j,"CEFR-J custom license (research/commercial use, attribution required)"
nurse,verb,nˈɝs,B1,cefr-j,"CEFR-J custom license (research/commercial use, attribution required)"
nutrient,noun,nˈutɹiənt,B1,cefr-j,"CEFR-J custom license (research/commercial use, attribution required)"
nutrition,noun,nutɹˈɪʃən,B1,cefr-j,"CEFR-J custom license (research/commercial use, attribution required)"
nutritious,adjective,nutɹˈɪʃəs,B1,cefr-j,"CEFR-J custom license (research/commercial use, attribution required)"
object,noun,ˈɑbdʒɛkt,B1,cefr-j,"CEFR-J custom license (research/commercial use, attribution required)"
objection,noun,əbdʒˈɛkʃən,B1,cefr-j,"CEFR-J custom license (research/commercial use, attribution required)"
objective,noun,əbdʒˈɛktɪv,B1,cefr-j,"CEFR-J custom license (research/commercial use, attribution required)"
observation,noun,ˌɑbzɚvˈeɪʃən,B1,cefr-j,"CEFR-J custom license (research/commercial use, attribution required)"
observe,verb,əbzˈɝv,B1,cefr-j,"CEFR-J custom license (research/commercial use, attribution required)"
obstacle,noun,ˈɑbstəkəl,B1,cefr-j,"CEFR-J custom license (research/commercial use, attribution required)"
obtain,verb,əbtˈeɪn,B1,cefr-j,"CEFR-J custom license (research/commercial use, attribution required)"
obvious,adjective,ˈɑbviəs,B1,cefr-j,"CEFR-J custom license (research/commercial use, attribution required)"
obviously,adverb,ˈɑbviəsli,B1,cefr-j,"CEFR-J custom license (research/commercial use, attribution required)"
occasion,noun,əkˈeɪʒən,B1,cefr-j,"CEFR-J custom license (research/commercial use, attribution required)"
occasion,verb,əkˈeɪʒən,B1,cefr-j,"CEFR-J custom license (research/commercial use, attribution required)"
occasional,adjective,əkˈeɪʒənəl,B1,cefr-j,"CEFR-J custom license (research/commercial use, attribution required)"
occasionally,adverb,əkˈeɪʒənəli,B1,cefr-j,"CEFR-J custom license (research/commercial use, attribution required)"
occupy,verb,ˈɑkjəpˌaɪ,B1,cefr-j,"CEFR-J custom license (research/commercial use, attribution required)"
occur,verb,əkˈɝ,B1,cefr-j,"CEFR-J custom license (research/commercial use, attribution required)"
ocean,noun,ˈoʊʃən,B1,cefr-j,"CEFR-J custom license (research/commercial use, attribution required)"
off,preposition,ˈɔf,B1,cefr-j,"CEFR-J custom license (research/commercial use, attribution required)"
offensive,adjective,əfˈɛnsɪv,B1,cefr-j,"CEFR-J custom license (research/commercial use, attribution required)"
officially,adverb,əfˈɪʃəli,B1,cefr-j,"CEFR-J custom license (research/commercial use, attribution required)"
oily,adjective,ˈɔɪli,B1,cefr-j,"CEFR-J custom license (research/commercial use, attribution required)"
old-fashioned,adjective,ˌoʊldfˈæʃənd,B1,cefr-j,"CEFR-J custom license (research/commercial use, attribution required)"
oneself,pronoun,wˌʌnsˈɛlf,B1,cefr-j,"CEFR-J custom license (research/commercial use, attribution required)"
onstage,adjective,ˌɑnstˈeɪdʒ,B1,cefr-j,"CEFR-J custom license (research/commercial use, attribution required)"
onto,preposition,ˈɑntu,B1,cefr-j,"CEFR-J custom license (research/commercial use, attribution required)"
opening,noun,ˈoʊpənɪŋ,B1,cefr-j,"CEFR-J custom license (research/commercial use, attribution required)"
operation,noun,ˌɑpɚˈeɪʃən,B1,cefr-j,"CEFR-J custom license (research/commercial use, attribution required)"
opposite,adverb,ˈɑpəzət,B1,cefr-j,"CEFR-J custom license (research/commercial use, attribution required)"
opposite,noun,ˈɑpəzət,B1,cefr-j,"CEFR-J custom license (research/commercial use, attribution required)"
opposition,noun,ˌɑpəzˈɪʃən,B1,cefr-j,"CEFR-J custom license (research/commercial use, attribution required)"
oppress,verb,əpɹˈɛs,B1,cefr-j,"CEFR-J custom license (research/commercial use, attribution required)"
oppression,noun,əpɹˈɛʃən,B1,cefr-j,"CEFR-J custom license (research/commercial use, attribution required)"
option,noun,ˈɑpʃən,B1,cefr-j,"CEFR-J custom license (research/commercial use, attribution required)"
oral,noun,ˈɔɹəl,B1,cefr-j,"CEFR-J custom license (research/commercial use, attribution required)"
orbit,noun,ˈɔɹbət,B1,cefr-j,"CEFR-J custom license (research/commercial use, attribution required)"
orchestra,noun,ˈɔɹkəstɹə,B1,cefr-j,"CEFR-J custom license (research/commercial use, attribution required)"
orderly,adjective,ˈɔɹdɚli,B1,cefr-j,"CEFR-J custom license (research/commercial use, attribution required)"
ordinary,adjective,ˈɔɹdənˌɛɹi,B1,cefr-j,"CEFR-J custom license (research/commercial use, attribution required)"
organ,noun,ˈɔɹgən,B1,cefr-j,"CEFR-J custom license (research/commercial use, attribution required)"
organic,adjective,ɔɹgˈænɪk,B1,cefr-j,"CEFR-J custom license (research/commercial use, attribution required)"
organism,noun,ˈɔɹgənˌɪzəm,B1,cefr-j,"CEFR-J custom license (research/commercial use, attribution required)"
organization,noun,ˌɔɹgənəzˈeɪʃən,B1,cefr-j,"CEFR-J custom license (research/commercial use, attribution required)"
origin,noun,ˈɔɹədʒən,B1,cefr-j,"CEFR-J custom license (research/commercial use, attribution required)"
otherwise,adverb,ˈʌðɚwˌaɪz,B1,cefr-j,"CEFR-J custom license (research/commercial use, attribution required)"
ought to,modal auxiliary,ˈɔt tˈu,B1,cefr-j,"CEFR-J custom license (research/commercial use, attribution required)"
out-of-date,adjective,,B1,cefr-j,"CEFR-J custom license (research/commercial use, attribution required)"
outdoor,adjective,ˈaʊtdˌɔɹ,B1,cefr-j,"CEFR-J custom license (research/commercial use, attribution required)"
outdoors,adverb,ˈaʊtdˈɔɹz,B1,cefr-j,"CEFR-J custom license (research/commercial use, attribution required)"
outer,adjective,ˈaʊtɚ,B1,cefr-j,"CEFR-J custom license (research/commercial use, attribution required)"
outlaw,noun,ˈaʊtlˌɔ,B1,cefr-j,"CEFR-J custom license (research/commercial use, attribution required)"
outline,verb,ˈaʊtlˌaɪn,B1,cefr-j,"CEFR-J custom license (research/commercial use, attribution required)"
outstanding,adjective,ˌaʊtstˈændɪŋ,B1,cefr-j,"CEFR-J custom license (research/commercial use, attribution required)"
outward,adjective,ˈaʊtwɚd,B1,cefr-j,"CEFR-J custom license (research/commercial use, attribution required)"
outweigh,verb,ˈaʊtwˌeɪ,B1,cefr-j,"CEFR-J custom license (research/commercial use, attribution required)"
overcome,verb,ˈoʊvɚkˌʌm,B1,cefr-j,"CEFR-J custom license (research/commercial use, attribution required)"
overjoyed,adjective,ˌoʊvɚdʒˈɔɪd,B1,cefr-j,"CEFR-J custom license (research/commercial use, attribution required)"
overnight,adjective,ˈoʊvɚnˈaɪt,B1,cefr-j,"CEFR-J custom license (research/commercial use, attribution required)"
overnight,adverb,ˈoʊvɚnˈaɪt,B1,cefr-j,"CEFR-J custom license (research/commercial use, attribution required)"
overwhelm,verb,ˌoʊvɚwˈɛlm,B1,cefr-j,"CEFR-J custom license (research/commercial use, attribution required)"
overwhelming,adjective,ˌoʊvɚwˈɛlmɪŋ,B1,cefr-j,"CEFR-J custom license (research/commercial use, attribution required)"
overwork,noun,ˌoʊvɚwˈɝk,B1,cefr-j,"CEFR-J custom license (research/commercial use, attribution required)"
owe,verb,ˈoʊ,B1,cefr-j,"CEFR-J custom license (research/commercial use, attribution required)"
owing,adjective,ˈoʊɪŋ,B1,cefr-j,"CEFR-J custom license (research/commercial use, attribution required)"
own,verb,ˈoʊn,B1,cefr-j,"CEFR-J custom license (research/commercial use, attribution required)"
oxygen,noun,ˈɑksədʒən,B1,cefr-j,"CEFR-J custom license (research/commercial use, attribution required)"
pace,noun,pˈeɪs,B1,cefr-j,"CEFR-J custom license (research/commercial use, attribution required)"
package,noun,pˈækədʒ,B1,cefr-j,"CEFR-J custom license (research/commercial use, attribution required)"
packing,noun,pˈækɪŋ,B1,cefr-j,"CEFR-J custom license (research/commercial use, attribution required)"
paddle,noun,pˈædəl,B1,cefr-j,"CEFR-J custom license (research/commercial use, attribution required)"
paid,adjective,pˈeɪd,B1,cefr-j,"CEFR-J custom license (research/commercial use, attribution required)"
pain,noun,pˈeɪn,B1,cefr-j,"CEFR-J custom license (research/commercial use, attribution required)"
painful,adjective,pˈeɪnfəl,B1,cefr-j,"CEFR-J custom license (research/commercial use, attribution required)"
pale,adjective,pˈeɪl,B1,cefr-j,"CEFR-J custom license (research/commercial use, attribution required)"
palm,noun,pˈɑm,B1,cefr-j,"CEFR-J custom license (research/commercial use, attribution required)"
parachute,noun,pˈɛɹəʃˌut,B1,cefr-j,"CEFR-J custom license (research/commercial use, attribution required)"
paradise,noun,pˈɛɹədˌaɪs,B1,cefr-j,"CEFR-J custom license (research/commercial use, attribution required)"
paralyze,verb,pˈɛɹəlˌaɪz,B1,cefr-j,"CEFR-J custom license (research/commercial use, attribution required)"
parcel,noun,pˈɑɹsəl,B1,cefr-j,"CEFR-J custom license (research/commercial use, attribution required)"
pardon,verb,pˈɑɹdən,B1,cefr-j,"CEFR-J custom license (research/commercial use, attribution required)"
parental,adjective,pɚˈɛntəl,B1,cefr-j,"CEFR-J custom license (research/commercial use, attribution required)"
parking,noun,pˈɑɹkɪŋ,B1,cefr-j,"CEFR-J custom license (research/commercial use, attribution required)"
parrot,noun,pˈɛɹət,B1,cefr-j,"CEFR-J custom license (research/commercial use, attribution required)"
part-time,adjective,pˈɑɹttˈaɪm,B1,cefr-j,"CEFR-J custom license (research/commercial use, attribution required)"
part-time,adverb,pˈɑɹttˈaɪm,B1,cefr-j,"CEFR-J custom license (research/commercial use, attribution required)"
partial,adjective,pˈɑɹʃəl,B1,cefr-j,"CEFR-J custom license (research/commercial use, attribution required)"
participant,noun,pɑɹtˈɪsəpənt,B1,cefr-j,"CEFR-J custom license (research/commercial use, attribution required)"
participate,verb,pɑɹtˈɪsəpˌeɪt,B1,cefr-j,"CEFR-J custom license (research/commercial use, attribution required)"
participle,noun,pˈɑɹtɪsˌɪpəl,B1,cefr-j,"CEFR-J custom license (research/commercial use, attribution required)"
particularly,adverb,pˌɑɹtˈɪkjəlɚli,B1,cefr-j,"CEFR-J custom license (research/commercial use, attribution required)"
passion,noun,pˈæʃən,B1,cefr-j,"CEFR-J custom license (research/commercial use, attribution required)"
passive,adjective,pˈæsɪv,B1,cefr-j,"CEFR-J custom license (research/commercial use, attribution required)"
passport,noun,pˈæspˌɔɹt,B1,cefr-j,"CEFR-J custom license (research/commercial use, attribution required)"
password,noun,pˈæswˌɝd,B1,cefr-j,"CEFR-J custom license (research/commercial use, attribution required)"
past,adjective,pˈæst,B1,cefr-j,"CEFR-J custom license (research/commercial use, attribution required)"
patience,noun,pˈeɪʃəns,B1,cefr-j,"CEFR-J custom license (research/commercial use, attribution required)"
patient,adjective,pˈeɪʃənt,B1,cefr-j,"CEFR-J custom license (research/commercial use, attribution required)"
patrol,noun,pətɹˈoʊl,B1,cefr-j,"CEFR-J custom license (research/commercial use, attribution required)"
pattern,noun,pˈætɚn,B1,cefr-j,"CEFR-J custom license (research/commercial use, attribution required)"
pause,noun,pˈɔz,B1,cefr-j,"CEFR-J custom license (research/commercial use, attribution required)"
pause,verb,pˈɔz,B1,cefr-j,"CEFR-J custom license (research/commercial use, attribution required)"
peanut,noun,pˈinət,B1,cefr-j,"CEFR-J custom license (research/commercial use, attribution required)"
peculiar,adjective,pəkjˈuljɚ,B1,cefr-j,"CEFR-J custom license (research/commercial use, attribution required)"
penniless,adjective,pˈɛniləs,B1,cefr-j,"CEFR-J custom license (research/commercial use, attribution required)"
penny,noun,pˈɛni,B1,cefr-j,"CEFR-J custom license (research/commercial use, attribution required)"
per,preposition,pˈɝ,B1,cefr-j,"CEFR-J custom license (research/commercial use, attribution required)"
percent,noun,pɚsˈɛnt,B1,cefr-j,"CEFR-J custom license (research/commercial use, attribution required)"
performer,noun,pɚfˈɔɹmɚ,B1,cefr-j,"CEFR-J custom license (research/commercial use, attribution required)"
permanent,adjective,pˈɝmənənt,B1,cefr-j,"CEFR-J custom license (research/commercial use, attribution required)"
permanently,adverb,pˈɝmənəntli,B1,cefr-j,"CEFR-J custom license (research/commercial use, attribution required)"
permit,verb,pɚmˈɪt,B1,cefr-j,"CEFR-J custom license (research/commercial use, attribution required)"
personally,adverb,pˈɝsənəli,B1,cefr-j,"CEFR-J custom license (research/commercial use, attribution required)"
persuade,verb,pɚswˈeɪd,B1,cefr-j,"CEFR-J custom license (research/commercial use, attribution required)"
persuasive,adjective,pɚswˈeɪsɪv,B1,cefr-j,"CEFR-J custom license (research/commercial use, attribution required)"
phantom,adjective,fˈæntəm,B1,cefr-j,"CEFR-J custom license (research/commercial use, attribution required)"
pharmacy,noun,fˈɑɹməsi,B1,cefr-j,"CEFR-J custom license (research/commercial use, attribution required)"
phenomenon,noun,fənˈɑmənˌɑn,B1,cefr-j,"CEFR-J custom license (research/commercial use, attribution required)"
philosopher,noun,fəlˈɑsəfɚ,B1,cefr-j,"CEFR-J custom license (research/commercial use, attribution required)"
philosophy,noun,fəlˈɑsəfi,B1,cefr-j,"CEFR-J custom license (research/commercial use, attribution required)"
phoenix,noun,fˈinɪks,B1,cefr-j,"CEFR-J custom license (research/commercial use, attribution required)"
photocopy,noun,fˈoʊtoʊkˌɑpi,B1,cefr-j,"CEFR-J custom license (research/commercial use, attribution required)"
phrasal verb,noun,,B1,cefr-j,"CEFR-J custom license (research/commercial use, attribution required)"
phrase,noun,fɹˈeɪz,B1,cefr-j,"CEFR-J custom license (research/commercial use, attribution required)"
physics,noun,fˈɪzɪks,B1,cefr-j,"CEFR-J custom license (research/commercial use, attribution required)"
pick,noun,pˈɪk,B1,cefr-j,"CEFR-J custom license (research/commercial use, attribution required)"
pie,noun,pˈaɪ,B1,cefr-j,"CEFR-J custom license (research/commercial use, attribution required)"
piety,noun,pˈaɪəti,B1,cefr-j,"CEFR-J custom license (research/commercial use, attribution required)"
pillow,noun,pˈɪloʊ,B1,cefr-j,"CEFR-J custom license (research/commercial use, attribution required)"
pin,verb,pˈɪn,B1,cefr-j,"CEFR-J custom license (research/commercial use, attribution required)"
pineapple,noun,pˈaɪnˌæpəl,B1,cefr-j,"CEFR-J custom license (research/commercial use, attribution required)"
pipe,noun,pˈaɪp,B1,cefr-j,"CEFR-J custom license (research/commercial use, attribution required)"
pit,noun,pˈɪt,B1,cefr-j,"CEFR-J custom license (research/commercial use, attribution required)"
place,verb,plˈeɪs,B1,cefr-j,"CEFR-J custom license (research/commercial use, attribution required)"
plain,adjective,plˈeɪn,B1,cefr-j,"CEFR-J custom license (research/commercial use, attribution required)"
plan,verb,plˈæn,B1,cefr-j,"CEFR-J custom license (research/commercial use, attribution required)"
plant,verb,plˈænt,B1,cefr-j,"CEFR-J custom license (research/commercial use, attribution required)"
plastic,noun,plˈæstɪk,B1,cefr-j,"CEFR-J custom license (research/commercial use, attribution required)"
platform,noun,plˈætfˌɔɹm,B1,cefr-j,"CEFR-J custom license (research/commercial use, attribution required)"
pleasantly,adverb,plˈɛzəntli,B1,cefr-j,"CEFR-J custom license (research/commercial use, attribution required)"
please,verb,plˈiz,B1,cefr-j,"CEFR-J custom license (research/commercial use, attribution required)"
plenty,pronoun,plˈɛnti,B1,cefr-j,"CEFR-J custom license (research/commercial use, attribution required)"
plug,noun,plˈʌg,B1,cefr-j,"CEFR-J custom license (research/commercial use, attribution required)"
plus,conjunction,plˈʌs,B1,cefr-j,"CEFR-J custom license (research/commercial use, attribution required)"
pocket money,noun,pˈɑkət mˈʌni,B1,cefr-j,"CEFR-J custom license (research/commercial use, attribution required)"
poet,noun,pˈoʊət,B1,cefr-j,"CEFR-J custom license (research/commercial use, attribution required)"
poetry,noun,pˈoʊətɹi,B1,cefr-j,"CEFR-J custom license (research/commercial use, attribution required)"
poison,noun,pˈɔɪzən,B1,cefr-j,"CEFR-J custom license (research/commercial use, attribution required)"
poisonous,adjective,pˈɔɪzənəs,B1,cefr-j,"CEFR-J custom license (research/commercial use, attribution required)"
pole,noun,pˈoʊl,B1,cefr-j,"CEFR-J custom license (research/commercial use, attribution required)"
policy,noun,pˈɑləsi,B1,cefr-j,"CEFR-J custom license (research/commercial use, attribution required)"
politely,adverb,pəlˈaɪtli,B1,cefr-j,"CEFR-J custom license (research/commercial use, attribution required)"
politician,noun,pˌɑlətˈɪʃən,B1,cefr-j,"CEFR-J custom license (research/commercial use, attribution required)"
politics,noun,pˈɑlətˌɪks,B1,cefr-j,"CEFR-J custom license (research/commercial use, attribution required)"
pollutant,noun,pəlˈutənt,B1,cefr-j,"CEFR-J custom license (research/commercial use, attribution required)"
pond,noun,pˈɑnd,B1,cefr-j,"CEFR-J custom license (research/commercial use, attribution required)"
popcorn,noun,pˈɑpkˌɔɹn,B1,cefr-j,"CEFR-J custom license (research/commercial use, attribution required)"
pork,noun,pˈɔɹk,B1,cefr-j,"CEFR-J custom license (research/commercial use, attribution required)"
port,noun,pˈɔɹt,B1,cefr-j,"CEFR-J custom license (research/commercial use, attribution required)"
positive,adjective,pˈɑzətɪv,B1,cefr-j,"CEFR-J custom license (research/commercial use, attribution required)"
positively,adverb,pˈɑzətɪvli,B1,cefr-j,"CEFR-J custom license (research/commercial use, attribution required)"
possess,verb,pəzˈɛs,B1,cefr-j,"CEFR-J custom license (research/commercial use, attribution required)"
possession,noun,pəzˈɛʃən,B1,cefr-j,"CEFR-J custom license (research/commercial use, attribution required)"
possessive,adjective,pəzˈɛsɪv,B1,cefr-j,"CEFR-J custom license (research/commercial use, attribution required)"
possibility,noun,pˌɑsəbˈɪlətˌi,B1,cefr-j,"CEFR-J custom license (research/commercial use, attribution required)"
postcard,noun,pˈoʊstkˌɑɹd,B1,cefr-j,"CEFR-J custom license (research/commercial use, attribution required)"
postman,noun,pˈoʊstmən,B1,cefr-j,"CEFR-J custom license (research/commercial use, attribution required)"
pot,noun,pˈɑt,B1,cefr-j,"CEFR-J custom license (research/commercial use, attribution required)"
potential,noun,pətˈɛnʃəl,B1,cefr-j,"CEFR-J custom license (research/commercial use, attribution required)"
pottery,noun,pˈɑtɚi,B1,cefr-j,"CEFR-J custom license (research/commercial use, attribution required)"
pound,noun,pˈaʊnd,B1,cefr-j,"CEFR-J custom license (research/commercial use, attribution required)"
poverty,noun,pˈɑvɚti,B1,cefr-j,"CEFR-J custom license (research/commercial use, attribution required)"
powder,noun,pˈaʊdɚ,B1,cefr-j,"CEFR-J custom license (research/commercial use, attribution required)"
practical,adjective,pɹˈæktəkəl,B1,cefr-j,"CEFR-J custom license (research/commercial use, attribution required)"
praise,noun,pɹˈeɪz,B1,cefr-j,"CEFR-J custom license (research/commercial use, attribution required)"
prayer,noun,pɹˈɛɹ,B1,cefr-j,"CEFR-J custom license (research/commercial use, attribution required)"
precious,adjective,pɹˈɛʃəs,B1,cefr-j,"CEFR-J custom license (research/commercial use, attribution required)"
preference,noun,pɹˈɛfɚəns,B1,cefr-j,"CEFR-J custom license (research/commercial use, attribution required)"
prefix,noun,pɹˈifɪks,B1,cefr-j,"CEFR-J custom license (research/commercial use, attribution required)"
pregnant,adjective,pɹˈɛgnənt,B1,cefr-j,"CEFR-J custom license (research/commercial use, attribution required)"
prejudice,noun,pɹˈɛdʒədɪs,B1,cefr-j,"CEFR-J custom license (research/commercial use, attribution required)"
preparation,noun,pɹˌɛpɚˈeɪʃən,B1,cefr-j,"CEFR-J custom license (research/commercial use, attribution required)"
prepared,adjective,pɹipˈɛɹd,B1,cefr-j,"CEFR-J custom license (research/commercial use, attribution required)"
preposition,noun,,B1,cefr-j,"CEFR-J custom license (research/commercial use, attribution required)"
preschool,adjective,pɹiskˈul,B1,cefr-j,"CEFR-J custom license (research/commercial use, attribution required)"
prescription,noun,pɹəskɹˈɪpʃən,B1,cefr-j,"CEFR-J custom license (research/commercial use, attribution required)"
presence,noun,pɹˈɛzəns,B1,cefr-j,"CEFR-J custom license (research/commercial use, attribution required)"
present,adjective,pɹˈɛzənt,B1,cefr-j,"CEFR-J custom license (research/commercial use, attribution required)"
presentation,noun,pɹˌɛzəntˈeɪʃən,B1,cefr-j,"CEFR-J custom license (research/commercial use, attribution required)"
preservation,noun,pɹˌɛzɚvˈeɪʃən,B1,cefr-j,"CEFR-J custom license (research/commercial use, attribution required)"
preserve,verb,pɹəzˈɝv,B1,cefr-j,"CEFR-J custom license (research/commercial use, attribution required)"
president,noun,pɹˈɛzədˌɛnt,B1,cefr-j,"CEFR-J custom license (research/commercial use, attribution required)"
press,noun,pɹˈɛs,B1,cefr-j,"CEFR-J custom license (research/commercial use, attribution required)"
press,verb,pɹˈɛs,B1,cefr-j,"CEFR-J custom license (research/commercial use, attribution required)"
previous,adjective,pɹˈiviəs,B1,cefr-j,"CEFR-J custom license (research/commercial use, attribution required)"
priest,noun,pɹˈist,B1,cefr-j,"CEFR-J custom license (research/commercial use, attribution required)"
primarily,adverb,pɹaɪmˈɛɹəli,B1,cefr-j,"CEFR-J custom license (research/commercial use, attribution required)"
primary school,noun,pɹˈaɪmˌɛɹi skˈul,B1,cefr-j,"CEFR-J custom license (research/commercial use, attribution required)"
primitive,adjective,pɹˈɪmətɪv,B1,cefr-j,"CEFR-J custom license (research/commercial use, attribution required)"
principle,noun,pɹˈɪnsəpəl,B1,cefr-j,"CEFR-J custom license (research/commercial use, attribution required)"
print,noun,pɹˈɪnt,B1,cefr-j,"CEFR-J custom license (research/commercial use, attribution required)"
prison,noun,pɹˈɪzən,B1,cefr-j,"CEFR-J custom license (research/commercial use, attribution required)"
prisoner,noun,pɹˈɪzənɚ,B1,cefr-j,"CEFR-J custom license (research/commercial use, attribution required)"
privacy,noun,pɹˈaɪvəsi,B1,cefr-j,"CEFR-J custom license (research/commercial use, attribution required)"
prize,noun,pɹˈaɪz,B1,cefr-j,"CEFR-J custom license (research/commercial use, attribution required)"
probability,noun,pɹˌɑbəbˈɪlətˌi,B1,cefr-j,"CEFR-J custom license (research/commercial use, attribution required)"
proceed,verb,pɹəsˈid,B1,cefr-j,"CEFR-J custom license (research/commercial use, attribution required)"
process,noun,pɹˈɑsˌɛs,B1,cefr-j,"CEFR-J custom license (research/commercial use, attribution required)"
proclaim,verb,pɹoʊklˈeɪm,B1,cefr-j,"CEFR-J custom license (research/commercial use, attribution required)"
procrastination,noun,pɹəkɹˌæstənˈeɪʃən,B1,cefr-j,"CEFR-J custom license (research/commercial use, attribution required)"
producer,noun,pɹədˈusɚ,B1,cefr-j,"CEFR-J custom license (research/commercial use, attribution required)"
productive,adjective,pɹədˈʌktɪv,B1,cefr-j,"CEFR-J custom license (research/commercial use, attribution required)"
profession,noun,pɹəfˈɛʃən,B1,cefr-j,"CEFR-J custom license (research/commercial use, attribution required)"
professor,noun,pɹəfˈɛsɚ,B1,cefr-j,"CEFR-J custom license (research/commercial use, attribution required)"
program,verb,pɹˈoʊgɹˌæm,B1,cefr-j,"CEFR-J custom license (research/commercial use, attribution required)"
progress,noun,pɹˈɑgɹˌɛs,B1,cefr-j,"CEFR-J custom license (research/commercial use, attribution required)"
prohibition,noun,pɹˌoʊəbˈɪʃən,B1,cefr-j,"CEFR-J custom license (research/commercial use, attribution required)"
prominent,adjective,pɹˈɑmənənt,B1,cefr-j,"CEFR-J custom license (research/commercial use, attribution required)"
promise,verb,pɹˈɑməs,B1,cefr-j,"CEFR-J custom license (research/commercial use, attribution required)"
promote,verb,pɹəmˈoʊt,B1,cefr-j,"CEFR-J custom license (research/commercial use, attribution required)"
promotion,noun,pɹəmˈoʊʃən,B1,cefr-j,"CEFR-J custom license (research/commercial use, attribution required)"
pronoun,noun,pɹˈoʊnaʊn,B1,cefr-j,"CEFR-J custom license (research/commercial use, attribution required)"
proof,noun,pɹˈuf,B1,cefr-j,"CEFR-J custom license (research/commercial use, attribution required)"
properly,adverb,pɹˈɑpɚli,B1,cefr-j,"CEFR-J custom license (research/commercial use, attribution required)"
property,noun,pɹˈɑpɚti,B1,cefr-j,"CEFR-J custom license (research/commercial use, attribution required)"
proportion,noun,pɹəpˈɔɹʃən,B1,cefr-j,"CEFR-J custom license (research/commercial use, attribution required)"
proposal,noun,pɹəpˈoʊzəl,B1,cefr-j,"CEFR-J custom license (research/commercial use, attribution required)"
propose,verb,pɹəpˈoʊz,B1,cefr-j,"CEFR-J custom license (research/commercial use, attribution required)"
prosperity,noun,pɹɑspˈɛɹəti,B1,cefr-j,"CEFR-J custom license (research/commercial use, attribution required)"
prosperous,adjective,pɹˈɑspɚəs,B1,cefr-j,"CEFR-J custom license (research/commercial use, attribution required)"
protect,verb,pɹətˈɛkt,B1,cefr-j,"CEFR-J custom license (research/commercial use, attribution required)"
protection,noun,pɹətˈɛkʃən,B1,cefr-j,"CEFR-J custom license (research/commercial use, attribution required)"
protective,adjective,pɹətˈɛktɪv,B1,cefr-j,"CEFR-J custom license (research/commercial use, attribution required)"
protest,noun,pɹˈoʊtˌɛst,B1,cefr-j,"CEFR-J custom license (research/commercial use, attribution required)"
proud,adjective,pɹˈaʊd,B1,cefr-j,"CEFR-J custom license (research/commercial use, attribution required)"
prove,verb,pɹˈuv,B1,cefr-j,"CEFR-J custom license (research/commercial use, attribution required)"
proverb,noun,pɹˈɑvɚb,B1,cefr-j,"CEFR-J custom license (research/commercial use, attribution required)"
provided,conjunction,pɹəvˈaɪdɪd,B1,cefr-j,"CEFR-J custom license (research/commercial use, attribution required)"
psychological,adjective,sˌaɪkəlˈɑdʒɪkəl,B1,cefr-j,"CEFR-J custom license (research/commercial use, attribution required)"
pub,noun,pˈʌb,B1,cefr-j,"CEFR-J custom license (research/commercial use, attribution required)"
public,adjective,pˈʌblɪk,B1,cefr-j,"CEFR-J custom license (research/commercial use, attribution required)"
public transport,noun,pˈʌblɪk tɹænspˈɔɹt,B1,cefr-j,"CEFR-J custom license (research/commercial use, attribution required)"
publicly,adverb,pˈʌblɪkli,B1,cefr-j,"CEFR-J custom license (research/commercial use, attribution required)"
publisher,noun,pˈʌblɪʃɚ,B1,cefr-j,"CEFR-J custom license (research/commercial use, attribution required)"
pullover,noun,,B1,cefr-j,"CEFR-J custom license (research/commercial use, attribution required)"
pump,noun,pˈʌmp,B1,cefr-j,"CEFR-J custom license (research/commercial use, attribution required)"
punish,verb,pˈʌnɪʃ,B1,cefr-j,"CEFR-J custom license (research/commercial use, attribution required)"
punishment,noun,pˈʌnɪʃmənt,B1,cefr-j,"CEFR-J custom license (research/commercial use, attribution required)"
pupil,noun,pjˈupəl,B1,cefr-j,"CEFR-J custom license (research/commercial use, attribution required)"
puppy,noun,pˈʌpi,B1,cefr-j,"CEFR-J custom license (research/commercial use, attribution required)"
pure,adjective,pjˈʊɹ,B1,cefr-j,"CEFR-J custom license (research/commercial use, attribution required)"
purify,verb,pjˈʊɹəfˌaɪ,B1,cefr-j,"CEFR-J custom license (research/commercial use, attribution required)"
purse,noun,pˈɝs,B1,cefr-j,"CEFR-J custom license (research/commercial use, attribution required)"
push,noun,pˈʊʃ,B1,cefr-j,"CEFR-J custom license (research/commercial use, attribution required)"
puzzle,noun,pˈʌzəl,B1,cefr-j,"CEFR-J custom license (research/commercial use, attribution required)"
quake,noun,kwˈeɪk,B1,cefr-j,"CEFR-J custom license (research/commercial use, attribution required)"
qualified,adjective,kwˈɑləfˌaɪd,B1,cefr-j,"CEFR-J custom license (research/commercial use, attribution required)"
qualify,verb,kwˈɑləfˌaɪ,B1,cefr-j,"CEFR-J custom license (research/commercial use, attribution required)"
quality,adjective,kwˈɑləti,B1,cefr-j,"CEFR-J custom license (research/commercial use, attribution required)"
quantity,noun,kwˈɑntəti,B1,cefr-j,"CEFR-J custom license (research/commercial use, attribution required)"
question mark,noun,kwˈɛstʃən mˈɑɹk,B1,cefr-j,"CEFR-J custom license (research/commercial use, attribution required)"
questionnaire,noun,kwˌɛstʃənˈɛɹ,B1,cefr-j,"CEFR-J custom license (research/commercial use, attribution required)"
queue,noun,kjˈu,B1,cefr-j,"CEFR-J custom license (research/commercial use, attribution required)"
race,noun,ɹˈeɪs,B1,cefr-j,"CEFR-J custom license (research/commercial use, attribution required)"
race,verb,ɹˈeɪs,B1,cefr-j,"CEFR-J custom license (research/commercial use, attribution required)"
racial,adjective,ɹˈeɪʃəl,B1,cefr-j,"CEFR-J custom license (research/commercial use, attribution required)"
radiation,noun,ɹˌeɪdiˈeɪʃən,B1,cefr-j,"CEFR-J custom license (research/commercial use, attribution required)"
rage,noun,ɹˈeɪdʒ,B1,cefr-j,"CEFR-J custom license (research/commercial use, attribution required)"
rail,noun,ɹˈeɪl,B1,cefr-j,"CEFR-J custom license (research/commercial use, attribution required)"
railroad,noun,ɹˈeɪlɹˌoʊd,B1,cefr-j,"CEFR-J custom license (research/commercial use, attribution required)"
railway,noun,ɹˈeɪlwˌeɪ,B1,cefr-j,"CEFR-J custom license (research/commercial use, attribution required)"
rainfall,noun,ɹˈeɪnfˌɔl,B1,cefr-j,"CEFR-J custom license (research/commercial use, attribution required)"
rainforest,noun,ɹˈaɪnfˌɔɹəst,B1,cefr-j,"CEFR-J custom license (research/commercial use, attribution required)"
rank,noun,ɹˈæŋk,B1,cefr-j,"CEFR-J custom license (research/commercial use, attribution required)"
rap,verb,ɹˈæp,B1,cefr-j,"CEFR-J custom license (research/commercial use, attribution required)"
rapid,adjective,ɹˈæpəd,B1,cefr-j,"CEFR-J custom license (research/commercial use, attribution required)"
rapidly,adverb,ɹˈæpədli,B1,cefr-j,"CEFR-J custom license (research/commercial use, attribution required)"
rare,adjective,ɹˈɛɹ,B1,cefr-j,"CEFR-J custom license (research/commercial use, attribution required)"
rarely,adverb,ɹˈɛɹli,B1,cefr-j,"CEFR-J custom license (research/commercial use, attribution required)"
raspberry,noun,ɹˈæzbˌɛɹi,B1,cefr-j,"CEFR-J custom license (research/commercial use, attribution required)"
ration,noun,ɹˈæʃən,B1,cefr-j,"CEFR-J custom license (research/commercial use, attribution required)"
rational,adjective,ɹˈæʃənəl,B1,cefr-j,"CEFR-J custom license (research/commercial use, attribution required)"
razor,noun,ɹˈeɪzɚ,B1,cefr-j,"CEFR-J custom license (research/commercial use, attribution required)"
reach,noun,ɹˈitʃ,B1,cefr-j,"CEFR-J custom license (research/commercial use, attribution required)"
react,verb,ɹiˈækt,B1,cefr-j,"CEFR-J custom license (research/commercial use, attribution required)"
realistic,adjective,ɹˌiəlˈɪstɪk,B1,cefr-j,"CEFR-J custom license (research/commercial use, attribution required)"
reality,noun,ɹˌiˈælətˌi,B1,cefr-j,"CEFR-J custom license (research/commercial use, attribution required)"
rearrange,verb,ɹˌiɚˈeɪndʒ,B1,cefr-j,"CEFR-J custom license (research/commercial use, attribution required)"
reasonable,adjective,ɹˈizənəbəl,B1,cefr-j,"CEFR-J custom license (research/commercial use, attribution required)"
rebuild,verb,ɹibˈɪld,B1,cefr-j,"CEFR-J custom license (research/commercial use, attribution required)"
recall,verb,ɹˈikˌɔl,B1,cefr-j,"CEFR-J custom license (research/commercial use, attribution required)"
reception,noun,ɹɪsˈɛpʃən,B1,cefr-j,"CEFR-J custom license (research/commercial use, attribution required)"
recite,verb,ɹəsˈaɪt,B1,cefr-j,"CEFR-J custom license (research/commercial use, attribution required)"
reclaim,verb,ɹiklˈeɪm,B1,cefr-j,"CEFR-J custom license (research/commercial use, attribution required)"
recognize,verb,ɹˈɛkəgnˌaɪz,B1,cefr-j,"CEFR-J custom license (research/commercial use, attribution required)"
recommend,verb,ɹˌɛkəmˈɛnd,B1,cefr-j,"CEFR-J custom license (research/commercial use, attribution required)"
record,noun,ɹəkˈɔɹd,B1,cefr-j,"CEFR-J custom license (research/commercial use, attribution required)"
recording,noun,ɹəkˈɔɹdɪŋ,B1,cefr-j,"CEFR-J custom license (research/commercial use, attribution required)"
recover,verb,ɹɪkˈʌvɚ,B1,cefr-j,"CEFR-J custom license (research/commercial use, attribution required)"
recovery,noun,ɹɪkˈʌvɹi,B1,cefr-j,"CEFR-J custom license (research/commercial use, attribution required)"
recycled,adjective,ɹisˈaɪkəld,B1,cefr-j,"CEFR-J custom license (research/commercial use, attribution required)"
recycling,noun,ɹisˈaɪkəlɪŋ,B1,cefr-j,"CEFR-J custom license (research/commercial use, attribution required)"
reduce,verb,ɹədˈus,B1,cefr-j,"CEFR-J custom license (research/commercial use, attribution required)"
reduction,noun,ɹədˈʌkʃən,B1,cefr-j,"CEFR-J custom license (research/commercial use, attribution required)"
reef,noun,ɹˈif,B1,cefr-j,"CEFR-J custom license (research/commercial use, attribution required)"
referee,noun,ɹˌɛfɚˈi,B1,cefr-j,"CEFR-J custom license (research/commercial use, attribution required)"
reflection,noun,ɹɪflˈɛkʃən,B1,cefr-j,"CEFR-J custom license (research/commercial use, attribution required)"
refreshments,noun,ɹəfɹˈɛʃmənts,B1,cefr-j,"CEFR-J custom license (research/commercial use, attribution required)"
refund,noun,ɹɪfˈʌnd,B1,cefr-j,"CEFR-J custom license (research/commercial use, attribution required)"
refusal,noun,ɹəfjˈuzəl,B1,cefr-j,"CEFR-J custom license (research/commercial use, attribution required)"
refuse,noun,ɹəfjˈuz,B1,cefr-j,"CEFR-J custom license (research/commercial use, attribution required)"
refuse,verb,ɹəfjˈuz,B1,cefr-j,"CEFR-J custom license (research/commercial use, attribution required)"
regain,verb,ɹɪgˈeɪn,B1,cefr-j,"CEFR-J custom license (research/commercial use, attribution required)"
regard,verb,ɹɪgˈɑɹd,B1,cefr-j,"CEFR-J custom license (research/commercial use, attribution required)"
regarding,preposition,ɹɪgˈɑɹdɪŋ,B1,cefr-j,"CEFR-J custom license (research/commercial use, attribution required)"
region,noun,ɹˈidʒən,B1,cefr-j,"CEFR-J custom license (research/commercial use, attribution required)"
regional,adjective,ɹˈidʒənəl,B1,cefr-j,"CEFR-J custom license (research/commercial use, attribution required)"
register,noun,ɹˈɛdʒɪstɚ,B1,cefr-j,"CEFR-J custom license (research/commercial use, attribution required)"
register,verb,ɹˈɛdʒɪstɚ,B1,cefr-j,"CEFR-J custom license (research/commercial use, attribution required)"
registration,noun,ɹˌɛdʒɪstɹˈeɪʃən,B1,cefr-j,"CEFR-J custom license (research/commercial use, attribution required)"
regulation,noun,ɹˌɛgjəlˈeɪʃən,B1,cefr-j,"CEFR-J custom license (research/commercial use, attribution required)"
reject,verb,ɹɪdʒˈɛkt,B1,cefr-j,"CEFR-J custom license (research/commercial use, attribution required)"
relate,verb,ɹɪlˈeɪt,B1,cefr-j,"CEFR-J custom license (research/commercial use, attribution required)"
relation,noun,ɹilˈeɪʃən,B1,cefr-j,"CEFR-J custom license (research/commercial use, attribution required)"
relationship,noun,ɹilˈeɪʃənʃˌɪp,B1,cefr-j,"CEFR-J custom license (research/commercial use, attribution required)"
relative,adjective,ɹˈɛlətɪv,B1,cefr-j,"CEFR-J custom license (research/commercial use, attribution required)"
relative,noun,ɹˈɛlətɪv,B1,cefr-j,"CEFR-J custom license (research/commercial use, attribution required)"
relatively,adverb,ɹˈɛlətɪvli,B1,cefr-j,"CEFR-J custom license (research/commercial use, attribution required)"
relaxing,adjective,ɹɪlˈæksɪŋ,B1,cefr-j,"CEFR-J custom license (research/commercial use, attribution required)"
release,verb,ɹilˈis,B1,cefr-j,"CEFR-J custom license (research/commercial use, attribution required)"
reliable,adjective,ɹɪlˈaɪəbəl,B1,cefr-j,"CEFR-J custom license (research/commercial use, attribution required)"
religion,noun,ɹɪlˈɪdʒən,B1,cefr-j,"CEFR-J custom license (research/commercial use, attribution required)"
religious,adjective,ɹɪlˈɪdʒəs,B1,cefr-j,"CEFR-J custom license (research/commercial use, attribution required)"
rely,verb,ɹɪlˈaɪ,B1,cefr-j,"CEFR-J custom license (research/commercial use, attribution required)"
remainder,noun,ɹɪmˈeɪndɚ,B1,cefr-j,"CEFR-J custom license (research/commercial use, attribution required)"
remark,verb,ɹɪmˈɑɹk,B1,cefr-j,"CEFR-J custom license (research/commercial use, attribution required)"
remarkable,adjective,ɹɪmˈɑɹkəbəl,B1,cefr-j,"CEFR-J custom license (research/commercial use, attribution required)"
remedy,noun,ɹˈɛmədi,B1,cefr-j,"CEFR-J custom license (research/commercial use, attribution required)"
remembrance,noun,ɹimˈɛmbɹəns,B1,cefr-j,"CEFR-J custom license (research/commercial use, attribution required)"
remote control,noun,ɹɪmˈoʊt kəntɹˈoʊl,B1,cefr-j,"CEFR-J custom license (research/commercial use, attribution required)"
remove,verb,ɹimˈuv,B1,cefr-j,"CEFR-J custom license (research/commercial use, attribution required)"
renew,verb,ɹɪnˈu,B1,cefr-j,"CEFR-J custom license (research/commercial use, attribution required)"
repay,verb,ɹipˈeɪ,B1,cefr-j,"CEFR-J custom license (research/commercial use, attribution required)"
repeatedly,adverb,ɹɪpˈitɪdli,B1,cefr-j,"CEFR-J custom license (research/commercial use, attribution required)"
reply,verb,ɹɪplˈaɪ,B1,cefr-j,"CEFR-J custom license (research/commercial use, attribution required)"
report,verb,ɹipˈɔɹt,B1,cefr-j,"CEFR-J custom license (research/commercial use, attribution required)"
representative,noun,ɹˌɛpɹəzˈɛntətɪv,B1,cefr-j,"CEFR-J custom license (research/commercial use, attribution required)"
reproduce,verb,ɹˌipɹədˈus,B1,cefr-j,"CEFR-J custom license (research/commercial use, attribution required)"
republic,noun,ɹipˈʌblək,B1,cefr-j,"CEFR-J custom license (research/commercial use, attribution required)"
reputation,noun,ɹˌɛpjətˈeɪʃən,B1,cefr-j,"CEFR-J custom license (research/commercial use, attribution required)"
request,verb,ɹɪkwˈɛst,B1,cefr-j,"CEFR-J custom license (research/commercial use, attribution required)"
require,verb,ɹˌikwˈaɪɚ,B1,cefr-j,"CEFR-J custom license (research/commercial use, attribution required)"
requirement,noun,ɹɪkwˈaɪɹmənt,B1,cefr-j,"CEFR-J custom license (research/commercial use, attribution required)"
rescue,noun,ɹˈɛskju,B1,cefr-j,"CEFR-J custom license (research/commercial use, attribution required)"
rescue,verb,ɹˈɛskju,B1,cefr-j,"CEFR-J custom license (research/commercial use, attribution required)"
researcher,noun,ɹˈisɚtʃɚ,B1,cefr-j,"CEFR-J custom license (research/commercial use, attribution required)"
resemble,verb,ɹɪzˈɛmbəl,B1,cefr-j,"CEFR-J custom license (research/commercial use, attribution required)"
reservation,noun,ɹˌɛzɚvˈeɪʃən,B1,cefr-j,"CEFR-J custom license (research/commercial use, attribution required)"
reserve,noun,ɹɪzˈɝv,B1,cefr-j,"CEFR-J custom license (research/commercial use, attribution required)"
reserve,verb,ɹɪzˈɝv,B1,cefr-j,"CEFR-J custom license (research/commercial use, attribution required)"
resident,adjective,ɹˈɛzɪdənt,B1,cefr-j,"CEFR-J custom license (research/commercial use, attribution required)"
residential,adjective,ɹˌɛzɪdˈɛnʃəl,B1,cefr-j,"CEFR-J custom license (research/commercial use, attribution required)"
resist,verb,ɹɪzˈɪst,B1,cefr-j,"CEFR-J custom license (research/commercial use, attribution required)"
resolve,verb,ɹizˈɑlv,B1,cefr-j,"CEFR-J custom license (research/commercial use, attribution required)"
resort,noun,ɹɪzˈɔɹt,B1,cefr-j,"CEFR-J custom license (research/commercial use, attribution required)"
resource,noun,ɹˈisɔɹs,B1,cefr-j,"CEFR-J custom license (research/commercial use, attribution required)"
respect,noun,ɹɪspˈɛkt,B1,cefr-j,"CEFR-J custom license (research/commercial use, attribution required)"
respect,verb,ɹɪspˈɛkt,B1,cefr-j,"CEFR-J custom license (research/commercial use, attribution required)"
respectable,adjective,ɹɪspˈɛktəbəl,B1,cefr-j,"CEFR-J custom license (research/commercial use, attribution required)"
respond,verb,ɹɪspˈɑnd,B1,cefr-j,"CEFR-J custom license (research/commercial use, attribution required)"
responsibility,noun,ɹispˌɑnsəbˈɪləti,B1,cefr-j,"CEFR-J custom license (research/commercial use, attribution required)"
responsible,adjective,ɹispˈɑnsəbəl,B1,cefr-j,"CEFR-J custom license (research/commercial use, attribution required)"
rest,noun,ɹˈɛst,B1,cefr-j,"CEFR-J custom license (research/commercial use, attribution required)"
rest,verb,ɹˈɛst,B1,cefr-j,"CEFR-J custom license (research/commercial use, attribution required)"
restore,verb,ɹɪstˈɔɹ,B1,cefr-j,"CEFR-J custom license (research/commercial use, attribution required)"
restrict,verb,ɹistɹˈɪkt,B1,cefr-j,"CEFR-J custom license (research/commercial use, attribution required)"
result,verb,ɹɪzˈʌlt,B1,cefr-j,"CEFR-J custom license (research/commercial use, attribution required)"
retail,noun,ɹˈitˌeɪl,B1,cefr-j,"CEFR-J custom license (research/commercial use, attribution required)"
retain,verb,ɹɪtˈeɪn,B1,cefr-j,"CEFR-J custom license (research/commercial use, attribution required)"
retell,verb,ɹitˈɛl,B1,cefr-j,"CEFR-J custom license (research/commercial use, attribution required)"
retrospect,noun,ɹˈɛtɹəspˌɛkt,B1,cefr-j,"CEFR-J custom license (research/commercial use, attribution required)"
reunification,noun,ɹiˌunəfəkˈeɪʃən,B1,cefr-j,"CEFR-J custom license (research/commercial use, attribution required)"
reunify,verb,ɹiˈunəfˌaɪ,B1,cefr-j,"CEFR-J custom license (research/commercial use, attribution required)"
revise,verb,ɹɪvˈaɪz,B1,cefr-j,"CEFR-J custom license (research/commercial use, attribution required)"
revision,noun,ɹivˈɪʒən,B1,cefr-j,"CEFR-J custom license (research/commercial use, attribution required)"
reward,noun,ɹɪwˈɔɹd,B1,cefr-j,"CEFR-J custom license (research/commercial use, attribution required)"
rewrite,verb,ɹiɹˈaɪt,B1,cefr-j,"CEFR-J custom license (research/commercial use, attribution required)"
rid,verb,ɹˈɪd,B1,cefr-j,"CEFR-J custom license (research/commercial use, attribution required)"
riddle,verb,ɹˈɪdəl,B1,cefr-j,"CEFR-J custom license (research/commercial use, attribution required)"
ridiculous,adjective,ɹɪdˈɪkjələs,B1,cefr-j,"CEFR-J custom license (research/commercial use, attribution required)"
ripe,adjective,ɹˈaɪp,B1,cefr-j,"CEFR-J custom license (research/commercial use, attribution required)"
rise,noun,ɹˈaɪz,B1,cefr-j,"CEFR-J custom license (research/commercial use, attribution required)"
rise,verb,ɹˈaɪz,B1,cefr-j,"CEFR-J custom license (research/commercial use, attribution required)"
risk,noun,ɹˈɪsk,B1,cefr-j,"CEFR-J custom license (research/commercial use, attribution required)"
roadside,noun,ɹˈoʊdsˌaɪd,B1,cefr-j,"CEFR-J custom license (research/commercial use, attribution required)"
robot,noun,ɹˈoʊbˌɑt,B1,cefr-j,"CEFR-J custom license (research/commercial use, attribution required)"
rolling,adjective,ɹˈoʊlɪŋ,B1,cefr-j,"CEFR-J custom license (research/commercial use, attribution required)"
room,verb,ɹˈum,B1,cefr-j,"CEFR-J custom license (research/commercial use, attribution required)"
rotten,adjective,ɹˈɑtən,B1,cefr-j,"CEFR-J custom license (research/commercial use, attribution required)"
rough,adjective,ɹˈʌf,B1,cefr-j,"CEFR-J custom license (research/commercial use, attribution required)"
round,adjective,ɹˈaʊnd,B1,cefr-j,"CEFR-J custom license (research/commercial use, attribution required)"
round,noun,ɹˈaʊnd,B1,cefr-j,"CEFR-J custom license (research/commercial use, attribution required)"
routine,noun,ɹutˈin,B1,cefr-j,"CEFR-J custom license (research/commercial use, attribution required)"
rubber,noun,ɹˈʌbɚ,B1,cefr-j,"CEFR-J custom license (research/commercial use, attribution required)"
rubbish,noun,ɹˈʌbɪʃ,B1,cefr-j,"CEFR-J custom license (research/commercial use, attribution required)"
rudely,adverb,ɹˈudli,B1,cefr-j,"CEFR-J custom license (research/commercial use, attribution required)"
ruin,noun,ɹˈuən,B1,cefr-j,"CEFR-J custom license (research/commercial use, attribution required)"
runaway,noun,ɹˈʌnəwˌeɪ,B1,cefr-j,"CEFR-J custom license (research/commercial use, attribution required)"
runway,noun,ɹˈʌnwˌeɪ,B1,cefr-j,"CEFR-J custom license (research/commercial use, attribution required)"
rush,verb,ɹˈʌʃ,B1,cefr-j,"CEFR-J custom license (research/commercial use, attribution required)"
sacred,adjective,sˈeɪkɹəd,B1,cefr-j,"CEFR-J custom license (research/commercial use, attribution required)"
sadness,noun,sˈædnəs,B1,cefr-j,"CEFR-J custom license (research/commercial use, attribution required)"
safari,noun,səfˈɑɹi,B1,cefr-j,"CEFR-J custom license (research/commercial use, attribution required)"
safeguard,noun,sˈeɪfgˌɑɹd,B1,cefr-j,"CEFR-J custom license (research/commercial use, attribution required)"
safely,adverb,sˈeɪfli,B1,cefr-j,"CEFR-J custom license (research/commercial use, attribution required)"
safety,noun,sˈeɪfti,B1,cefr-j,"CEFR-J custom license (research/commercial use, attribution required)"
salesman,noun,sˈeɪlzmən,B1,cefr-j,"CEFR-J custom license (research/commercial use, attribution required)"
salmon,noun,sˈæmən,B1,cefr-j,"CEFR-J custom license (research/commercial use, attribution required)"
sand,noun,sˈænd,B1,cefr-j,"CEFR-J custom license (research/commercial use, attribution required)"
sandal,noun,sˈændəl,B1,cefr-j,"CEFR-J custom license (research/commercial use, attribution required)"
satellite,noun,sˈætəlˌaɪt,B1,cefr-j,"CEFR-J custom license (research/commercial use, attribution required)"
satisfaction,noun,sˌætəsfˈækʃən,B1,cefr-j,"CEFR-J custom license (research/commercial use, attribution required)"
satisfied,adjective,sˈætəsfˌaɪd,B1,cefr-j,"CEFR-J custom license (research/commercial use, attribution required)"
saucepan,noun,sˈɔspˌæn,B1,cefr-j,"CEFR-J custom license (research/commercial use, attribution required)"
saucer,noun,sˈɔsɚ,B1,cefr-j,"CEFR-J custom license (research/commercial use, attribution required)"
scan,noun,skˈæn,B1,cefr-j,"CEFR-J custom license (research/commercial use, attribution required)"
scare,verb,skˈɛɹ,B1,cefr-j,"CEFR-J custom license (research/commercial use, attribution required)"
scared,adjective,skˈɛɹd,B1,cefr-j,"CEFR-J custom license (research/commercial use, attribution required)"
scary,adjective,skˈɛɹi,B1,cefr-j,"CEFR-J custom license (research/commercial use, attribution required)"
scatter,verb,skˈætɚ,B1,cefr-j,"CEFR-J custom license (research/commercial use, attribution required)"
scenic,adjective,sˈinɪk,B1,cefr-j,"CEFR-J custom license (research/commercial use, attribution required)"
scholar,noun,skˈɑlɚ,B1,cefr-j,"CEFR-J custom license (research/commercial use, attribution required)"
scholarship,noun,skˈɑlɚʃˌɪp,B1,cefr-j,"CEFR-J custom license (research/commercial use, attribution required)"
schoolmate,noun,skˈulmˌeɪt,B1,cefr-j,"CEFR-J custom license (research/commercial use, attribution required)"
schoolteacher,noun,skˈultˌitʃɚ,B1,cefr-j,"CEFR-J custom license (research/commercial use, attribution required)"
science fiction,noun,sˈaɪəns fˈɪkʃən,B1,cefr-j,"CEFR-J custom license (research/commercial use, attribution required)"
scold,verb,skˈoʊld,B1,cefr-j,"CEFR-J custom license (research/commercial use, attribution required)"
scope,noun,skˈoʊp,B1,cefr-j,"CEFR-J custom license (research/commercial use, attribution required)"
score,noun,skˈɔɹ,B1,cefr-j,"CEFR-J custom license (research/commercial use, attribution required)"
score,verb,skˈɔɹ,B1,cefr-j,"CEFR-J custom license (research/commercial use, attribution required)"
scratch,noun,skɹˈætʃ,B1,cefr-j,"CEFR-J custom license (research/commercial use, attribution required)"
scream,verb,skɹˈim,B1,cefr-j,"CEFR-J custom license (research/commercial use, attribution required)"
sculpture,noun,skˈʌlptʃɚ,B1,cefr-j,"CEFR-J custom license (research/commercial use, attribution required)"
search,verb,sˈɝtʃ,B1,cefr-j,"CEFR-J custom license (research/commercial use, attribution required)"
season,noun,sˈizən,B1,cefr-j,"CEFR-J custom license (research/commercial use, attribution required)"
seawater,noun,sˈiwˌɑtɚ,B1,cefr-j,"CEFR-J custom license (research/commercial use, attribution required)"
seaweed,noun,sˈiwˌid,B1,cefr-j,"CEFR-J custom license (research/commercial use, attribution required)"
second,adverb,sˈɛkənd,B1,cefr-j,"CEFR-J custom license (research/commercial use, attribution required)"
second-hand,adjective,,B1,cefr-j,"CEFR-J custom license (research/commercial use, attribution required)"
second-hand,adverb,,B1,cefr-j,"CEFR-J custom license (research/commercial use, attribution required)"
secondary school,noun,sˈɛkəndˌɛɹi skˈul,B1,cefr-j,"CEFR-J custom license (research/commercial use, attribution required)"
secret,adjective,sˈikɹət,B1,cefr-j,"CEFR-J custom license (research/commercial use, attribution required)"
secretly,adverb,sˈikɹɪtli,B1,cefr-j,"CEFR-J custom license (research/commercial use, attribution required)"
secure,adjective,sɪkjˈʊɹ,B1,cefr-j,"CEFR-J custom license (research/commercial use, attribution required)"
security,noun,sɪkjˈʊɹəti,B1,cefr-j,"CEFR-J custom license (research/commercial use, attribution required)"
seize,verb,sˈiz,B1,cefr-j,"CEFR-J custom license (research/commercial use, attribution required)"
select,adjective,səlˈɛkt,B1,cefr-j,"CEFR-J custom license (research/commercial use, attribution required)"
selection,noun,səlˈɛkʃən,B1,cefr-j,"CEFR-J custom license (research/commercial use, attribution required)"
self-service,adjective,,B1,cefr-j,"CEFR-J custom license (research/commercial use, attribution required)"
selfish,adjective,sˈɛlfɪʃ,B1,cefr-j,"CEFR-J custom license (research/commercial use, attribution required)"
sensation,noun,sɛnsˈeɪʃən,B1,cefr-j,"CEFR-J custom license (research/commercial use, attribution required)"
separation,noun,sˌɛpɚˈeɪʃən,B1,cefr-j,"CEFR-J custom license (research/commercial use, attribution required)"
sequence,noun,sˈikwəns,B1,cefr-j,"CEFR-J custom license (research/commercial use, attribution required)"
series,noun,sˈɪɹiz,B1,cefr-j,"CEFR-J custom license (research/commercial use, attribution required)"
serious,adjective,sˈɪɹiəs,B1,cefr-j,"CEFR-J custom license (research/commercial use, attribution required)"
server,noun,sˈɝvɚ,B1,cefr-j,"CEFR-J custom license (research/commercial use, attribution required)"
service,noun,sˈɝvəs,B1,cefr-j,"CEFR-J custom license (research/commercial use, attribution required)"
service,verb,sˈɝvəs,B1,cefr-j,"CEFR-J custom license (research/commercial use, attribution required)"
session,noun,sˈɛʃən,B1,cefr-j,"CEFR-J custom license (research/commercial use, attribution required)"
setting,noun,sˈɛtɪŋ,B1,cefr-j,"CEFR-J custom license (research/commercial use, attribution required)"
settle,verb,sˈɛtəl,B1,cefr-j,"CEFR-J custom license (research/commercial use, attribution required)"
settlement,noun,sˈɛtəlmənt,B1,cefr-j,"CEFR-J custom license (research/commercial use, attribution required)"
settler,noun,sˈɛtəlɚ,B1,cefr-j,"CEFR-J custom license (research/commercial use, attribution required)"
severe,adjective,səvˈɪɹ,B1,cefr-j,"CEFR-J custom license (research/commercial use, attribution required)"
severely,adverb,səvˈɪɹli,B1,cefr-j,"CEFR-J custom license (research/commercial use, attribution required)"
sex,noun,sˈɛks,B1,cefr-j,"CEFR-J custom license (research/commercial use, attribution required)"
shadow,verb,ʃˈædˌoʊ,B1,cefr-j,"CEFR-J custom license (research/commercial use, attribution required)"
shadowy,adjective,ʃˈædoʊi,B1,cefr-j,"CEFR-J custom license (research/commercial use, attribution required)"
shake,verb,ʃˈeɪk,B1,cefr-j,"CEFR-J custom license (research/commercial use, attribution required)"
shallow,adjective,ʃˈæloʊ,B1,cefr-j,"CEFR-J custom license (research/commercial use, attribution required)"
shame,noun,ʃˈeɪm,B1,cefr-j,"CEFR-J custom license (research/commercial use, attribution required)"
shameful,adjective,ʃˈeɪmfəl,B1,cefr-j,"CEFR-J custom license (research/commercial use, attribution required)"
shape,verb,ʃˈeɪp,B1,cefr-j,"CEFR-J custom license (research/commercial use, attribution required)"
sharp,adjective,ʃˈɑɹp,B1,cefr-j,"CEFR-J custom license (research/commercial use, attribution required)"
shave,verb,ʃˈeɪv,B1,cefr-j,"CEFR-J custom license (research/commercial use, attribution required)"
sheer,adjective,ʃˈɪɹ,B1,cefr-j,"CEFR-J custom license (research/commercial use, attribution required)"
sheet,noun,ʃˈit,B1,cefr-j,"CEFR-J custom license (research/commercial use, attribution required)"
shelter,noun,ʃˈɛltɚ,B1,cefr-j,"CEFR-J custom license (research/commercial use, attribution required)"
sheriff,noun,ʃˈɛɹəf,B1,cefr-j,"CEFR-J custom license (research/commercial use, attribution required)"
shift,verb,ʃˈɪft,B1,cefr-j,"CEFR-J custom license (research/commercial use, attribution required)"
shiny,adjective,ʃˈaɪni,B1,cefr-j,"CEFR-J custom license (research/commercial use, attribution required)"
ship,verb,ʃˈɪp,B1,cefr-j,"CEFR-J custom license (research/commercial use, attribution required)"
shiver,verb,ʃˈɪvɚ,B1,cefr-j,"CEFR-J custom license (research/commercial use, attribution required)"
shocked,adjective,ʃˈɑkt,B1,cefr-j,"CEFR-J custom license (research/commercial use, attribution required)"
shocking,adjective,ʃˈɑkɪŋ,B1,cefr-j,"CEFR-J custom license (research/commercial use, attribution required)"
shop,verb,ʃˈɑp,B1,cefr-j,"CEFR-J custom license (research/commercial use, attribution required)"
shopper,noun,ʃˈɑpɚ,B1,cefr-j,"CEFR-J custom license (research/commercial use, attribution required)"
shortage,noun,ʃˈɔɹtədʒ,B1,cefr-j,"CEFR-J custom license (research/commercial use, attribution required)"
shortly,adverb,ʃˈɔɹtli,B1,cefr-j,"CEFR-J custom license (research/commercial use, attribution required)"
shout,verb,ʃˈaʊt,B1,cefr-j,"CEFR-J custom license (research/commercial use, attribution required)"
shrimp,noun,ʃɹˈɪmp,B1,cefr-j,"CEFR-J custom license (research/commercial use, attribution required)"
shut,adjective,ʃˈʌt,B1,cefr-j,"CEFR-J custom license (research/commercial use, attribution required)"
sickness,noun,sˈɪknəs,B1,cefr-j,"CEFR-J custom license (research/commercial use, attribution required)"
sidewalk,noun,sˈaɪdwˌɔk,B1,cefr-j,"CEFR-J custom license (research/commercial use, attribution required)"
sigh,noun,sˈaɪ,B1,cefr-j,"CEFR-J custom license (research/commercial use, attribution required)"
sign,verb,sˈaɪn,B1,cefr-j,"CEFR-J custom license (research/commercial use, attribution required)"
signal,noun,sˈɪgnəl,B1,cefr-j,"CEFR-J custom license (research/commercial use, attribution required)"
signature,noun,sˈɪgnətʃɚ,B1,cefr-j,"CEFR-J custom license (research/commercial use, attribution required)"
significance,noun,səgnˈɪfɪkəns,B1,cefr-j,"CEFR-J custom license (research/commercial use, attribution required)"
signpost,noun,sˈaɪnpˌoʊst,B1,cefr-j,"CEFR-J custom license (research/commercial use, attribution required)"
silent,adjective,sˈaɪlənt,B1,cefr-j,"CEFR-J custom license (research/commercial use, attribution required)"
silk,noun,sˈɪlk,B1,cefr-j,"CEFR-J custom license (research/commercial use, attribution required)"
similarity,noun,sˌɪməlˈɛɹəti,B1,cefr-j,"CEFR-J custom license (research/commercial use, attribution required)"
similarly,adverb,sˈɪməlɚli,B1,cefr-j,"CEFR-J custom license (research/commercial use, attribution required)"
simplify,verb,sˈɪmpləfˌaɪ,B1,cefr-j,"CEFR-J custom license (research/commercial use, attribution required)"
simultaneously,adverb,sˌaɪməltˈeɪniəsli,B1,cefr-j,"CEFR-J custom license (research/commercial use, attribution required)"
since,conjunction,sˈɪns,B1,cefr-j,"CEFR-J custom license (research/commercial use, attribution required)"
single,noun,sˈɪŋgəl,B1,cefr-j,"CEFR-J custom license (research/commercial use, attribution required)"
sink,verb,sˈɪŋk,B1,cefr-j,"CEFR-J custom license (research/commercial use, attribution required)"
skate,verb,skˈeɪt,B1,cefr-j,"CEFR-J custom license (research/commercial use, attribution required)"
skeleton,noun,skˈɛlətən,B1,cefr-j,"CEFR-J custom license (research/commercial use, attribution required)"
ski,verb,skˈi,B1,cefr-j,"CEFR-J custom license (research/commercial use, attribution required)"
skin,noun,skˈɪn,B1,cefr-j,"CEFR-J custom license (research/commercial use, attribution required)"
skyscraper,noun,skˈaɪskɹˌeɪpɚ,B1,cefr-j,"CEFR-J custom license (research/commercial use, attribution required)"
slavery,noun,slˈeɪvɚi,B1,cefr-j,"CEFR-J custom license (research/commercial use, attribution required)"
sleep,noun,slˈip,B1,cefr-j,"CEFR-J custom license (research/commercial use, attribution required)"
sleeve,noun,slˈiv,B1,cefr-j,"CEFR-J custom license (research/commercial use, attribution required)"
slight,noun,slˈaɪt,B1,cefr-j,"CEFR-J custom license (research/commercial use, attribution required)"
slightly,adverb,slˈaɪtli,B1,cefr-j,"CEFR-J custom license (research/commercial use, attribution required)"
slip,noun,slˈɪp,B1,cefr-j,"CEFR-J custom license (research/commercial use, attribution required)"
slip,verb,slˈɪp,B1,cefr-j,"CEFR-J custom license (research/commercial use, attribution required)"
slogan,noun,slˈoʊgən,B1,cefr-j,"CEFR-J custom license (research/commercial use, attribution required)"
slope,noun,slˈoʊp,B1,cefr-j,"CEFR-J custom license (research/commercial use, attribution required)"
slot,noun,slˈɑt,B1,cefr-j,"CEFR-J custom license (research/commercial use, attribution required)"
slow,adverb,slˈoʊ,B1,cefr-j,"CEFR-J custom license (research/commercial use, attribution required)"
slow,verb,slˈoʊ,B1,cefr-j,"CEFR-J custom license (research/commercial use, attribution required)"
smell,verb,smˈɛl,B1,cefr-j,"CEFR-J custom license (research/commercial use, attribution required)"
smile,verb,smˈaɪl,B1,cefr-j,"CEFR-J custom license (research/commercial use, attribution required)"
smoker,noun,smˈoʊkɚ,B1,cefr-j,"CEFR-J custom license (research/commercial use, attribution required)"
sneeze,noun,snˈiz,B1,cefr-j,"CEFR-J custom license (research/commercial use, attribution required)"
snowboard,noun,snˈoʊbˌɔɹd,B1,cefr-j,"CEFR-J custom license (research/commercial use, attribution required)"
snowstorm,noun,snˈoʊstˌɔɹm,B1,cefr-j,"CEFR-J custom license (research/commercial use, attribution required)"
soap opera,noun,sˈoʊp ˈɑpɹə,B1,cefr-j,"CEFR-J custom license (research/commercial use, attribution required)"
social networking,noun,sˈoʊʃəl nˈɛtwˌɝkɪŋ,B1,cefr-j,"CEFR-J custom license (research/commercial use, attribution required)"
socially,adverb,sˈoʊʃəli,B1,cefr-j,"CEFR-J custom license (research/commercial use, attribution required)"
soil,verb,sˈɔɪl,B1,cefr-j,"CEFR-J custom license (research/commercial use, attribution required)"
solid,adjective,sˈɑləd,B1,cefr-j,"CEFR-J custom license (research/commercial use, attribution required)"
somehow,adverb,sˈʌmhˌaʊ,B1,cefr-j,"CEFR-J custom license (research/commercial use, attribution required)"
someplace,adverb,sˈʌmplˌeɪs,B1,cefr-j,"CEFR-J custom license (research/commercial use, attribution required)"
sometime,adverb,sˈʌmtˌaɪm,B1,cefr-j,"CEFR-J custom license (research/commercial use, attribution required)"
sometimes,adverb,səmtˈaɪmz,B1,cefr-j,"CEFR-J custom license (research/commercial use, attribution required)"
soothe,verb,sˈuð,B1,cefr-j,"CEFR-J custom license (research/commercial use, attribution required)"
sophomore,noun,sˈɑfmˌɔɹ,B1,cefr-j,"CEFR-J custom license (research/commercial use, attribution required)"
sore,adjective,sˈɔɹ,B1,cefr-j,"CEFR-J custom license (research/commercial use, attribution required)"
sorrow,noun,sˈɑɹoʊ,B1,cefr-j,"CEFR-J custom license (research/commercial use, attribution required)"
sort,noun,sˈɔɹt,B1,cefr-j,"CEFR-J custom license (research/commercial use, attribution required)"
soul,noun,sˈoʊl,B1,cefr-j,"CEFR-J custom license (research/commercial use, attribution required)"
sour,adjective,sˈaʊɚ,B1,cefr-j,"CEFR-J custom license (research/commercial use, attribution required)"
southeast,adjective,sˌaʊθˈist,B1,cefr-j,"CEFR-J custom license (research/commercial use, attribution required)"
southeast,noun,sˌaʊθˈist,B1,cefr-j,"CEFR-J custom license (research/commercial use, attribution required)"
southern,adjective,sˈʌðɚn,B1,cefr-j,"CEFR-J custom license (research/commercial use, attribution required)"
southwest,adjective,sˌaʊθwˈɛst,B1,cefr-j,"CEFR-J custom license (research/commercial use, attribution required)"
southwest,noun,sˌaʊθwˈɛst,B1,cefr-j,"CEFR-J custom license (research/commercial use, attribution required)"
souvenir,noun,sˌuvənˈɪɹ,B1,cefr-j,"CEFR-J custom license (research/commercial use, attribution required)"
sparkle,noun,spˈɑɹkəl,B1,cefr-j,"CEFR-J custom license (research/commercial use, attribution required)"
specialist,noun,spˈɛʃələst,B1,cefr-j,"CEFR-J custom license (research/commercial use, attribution required)"
specialize,verb,spˈɛʃəlˌaɪz,B1,cefr-j,"CEFR-J custom license (research/commercial use, attribution required)"
specially,adverb,spˈɛʃəli,B1,cefr-j,"CEFR-J custom license (research/commercial use, attribution required)"
spectacular,adjective,spɛktˈækjəlɚ,B1,cefr-j,"CEFR-J custom license (research/commercial use, attribution required)"
spectator,noun,spˈɛkteɪtɚ,B1,cefr-j,"CEFR-J custom license (research/commercial use, attribution required)"
speed,verb,spˈid,B1,cefr-j,"CEFR-J custom license (research/commercial use, attribution required)"
spelling,noun,spˈɛlɪŋ,B1,cefr-j,"CEFR-J custom license (research/commercial use, attribution required)"
sphere,noun,sfˈɪɹ,B1,cefr-j,"CEFR-J custom license (research/commercial use, attribution required)"
spice,noun,spˈaɪs,B1,cefr-j,"CEFR-J custom license (research/commercial use, attribution required)"
spicy,adjective,spˈaɪsi,B1,cefr-j,"CEFR-J custom license (research/commercial use, attribution required)"
spider,noun,spˈaɪdɚ,B1,cefr-j,"CEFR-J custom license (research/commercial use, attribution required)"
spinach,noun,spˈɪnətʃ,B1,cefr-j,"CEFR-J custom license (research/commercial use, attribution required)"
spiral,adjective,spˈaɪɹəl,B1,cefr-j,"CEFR-J custom license (research/commercial use, attribution required)"
spirit,noun,spˈɪɹət,B1,cefr-j,"CEFR-J custom license (research/commercial use, attribution required)"
spiritual,adjective,spˈɪɹɪtʃˌuəl,B1,cefr-j,"CEFR-J custom license (research/commercial use, attribution required)"
split,noun,splˈɪt,B1,cefr-j,"CEFR-J custom license (research/commercial use, attribution required)"
spoil,verb,spˈɔɪl,B1,cefr-j,"CEFR-J custom license (research/commercial use, attribution required)"
sponge,noun,spˈʌndʒ,B1,cefr-j,"CEFR-J custom license (research/commercial use, attribution required)"
sponsor,noun,spˈɑnsɚ,B1,cefr-j,"CEFR-J custom license (research/commercial use, attribution required)"
sports,adjective,spˈɔɹts,B1,cefr-j,"CEFR-J custom license (research/commercial use, attribution required)"
sportsmanship,noun,spˈɔɹtsmənʃˌɪp,B1,cefr-j,"CEFR-J custom license (research/commercial use, attribution required)"
stable,adjective,stˈeɪbəl,B1,cefr-j,"CEFR-J custom license (research/commercial use, attribution required)"
stall,noun,stˈɔl,B1,cefr-j,"CEFR-J custom license (research/commercial use, attribution required)"
standard,noun,stˈændɚd,B1,cefr-j,"CEFR-J custom license (research/commercial use, attribution required)"
star,verb,stˈɑɹ,B1,cefr-j,"CEFR-J custom license (research/commercial use, attribution required)"
stare,verb,stˈɛɹ,B1,cefr-j,"CEFR-J custom license (research/commercial use, attribution required)"
status,noun,stˈætəs,B1,cefr-j,"CEFR-J custom license (research/commercial use, attribution required)"
stay,noun,stˈeɪ,B1,cefr-j,"CEFR-J custom license (research/commercial use, attribution required)"
steadily,adverb,stˈɛdəli,B1,cefr-j,"CEFR-J custom license (research/commercial use, attribution required)"
steady,adjective,stˈɛdi,B1,cefr-j,"CEFR-J custom license (research/commercial use, attribution required)"
steam,noun,stˈim,B1,cefr-j,"CEFR-J custom license (research/commercial use, attribution required)"
steel,noun,stˈil,B1,cefr-j,"CEFR-J custom license (research/commercial use, attribution required)"
steep,adjective,stˈip,B1,cefr-j,"CEFR-J custom license (research/commercial use, attribution required)"
stem,verb,stˈɛm,B1,cefr-j,"CEFR-J custom license (research/commercial use, attribution required)"
stick,verb,stˈɪk,B1,cefr-j,"CEFR-J custom license (research/commercial use, attribution required)"
sticker,noun,stˈɪkɚ,B1,cefr-j,"CEFR-J custom license (research/commercial use, attribution required)"
sticky,adjective,stˈɪki,B1,cefr-j,"CEFR-J custom license (research/commercial use, attribution required)"
stir,verb,stˈɝ,B1,cefr-j,"CEFR-J custom license (research/commercial use, attribution required)"
storage,noun,stˈɔɹədʒ,B1,cefr-j,"CEFR-J custom license (research/commercial use, attribution required)"
stormy,adjective,stˈɔɹmi,B1,cefr-j,"CEFR-J custom license (research/commercial use, attribution required)"
storyteller,noun,stˈɔɹitˌɛlɚ,B1,cefr-j,"CEFR-J custom license (research/commercial use, attribution required)"
strain,noun,stɹˈeɪn,B1,cefr-j,"CEFR-J custom license (research/commercial use, attribution required)"
strangely,adverb,stɹˈeɪndʒli,B1,cefr-j,"CEFR-J custom license (research/commercial use, attribution required)"
strategic,adjective,stɹətˈidʒɪk,B1,cefr-j,"CEFR-J custom license (research/commercial use, attribution required)"
straw,noun,stɹˈɔ,B1,cefr-j,"CEFR-J custom license (research/commercial use, attribution required)"
strawberry,noun,stɹˈɔbˌɛɹi,B1,cefr-j,"CEFR-J custom license (research/commercial use, attribution required)"
stream,noun,stɹˈim,B1,cefr-j,"CEFR-J custom license (research/commercial use, attribution required)"
stream,verb,stɹˈim,B1,cefr-j,"CEFR-J custom license (research/commercial use, attribution required)"
strengthen,verb,stɹˈɛŋθən,B1,cefr-j,"CEFR-J custom license (research/commercial use, attribution required)"
stress,noun,stɹˈɛs,B1,cefr-j,"CEFR-J custom license (research/commercial use, attribution required)"
stressed,adjective,stɹˈɛst,B1,cefr-j,"CEFR-J custom license (research/commercial use, attribution required)"
stressful,adjective,stɹˈɛsfəl,B1,cefr-j,"CEFR-J custom license (research/commercial use, attribution required)"
stretch,verb,stɹˈɛtʃ,B1,cefr-j,"CEFR-J custom license (research/commercial use, attribution required)"
stricken,adjective,stɹˈɪkən,B1,cefr-j,"CEFR-J custom license (research/commercial use, attribution required)"
strike,verb,stɹˈaɪk,B1,cefr-j,"CEFR-J custom license (research/commercial use, attribution required)"
strip,noun,stɹˈɪp,B1,cefr-j,"CEFR-J custom license (research/commercial use, attribution required)"
stripe,noun,stɹˈaɪp,B1,cefr-j,"CEFR-J custom license (research/commercial use, attribution required)"
struggle,noun,stɹˈʌgəl,B1,cefr-j,"CEFR-J custom license (research/commercial use, attribution required)"
stubborn,adjective,stˈʌbɚn,B1,cefr-j,"CEFR-J custom license (research/commercial use, attribution required)"
stuck,adjective,stˈʌk,B1,cefr-j,"CEFR-J custom license (research/commercial use, attribution required)"
studio,noun,stˈudiˌoʊ,B1,cefr-j,"CEFR-J custom license (research/commercial use, attribution required)"
stuffed,adjective,stˈʌft,B1,cefr-j,"CEFR-J custom license (research/commercial use, attribution required)"
stumble,verb,stˈʌmbəl,B1,cefr-j,"CEFR-J custom license (research/commercial use, attribution required)"
stun,verb,stˈʌn,B1,cefr-j,"CEFR-J custom license (research/commercial use, attribution required)"
stunning,adjective,stˈʌnɪŋ,B1,cefr-j,"CEFR-J custom license (research/commercial use, attribution required)"
stupid,adjective,stˈupəd,B1,cefr-j,"CEFR-J custom license (research/commercial use, attribution required)"
stylish,adjective,stˈaɪlɪʃ,B1,cefr-j,"CEFR-J custom license (research/commercial use, attribution required)"
subconscious,adjective,səbkˈɑnʃəs,B1,cefr-j,"CEFR-J custom license (research/commercial use, attribution required)"
submarine,noun,sˈʌbmɚˌin,B1,cefr-j,"CEFR-J custom license (research/commercial use, attribution required)"
substantial,adjective,səbstˈænʃəl,B1,cefr-j,"CEFR-J custom license (research/commercial use, attribution required)"
substitute,noun,sˈʌbstətˌut,B1,cefr-j,"CEFR-J custom license (research/commercial use, attribution required)"
suddenly,adverb,sˈʌdənli,B1,cefr-j,"CEFR-J custom license (research/commercial use, attribution required)"
suffer,verb,sˈʌfɚ,B1,cefr-j,"CEFR-J custom license (research/commercial use, attribution required)"
sufficient,adjective,səfˈɪʃənt,B1,cefr-j,"CEFR-J custom license (research/commercial use, attribution required)"
suffix,noun,sˈʌfɪks,B1,cefr-j,"CEFR-J custom license (research/commercial use, attribution required)"
suicide,noun,sˈuəsˌaɪd,B1,cefr-j,"CEFR-J custom license (research/commercial use, attribution required)"
summarize,verb,sˈʌmɚˌaɪz,B1,cefr-j,"CEFR-J custom license (research/commercial use, attribution required)"
summit,noun,sˈʌmət,B1,cefr-j,"CEFR-J custom license (research/commercial use, attribution required)"
sunbathe,verb,sˈʌnbˌeɪð,B1,cefr-j,"CEFR-J custom license (research/commercial use, attribution required)"
sundial,noun,sˈʌndˌaɪl,B1,cefr-j,"CEFR-J custom license (research/commercial use, attribution required)"
sunrise,noun,sˈʌnɹˌaɪz,B1,cefr-j,"CEFR-J custom license (research/commercial use, attribution required)"
sunset,noun,sˈʌnsˌɛt,B1,cefr-j,"CEFR-J custom license (research/commercial use, attribution required)"
superior,adjective,supˈɪɹiɚ,B1,cefr-j,"CEFR-J custom license (research/commercial use, attribution required)"
superstition,noun,sˌupɚstˈɪʃən,B1,cefr-j,"CEFR-J custom license (research/commercial use, attribution required)"
supply,noun,səplˈaɪ,B1,cefr-j,"CEFR-J custom license (research/commercial use, attribution required)"
support,verb,səpˈɔɹt,B1,cefr-j,"CEFR-J custom license (research/commercial use, attribution required)"
supporter,noun,səpˈɔɹtɚ,B1,cefr-j,"CEFR-J custom license (research/commercial use, attribution required)"
supportive,adjective,səpˈɔɹtɪv,B1,cefr-j,"CEFR-J custom license (research/commercial use, attribution required)"
suppose,verb,səpˈoʊz,B1,cefr-j,"CEFR-J custom license (research/commercial use, attribution required)"
supposedly,adverb,səpˈoʊzədli,B1,cefr-j,"CEFR-J custom license (research/commercial use, attribution required)"
surely,adverb,ʃˈʊɹli,B1,cefr-j,"CEFR-J custom license (research/commercial use, attribution required)"
surface,noun,sˈɝfəs,B1,cefr-j,"CEFR-J custom license (research/commercial use, attribution required)"
surgeon,noun,sˈɝdʒən,B1,cefr-j,"CEFR-J custom license (research/commercial use, attribution required)"
surgery,noun,sˈɝdʒɚi,B1,cefr-j,"CEFR-J custom license (research/commercial use, attribution required)"
surprise,verb,sɚpɹˈaɪz,B1,cefr-j,"CEFR-J custom license (research/commercial use, attribution required)"
surprisingly,adverb,sɚpɹˈaɪzɪŋli,B1,cefr-j,"CEFR-J custom license (research/commercial use, attribution required)"
surround,verb,sɚˈaʊnd,B1,cefr-j,"CEFR-J custom license (research/commercial use, attribution required)"
surrounding,adjective,sɚˈaʊndɪŋ,B1,cefr-j,"CEFR-J custom license (research/commercial use, attribution required)"
survival,noun,sɚvˈaɪvəl,B1,cefr-j,"CEFR-J custom license (research/commercial use, attribution required)"
survivor,noun,sɚvˈaɪvɚ,B1,cefr-j,"CEFR-J custom license (research/commercial use, attribution required)"
suspect,noun,səspˈɛkt,B1,cefr-j,"CEFR-J custom license (research/commercial use, attribution required)"
suspicion,noun,səspˈɪʃən,B1,cefr-j,"CEFR-J custom license (research/commercial use, attribution required)"
swarm,noun,swˈɔɹm,B1,cefr-j,"CEFR-J custom license (research/commercial use, attribution required)"
swear,verb,swˈɛɹ,B1,cefr-j,"CEFR-J custom license (research/commercial use, attribution required)"
sweat,noun,swˈɛt,B1,cefr-j,"CEFR-J custom license (research/commercial use, attribution required)"
sweatshirt,noun,swˈɛtʃˌɝt,B1,cefr-j,"CEFR-J custom license (research/commercial use, attribution required)"
swell,verb,swˈɛl,B1,cefr-j,"CEFR-J custom license (research/commercial use, attribution required)"
swimmer,noun,swˈɪmɚ,B1,cefr-j,"CEFR-J custom license (research/commercial use, attribution required)"
switch,noun,swˈɪtʃ,B1,cefr-j,"CEFR-J custom license (research/commercial use, attribution required)"
switch,verb,swˈɪtʃ,B1,cefr-j,"CEFR-J custom license (research/commercial use, attribution required)"
swollen,adjective,swˈoʊlən,B1,cefr-j,"CEFR-J custom license (research/commercial use, attribution required)"
sword,noun,sˈɔɹd,B1,cefr-j,"CEFR-J custom license (research/commercial use, attribution required)"
sympathy,noun,sˈɪmpəθi,B1,cefr-j,"CEFR-J custom license (research/commercial use, attribution required)"
symptom,noun,sˈɪmptəm,B1,cefr-j,"CEFR-J custom license (research/commercial use, attribution required)"
syndrome,noun,sˈɪndɹˌoʊm,B1,cefr-j,"CEFR-J custom license (research/commercial use, attribution required)"
systematic,adjective,sˌɪstəmˈætɪk,B1,cefr-j,"CEFR-J custom license (research/commercial use, attribution required)"
tablet,noun,tˈæblət,B1,cefr-j,"CEFR-J custom license (research/commercial use, attribution required)"
take,noun,tˈeɪk,B1,cefr-j,"CEFR-J custom license (research/commercial use, attribution required)"
takeaway,noun,tˈeɪkəwˌeɪ,B1,cefr-j,"CEFR-J custom license (research/commercial use, attribution required)"
takeoff,noun,tˈeɪkˌɔf,B1,cefr-j,"CEFR-J custom license (research/commercial use, attribution required)"
tale,noun,tˈeɪl,B1,cefr-j,"CEFR-J custom license (research/commercial use, attribution required)"
talented,adjective,tˈæləntɪd,B1,cefr-j,"CEFR-J custom license (research/commercial use, attribution required)"
talk,noun,tˈɔk,B1,cefr-j,"CEFR-J custom license (research/commercial use, attribution required)"
talkative,adjective,tˈɔkətɪv,B1,cefr-j,"CEFR-J custom license (research/commercial use, attribution required)"
tank,noun,tˈæŋk,B1,cefr-j,"CEFR-J custom license (research/commercial use, attribution required)"
tape,verb,tˈeɪp,B1,cefr-j,"CEFR-J custom license (research/commercial use, attribution required)"
taste,noun,tˈeɪst,B1,cefr-j,"CEFR-J custom license (research/commercial use, attribution required)"
taste,verb,tˈeɪst,B1,cefr-j,"CEFR-J custom license (research/commercial use, attribution required)"
tasteless,adjective,tˈeɪstləs,B1,cefr-j,"CEFR-J custom license (research/commercial use, attribution required)"
tasty,adjective,tˈeɪsti,B1,cefr-j,"CEFR-J custom license (research/commercial use, attribution required)"
tax,noun,tˈæks,B1,cefr-j,"CEFR-J custom license (research/commercial use, attribution required)"
teaching,noun,tˈitʃɪŋ,B1,cefr-j,"CEFR-J custom license (research/commercial use, attribution required)"
teammate,noun,tˈimˌeɪt,B1,cefr-j,"CEFR-J custom license (research/commercial use, attribution required)"
teamwork,noun,tˈimwˌɝk,B1,cefr-j,"CEFR-J custom license (research/commercial use, attribution required)"
tear,verb,tˈɛɹ,B1,cefr-j,"CEFR-J custom license (research/commercial use, attribution required)"
tease,noun,tˈiz,B1,cefr-j,"CEFR-J custom license (research/commercial use, attribution required)"
technique,noun,tɛknˈik,B1,cefr-j,"CEFR-J custom license (research/commercial use, attribution required)"
technological,adjective,tˌɛknəlˈɑdʒɪkəl,B1,cefr-j,"CEFR-J custom license (research/commercial use, attribution required)"
teen,noun,tˈin,B1,cefr-j,"CEFR-J custom license (research/commercial use, attribution required)"
telecommunications,noun,tˌɛləkəmjˌunəkˈeɪʃənz,B1,cefr-j,"CEFR-J custom license (research/commercial use, attribution required)"
telegram,noun,tˈɛləgɹˌæm,B1,cefr-j,"CEFR-J custom license (research/commercial use, attribution required)"
teller,noun,tˈɛlɚ,B1,cefr-j,"CEFR-J custom license (research/commercial use, attribution required)"
temper,noun,tˈɛmpɚ,B1,cefr-j,"CEFR-J custom license (research/commercial use, attribution required)"
temporary,adjective,tˈɛmpɚˌɛɹi,B1,cefr-j,"CEFR-J custom license (research/commercial use, attribution required)"
tempt,verb,tˈɛmpt,B1,cefr-j,"CEFR-J custom license (research/commercial use, attribution required)"
tend,verb,tˈɛnd,B1,cefr-j,"CEFR-J custom license (research/commercial use, attribution required)"
tendency,noun,tˈɛndənsi,B1,cefr-j,"CEFR-J custom license (research/commercial use, attribution required)"
tense,adjective,tˈɛns,B1,cefr-j,"CEFR-J custom license (research/commercial use, attribution required)"
tense,noun,tˈɛns,B1,cefr-j,"CEFR-J custom license (research/commercial use, attribution required)"
tension,noun,tˈɛnʃən,B1,cefr-j,"CEFR-J custom license (research/commercial use, attribution required)"
tent,noun,tˈɛnt,B1,cefr-j,"CEFR-J custom license (research/commercial use, attribution required)"
term,noun,tˈɝm,B1,cefr-j,"CEFR-J custom license (research/commercial use, attribution required)"
terminal,noun,tˈɝmənəl,B1,cefr-j,"CEFR-J custom license (research/commercial use, attribution required)"
terribly,adverb,tˈɛɹəbli,B1,cefr-j,"CEFR-J custom license (research/commercial use, attribution required)"
terrific,adjective,tɚˈɪfɪk,B1,cefr-j,"CEFR-J custom license (research/commercial use, attribution required)"
terrified,adjective,tˈɛɹəfˌaɪd,B1,cefr-j,"CEFR-J custom license (research/commercial use, attribution required)"
terror,noun,tˈɛɹɚ,B1,cefr-j,"CEFR-J custom license (research/commercial use, attribution required)"
terrorism,noun,tˈɛɹɚˌɪzəm,B1,cefr-j,"CEFR-J custom license (research/commercial use, attribution required)"
terrorist,noun,tˈɛɹɚɪst,B1,cefr-j,"CEFR-J custom license (research/commercial use, attribution required)"
thankful,adjective,θˈæŋkfəl,B1,cefr-j,"CEFR-J custom license (research/commercial use, attribution required)"
theft,noun,θˈɛft,B1,cefr-j,"CEFR-J custom license (research/commercial use, attribution required)"
theory,noun,θˈɪɹi,B1,cefr-j,"CEFR-J custom license (research/commercial use, attribution required)"
thirst,verb,θˈɝst,B1,cefr-j,"CEFR-J custom license (research/commercial use, attribution required)"
thorough,adjective,θˈɝoʊ,B1,cefr-j,"CEFR-J custom license (research/commercial use, attribution required)"
threat,noun,θɹˈɛt,B1,cefr-j,"CEFR-J custom license (research/commercial use, attribution required)"
threatening,adjective,θɹˈɛtənɪŋ,B1,cefr-j,"CEFR-J custom license (research/commercial use, attribution required)"
thriller,noun,θɹˈɪlɚ,B1,cefr-j,"CEFR-J custom license (research/commercial use, attribution required)"
through,adverb,θɹˈu,B1,cefr-j,"CEFR-J custom license (research/commercial use, attribution required)"
throughout,preposition,θɹuˈaʊt,B1,cefr-j,"CEFR-J custom license (research/commercial use, attribution required)"
thumb,noun,θˈʌm,B1,cefr-j,"CEFR-J custom license (research/commercial use, attribution required)"
thump,verb,θˈʌmp,B1,cefr-j,"CEFR-J custom license (research/commercial use, attribution required)"
thunder,noun,θˈʌndɚ,B1,cefr-j,"CEFR-J custom license (research/commercial use, attribution required)"
thunderous,adjective,θˈʌndɚəs,B1,cefr-j,"CEFR-J custom license (research/commercial use, attribution required)"
thus,adverb,ðˈʌs,B1,cefr-j,"CEFR-J custom license (research/commercial use, attribution required)"
tick,noun,tˈɪk,B1,cefr-j,"CEFR-J custom license (research/commercial use, attribution required)"
tick,verb,tˈɪk,B1,cefr-j,"CEFR-J custom license (research/commercial use, attribution required)"
tide,noun,tˈaɪd,B1,cefr-j,"CEFR-J custom license (research/commercial use, attribution required)"
tie,verb,tˈaɪ,B1,cefr-j,"CEFR-J custom license (research/commercial use, attribution required)"
tighten,verb,tˈaɪtən,B1,cefr-j,"CEFR-J custom license (research/commercial use, attribution required)"
tightly,adverb,tˈaɪtli,B1,cefr-j,"CEFR-J custom license (research/commercial use, attribution required)"
tile,noun,tˈaɪl,B1,cefr-j,"CEFR-J custom license (research/commercial use, attribution required)"
till,conjunction,tˈɪl,B1,cefr-j,"CEFR-J custom license (research/commercial use, attribution required)"
timely,adjective,tˈaɪmli,B1,cefr-j,"CEFR-J custom license (research/commercial use, attribution required)"
tin,noun,tˈɪn,B1,cefr-j,"CEFR-J custom license (research/commercial use, attribution required)"
tiny,adjective,tˈaɪni,B1,cefr-j,"CEFR-J custom license (research/commercial use, attribution required)"
tire,verb,tˈaɪɚ,B1,cefr-j,"CEFR-J custom license (research/commercial use, attribution required)"
tiring,adjective,tˈaɪɹɪŋ,B1,cefr-j,"CEFR-J custom license (research/commercial use, attribution required)"
tissue,noun,tˈɪsjˌu,B1,cefr-j,"CEFR-J custom license (research/commercial use, attribution required)"
tobacco,noun,təbˈækˌoʊ,B1,cefr-j,"CEFR-J custom license (research/commercial use, attribution required)"
tongue,noun,tˈʌŋ,B1,cefr-j,"CEFR-J custom license (research/commercial use, attribution required)"
toothpaste,noun,tˈuθpˌeɪst,B1,cefr-j,"CEFR-J custom license (research/commercial use, attribution required)"
top,adjective,tˈɑp,B1,cefr-j,"CEFR-J custom license (research/commercial use, attribution required)"
tornado,noun,tɔɹnˈeɪdˌoʊ,B1,cefr-j,"CEFR-J custom license (research/commercial use, attribution required)"
toss,verb,tˈɔs,B1,cefr-j,"CEFR-J custom license (research/commercial use, attribution required)"
total,adjective,tˈoʊtəl,B1,cefr-j,"CEFR-J custom license (research/commercial use, attribution required)"
total,noun,tˈoʊtəl,B1,cefr-j,"CEFR-J custom license (research/commercial use, attribution required)"
totally,adverb,tˈoʊtəli,B1,cefr-j,"CEFR-J custom license (research/commercial use, attribution required)"
touch,verb,tˈʌtʃ,B1,cefr-j,"CEFR-J custom license (research/commercial use, attribution required)"
tour,verb,tˈʊɹ,B1,cefr-j,"CEFR-J custom license (research/commercial use, attribution required)"
tourism,noun,tˈʊɹˌɪzəm,B1,cefr-j,"CEFR-J custom license (research/commercial use, attribution required)"
tournament,noun,tˈʊɹnəmənt,B1,cefr-j,"CEFR-J custom license (research/commercial use, attribution required)"
trace,noun,tɹˈeɪs,B1,cefr-j,"CEFR-J custom license (research/commercial use, attribution required)"
tracksuit,noun,,B1,cefr-j,"CEFR-J custom license (research/commercial use, attribution required)"
traditionally,adverb,tɹədˈɪʃənəli,B1,cefr-j,"CEFR-J custom license (research/commercial use, attribution required)"
traffic jam,noun,tɹˈæfɪk dʒˈæm,B1,cefr-j,"CEFR-J custom license (research/commercial use, attribution required)"
tragedy,noun,tɹˈædʒədi,B1,cefr-j,"CEFR-J custom license (research/commercial use, attribution required)"
tragic,adjective,tɹˈædʒɪk,B1,cefr-j,"CEFR-J custom license (research/commercial use, attribution required)"
trail,noun,tɹˈeɪl,B1,cefr-j,"CEFR-J custom license (research/commercial use, attribution required)"
transfer,verb,tɹænsfˈɝ,B1,cefr-j,"CEFR-J custom license (research/commercial use, attribution required)"
transform,verb,tɹænsfˈɔɹm,B1,cefr-j,"CEFR-J custom license (research/commercial use, attribution required)"
transformation,noun,tɹˌænsfɚmˈeɪʃən,B1,cefr-j,"CEFR-J custom license (research/commercial use, attribution required)"
transitional,adjective,tɹænsˈɪʃənəl,B1,cefr-j,"CEFR-J custom license (research/commercial use, attribution required)"
translate,verb,tɹænzlˈeɪt,B1,cefr-j,"CEFR-J custom license (research/commercial use, attribution required)"
transport,noun,tɹænspˈɔɹt,B1,cefr-j,"CEFR-J custom license (research/commercial use, attribution required)"
transportation,noun,tɹˌænspɚtˈeɪʃən,B1,cefr-j,"CEFR-J custom license (research/commercial use, attribution required)"
trash,noun,tɹˈæʃ,B1,cefr-j,"CEFR-J custom license (research/commercial use, attribution required)"
travel agent,noun,tɹˈævəl ˈeɪdʒənt,B1,cefr-j,"CEFR-J custom license (research/commercial use, attribution required)"
treat,noun,tɹˈit,B1,cefr-j,"CEFR-J custom license (research/commercial use, attribution required)"
treatment,noun,tɹˈitmənt,B1,cefr-j,"CEFR-J custom license (research/commercial use, attribution required)"
tremble,verb,tɹˈɛmbəl,B1,cefr-j,"CEFR-J custom license (research/commercial use, attribution required)"
tremendous,adjective,tɹəmˈɛndəs,B1,cefr-j,"CEFR-J custom license (research/commercial use, attribution required)"
trend,noun,tɹˈɛnd,B1,cefr-j,"CEFR-J custom license (research/commercial use, attribution required)"
trigger,noun,tɹˈɪgɚ,B1,cefr-j,"CEFR-J custom license (research/commercial use, attribution required)"
trim,noun,tɹˈɪm,B1,cefr-j,"CEFR-J custom license (research/commercial use, attribution required)"
triumph,noun,tɹˈaɪəmf,B1,cefr-j,"CEFR-J custom license (research/commercial use, attribution required)"
tropical,adjective,tɹˈɑpɪkəl,B1,cefr-j,"CEFR-J custom license (research/commercial use, attribution required)"
trouble,verb,tɹˈʌbəl,B1,cefr-j,"CEFR-J custom license (research/commercial use, attribution required)"
trumpet,noun,tɹˈʌmpət,B1,cefr-j,"CEFR-J custom license (research/commercial use, attribution required)"
trustworthy,adjective,tɹˈʌstwˌɝði,B1,cefr-j,"CEFR-J custom license (research/commercial use, attribution required)"
tumble,verb,tˈʌmbəl,B1,cefr-j,"CEFR-J custom license (research/commercial use, attribution required)"
tuna,noun,tˈunə,B1,cefr-j,"CEFR-J custom license (research/commercial use, attribution required)"
turbulence,noun,tˈɝbjələns,B1,cefr-j,"CEFR-J custom license (research/commercial use, attribution required)"
turning,noun,tˈɝnɪŋ,B1,cefr-j,"CEFR-J custom license (research/commercial use, attribution required)"
turtle,noun,tˈɝtəl,B1,cefr-j,"CEFR-J custom license (research/commercial use, attribution required)"
twin,noun,twˈɪn,B1,cefr-j,"CEFR-J custom license (research/commercial use, attribution required)"
twist,noun,twˈɪst,B1,cefr-j,"CEFR-J custom license (research/commercial use, attribution required)"
twist,verb,twˈɪst,B1,cefr-j,"CEFR-J custom license (research/commercial use, attribution required)"
type,verb,tˈaɪp,B1,cefr-j,"CEFR-J custom license (research/commercial use, attribution required)"
typical,adjective,tˈɪpəkəl,B1,cefr-j,"CEFR-J custom license (research/commercial use, attribution required)"
typically,adverb,tˈɪpɪkli,B1,cefr-j,"CEFR-J custom license (research/commercial use, attribution required)"
unable,adjective,ənˈeɪbəl,B1,cefr-j,"CEFR-J custom license (research/commercial use, attribution required)"
unafraid,adjective,ˌʌnəfɹˈeɪd,B1,cefr-j,"CEFR-J custom license (research/commercial use, attribution required)"
unbelievable,adjective,ˌʌnbəlˈivəbəl,B1,cefr-j,"CEFR-J custom license (research/commercial use, attribution required)"
uncertainty,noun,ənsˈɝtənti,B1,cefr-j,"CEFR-J custom license (research/commercial use, attribution required)"
unclear,adjective,ənklˈɪɹ,B1,cefr-j,"CEFR-J custom license (research/commercial use, attribution required)"
uncontrollable,adjective,ˌʌnkəntɹˈoʊləbəl,B1,cefr-j,"CEFR-J custom license (research/commercial use, attribution required)"
uncover,verb,ənkˈʌvɚ,B1,cefr-j,"CEFR-J custom license (research/commercial use, attribution required)"
underage,adjective,ˈʌndɚɪdʒ,B1,cefr-j,"CEFR-J custom license (research/commercial use, attribution required)"
undergo,verb,ˌʌndɚgˈoʊ,B1,cefr-j,"CEFR-J custom license (research/commercial use, attribution required)"
underline,verb,ˈʌndɚlˌaɪn,B1,cefr-j,"CEFR-J custom license (research/commercial use, attribution required)"
underneath,preposition,ˌʌndɚnˈiθ,B1,cefr-j,"CEFR-J custom license (research/commercial use, attribution required)"
underpants,noun,ˈʌndɚpˌænts,B1,cefr-j,"CEFR-J custom license (research/commercial use, attribution required)"
undo,verb,əndˈu,B1,cefr-j,"CEFR-J custom license (research/commercial use, attribution required)"
undress,verb,əndɹˈɛs,B1,cefr-j,"CEFR-J custom license (research/commercial use, attribution required)"
unemployed,adjective,ˌʌnɛmplˈɔɪd,B1,cefr-j,"CEFR-J custom license (research/commercial use, attribution required)"
unemployment,noun,ˌʌnɪmplˈɔɪmənt,B1,cefr-j,"CEFR-J custom license (research/commercial use, attribution required)"
unexpected,adjective,ˌʌnɪkspˈɛktɪd,B1,cefr-j,"CEFR-J custom license (research/commercial use, attribution required)"
unexpectedly,adverb,ˌʌnɪkspˈɛktɪdli,B1,cefr-j,"CEFR-J custom license (research/commercial use, attribution required)"
unfairly,adverb,ənfˈɛɹli,B1,cefr-j,"CEFR-J custom license (research/commercial use, attribution required)"
unfit,adjective,ənfˈɪt,B1,cefr-j,"CEFR-J custom license (research/commercial use, attribution required)"
unfold,verb,ənfˈoʊld,B1,cefr-j,"CEFR-J custom license (research/commercial use, attribution required)"
unfortunate,adjective,ənfˈɔɹtʃənət,B1,cefr-j,"CEFR-J custom license (research/commercial use, attribution required)"
unfriendly,adjective,ənfɹˈɛndli,B1,cefr-j,"CEFR-J custom license (research/commercial use, attribution required)"
unheard,adjective,ənhˈɝd,B1,cefr-j,"CEFR-J custom license (research/commercial use, attribution required)"
unify,verb,jˈunəfˌaɪ,B1,cefr-j,"CEFR-J custom license (research/commercial use, attribution required)"
uninterested,adjective,ənˈɪntɹəstɪd,B1,cefr-j,"CEFR-J custom license (research/commercial use, attribution required)"
uninteresting,adjective,ənˈɪntɹəstɪŋ,B1,cefr-j,"CEFR-J custom license (research/commercial use, attribution required)"
union,noun,jˈunjən,B1,cefr-j,"CEFR-J custom license (research/commercial use, attribution required)"
unique,adjective,junˈik,B1,cefr-j,"CEFR-J custom license (research/commercial use, attribution required)"
unite,verb,jˈunˌaɪt,B1,cefr-j,"CEFR-J custom license (research/commercial use, attribution required)"
universe,noun,jˈunəvˌɝs,B1,cefr-j,"CEFR-J custom license (research/commercial use, attribution required)"
unless,conjunction,ənlˈɛs,B1,cefr-j,"CEFR-J custom license (research/commercial use, attribution required)"
unlikely,adjective,ənlˈaɪkli,B1,cefr-j,"CEFR-J custom license (research/commercial use, attribution required)"
unlucky,adjective,ənlˈʌki,B1,cefr-j,"CEFR-J custom license (research/commercial use, attribution required)"
unpack,verb,ənpˈæk,B1,cefr-j,"CEFR-J custom license (research/commercial use, attribution required)"
unpredictable,adjective,ˌʌnpɹɪdˈɪktəbəl,B1,cefr-j,"CEFR-J custom license (research/commercial use, attribution required)"
unrelated,adjective,ˌʌnɹɪlˈeɪtɪd,B1,cefr-j,"CEFR-J custom license (research/commercial use, attribution required)"
untidy,adjective,əntˈaɪdi,B1,cefr-j,"CEFR-J custom license (research/commercial use, attribution required)"
until,conjunction,əntˈɪl,B1,cefr-j,"CEFR-J custom license (research/commercial use, attribution required)"
unusually,adverb,ənjˈuʒˌuəli,B1,cefr-j,"CEFR-J custom license (research/commercial use, attribution required)"
unwanted,adjective,ənwˈɔntɪd,B1,cefr-j,"CEFR-J custom license (research/commercial use, attribution required)"
unwell,adjective,ənwˈɛl,B1,cefr-j,"CEFR-J custom license (research/commercial use, attribution required)"
up-to-date,adjective,,B1,cefr-j,"CEFR-J custom license (research/commercial use, attribution required)"
update,verb,əpdˈeɪt,B1,cefr-j,"CEFR-J custom license (research/commercial use, attribution required)"
uplifted,adjective,ˈʌplɪftɪd,B1,cefr-j,"CEFR-J custom license (research/commercial use, attribution required)"
upload,verb,ˈʌplˌoʊd,B1,cefr-j,"CEFR-J custom license (research/commercial use, attribution required)"
upper,adjective,ˈʌpɚ,B1,cefr-j,"CEFR-J custom license (research/commercial use, attribution required)"
upstairs,adjective,əpstˈɛɹz,B1,cefr-j,"CEFR-J custom license (research/commercial use, attribution required)"
upstairs,noun,əpstˈɛɹz,B1,cefr-j,"CEFR-J custom license (research/commercial use, attribution required)"
upward,adjective,ˈʌpwɚd,B1,cefr-j,"CEFR-J custom license (research/commercial use, attribution required)"
urge,noun,ˈɝdʒ,B1,cefr-j,"CEFR-J custom license (research/commercial use, attribution required)"
urgent,adjective,ˈɝdʒənt,B1,cefr-j,"CEFR-J custom license (research/commercial use, attribution required)"
usage,noun,jˈusədʒ,B1,cefr-j,"CEFR-J custom license (research/commercial use, attribution required)"
used to,modal auxiliary,jˈuzd tˈu,B1,cefr-j,"CEFR-J custom license (research/commercial use, attribution required)"
useless,adjective,jˈusləs,B1,cefr-j,"CEFR-J custom license (research/commercial use, attribution required)"
vacancy,noun,vˈeɪkənsi,B1,cefr-j,"CEFR-J custom license (research/commercial use, attribution required)"
vague,adjective,vˈeɪg,B1,cefr-j,"CEFR-J custom license (research/commercial use, attribution required)"
vain,adjective,vˈeɪn,B1,cefr-j,"CEFR-J custom license (research/commercial use, attribution required)"
valuable,adjective,vˈæljəbəl,B1,cefr-j,"CEFR-J custom license (research/commercial use, attribution required)"
van,noun,vˈæn,B1,cefr-j,"CEFR-J custom license (research/commercial use, attribution required)"
variety,noun,vɚˈaɪəti,B1,cefr-j,"CEFR-J custom license (research/commercial use, attribution required)"
various,adjective,vˈɛɹiəs,B1,cefr-j,"CEFR-J custom license (research/commercial use, attribution required)"
vary,verb,vˈɛɹi,B1,cefr-j,"CEFR-J custom license (research/commercial use, attribution required)"
vast,adjective,vˈæst,B1,cefr-j,"CEFR-J custom license (research/commercial use, attribution required)"
vegetarian,adjective,vˌɛdʒətˈɛɹˌiən,B1,cefr-j,"CEFR-J custom license (research/commercial use, attribution required)"
vegetarian,noun,vˌɛdʒətˈɛɹˌiən,B1,cefr-j,"CEFR-J custom license (research/commercial use, attribution required)"
vehicle,noun,vˈihɪkəl,B1,cefr-j,"CEFR-J custom license (research/commercial use, attribution required)"
vein,noun,vˈeɪn,B1,cefr-j,"CEFR-J custom license (research/commercial use, attribution required)"
vessel,noun,vˈɛsəl,B1,cefr-j,"CEFR-J custom license (research/commercial use, attribution required)"
vet,noun,vˈɛt,B1,cefr-j,"CEFR-J custom license (research/commercial use, attribution required)"
via,preposition,vˈaɪə,B1,cefr-j,"CEFR-J custom license (research/commercial use, attribution required)"
vice,adjective,vˈaɪs,B1,cefr-j,"CEFR-J custom license (research/commercial use, attribution required)"
vice president,noun,vˈaɪs pɹˈɛzədˌɛnt,B1,cefr-j,"CEFR-J custom license (research/commercial use, attribution required)"
victim,noun,vˈɪktəm,B1,cefr-j,"CEFR-J custom license (research/commercial use, attribution required)"
victory,noun,vˈɪktɚi,B1,cefr-j,"CEFR-J custom license (research/commercial use, attribution required)"
video clip,noun,vˈɪdioʊ klˈɪp,B1,cefr-j,"CEFR-J custom license (research/commercial use, attribution required)"
view,verb,vjˈu,B1,cefr-j,"CEFR-J custom license (research/commercial use, attribution required)"
viewpoint,noun,vjˈupˌɔɪnt,B1,cefr-j,"CEFR-J custom license (research/commercial use, attribution required)"
violence,noun,vˈaɪələns,B1,cefr-j,"CEFR-J custom license (research/commercial use, attribution required)"
violently,adverb,vˈaɪələntli,B1,cefr-j,"CEFR-J custom license (research/commercial use, attribution required)"
virtual,adjective,vˈɝtʃuəl,B1,cefr-j,"CEFR-J custom license (research/commercial use, attribution required)"
virus,noun,vˈaɪɹəs,B1,cefr-j,"CEFR-J custom license (research/commercial use, attribution required)"
visa,noun,vˈizə,B1,cefr-j,"CEFR-J custom license (research/commercial use, attribution required)"
visible,adjective,vˈɪzəbəl,B1,cefr-j,"CEFR-J custom license (research/commercial use, attribution required)"
vision,noun,vˈɪʒən,B1,cefr-j,"CEFR-J custom license (research/commercial use, attribution required)"
visual,adjective,vˈɪʒəwəl,B1,cefr-j,"CEFR-J custom license (research/commercial use, attribution required)"
visually,adverb,vˈɪʒwəli,B1,cefr-j,"CEFR-J custom license (research/commercial use, attribution required)"
vivid,adjective,vˈɪvəd,B1,cefr-j,"CEFR-J custom license (research/commercial use, attribution required)"
vividly,adverb,vˈɪvədli,B1,cefr-j,"CEFR-J custom license (research/commercial use, attribution required)"
volcano,noun,vɑlkˈeɪnoʊ,B1,cefr-j,"CEFR-J custom license (research/commercial use, attribution required)"
volume,noun,vˈɑljum,B1,cefr-j,"CEFR-J custom license (research/commercial use, attribution required)"
volunteer,verb,vˌɑləntˈɪɹ,B1,cefr-j,"CEFR-J custom license (research/commercial use, attribution required)"
vote,verb,vˈoʊt,B1,cefr-j,"CEFR-J custom license (research/commercial use, attribution required)"
vowel,noun,vˈaʊəl,B1,cefr-j,"CEFR-J custom license (research/commercial use, attribution required)"
voyage,noun,vˈɔɪədʒ,B1,cefr-j,"CEFR-J custom license (research/commercial use, attribution required)"
wagon,noun,wˈægən,B1,cefr-j,"CEFR-J custom license (research/commercial use, attribution required)"
wake,verb,wˈeɪk,B1,cefr-j,"CEFR-J custom license (research/commercial use, attribution required)"
ward,noun,wˈɔɹd,B1,cefr-j,"CEFR-J custom license (research/commercial use, attribution required)"
wardrobe,noun,wˈɔɹdɹˌoʊb,B1,cefr-j,"CEFR-J custom license (research/commercial use, attribution required)"
warm,verb,wˈɔɹm,B1,cefr-j,"CEFR-J custom license (research/commercial use, attribution required)"
warmly,adverb,wˈɔɹmli,B1,cefr-j,"CEFR-J custom license (research/commercial use, attribution required)"
warmth,noun,wˈɔɹmθ,B1,cefr-j,"CEFR-J custom license (research/commercial use, attribution required)"
warn,verb,wˈɔɹn,B1,cefr-j,"CEFR-J custom license (research/commercial use, attribution required)"
warning,noun,wˈɔɹnɪŋ,B1,cefr-j,"CEFR-J custom license (research/commercial use, attribution required)"
warranty,noun,wˈɔɹənti,B1,cefr-j,"CEFR-J custom license (research/commercial use, attribution required)"
warrior,noun,wˈɔɹiɚ,B1,cefr-j,"CEFR-J custom license (research/commercial use, attribution required)"
washbowl,noun,,B1,cefr-j,"CEFR-J custom license (research/commercial use, attribution required)"
waste,adjective,wˈeɪst,B1,cefr-j,"CEFR-J custom license (research/commercial use, attribution required)"
waste,noun,wˈeɪst,B1,cefr-j,"CEFR-J custom license (research/commercial use, attribution required)"
waste,verb,wˈeɪst,B1,cefr-j,"CEFR-J custom license (research/commercial use, attribution required)"
wasteful,adjective,wˈeɪstfəl,B1,cefr-j,"CEFR-J custom license (research/commercial use, attribution required)"
waterfall,noun,wˈɔtɚfˌɔl,B1,cefr-j,"CEFR-J custom license (research/commercial use, attribution required)"
wave,verb,wˈeɪv,B1,cefr-j,"CEFR-J custom license (research/commercial use, attribution required)"
wax,noun,wˈæks,B1,cefr-j,"CEFR-J custom license (research/commercial use, attribution required)"
wax,verb,wˈæks,B1,cefr-j,"CEFR-J custom license (research/commercial use, attribution required)"
weakness,noun,wˈiknəs,B1,cefr-j,"CEFR-J custom license (research/commercial use, attribution required)"
weapon,noun,wˈɛpən,B1,cefr-j,"CEFR-J custom license (research/commercial use, attribution required)"
weather forecast,noun,wˈɛðɚ fˈɔɹkˌæst,B1,cefr-j,"CEFR-J custom license (research/commercial use, attribution required)"
webcam,noun,,B1,cefr-j,"CEFR-J custom license (research/commercial use, attribution required)"
weird,adjective,wˈɪɹd,B1,cefr-j,"CEFR-J custom license (research/commercial use, attribution required)"
welcome,adjective,wˈɛlkəm,B1,cefr-j,"CEFR-J custom license (research/commercial use, attribution required)"
well-dressed,adjective,,B1,cefr-j,"CEFR-J custom license (research/commercial use, attribution required)"
westward,adverb,wˈɛstwɚd,B1,cefr-j,"CEFR-J custom license (research/commercial use, attribution required)"
wetland,noun,wˈɛtlˌænd,B1,cefr-j,"CEFR-J custom license (research/commercial use, attribution required)"
whale,noun,wˈeɪl,B1,cefr-j,"CEFR-J custom license (research/commercial use, attribution required)"
whatever,pronoun,wˌʌtˈɛvɚ,B1,cefr-j,"CEFR-J custom license (research/commercial use, attribution required)"
whenever,adverb,wɛnˈɛvɚ,B1,cefr-j,"CEFR-J custom license (research/commercial use, attribution required)"
whenever,conjunction,wɛnˈɛvɚ,B1,cefr-j,"CEFR-J custom license (research/commercial use, attribution required)"
wherever,conjunction,wɛɹˈɛvɚ,B1,cefr-j,"CEFR-J custom license (research/commercial use, attribution required)"
whether,conjunction,wˈɛðɚ,B1,cefr-j,"CEFR-J custom license (research/commercial use, attribution required)"
whichever,determiner,wɪtʃˈɛvɚ,B1,cefr-j,"CEFR-J custom license (research/commercial use, attribution required)"
while,noun,wˈaɪl,B1,cefr-j,"CEFR-J custom license (research/commercial use, attribution required)"
whisper,noun,wˈɪspɚ,B1,cefr-j,"CEFR-J custom license (research/commercial use, attribution required)"
whistle,noun,wˈɪsəl,B1,cefr-j,"CEFR-J custom license (research/commercial use, attribution required)"
whoever,pronoun,huˈɛvɚ,B1,cefr-j,"CEFR-J custom license (research/commercial use, attribution required)"
whole,noun,hˈoʊl,B1,cefr-j,"CEFR-J custom license (research/commercial use, attribution required)"
widespread,adjective,wˈaɪdspɹˈɛd,B1,cefr-j,"CEFR-J custom license (research/commercial use, attribution required)"
wildlife,noun,wˈaɪldlˌaɪf,B1,cefr-j,"CEFR-J custom license (research/commercial use, attribution required)"
wildly,adverb,wˈaɪldli,B1,cefr-j,"CEFR-J custom license (research/commercial use, attribution required)"
willingness,noun,wˈɪlɪŋnəs,B1,cefr-j,"CEFR-J custom license (research/commercial use, attribution required)"
windscreen,noun,,B1,cefr-j,"CEFR-J custom license (research/commercial use, attribution required)"
windsurfing,noun,,B1,cefr-j,"CEFR-J custom license (research/commercial use, attribution required)"
wing,noun,wˈɪŋ,B1,cefr-j,"CEFR-J custom license (research/commercial use, attribution required)"
wire,noun,wˈaɪɚ,B1,cefr-j,"CEFR-J custom license (research/commercial use, attribution required)"
wither,verb,wˈɪðɚ,B1,cefr-j,"CEFR-J custom license (research/commercial use, attribution required)"
witness,verb,wˈɪtnəs,B1,cefr-j,"CEFR-J custom license (research/commercial use, attribution required)"
wizard,adjective,wˈɪzɚd,B1,cefr-j,"CEFR-J custom license (research/commercial use, attribution required)"
wonder,noun,wˈʌndɚ,B1,cefr-j,"CEFR-J custom license (research/commercial use, attribution required)"
working,adjective,wˈɝkɪŋ,B1,cefr-j,"CEFR-J custom license (research/commercial use, attribution required)"
workout,noun,wˈɝkˌaʊt,B1,cefr-j,"CEFR-J custom license (research/commercial use, attribution required)"
workplace,noun,wˈɝkplˌeɪs,B1,cefr-j,"CEFR-J custom license (research/commercial use, attribution required)"
workshop,noun,wˈɝkʃˌɑp,B1,cefr-j,"CEFR-J custom license (research/commercial use, attribution required)"
worn,adjective,wˈɔɹn,B1,cefr-j,"CEFR-J custom license (research/commercial use, attribution required)"
worst,noun,wˈɝst,B1,cefr-j,"CEFR-J custom license (research/commercial use, attribution required)"
worth,adjective,wˈɝθ,B1,cefr-j,"CEFR-J custom license (research/commercial use, attribution required)"
worthwhile,adjective,wˈɝθwˈaɪl,B1,cefr-j,"CEFR-J custom license (research/commercial use, attribution required)"
worthy,adjective,wˈɝði,B1,cefr-j,"CEFR-J custom license (research/commercial use, attribution required)"
wound,noun,wˈaʊnd,B1,cefr-j,"CEFR-J custom license (research/commercial use, attribution required)"
wrap,noun,ɹˈæp,B1,cefr-j,"CEFR-J custom license (research/commercial use, attribution required)"
wrap,verb,ɹˈæp,B1,cefr-j,"CEFR-J custom license (research/commercial use, attribution required)"
wrapping,noun,ɹˈæpɪŋ,B1,cefr-j,"CEFR-J custom license (research/commercial use, attribution required)"
wrist,noun,ɹˈɪst,B1,cefr-j,"CEFR-J custom license (research/commercial use, attribution required)"
wristwatch,noun,ɹˈɪstwˌɑtʃ,B1,cefr-j,"CEFR-J custom license (research/commercial use, attribution required)"
written,adjective,ɹˈɪtən,B1,cefr-j,"CEFR-J custom license (research/commercial use, attribution required)"
yell,noun,jˈɛl,B1,cefr-j,"CEFR-J custom license (research/commercial use, attribution required)"
yet,conjunction,jˈɛt,B1,cefr-j,"CEFR-J custom license (research/commercial use, attribution required)"
yoga,noun,jˈoʊgə,B1,cefr-j,"CEFR-J custom license (research/commercial use, attribution required)"
abandoned,adjective,əbˈændənd,B2,cefr-j,"CEFR-J custom license (research/commercial use, attribution required)"
abnormally,adverb,æbnˈɔɹməli,B2,cefr-j,"CEFR-J custom license (research/commercial use, attribution required)"
abolish,verb,əbˈɑlɪʃ,B2,cefr-j,"CEFR-J custom license (research/commercial use, attribution required)"
aboriginal,adjective,ˌæbɚˈɪdʒənəl,B2,cefr-j,"CEFR-J custom license (research/commercial use, attribution required)"
abruptly,adverb,əbɹˈʌptli,B2,cefr-j,"CEFR-J custom license (research/commercial use, attribution required)"
absentee,noun,ˌæbsəntˈi,B2,cefr-j,"CEFR-J custom license (research/commercial use, attribution required)"
absurd,adjective,əbsˈɝd,B2,cefr-j,"CEFR-J custom license (research/commercial use, attribution required)"
abuse,noun,əbjˈus,B2,cefr-j,"CEFR-J custom license (research/commercial use, attribution required)"
access,verb,ˈæksˌɛs,B2,cefr-j,"CEFR-J custom license (research/commercial use, attribution required)"
accessibility,noun,ˌæksɛsəbˈɪlɪti,B2,cefr-j,"CEFR-J custom license (research/commercial use, attribution required)"
accommodation,noun,əkˌɑmədˈeɪʃən,B2,cefr-j,"CEFR-J custom license (research/commercial use, attribution required)"
accordingly,adverb,əkˈɔɹdɪŋli,B2,cefr-j,"CEFR-J custom license (research/commercial use, attribution required)"
accumulate,verb,əkjˈumjəlˌeɪt,B2,cefr-j,"CEFR-J custom license (research/commercial use, attribution required)"
accusation,noun,ˌækjəzˈeɪʃən,B2,cefr-j,"CEFR-J custom license (research/commercial use, attribution required)"
ache,verb,ˈeɪk,B2,cefr-j,"CEFR-J custom license (research/commercial use, attribution required)"
achievable,adjective,ətʃˈivəbəl,B2,cefr-j,"CEFR-J custom license (research/commercial use, attribution required)"
acid,noun,ˈæsəd,B2,cefr-j,"CEFR-J custom license (research/commercial use, attribution required)"
acquisition,noun,ˌækwəzˈɪʃən,B2,cefr-j,"CEFR-J custom license (research/commercial use, attribution required)"
actively,adverb,ˈæktɪvli,B2,cefr-j,"CEFR-J custom license (research/commercial use, attribution required)"
actual,adjective,ˈæktʃəwəl,B2,cefr-j,"CEFR-J custom license (research/commercial use, attribution required)"
acute,adjective,əkjˈut,B2,cefr-j,"CEFR-J custom license (research/commercial use, attribution required)"
adaptable,adjective,ədˈæptəbəl,B2,cefr-j,"CEFR-J custom license (research/commercial use, attribution required)"
addict,noun,ədˈɪkt,B2,cefr-j,"CEFR-J custom license (research/commercial use, attribution required)"
addicted,adjective,ədˈɪktɪd,B2,cefr-j,"CEFR-J custom license (research/commercial use, attribution required)"
addiction,noun,ədˈɪkʃən,B2,cefr-j,"CEFR-J custom license (research/commercial use, attribution required)"
additionally,adverb,ədˈɪʃənˌʌli,B2,cefr-j,"CEFR-J custom license (research/commercial use, attribution required)"
adequate,adjective,ˈædəkwət,B2,cefr-j,"CEFR-J custom license (research/commercial use, attribution required)"
adequately,adverb,ˈædəkwətli,B2,cefr-j,"CEFR-J custom license (research/commercial use, attribution required)"
adjustment,noun,ədʒˈʌstmənt,B2,cefr-j,"CEFR-J custom license (research/commercial use, attribution required)"
administrative,adjective,ədmˈɪnəstɹˌeɪtɪv,B2,cefr-j,"CEFR-J custom license (research/commercial use, attribution required)"
admirable,adjective,ˈædmɚəbəl,B2,cefr-j,"CEFR-J custom license (research/commercial use, attribution required)"
admiringly,adverb,ædmˈaɪɹɪŋli,B2,cefr-j,"CEFR-J custom license (research/commercial use, attribution required)"
admittedly,adverb,ædmˈɪtɪdli,B2,cefr-j,"CEFR-J custom license (research/commercial use, attribution required)"
adopted,adjective,ədˈɑptɪd,B2,cefr-j,"CEFR-J custom license (research/commercial use, attribution required)"
adoption,noun,ədˈɑpʃən,B2,cefr-j,"CEFR-J custom license (research/commercial use, attribution required)"
adore,verb,ədˈɔɹ,B2,cefr-j,"CEFR-J custom license (research/commercial use, attribution required)"
adorn,verb,ədˈɔɹn,B2,cefr-j,"CEFR-J custom license (research/commercial use, attribution required)"
advance,noun,ədvˈæns,B2,cefr-j,"CEFR-J custom license (research/commercial use, attribution required)"
advancement,noun,ədvˈænsmənt,B2,cefr-j,"CEFR-J custom license (research/commercial use, attribution required)"
advent,noun,ˈædvˌɛnt,B2,cefr-j,"CEFR-J custom license (research/commercial use, attribution required)"
adventurous,adjective,ædvˈɛntʃɚəs,B2,cefr-j,"CEFR-J custom license (research/commercial use, attribution required)"
adverse,adjective,ædvˈɝs,B2,cefr-j,"CEFR-J custom license (research/commercial use, attribution required)"
adversely,adverb,ædvˈɝsli,B2,cefr-j,"CEFR-J custom license (research/commercial use, attribution required)"
adversity,noun,ædvˈɝsɪtˌi,B2,cefr-j,"CEFR-J custom license (research/commercial use, attribution required)"
affectionate,adjective,əfˈɛkʃənət,B2,cefr-j,"CEFR-J custom license (research/commercial use, attribution required)"
affectionately,adverb,əfˈɛkʃənətli,B2,cefr-j,"CEFR-J custom license (research/commercial use, attribution required)"
affordable,adjective,əfˈɔɹdəbəl,B2,cefr-j,"CEFR-J custom license (research/commercial use, attribution required)"
ageless,adjective,ˈeɪdʒləs,B2,cefr-j,"CEFR-J custom license (research/commercial use, attribution required)"
aggressively,adverb,əgɹˈɛsɪvli,B2,cefr-j,"CEFR-J custom license (research/commercial use, attribution required)"
agonize,verb,ˈægənˌaɪz,B2,cefr-j,"CEFR-J custom license (research/commercial use, attribution required)"
agony,noun,ˈægəni,B2,cefr-j,"CEFR-J custom license (research/commercial use, attribution required)"
aim,verb,ˈeɪm,B2,cefr-j,"CEFR-J custom license (research/commercial use, attribution required)"
aircraft,noun,ˈɛɹkɹˌæft,B2,cefr-j,"CEFR-J custom license (research/commercial use, attribution required)"
aircrew,noun,ˈɛɹkɹˌu,B2,cefr-j,"CEFR-J custom license (research/commercial use, attribution required)"
alcoholic,noun,ˌælkəhˈɑlɪk,B2,cefr-j,"CEFR-J custom license (research/commercial use, attribution required)"
alcoholism,noun,ˈælkəhˌɔlˌɪzəm,B2,cefr-j,"CEFR-J custom license (research/commercial use, attribution required)"
alert,verb,əlˈɝt,B2,cefr-j,"CEFR-J custom license (research/commercial use, attribution required)"
allegation,noun,ˌæləgˈeɪʃən,B2,cefr-j,"CEFR-J custom license (research/commercial use, attribution required)"
alliance,noun,əlˈaɪəns,B2,cefr-j,"CEFR-J custom license (research/commercial use, attribution required)"
ally,noun,ˈælaɪ,B2,cefr-j,"CEFR-J custom license (research/commercial use, attribution required)"
alongside,preposition,əlˈɔŋsˈaɪd,B2,cefr-j,"CEFR-J custom license (research/commercial use, attribution required)"
alphabetical,adjective,ˌælfəbˈɛtɪkəl,B2,cefr-j,"CEFR-J custom license (research/commercial use, attribution required)"
altar,noun,ˈɔltɚ,B2,cefr-j,"CEFR-J custom license (research/commercial use, attribution required)"
alter,verb,ˈɔltɚ,B2,cefr-j,"CEFR-J custom license (research/commercial use, attribution required)"
alternate,verb,ˈɔltɚnət,B2,cefr-j,"CEFR-J custom license (research/commercial use, attribution required)"
alternatively,adverb,ɔltˈɝnətɪvli,B2,cefr-j,"CEFR-J custom license (research/commercial use, attribution required)"
altitude,noun,ˈæltətˌud,B2,cefr-j,"CEFR-J custom license (research/commercial use, attribution required)"
aluminum,noun,əlˈumənəm,B2,cefr-j,"CEFR-J custom license (research/commercial use, attribution required)"
amaze,verb,əmˈeɪz,B2,cefr-j,"CEFR-J custom license (research/commercial use, attribution required)"
amazement,noun,əmˈeɪzmənt,B2,cefr-j,"CEFR-J custom license (research/commercial use, attribution required)"
amazingly,adverb,əmˈeɪzɪŋli,B2,cefr-j,"CEFR-J custom license (research/commercial use, attribution required)"
ambassador,noun,æmbˈæsədɚ,B2,cefr-j,"CEFR-J custom license (research/commercial use, attribution required)"
ambiguity,noun,ˌæmbɪgjˈuəti,B2,cefr-j,"CEFR-J custom license (research/commercial use, attribution required)"
ambiguous,adjective,æmbˈɪgjuəs,B2,cefr-j,"CEFR-J custom license (research/commercial use, attribution required)"
ammonia,noun,əmˈoʊnjə,B2,cefr-j,"CEFR-J custom license (research/commercial use, attribution required)"
amongst,preposition,əmˈʌŋst,B2,cefr-j,"CEFR-J custom license (research/commercial use, attribution required)"
ample,adjective,ˈæmpəl,B2,cefr-j,"CEFR-J custom license (research/commercial use, attribution required)"
amplifier,noun,ˈæmpləfˌaɪɚ,B2,cefr-j,"CEFR-J custom license (research/commercial use, attribution required)"
amplify,verb,ˈæmpləfˌaɪ,B2,cefr-j,"CEFR-J custom license (research/commercial use, attribution required)"
amuse,verb,əmjˈuz,B2,cefr-j,"CEFR-J custom license (research/commercial use, attribution required)"
analogy,noun,ənˈælədʒi,B2,cefr-j,"CEFR-J custom license (research/commercial use, attribution required)"
analyst,noun,ˈænəlɪst,B2,cefr-j,"CEFR-J custom license (research/commercial use, attribution required)"
anchor,noun,ˈæŋkɚ,B2,cefr-j,"CEFR-J custom license (research/commercial use, attribution required)"
anchorage,noun,ˈæŋkɚədʒ,B2,cefr-j,"CEFR-J custom license (research/commercial use, attribution required)"
anchorman,noun,ˈæŋkɚmˌæn,B2,cefr-j,"CEFR-J custom license (research/commercial use, attribution required)"
anchorperson,noun,,B2,cefr-j,"CEFR-J custom license (research/commercial use, attribution required)"
anguish,noun,ˈæŋgwɪʃ,B2,cefr-j,"CEFR-J custom license (research/commercial use, attribution required)"
animate,verb,ˈænəmət,B2,cefr-j,"CEFR-J custom license (research/commercial use, attribution required)"
anonymous,adjective,ənˈɑnəməs,B2,cefr-j,"CEFR-J custom license (research/commercial use, attribution required)"
antiaircraft,adjective,ˌæntiˈɛɹkɹˌæft,B2,cefr-j,"CEFR-J custom license (research/commercial use, attribution required)"
antibacterial,adjective,ˌæntibæktˈɪɹiəl,B2,cefr-j,"CEFR-J custom license (research/commercial use, attribution required)"
anticancer,noun,ˌæntˌaɪkˈænsɚ,B2,cefr-j,"CEFR-J custom license (research/commercial use, attribution required)"
anticipate,verb,æntˈɪsəpˌeɪt,B2,cefr-j,"CEFR-J custom license (research/commercial use, attribution required)"
anticipation,noun,æntˌɪsəpˈeɪʃən,B2,cefr-j,"CEFR-J custom license (research/commercial use, attribution required)"
antipollution,noun,,B2,cefr-j,"CEFR-J custom license (research/commercial use, attribution required)"
antique,adjective,æntˈik,B2,cefr-j,"CEFR-J custom license (research/commercial use, attribution required)"
antistatic,adjective,,B2,cefr-j,"CEFR-J custom license (research/commercial use, attribution required)"
antivirus,noun,ˌæntivˈaɪɹəs,B2,cefr-j,"CEFR-J custom license (research/commercial use, attribution required)"
apostrophe,noun,əpˈɑstɹəfˌi,B2,cefr-j,"CEFR-J custom license (research/commercial use, attribution required)"
appeal,verb,əpˈil,B2,cefr-j,"CEFR-J custom license (research/commercial use, attribution required)"
applicant,noun,ˈæplɪkənt,B2,cefr-j,"CEFR-J custom license (research/commercial use, attribution required)"
appreciative,adjective,əpɹˈiʃiˌeɪtɪv,B2,cefr-j,"CEFR-J custom license (research/commercial use, attribution required)"
approach,verb,əpɹˈoʊtʃ,B2,cefr-j,"CEFR-J custom license (research/commercial use, attribution required)"
appropriately,adverb,əpɹˈoʊpɹiɪtli,B2,cefr-j,"CEFR-J custom license (research/commercial use, attribution required)"
approximate,adjective,əpɹˈɑksəmət,B2,cefr-j,"CEFR-J custom license (research/commercial use, attribution required)"
arch,noun,ˈɑɹtʃ,B2,cefr-j,"CEFR-J custom license (research/commercial use, attribution required)"
archaeologist,noun,ˌɑɹkiˈɑlədʒɪst,B2,cefr-j,"CEFR-J custom license (research/commercial use, attribution required)"
arctic,adjective,ˈɑɹktɪk,B2,cefr-j,"CEFR-J custom license (research/commercial use, attribution required)"
arena,noun,ɚˈinə,B2,cefr-j,"CEFR-J custom license (research/commercial use, attribution required)"
aristocracy,noun,ˌɛɹəstˈɑkɹəsi,B2,cefr-j,"CEFR-J custom license (research/commercial use, attribution required)"
armful,noun,,B2,cefr-j,"CEFR-J custom license (research/commercial use, attribution required)"
arouse,verb,ɚˈaʊz,B2,cefr-j,"CEFR-J custom license (research/commercial use, attribution required)"
arrogant,adjective,ˈɛɹəgənt,B2,cefr-j,"CEFR-J custom license (research/commercial use, attribution required)"
artery,noun,ˈɑɹtɚi,B2,cefr-j,"CEFR-J custom license (research/commercial use, attribution required)"
articulate,verb,ɑɹtˈɪkjəlˌeɪt,B2,cefr-j,"CEFR-J custom license (research/commercial use, attribution required)"
artificially,adverb,ˌɑɹtəfˈɪʃəli,B2,cefr-j,"CEFR-J custom license (research/commercial use, attribution required)"
artistry,noun,ˈɑɹtɪstɹi,B2,cefr-j,"CEFR-J custom license (research/commercial use, attribution required)"
ash,noun,ˈæʃ,B2,cefr-j,"CEFR-J custom license (research/commercial use, attribution required)"
aspiration,noun,ˌæspɚˈeɪʃən,B2,cefr-j,"CEFR-J custom license (research/commercial use, attribution required)"
aspire,verb,əspˈaɪɹ,B2,cefr-j,"CEFR-J custom license (research/commercial use, attribution required)"
assault,noun,əsˈɔlt,B2,cefr-j,"CEFR-J custom license (research/commercial use, attribution required)"
assemble,verb,əsˈɛmbəl,B2,cefr-j,"CEFR-J custom license (research/commercial use, attribution required)"
assembly,noun,əsˈɛmbli,B2,cefr-j,"CEFR-J custom license (research/commercial use, attribution required)"
assert,verb,əsˈɝt,B2,cefr-j,"CEFR-J custom license (research/commercial use, attribution required)"
assess,verb,əsˈɛs,B2,cefr-j,"CEFR-J custom license (research/commercial use, attribution required)"
assessment,noun,əsˈɛsmənt,B2,cefr-j,"CEFR-J custom license (research/commercial use, attribution required)"
assumption,noun,əsˈʌmpʃən,B2,cefr-j,"CEFR-J custom license (research/commercial use, attribution required)"
assurance,noun,əʃˈʊɹəns,B2,cefr-j,"CEFR-J custom license (research/commercial use, attribution required)"
assure,verb,əʃˈʊɹ,B2,cefr-j,"CEFR-J custom license (research/commercial use, attribution required)"
astonish,verb,əstˈɑnɪʃ,B2,cefr-j,"CEFR-J custom license (research/commercial use, attribution required)"
astonished,adjective,əstˈɑnɪʃt,B2,cefr-j,"CEFR-J custom license (research/commercial use, attribution required)"
astonishing,adjective,əstˈɑnɪʃɪŋ,B2,cefr-j,"CEFR-J custom license (research/commercial use, attribution required)"
astonishment,noun,əstˈɑnɪʃmənt,B2,cefr-j,"CEFR-J custom license (research/commercial use, attribution required)"
astronomy,noun,əstɹˈɑnəmi,B2,cefr-j,"CEFR-J custom license (research/commercial use, attribution required)"
athletics,noun,æθlˈɛtɪks,B2,cefr-j,"CEFR-J custom license (research/commercial use, attribution required)"
attached,adjective,ətˈætʃt,B2,cefr-j,"CEFR-J custom license (research/commercial use, attribution required)"
attainable,adjective,ətˈeɪnəbəl,B2,cefr-j,"CEFR-J custom license (research/commercial use, attribution required)"
attainment,noun,ətˈeɪnmənt,B2,cefr-j,"CEFR-J custom license (research/commercial use, attribution required)"
attendance,noun,ətˈɛndəns,B2,cefr-j,"CEFR-J custom license (research/commercial use, attribution required)"
attentive,adjective,ətˈɛntɪv,B2,cefr-j,"CEFR-J custom license (research/commercial use, attribution required)"
attentively,adverb,ətˈɛntɪvli,B2,cefr-j,"CEFR-J custom license (research/commercial use, attribution required)"
attractiveness,noun,ətɹˈæktɪvnəs,B2,cefr-j,"CEFR-J custom license (research/commercial use, attribution required)"
attribute,noun,ˈætɹəbjˌut,B2,cefr-j,"CEFR-J custom license (research/commercial use, attribution required)"
attribute,verb,ˈætɹəbjˌut,B2,cefr-j,"CEFR-J custom license (research/commercial use, attribution required)"
atypical,adjective,ˌeɪtˈɪpɪkəl,B2,cefr-j,"CEFR-J custom license (research/commercial use, attribution required)"
aubergine,noun,ˈɔbɚdʒˌin,B2,cefr-j,"CEFR-J custom license (research/commercial use, attribution required)"
audit,noun,ˈɔdɪt,B2,cefr-j,"CEFR-J custom license (research/commercial use, attribution required)"
audition,noun,ɑdˈɪʃən,B2,cefr-j,"CEFR-J custom license (research/commercial use, attribution required)"
authoritative,adjective,əθˈɔɹətˌeɪtɪv,B2,cefr-j,"CEFR-J custom license (research/commercial use, attribution required)"
authorize,verb,ˈɔθɚˌaɪz,B2,cefr-j,"CEFR-J custom license (research/commercial use, attribution required)"
availability,noun,əvˌeɪləbˈɪləti,B2,cefr-j,"CEFR-J custom license (research/commercial use, attribution required)"
await,verb,əwˈeɪt,B2,cefr-j,"CEFR-J custom license (research/commercial use, attribution required)"
awe,noun,ˈɑ,B2,cefr-j,"CEFR-J custom license (research/commercial use, attribution required)"
ax,noun,ˈæks,B2,cefr-j,"CEFR-J custom license (research/commercial use, attribution required)"
axis,noun,ˈæksəs,B2,cefr-j,"CEFR-J custom license (research/commercial use, attribution required)"
backup,noun,bˈækˌʌp,B2,cefr-j,"CEFR-J custom license (research/commercial use, attribution required)"
backward,adverb,bˈækwɚd,B2,cefr-j,"CEFR-J custom license (research/commercial use, attribution required)"
backyard,noun,bˈækjˌɑɹd,B2,cefr-j,"CEFR-J custom license (research/commercial use, attribution required)"
bad-tempered,adjective,,B2,cefr-j,"CEFR-J custom license (research/commercial use, attribution required)"
badge,noun,bˈædʒ,B2,cefr-j,"CEFR-J custom license (research/commercial use, attribution required)"
balance,verb,bˈæləns,B2,cefr-j,"CEFR-J custom license (research/commercial use, attribution required)"
balanced,adjective,bˈælənst,B2,cefr-j,"CEFR-J custom license (research/commercial use, attribution required)"
balky,adjective,bˈɔki,B2,cefr-j,"CEFR-J custom license (research/commercial use, attribution required)"
ballad,noun,bˈæləd,B2,cefr-j,"CEFR-J custom license (research/commercial use, attribution required)"
ballet,noun,bælˈeɪ,B2,cefr-j,"CEFR-J custom license (research/commercial use, attribution required)"
ballot,noun,bˈælət,B2,cefr-j,"CEFR-J custom license (research/commercial use, attribution required)"
ban,noun,bˈæn,B2,cefr-j,"CEFR-J custom license (research/commercial use, attribution required)"
ban,verb,bˈæn,B2,cefr-j,"CEFR-J custom license (research/commercial use, attribution required)"
banker,noun,bˈæŋkɚ,B2,cefr-j,"CEFR-J custom license (research/commercial use, attribution required)"
bankrupt,verb,bˈæŋkɹəpt,B2,cefr-j,"CEFR-J custom license (research/commercial use, attribution required)"
bankruptcy,noun,bˈæŋkɹəpsi,B2,cefr-j,"CEFR-J custom license (research/commercial use, attribution required)"
barbershop,noun,bˈɑɹbɚʃˌɑp,B2,cefr-j,"CEFR-J custom license (research/commercial use, attribution required)"
bare,verb,bˈɛɹ,B2,cefr-j,"CEFR-J custom license (research/commercial use, attribution required)"
bargain,verb,bˈɑɹgən,B2,cefr-j,"CEFR-J custom license (research/commercial use, attribution required)"
bark,verb,bˈɑɹk,B2,cefr-j,"CEFR-J custom license (research/commercial use, attribution required)"
barley,noun,bˈɑɹli,B2,cefr-j,"CEFR-J custom license (research/commercial use, attribution required)"
barn,noun,bˈɑɹn,B2,cefr-j,"CEFR-J custom license (research/commercial use, attribution required)"
barometer,noun,bɚˈɑmɪtɚ,B2,cefr-j,"CEFR-J custom license (research/commercial use, attribution required)"
barren,adjective,bˈæɹən,B2,cefr-j,"CEFR-J custom license (research/commercial use, attribution required)"
barrier,noun,bˈæɹiɚ,B2,cefr-j,"CEFR-J custom license (research/commercial use, attribution required)"
bartender,noun,bˈɑɹtˌɛndɚ,B2,cefr-j,"CEFR-J custom license (research/commercial use, attribution required)"
bathhouse,noun,,B2,cefr-j,"CEFR-J custom license (research/commercial use, attribution required)"
battlefield,noun,bˈætəlfˌild,B2,cefr-j,"CEFR-J custom license (research/commercial use, attribution required)"
beagle,noun,bˈigəl,B2,cefr-j,"CEFR-J custom license (research/commercial use, attribution required)"
beak,noun,bˈik,B2,cefr-j,"CEFR-J custom license (research/commercial use, attribution required)"
beam,noun,bˈim,B2,cefr-j,"CEFR-J custom license (research/commercial use, attribution required)"
bearing,noun,bˈɛɹɪŋ,B2,cefr-j,"CEFR-J custom license (research/commercial use, attribution required)"
beat,noun,bˈit,B2,cefr-j,"CEFR-J custom license (research/commercial use, attribution required)"
beautify,verb,bjˈutɪfˌaɪ,B2,cefr-j,"CEFR-J custom license (research/commercial use, attribution required)"
bellow,verb,bˈɛloʊ,B2,cefr-j,"CEFR-J custom license (research/commercial use, attribution required)"
belongings,noun,bɪlˈɔŋɪŋz,B2,cefr-j,"CEFR-J custom license (research/commercial use, attribution required)"
bend,noun,bˈɛnd,B2,cefr-j,"CEFR-J custom license (research/commercial use, attribution required)"
beneficial,adjective,bˌɛnəfˈɪʃəl,B2,cefr-j,"CEFR-J custom license (research/commercial use, attribution required)"
benefit,verb,bˈɛnəfɪt,B2,cefr-j,"CEFR-J custom license (research/commercial use, attribution required)"
benevolence,noun,bənˈɛvələns,B2,cefr-j,"CEFR-J custom license (research/commercial use, attribution required)"
benevolent,adjective,bənˈɛvələnt,B2,cefr-j,"CEFR-J custom license (research/commercial use, attribution required)"
berry,noun,bˈɛɹi,B2,cefr-j,"CEFR-J custom license (research/commercial use, attribution required)"
bestow,verb,bɪstˈoʊ,B2,cefr-j,"CEFR-J custom license (research/commercial use, attribution required)"
bestseller,noun,bˈɛstsˈɛlɚ,B2,cefr-j,"CEFR-J custom license (research/commercial use, attribution required)"
betray,verb,bɪtɹˈeɪ,B2,cefr-j,"CEFR-J custom license (research/commercial use, attribution required)"
bewilder,verb,bɪwˈɪldɚ,B2,cefr-j,"CEFR-J custom license (research/commercial use, attribution required)"
bewilderment,noun,bɪwˈɪldɚmənt,B2,cefr-j,"CEFR-J custom license (research/commercial use, attribution required)"
bid,verb,bˈɪd,B2,cefr-j,"CEFR-J custom license (research/commercial use, attribution required)"
bidding,noun,bˈɪdɪŋ,B2,cefr-j,"CEFR-J custom license (research/commercial use, attribution required)"
bikini,noun,bɪkˈini,B2,cefr-j,"CEFR-J custom license (research/commercial use, attribution required)"
billion,noun,bˈɪljən,B2,cefr-j,"CEFR-J custom license (research/commercial use, attribution required)"
bind,verb,bˈaɪnd,B2,cefr-j,"CEFR-J custom license (research/commercial use, attribution required)"
bio,noun,bˌaɪˈoʊ,B2,cefr-j,"CEFR-J custom license (research/commercial use, attribution required)"
biological,adjective,bˌaɪəlˈɑdʒɪkəl,B2,cefr-j,"CEFR-J custom license (research/commercial use, attribution required)"
biotechnology,noun,bˌaɪoʊtˌɛknˈɑlədʒi,B2,cefr-j,"CEFR-J custom license (research/commercial use, attribution required)"
birdcage,noun,bˈɝdkeɪdʒ,B2,cefr-j,"CEFR-J custom license (research/commercial use, attribution required)"
birthplace,noun,bˈɝθplˌeɪs,B2,cefr-j,"CEFR-J custom license (research/commercial use, attribution required)"
bitterly,adverb,bˈɪtɚli,B2,cefr-j,"CEFR-J custom license (research/commercial use, attribution required)"
bizarre,adjective,bəzˈɑɹ,B2,cefr-j,"CEFR-J custom license (research/commercial use, attribution required)"
blade,noun,blˈeɪd,B2,cefr-j,"CEFR-J custom license (research/commercial use, attribution required)"
blast,noun,blˈæst,B2,cefr-j,"CEFR-J custom license (research/commercial use, attribution required)"
blast,verb,blˈæst,B2,cefr-j,"CEFR-J custom license (research/commercial use, attribution required)"
blaze,noun,blˈeɪz,B2,cefr-j,"CEFR-J custom license (research/commercial use, attribution required)"
blaze,verb,blˈeɪz,B2,cefr-j,"CEFR-J custom license (research/commercial use, attribution required)"
blend,noun,blˈɛnd,B2,cefr-j,"CEFR-J custom license (research/commercial use, attribution required)"
blindly,adverb,blˈaɪndli,B2,cefr-j,"CEFR-J custom license (research/commercial use, attribution required)"
blindness,noun,blˈaɪndnəs,B2,cefr-j,"CEFR-J custom license (research/commercial use, attribution required)"
blink,verb,blˈɪŋk,B2,cefr-j,"CEFR-J custom license (research/commercial use, attribution required)"
bloodstream,noun,blˈʌdstɹˌim,B2,cefr-j,"CEFR-J custom license (research/commercial use, attribution required)"
bloody,adjective,blˈʌdi,B2,cefr-j,"CEFR-J custom license (research/commercial use, attribution required)"
bloody,adverb,blˈʌdi,B2,cefr-j,"CEFR-J custom license (research/commercial use, attribution required)"
blooming,adjective,blˈumɪŋ,B2,cefr-j,"CEFR-J custom license (research/commercial use, attribution required)"
blossom,noun,blˈɑsəm,B2,cefr-j,"CEFR-J custom license (research/commercial use, attribution required)"
blur,verb,blˈɝ,B2,cefr-j,"CEFR-J custom license (research/commercial use, attribution required)"
blurt,noun,blˈɝt,B2,cefr-j,"CEFR-J custom license (research/commercial use, attribution required)"
blush,verb,blˈʌʃ,B2,cefr-j,"CEFR-J custom license (research/commercial use, attribution required)"
boiling,adjective,bˈɔɪlɪŋ,B2,cefr-j,"CEFR-J custom license (research/commercial use, attribution required)"
bold,noun,bˈoʊld,B2,cefr-j,"CEFR-J custom license (research/commercial use, attribution required)"
bolt,noun,bˈoʊlt,B2,cefr-j,"CEFR-J custom license (research/commercial use, attribution required)"
bolt,verb,bˈoʊlt,B2,cefr-j,"CEFR-J custom license (research/commercial use, attribution required)"
bombard,noun,bɑmbˈɑɹd,B2,cefr-j,"CEFR-J custom license (research/commercial use, attribution required)"
bomber,noun,bˈɑmɚ,B2,cefr-j,"CEFR-J custom license (research/commercial use, attribution required)"
bombing,noun,bˈɑmɪŋ,B2,cefr-j,"CEFR-J custom license (research/commercial use, attribution required)"
bony,adjective,bˈoʊni,B2,cefr-j,"CEFR-J custom license (research/commercial use, attribution required)"
bookish,adjective,bˈʊkɪʃ,B2,cefr-j,"CEFR-J custom license (research/commercial use, attribution required)"
booklet,noun,bˈʊklɪt,B2,cefr-j,"CEFR-J custom license (research/commercial use, attribution required)"
bookmark,noun,bˈʊkmɑɹk,B2,cefr-j,"CEFR-J custom license (research/commercial use, attribution required)"
bookmark,verb,bˈʊkmɑɹk,B2,cefr-j,"CEFR-J custom license (research/commercial use, attribution required)"
boost,noun,bˈust,B2,cefr-j,"CEFR-J custom license (research/commercial use, attribution required)"
boost,verb,bˈust,B2,cefr-j,"CEFR-J custom license (research/commercial use, attribution required)"
booth,noun,bˈuθ,B2,cefr-j,"CEFR-J custom license (research/commercial use, attribution required)"
bossy,adjective,bˈɔsi,B2,cefr-j,"CEFR-J custom license (research/commercial use, attribution required)"
botany,noun,bˈɑtəni,B2,cefr-j,"CEFR-J custom license (research/commercial use, attribution required)"
bothered,adjective,bˈɑðɚd,B2,cefr-j,"CEFR-J custom license (research/commercial use, attribution required)"
bothersome,adjective,bˈɑðɚsəm,B2,cefr-j,"CEFR-J custom license (research/commercial use, attribution required)"
bottle,verb,bˈɑtəl,B2,cefr-j,"CEFR-J custom license (research/commercial use, attribution required)"
bounce,noun,bˈaʊns,B2,cefr-j,"CEFR-J custom license (research/commercial use, attribution required)"
bourbon,noun,bˈɝbən,B2,cefr-j,"CEFR-J custom license (research/commercial use, attribution required)"
bow,verb,bˈaʊ,B2,cefr-j,"CEFR-J custom license (research/commercial use, attribution required)"
boxer,noun,bˈɑksɚ,B2,cefr-j,"CEFR-J custom license (research/commercial use, attribution required)"
bracket,noun,bɹˈækɪt,B2,cefr-j,"CEFR-J custom license (research/commercial use, attribution required)"
brag,noun,bɹˈæg,B2,cefr-j,"CEFR-J custom license (research/commercial use, attribution required)"
brake,verb,bɹˈeɪk,B2,cefr-j,"CEFR-J custom license (research/commercial use, attribution required)"
bravery,noun,bɹˈeɪvɚi,B2,cefr-j,"CEFR-J custom license (research/commercial use, attribution required)"
breakable,adjective,bɹˈeɪkəbəl,B2,cefr-j,"CEFR-J custom license (research/commercial use, attribution required)"
breakdown,noun,bɹˈeɪkdˌaʊn,B2,cefr-j,"CEFR-J custom license (research/commercial use, attribution required)"
breakup,noun,bɹˈeɪkˌʌp,B2,cefr-j,"CEFR-J custom license (research/commercial use, attribution required)"
breathtaking,adjective,bɹˈɛθtˌeɪkɪŋ,B2,cefr-j,"CEFR-J custom license (research/commercial use, attribution required)"
breed,noun,bɹˈid,B2,cefr-j,"CEFR-J custom license (research/commercial use, attribution required)"
breezy,adjective,bɹˈizi,B2,cefr-j,"CEFR-J custom license (research/commercial use, attribution required)"
brewery,noun,bɹˈuɚi,B2,cefr-j,"CEFR-J custom license (research/commercial use, attribution required)"
brilliantly,adverb,bɹˈɪljəntli,B2,cefr-j,"CEFR-J custom license (research/commercial use, attribution required)"
broadband,noun,bɹˈɔdbˌænd,B2,cefr-j,"CEFR-J custom license (research/commercial use, attribution required)"
broadcast,verb,bɹˈɔdkˌæst,B2,cefr-j,"CEFR-J custom license (research/commercial use, attribution required)"
broadcaster,noun,bɹˈɔdkˌæstɚ,B2,cefr-j,"CEFR-J custom license (research/commercial use, attribution required)"
broaden,verb,bɹˈɔdən,B2,cefr-j,"CEFR-J custom license (research/commercial use, attribution required)"
broadly,adverb,bɹˈɔdli,B2,cefr-j,"CEFR-J custom license (research/commercial use, attribution required)"
brochure,noun,bɹoʊʃˈʊɹ,B2,cefr-j,"CEFR-J custom license (research/commercial use, attribution required)"
brother-in-law,noun,bɹˈʌðɚɪnlˌɔ,B2,cefr-j,"CEFR-J custom license (research/commercial use, attribution required)"
browse,verb,bɹˈaʊz,B2,cefr-j,"CEFR-J custom license (research/commercial use, attribution required)"
browser,noun,bɹˈaʊzɚ,B2,cefr-j,"CEFR-J custom license (research/commercial use, attribution required)"
bruise,noun,bɹˈuz,B2,cefr-j,"CEFR-J custom license (research/commercial use, attribution required)"
bud,noun,bˈʌd,B2,cefr-j,"CEFR-J custom license (research/commercial use, attribution required)"
budget,adjective,bˈʌdʒɪt,B2,cefr-j,"CEFR-J custom license (research/commercial use, attribution required)"
bulimia,noun,bjulˈɪmiə,B2,cefr-j,"CEFR-J custom license (research/commercial use, attribution required)"
bully,verb,bˈʊli,B2,cefr-j,"CEFR-J custom license (research/commercial use, attribution required)"
bum,noun,bˈʌm,B2,cefr-j,"CEFR-J custom license (research/commercial use, attribution required)"
bumper,noun,bˈʌmpɚ,B2,cefr-j,"CEFR-J custom license (research/commercial use, attribution required)"
bun,noun,bˈʌn,B2,cefr-j,"CEFR-J custom license (research/commercial use, attribution required)"
burden,verb,bˈɝdən,B2,cefr-j,"CEFR-J custom license (research/commercial use, attribution required)"
burdensome,adjective,bˈɝdənsəm,B2,cefr-j,"CEFR-J custom license (research/commercial use, attribution required)"
bureaucracy,noun,bjʊɹˈɑkɹəsi,B2,cefr-j,"CEFR-J custom license (research/commercial use, attribution required)"
burglary,noun,bˈɝglɚi,B2,cefr-j,"CEFR-J custom license (research/commercial use, attribution required)"
burgle,verb,,B2,cefr-j,"CEFR-J custom license (research/commercial use, attribution required)"
burial,noun,bˈɛɹiəl,B2,cefr-j,"CEFR-J custom license (research/commercial use, attribution required)"
bustle,verb,bˈʌsəl,B2,cefr-j,"CEFR-J custom license (research/commercial use, attribution required)"
bustling,adjective,bˈʌsəlɪŋ,B2,cefr-j,"CEFR-J custom license (research/commercial use, attribution required)"
butcher,verb,bˈʊtʃɚ,B2,cefr-j,"CEFR-J custom license (research/commercial use, attribution required)"
buzz,noun,bˈʌz,B2,cefr-j,"CEFR-J custom license (research/commercial use, attribution required)"
buzz,verb,bˈʌz,B2,cefr-j,"CEFR-J custom license (research/commercial use, attribution required)"
cabinet,noun,kˈæbənət,B2,cefr-j,"CEFR-J custom license (research/commercial use, attribution required)"
cable,noun,kˈeɪbəl,B2,cefr-j,"CEFR-J custom license (research/commercial use, attribution required)"
calmly,adverb,kˈɑmli,B2,cefr-j,"CEFR-J custom license (research/commercial use, attribution required)"
campaign,noun,kæmpˈeɪn,B2,cefr-j,"CEFR-J custom license (research/commercial use, attribution required)"
candidate,noun,kˈændədeɪt,B2,cefr-j,"CEFR-J custom license (research/commercial use, attribution required)"
cane,noun,kˈeɪn,B2,cefr-j,"CEFR-J custom license (research/commercial use, attribution required)"
cannonball,noun,kˈænənbˌɔl,B2,cefr-j,"CEFR-J custom license (research/commercial use, attribution required)"
canon,noun,kˈænən,B2,cefr-j,"CEFR-J custom license (research/commercial use, attribution required)"
capability,noun,kˌeɪpəbˈɪləti,B2,cefr-j,"CEFR-J custom license (research/commercial use, attribution required)"
caption,noun,kˈæpʃən,B2,cefr-j,"CEFR-J custom license (research/commercial use, attribution required)"
captive,noun,kˈæptɪv,B2,cefr-j,"CEFR-J custom license (research/commercial use, attribution required)"
caravan,noun,kˈæɹəvˌæn,B2,cefr-j,"CEFR-J custom license (research/commercial use, attribution required)"
carbon,noun,kˈɑɹbən,B2,cefr-j,"CEFR-J custom license (research/commercial use, attribution required)"
carbon dioxide,noun,kˈɑɹbən daɪˈɑksˌaɪd,B2,cefr-j,"CEFR-J custom license (research/commercial use, attribution required)"
carbon footprint,noun,kˈɑɹbən fˈʊtpɹˌɪnt,B2,cefr-j,"CEFR-J custom license (research/commercial use, attribution required)"
carbon monoxide,noun,kˈɑɹbən mənˈɑksaɪd,B2,cefr-j,"CEFR-J custom license (research/commercial use, attribution required)"
cardboard,noun,kˈɑɹdbˌɔɹd,B2,cefr-j,"CEFR-J custom license (research/commercial use, attribution required)"
cardigan,noun,kˈɑɹdɪgən,B2,cefr-j,"CEFR-J custom license (research/commercial use, attribution required)"
carefree,adjective,kˈɛɹfɹˌi,B2,cefr-j,"CEFR-J custom license (research/commercial use, attribution required)"
caring,adjective,kˈɛɹɪŋ,B2,cefr-j,"CEFR-J custom license (research/commercial use, attribution required)"
carnival,noun,kˈɑɹnəvəl,B2,cefr-j,"CEFR-J custom license (research/commercial use, attribution required)"
carpool,noun,kˈɑɹpˌul,B2,cefr-j,"CEFR-J custom license (research/commercial use, attribution required)"
carve,verb,kˈɑɹv,B2,cefr-j,"CEFR-J custom license (research/commercial use, attribution required)"
cascade,noun,kæskˈeɪd,B2,cefr-j,"CEFR-J custom license (research/commercial use, attribution required)"
cast,noun,kˈæst,B2,cefr-j,"CEFR-J custom license (research/commercial use, attribution required)"
cast,verb,kˈæst,B2,cefr-j,"CEFR-J custom license (research/commercial use, attribution required)"
casually,adverb,kˈæʒəwəli,B2,cefr-j,"CEFR-J custom license (research/commercial use, attribution required)"
catalog,noun,kˈætəlɔg,B2,cefr-j,"CEFR-J custom license (research/commercial use, attribution required)"
catalyst,noun,kˈætələst,B2,cefr-j,"CEFR-J custom license (research/commercial use, attribution required)"
catastrophe,noun,kətˈæstɹəfi,B2,cefr-j,"CEFR-J custom license (research/commercial use, attribution required)"
catastrophic,adjective,kˌætəstɹˈɑfɪk,B2,cefr-j,"CEFR-J custom license (research/commercial use, attribution required)"
catchy,adjective,kˈætʃˌi,B2,cefr-j,"CEFR-J custom license (research/commercial use, attribution required)"
categorization,noun,kˌætəgɚɪzˈeɪʃən,B2,cefr-j,"CEFR-J custom license (research/commercial use, attribution required)"
catering,noun,kˈeɪtɚɪŋ,B2,cefr-j,"CEFR-J custom license (research/commercial use, attribution required)"
cathedral,noun,kəθˈidɹəl,B2,cefr-j,"CEFR-J custom license (research/commercial use, attribution required)"
cause,noun,kˈɑz,B2,cefr-j,"CEFR-J custom license (research/commercial use, attribution required)"
cease,verb,sˈis,B2,cefr-j,"CEFR-J custom license (research/commercial use, attribution required)"
ceiling,noun,sˈilɪŋ,B2,cefr-j,"CEFR-J custom license (research/commercial use, attribution required)"
cellar,noun,sˈɛlɚ,B2,cefr-j,"CEFR-J custom license (research/commercial use, attribution required)"
cellist,noun,tʃˈɛləst,B2,cefr-j,"CEFR-J custom license (research/commercial use, attribution required)"
cello,noun,tʃˈɛloʊ,B2,cefr-j,"CEFR-J custom license (research/commercial use, attribution required)"
cemetery,noun,sˈɛmətˌɛɹi,B2,cefr-j,"CEFR-J custom license (research/commercial use, attribution required)"
centigrade,noun,sˈɛntəgɹˌeɪd,B2,cefr-j,"CEFR-J custom license (research/commercial use, attribution required)"
certificate,noun,sɚtˈɪfɪkət,B2,cefr-j,"CEFR-J custom license (research/commercial use, attribution required)"
certification,noun,sˌɝtəfəkˈeɪʃən,B2,cefr-j,"CEFR-J custom license (research/commercial use, attribution required)"
certify,verb,sˈɝtəfˌaɪ,B2,cefr-j,"CEFR-J custom license (research/commercial use, attribution required)"
challenge,verb,tʃˈæləndʒ,B2,cefr-j,"CEFR-J custom license (research/commercial use, attribution required)"
chancellor,noun,tʃˈænsəlɚ,B2,cefr-j,"CEFR-J custom license (research/commercial use, attribution required)"
chaotic,adjective,keɪˈɑtɪk,B2,cefr-j,"CEFR-J custom license (research/commercial use, attribution required)"
characteristic,adjective,kˌɛɹəktɚˈɪstɪk,B2,cefr-j,"CEFR-J custom license (research/commercial use, attribution required)"
charming,adjective,tʃˈɑɹmɪŋ,B2,cefr-j,"CEFR-J custom license (research/commercial use, attribution required)"
chase,verb,tʃˈeɪs,B2,cefr-j,"CEFR-J custom license (research/commercial use, attribution required)"
cheat,verb,tʃˈit,B2,cefr-j,"CEFR-J custom license (research/commercial use, attribution required)"
checkpoint,noun,tʃˈɛkpˌɔɪnt,B2,cefr-j,"CEFR-J custom license (research/commercial use, attribution required)"
cheeky,adjective,tʃˈiki,B2,cefr-j,"CEFR-J custom license (research/commercial use, attribution required)"
cheerfully,adverb,tʃˈɪɹfəli,B2,cefr-j,"CEFR-J custom license (research/commercial use, attribution required)"
cheerfulness,noun,tʃˈɪɹfəlnəs,B2,cefr-j,"CEFR-J custom license (research/commercial use, attribution required)"
chemotherapy,noun,kˌimoʊθˈɛɹəpi,B2,cefr-j,"CEFR-J custom license (research/commercial use, attribution required)"
cherished,adjective,tʃˈɛɹɪʃt,B2,cefr-j,"CEFR-J custom license (research/commercial use, attribution required)"
cherry,noun,tʃˈɛɹi,B2,cefr-j,"CEFR-J custom license (research/commercial use, attribution required)"
chew,verb,tʃˈu,B2,cefr-j,"CEFR-J custom license (research/commercial use, attribution required)"
chief,noun,tʃˈif,B2,cefr-j,"CEFR-J custom license (research/commercial use, attribution required)"
childish,adjective,tʃˈaɪldɪʃ,B2,cefr-j,"CEFR-J custom license (research/commercial use, attribution required)"
chimney,noun,tʃˈɪmni,B2,cefr-j,"CEFR-J custom license (research/commercial use, attribution required)"
chip,noun,tʃˈɪp,B2,cefr-j,"CEFR-J custom license (research/commercial use, attribution required)"
chop,verb,tʃˈɑp,B2,cefr-j,"CEFR-J custom license (research/commercial use, attribution required)"
chunk,noun,tʃˈʌŋk,B2,cefr-j,"CEFR-J custom license (research/commercial use, attribution required)"
circuit,noun,sˈɝkət,B2,cefr-j,"CEFR-J custom license (research/commercial use, attribution required)"
circuitry,noun,sˈɝkətɹi,B2,cefr-j,"CEFR-J custom license (research/commercial use, attribution required)"
circumstance,noun,sˈɝkəmstˌæns,B2,cefr-j,"CEFR-J custom license (research/commercial use, attribution required)"
citywide,adjective,sˈɪtiwˌaɪd,B2,cefr-j,"CEFR-J custom license (research/commercial use, attribution required)"
clam,noun,klˈæm,B2,cefr-j,"CEFR-J custom license (research/commercial use, attribution required)"
clap,verb,klˈæp,B2,cefr-j,"CEFR-J custom license (research/commercial use, attribution required)"
clarify,verb,klˈɛɹəfˌaɪ,B2,cefr-j,"CEFR-J custom license (research/commercial use, attribution required)"
classic,noun,klˈæsɪk,B2,cefr-j,"CEFR-J custom license (research/commercial use, attribution required)"
classification,noun,klˌæsəfəkˈeɪʃən,B2,cefr-j,"CEFR-J custom license (research/commercial use, attribution required)"
clause,noun,klˈɔz,B2,cefr-j,"CEFR-J custom license (research/commercial use, attribution required)"
clearness,noun,klˈɪɹnəs,B2,cefr-j,"CEFR-J custom license (research/commercial use, attribution required)"
clerical,adjective,klˈɛɹəkəl,B2,cefr-j,"CEFR-J custom license (research/commercial use, attribution required)"
client,noun,klˈaɪənt,B2,cefr-j,"CEFR-J custom license (research/commercial use, attribution required)"
climate change,noun,klˈaɪmət tʃˈeɪndʒ,B2,cefr-j,"CEFR-J custom license (research/commercial use, attribution required)"
clog,verb,klˈɑg,B2,cefr-j,"CEFR-J custom license (research/commercial use, attribution required)"
closure,noun,klˈoʊʒɚ,B2,cefr-j,"CEFR-J custom license (research/commercial use, attribution required)"
clothing,noun,klˈoʊðɪŋ,B2,cefr-j,"CEFR-J custom license (research/commercial use, attribution required)"
clumsy,adjective,klˈʌmzi,B2,cefr-j,"CEFR-J custom license (research/commercial use, attribution required)"
coach,verb,kˈoʊtʃ,B2,cefr-j,"CEFR-J custom license (research/commercial use, attribution required)"
coaching,noun,kˈoʊtʃɪŋ,B2,cefr-j,"CEFR-J custom license (research/commercial use, attribution required)"
coalition,noun,kˌoʊəlˈɪʃən,B2,cefr-j,"CEFR-J custom license (research/commercial use, attribution required)"
coarse,adjective,kˈɔɹs,B2,cefr-j,"CEFR-J custom license (research/commercial use, attribution required)"
coastline,noun,kˈoʊstlˌaɪn,B2,cefr-j,"CEFR-J custom license (research/commercial use, attribution required)"
cocktail,noun,kˈɑktˌeɪl,B2,cefr-j,"CEFR-J custom license (research/commercial use, attribution required)"
cocoa,noun,kˈoʊkoʊ,B2,cefr-j,"CEFR-J custom license (research/commercial use, attribution required)"
coconut,noun,kˈoʊkənˌʌt,B2,cefr-j,"CEFR-J custom license (research/commercial use, attribution required)"
coherence,noun,koʊhˈɪɹəns,B2,cefr-j,"CEFR-J custom license (research/commercial use, attribution required)"
coherent,adjective,koʊhˈɪɹənt,B2,cefr-j,"CEFR-J custom license (research/commercial use, attribution required)"
coincide,verb,kˌoʊɪnsˈaɪd,B2,cefr-j,"CEFR-J custom license (research/commercial use, attribution required)"
coincidence,noun,koʊˈɪnsɪdəns,B2,cefr-j,"CEFR-J custom license (research/commercial use, attribution required)"
collapse,verb,kəlˈæps,B2,cefr-j,"CEFR-J custom license (research/commercial use, attribution required)"
colleague,noun,kˈɑlig,B2,cefr-j,"CEFR-J custom license (research/commercial use, attribution required)"
collector,noun,kəlˈɛktɚ,B2,cefr-j,"CEFR-J custom license (research/commercial use, attribution required)"
collocation,noun,kɑləkˈeɪʃən,B2,cefr-j,"CEFR-J custom license (research/commercial use, attribution required)"
colon,noun,kˈoʊlən,B2,cefr-j,"CEFR-J custom license (research/commercial use, attribution required)"
colonial,adjective,kəlˈoʊniəl,B2,cefr-j,"CEFR-J custom license (research/commercial use, attribution required)"
coma,noun,kˈoʊmə,B2,cefr-j,"CEFR-J custom license (research/commercial use, attribution required)"
comb,verb,kˈoʊm,B2,cefr-j,"CEFR-J custom license (research/commercial use, attribution required)"
comfortably,adverb,kˈʌmfɚtəbli,B2,cefr-j,"CEFR-J custom license (research/commercial use, attribution required)"
commander,noun,kəmˈændɚ,B2,cefr-j,"CEFR-J custom license (research/commercial use, attribution required)"
commemorate,verb,kəmˈɛmɚˌeɪt,B2,cefr-j,"CEFR-J custom license (research/commercial use, attribution required)"
comment,verb,kˈɑmɛnt,B2,cefr-j,"CEFR-J custom license (research/commercial use, attribution required)"
commerce,noun,kˈɑmɚs,B2,cefr-j,"CEFR-J custom license (research/commercial use, attribution required)"
commercial,noun,kəmˈɝʃəl,B2,cefr-j,"CEFR-J custom license (research/commercial use, attribution required)"
commission,noun,kəmˈɪʃən,B2,cefr-j,"CEFR-J custom license (research/commercial use, attribution required)"
commonwealth,noun,kˈɑmənwˌɛlθ,B2,cefr-j,"CEFR-J custom license (research/commercial use, attribution required)"
communicative,adjective,kəmjˈunəkətɪv,B2,cefr-j,"CEFR-J custom license (research/commercial use, attribution required)"
community,noun,kəmjˈunəti,B2,cefr-j,"CEFR-J custom license (research/commercial use, attribution required)"
commute,verb,kəmjˈut,B2,cefr-j,"CEFR-J custom license (research/commercial use, attribution required)"
compassion,noun,kəmpˈæʃən,B2,cefr-j,"CEFR-J custom license (research/commercial use, attribution required)"
compassionate,adjective,kəmpˈæʃənət,B2,cefr-j,"CEFR-J custom license (research/commercial use, attribution required)"
compatible,adjective,kəmpˈætəbəl,B2,cefr-j,"CEFR-J custom license (research/commercial use, attribution required)"
compensate,verb,kˈɑmpənsˌeɪt,B2,cefr-j,"CEFR-J custom license (research/commercial use, attribution required)"
compensation,noun,kˌɑmpənsˈeɪʃən,B2,cefr-j,"CEFR-J custom license (research/commercial use, attribution required)"
competence,noun,kˈɑmpətɪns,B2,cefr-j,"CEFR-J custom license (research/commercial use, attribution required)"
competent,adjective,kˈɑmpətɪnt,B2,cefr-j,"CEFR-J custom license (research/commercial use, attribution required)"
compile,verb,kəmpˈaɪl,B2,cefr-j,"CEFR-J custom license (research/commercial use, attribution required)"
completion,noun,kəmplˈiʃən,B2,cefr-j,"CEFR-J custom license (research/commercial use, attribution required)"
complexion,noun,kəmplˈɛkʃən,B2,cefr-j,"CEFR-J custom license (research/commercial use, attribution required)"
complexity,noun,kəmplˈɛksəti,B2,cefr-j,"CEFR-J custom license (research/commercial use, attribution required)"
component,noun,kəmpˈoʊnənt,B2,cefr-j,"CEFR-J custom license (research/commercial use, attribution required)"
comprehension,noun,kˌɑmpɹihˈɛnʃən,B2,cefr-j,"CEFR-J custom license (research/commercial use, attribution required)"
comprehensive,adjective,kˌɑmpɹihˈɛnsɪv,B2,cefr-j,"CEFR-J custom license (research/commercial use, attribution required)"
compress,noun,kˈɑmpɹɛs,B2,cefr-j,"CEFR-J custom license (research/commercial use, attribution required)"
compression,noun,kəmpɹˈɛʃən,B2,cefr-j,"CEFR-J custom license (research/commercial use, attribution required)"
compromise,verb,kˈɑmpɹəmˌaɪz,B2,cefr-j,"CEFR-J custom license (research/commercial use, attribution required)"
compulsory,adjective,kəmpˈʌlsɚi,B2,cefr-j,"CEFR-J custom license (research/commercial use, attribution required)"
compute,verb,kəmpjˈut,B2,cefr-j,"CEFR-J custom license (research/commercial use, attribution required)"
conceal,verb,kənsˈil,B2,cefr-j,"CEFR-J custom license (research/commercial use, attribution required)"
concede,verb,kənsˈid,B2,cefr-j,"CEFR-J custom license (research/commercial use, attribution required)"
conceit,noun,kənsˈit,B2,cefr-j,"CEFR-J custom license (research/commercial use, attribution required)"
conceivable,adjective,kənsˈivəbəl,B2,cefr-j,"CEFR-J custom license (research/commercial use, attribution required)"
conceive,verb,kənsˈiv,B2,cefr-j,"CEFR-J custom license (research/commercial use, attribution required)"
conception,noun,kənsˈɛpʃən,B2,cefr-j,"CEFR-J custom license (research/commercial use, attribution required)"
concern,verb,kənsˈɝn,B2,cefr-j,"CEFR-J custom license (research/commercial use, attribution required)"
concerning,preposition,kənsˈɝnɪŋ,B2,cefr-j,"CEFR-J custom license (research/commercial use, attribution required)"
concession,noun,kənsˈɛʃən,B2,cefr-j,"CEFR-J custom license (research/commercial use, attribution required)"
concrete,adjective,kənkɹˈit,B2,cefr-j,"CEFR-J custom license (research/commercial use, attribution required)"
concrete,noun,kənkɹˈit,B2,cefr-j,"CEFR-J custom license (research/commercial use, attribution required)"
condemn,verb,kəndˈɛm,B2,cefr-j,"CEFR-J custom license (research/commercial use, attribution required)"
conduct,verb,kˈɑndəkt,B2,cefr-j,"CEFR-J custom license (research/commercial use, attribution required)"
conductor,noun,kəndˈʌktɚ,B2,cefr-j,"CEFR-J custom license (research/commercial use, attribution required)"
cone,noun,kˈoʊn,B2,cefr-j,"CEFR-J custom license (research/commercial use, attribution required)"
conference,noun,kˈɑnfɚəns,B2,cefr-j,"CEFR-J custom license (research/commercial use, attribution required)"
conferencing,noun,kˈɑnfɹənsɪŋ,B2,cefr-j,"CEFR-J custom license (research/commercial use, attribution required)"
confess,verb,kənfˈɛs,B2,cefr-j,"CEFR-J custom license (research/commercial use, attribution required)"
confession,noun,kənfˈɛʃən,B2,cefr-j,"CEFR-J custom license (research/commercial use, attribution required)"
confidently,adverb,kˈɑnfədəntli,B2,cefr-j,"CEFR-J custom license (research/commercial use, attribution required)"
confine,verb,kənfˈaɪn,B2,cefr-j,"CEFR-J custom license (research/commercial use, attribution required)"
confront,verb,kənfɹˈʌnt,B2,cefr-j,"CEFR-J custom license (research/commercial use, attribution required)"
conjunction,noun,kəndʒˈʌŋkʃən,B2,cefr-j,"CEFR-J custom license (research/commercial use, attribution required)"
conquest,noun,kˈɑŋkwɛst,B2,cefr-j,"CEFR-J custom license (research/commercial use, attribution required)"
conscience,noun,kˈɑnʃəns,B2,cefr-j,"CEFR-J custom license (research/commercial use, attribution required)"
consciousness,noun,kˈɑnʃəsnəs,B2,cefr-j,"CEFR-J custom license (research/commercial use, attribution required)"
consensus,noun,kənsˈɛnsəs,B2,cefr-j,"CEFR-J custom license (research/commercial use, attribution required)"
consent,noun,kənsˈɛnt,B2,cefr-j,"CEFR-J custom license (research/commercial use, attribution required)"
considerably,adverb,kənsˈɪdɚəbli,B2,cefr-j,"CEFR-J custom license (research/commercial use, attribution required)"
considering,conjunction,kənsˈɪdɚɪŋ,B2,cefr-j,"CEFR-J custom license (research/commercial use, attribution required)"
considering,preposition,kənsˈɪdɚɪŋ,B2,cefr-j,"CEFR-J custom license (research/commercial use, attribution required)"
consistent,adjective,kənsˈɪstənt,B2,cefr-j,"CEFR-J custom license (research/commercial use, attribution required)"
consolation,noun,kˌɑnsəlˈeɪʃən,B2,cefr-j,"CEFR-J custom license (research/commercial use, attribution required)"
console,verb,kˈɑnsoʊl,B2,cefr-j,"CEFR-J custom license (research/commercial use, attribution required)"
constant,adjective,kˈɑnstənt,B2,cefr-j,"CEFR-J custom license (research/commercial use, attribution required)"
consult,verb,kənsˈʌlt,B2,cefr-j,"CEFR-J custom license (research/commercial use, attribution required)"
consultant,noun,kənsˈʌltənt,B2,cefr-j,"CEFR-J custom license (research/commercial use, attribution required)"
contaminate,verb,kəntˈæmənˌeɪt,B2,cefr-j,"CEFR-J custom license (research/commercial use, attribution required)"
contemporary,adjective,kəntˈɛmpɚˌɛɹi,B2,cefr-j,"CEFR-J custom license (research/commercial use, attribution required)"
contempt,noun,kəntˈɛmpt,B2,cefr-j,"CEFR-J custom license (research/commercial use, attribution required)"
content,adjective,kˈɑntɛnt,B2,cefr-j,"CEFR-J custom license (research/commercial use, attribution required)"
contract,noun,kˈɑntɹˌækt,B2,cefr-j,"CEFR-J custom license (research/commercial use, attribution required)"
contradict,verb,kˌɑntɹədˈɪkt,B2,cefr-j,"CEFR-J custom license (research/commercial use, attribution required)"
contradiction,noun,kˌɑntɹədˈɪkʃən,B2,cefr-j,"CEFR-J custom license (research/commercial use, attribution required)"
contradictory,adjective,kˌɑntɹədˈɪktɚi,B2,cefr-j,"CEFR-J custom license (research/commercial use, attribution required)"
controversy,noun,kˈɑntɹəvˌɝsi,B2,cefr-j,"CEFR-J custom license (research/commercial use, attribution required)"
conveniently,adverb,kənvˈinjəntli,B2,cefr-j,"CEFR-J custom license (research/commercial use, attribution required)"
convention,noun,kənvˈɛnʃən,B2,cefr-j,"CEFR-J custom license (research/commercial use, attribution required)"
conventional,adjective,kənvˈɛnʃənəl,B2,cefr-j,"CEFR-J custom license (research/commercial use, attribution required)"
converse,noun,kˈɑnvɚs,B2,cefr-j,"CEFR-J custom license (research/commercial use, attribution required)"
conversely,adverb,kˈɑnvɚsli,B2,cefr-j,"CEFR-J custom license (research/commercial use, attribution required)"
conversion,noun,kənvˈɝʒən,B2,cefr-j,"CEFR-J custom license (research/commercial use, attribution required)"
convert,verb,kˈɑnvɚt,B2,cefr-j,"CEFR-J custom license (research/commercial use, attribution required)"
convinced,adjective,kənvˈɪnst,B2,cefr-j,"CEFR-J custom license (research/commercial use, attribution required)"
cool,verb,kˈul,B2,cefr-j,"CEFR-J custom license (research/commercial use, attribution required)"
cooperate,verb,koʊˈɑpɚˌeɪt,B2,cefr-j,"CEFR-J custom license (research/commercial use, attribution required)"
cooperation,noun,koʊˌɑpɚˈeɪʃən,B2,cefr-j,"CEFR-J custom license (research/commercial use, attribution required)"
cooperative,adjective,koʊˈɑpɚˌeɪtɪv,B2,cefr-j,"CEFR-J custom license (research/commercial use, attribution required)"
cope,verb,kˈoʊp,B2,cefr-j,"CEFR-J custom license (research/commercial use, attribution required)"
copper,noun,kˈɑpɚ,B2,cefr-j,"CEFR-J custom license (research/commercial use, attribution required)"
coral,noun,kˈɔɹəl,B2,cefr-j,"CEFR-J custom license (research/commercial use, attribution required)"
core,noun,kˈɔɹ,B2,cefr-j,"CEFR-J custom license (research/commercial use, attribution required)"
cornerstone,noun,kˈɔɹnɚstˌoʊn,B2,cefr-j,"CEFR-J custom license (research/commercial use, attribution required)"
cornet,noun,kɔɹnˈɛt,B2,cefr-j,"CEFR-J custom license (research/commercial use, attribution required)"
corona,noun,kɚˈoʊnə,B2,cefr-j,"CEFR-J custom license (research/commercial use, attribution required)"
corporal,adjective,kˈɔɹpɚəl,B2,cefr-j,"CEFR-J custom license (research/commercial use, attribution required)"
corporate,adjective,kˈɔɹpɚət,B2,cefr-j,"CEFR-J custom license (research/commercial use, attribution required)"
corporation,noun,kˌɔɹpɚˈeɪʃən,B2,cefr-j,"CEFR-J custom license (research/commercial use, attribution required)"
correct,verb,kɚˈɛkt,B2,cefr-j,"CEFR-J custom license (research/commercial use, attribution required)"
correctness,noun,kɚˈɛktnəs,B2,cefr-j,"CEFR-J custom license (research/commercial use, attribution required)"
correspond,verb,kˌɔɹəspˈɑnd,B2,cefr-j,"CEFR-J custom license (research/commercial use, attribution required)"
correspondence,noun,kˌɔɹəspˈɑndəns,B2,cefr-j,"CEFR-J custom license (research/commercial use, attribution required)"
correspondent,noun,kˌɔɹəspˈɑndənt,B2,cefr-j,"CEFR-J custom license (research/commercial use, attribution required)"
corresponding,adjective,kˌɔɹəspˈɑndɪŋ,B2,cefr-j,"CEFR-J custom license (research/commercial use, attribution required)"
corridor,noun,kˈɔɹədɚ,B2,cefr-j,"CEFR-J custom license (research/commercial use, attribution required)"
corrupt,adjective,kɚˈʌpt,B2,cefr-j,"CEFR-J custom license (research/commercial use, attribution required)"
corruption,noun,kɚˈʌpʃən,B2,cefr-j,"CEFR-J custom license (research/commercial use, attribution required)"
costly,adjective,kˈɑstli,B2,cefr-j,"CEFR-J custom license (research/commercial use, attribution required)"
costume,noun,kɑstˈum,B2,cefr-j,"CEFR-J custom license (research/commercial use, attribution required)"
cottage,noun,kˈɑtədʒ,B2,cefr-j,"CEFR-J custom license (research/commercial use, attribution required)"
cough,noun,kˈɑf,B2,cefr-j,"CEFR-J custom license (research/commercial use, attribution required)"
counter,noun,kˈaʊntɚ,B2,cefr-j,"CEFR-J custom license (research/commercial use, attribution required)"
countryman,noun,kˈʌntɹimən,B2,cefr-j,"CEFR-J custom license (research/commercial use, attribution required)"
countrywide,adjective,kˈʌntɹiwˌaɪd,B2,cefr-j,"CEFR-J custom license (research/commercial use, attribution required)"
courtesy,noun,kˈɝtəsi,B2,cefr-j,"CEFR-J custom license (research/commercial use, attribution required)"
coward,noun,kˈaʊɚd,B2,cefr-j,"CEFR-J custom license (research/commercial use, attribution required)"
cowardly,adjective,kˈaʊɚdli,B2,cefr-j,"CEFR-J custom license (research/commercial use, attribution required)"
coziness,noun,kˈoʊzinəs,B2,cefr-j,"CEFR-J custom license (research/commercial use, attribution required)"
cozy,adjective,kˈoʊzi,B2,cefr-j,"CEFR-J custom license (research/commercial use, attribution required)"
crab,noun,kɹˈæb,B2,cefr-j,"CEFR-J custom license (research/commercial use, attribution required)"
crack,noun,kɹˈæk,B2,cefr-j,"CEFR-J custom license (research/commercial use, attribution required)"
crack,verb,kɹˈæk,B2,cefr-j,"CEFR-J custom license (research/commercial use, attribution required)"
craftsman,noun,kɹˈæftsmən,B2,cefr-j,"CEFR-J custom license (research/commercial use, attribution required)"
crater,noun,kɹˈeɪtɚ,B2,cefr-j,"CEFR-J custom license (research/commercial use, attribution required)"
crawl,verb,kɹˈɔl,B2,cefr-j,"CEFR-J custom license (research/commercial use, attribution required)"
crease,noun,kɹˈis,B2,cefr-j,"CEFR-J custom license (research/commercial use, attribution required)"
creation,noun,kɹiˈeɪʃən,B2,cefr-j,"CEFR-J custom license (research/commercial use, attribution required)"
creatively,adverb,kɹiˈeɪtɪvli,B2,cefr-j,"CEFR-J custom license (research/commercial use, attribution required)"
creek,noun,kɹˈik,B2,cefr-j,"CEFR-J custom license (research/commercial use, attribution required)"
creepy,adjective,kɹˈipi,B2,cefr-j,"CEFR-J custom license (research/commercial use, attribution required)"
crew,noun,kɹˈu,B2,cefr-j,"CEFR-J custom license (research/commercial use, attribution required)"
criminal,adjective,kɹˈɪmənəl,B2,cefr-j,"CEFR-J custom license (research/commercial use, attribution required)"
cripple,noun,kɹˈɪpəl,B2,cefr-j,"CEFR-J custom license (research/commercial use, attribution required)"
critically,adverb,kɹˈɪtɪkəli,B2,cefr-j,"CEFR-J custom license (research/commercial use, attribution required)"
criticism,noun,kɹˈɪtɪsˌɪzəm,B2,cefr-j,"CEFR-J custom license (research/commercial use, attribution required)"
crocodile,noun,kɹˈɑkədˌaɪl,B2,cefr-j,"CEFR-J custom license (research/commercial use, attribution required)"
crossly,adverb,,B2,cefr-j,"CEFR-J custom license (research/commercial use, attribution required)"
crucial,adjective,kɹˈuʃəl,B2,cefr-j,"CEFR-J custom license (research/commercial use, attribution required)"
cruelly,adverb,kɹˈuli,B2,cefr-j,"CEFR-J custom license (research/commercial use, attribution required)"
cruelty,noun,kɹˈulti,B2,cefr-j,"CEFR-J custom license (research/commercial use, attribution required)"
cruise,verb,kɹˈuz,B2,cefr-j,"CEFR-J custom license (research/commercial use, attribution required)"
crystallize,verb,kɹˈɪstəlˌaɪz,B2,cefr-j,"CEFR-J custom license (research/commercial use, attribution required)"
cube,noun,kjˈub,B2,cefr-j,"CEFR-J custom license (research/commercial use, attribution required)"
cubism,noun,kjˈubɪzəm,B2,cefr-j,"CEFR-J custom license (research/commercial use, attribution required)"
cuff,noun,kˈʌf,B2,cefr-j,"CEFR-J custom license (research/commercial use, attribution required)"
culmination,noun,kˌʌlmənˈeɪʃən,B2,cefr-j,"CEFR-J custom license (research/commercial use, attribution required)"
culturally,adverb,kˈʌltʃɚəlˌi,B2,cefr-j,"CEFR-J custom license (research/commercial use, attribution required)"
cure,verb,kjˈʊɹ,B2,cefr-j,"CEFR-J custom license (research/commercial use, attribution required)"
curl,noun,kˈɝl,B2,cefr-j,"CEFR-J custom license (research/commercial use, attribution required)"
cursor,noun,kˈɝsɚ,B2,cefr-j,"CEFR-J custom license (research/commercial use, attribution required)"
cyberaddict,noun,,B2,cefr-j,"CEFR-J custom license (research/commercial use, attribution required)"
cybercafe,noun,,B2,cefr-j,"CEFR-J custom license (research/commercial use, attribution required)"
cybercrime,noun,,B2,cefr-j,"CEFR-J custom license (research/commercial use, attribution required)"
cyberpet,noun,,B2,cefr-j,"CEFR-J custom license (research/commercial use, attribution required)"
cyberschool,noun,,B2,cefr-j,"CEFR-J custom license (research/commercial use, attribution required)"
cyberspace,noun,sˈaɪbɚspˌeɪs,B2,cefr-j,"CEFR-J custom license (research/commercial use, attribution required)"
cyclist,noun,sˈaɪkəlɪst,B2,cefr-j,"CEFR-J custom license (research/commercial use, attribution required)"
daft,adjective,dˈæft,B2,cefr-j,"CEFR-J custom license (research/commercial use, attribution required)"
damn,adjective,dˈæm,B2,cefr-j,"CEFR-J custom license (research/commercial use, attribution required)"
damn,adverb,dˈæm,B2,cefr-j,"CEFR-J custom license (research/commercial use, attribution required)"
damn,interjection,dˈæm,B2,cefr-j,"CEFR-J custom license (research/commercial use, attribution required)"
dandelion,noun,dˈændəlˌaɪən,B2,cefr-j,"CEFR-J custom license (research/commercial use, attribution required)"
darling,adjective,dˈɑɹlɪŋ,B2,cefr-j,"CEFR-J custom license (research/commercial use, attribution required)"
darling,noun,dˈɑɹlɪŋ,B2,cefr-j,"CEFR-J custom license (research/commercial use, attribution required)"
dash,noun,dˈæʃ,B2,cefr-j,"CEFR-J custom license (research/commercial use, attribution required)"
dash,verb,dˈæʃ,B2,cefr-j,"CEFR-J custom license (research/commercial use, attribution required)"
data,noun,dˈeɪtə,B2,cefr-j,"CEFR-J custom license (research/commercial use, attribution required)"
database,noun,dˈeɪtəbˌeɪs,B2,cefr-j,"CEFR-J custom license (research/commercial use, attribution required)"
dated,adjective,dˈeɪtɪd,B2,cefr-j,"CEFR-J custom license (research/commercial use, attribution required)"
daughter-in-law,noun,dˈɔtɚɪnlˌɔ,B2,cefr-j,"CEFR-J custom license (research/commercial use, attribution required)"
dawn,noun,dˈɔn,B2,cefr-j,"CEFR-J custom license (research/commercial use, attribution required)"
daytime,noun,dˈeɪtˌaɪm,B2,cefr-j,"CEFR-J custom license (research/commercial use, attribution required)"
de facto,adjective,dˈi fˈæktoʊ,B2,cefr-j,"CEFR-J custom license (research/commercial use, attribution required)"
dear,noun,dˈɪɹ,B2,cefr-j,"CEFR-J custom license (research/commercial use, attribution required)"
dearly,adverb,dˈɪɹli,B2,cefr-j,"CEFR-J custom license (research/commercial use, attribution required)"
debit,noun,dˈɛbɪt,B2,cefr-j,"CEFR-J custom license (research/commercial use, attribution required)"
debit,verb,dˈɛbɪt,B2,cefr-j,"CEFR-J custom license (research/commercial use, attribution required)"
debit card,noun,dˈɛbɪt kˈɑɹd,B2,cefr-j,"CEFR-J custom license (research/commercial use, attribution required)"
decade,noun,dɛkˈeɪd,B2,cefr-j,"CEFR-J custom license (research/commercial use, attribution required)"
decay,verb,dɪkˈeɪ,B2,cefr-j,"CEFR-J custom license (research/commercial use, attribution required)"
deceive,verb,dɪsˈiv,B2,cefr-j,"CEFR-J custom license (research/commercial use, attribution required)"
decent,adjective,dˈisənt,B2,cefr-j,"CEFR-J custom license (research/commercial use, attribution required)"
deceptive,adjective,dɪsˈɛptɪv,B2,cefr-j,"CEFR-J custom license (research/commercial use, attribution required)"
decisive,adjective,dɪsˈaɪsɪv,B2,cefr-j,"CEFR-J custom license (research/commercial use, attribution required)"
deck,noun,dˈɛk,B2,cefr-j,"CEFR-J custom license (research/commercial use, attribution required)"
decline,verb,dɪklˈaɪn,B2,cefr-j,"CEFR-J custom license (research/commercial use, attribution required)"
decomposition,noun,dˌikəmpoʊzˈɪʃən,B2,cefr-j,"CEFR-J custom license (research/commercial use, attribution required)"
decorate,verb,dˈɛkɚˌeɪt,B2,cefr-j,"CEFR-J custom license (research/commercial use, attribution required)"
decoration,noun,dˌɛkɚˈeɪʃən,B2,cefr-j,"CEFR-J custom license (research/commercial use, attribution required)"
decorative,adjective,dˈɛkɹətɪv,B2,cefr-j,"CEFR-J custom license (research/commercial use, attribution required)"
dedication,noun,dˌɛdəkˈeɪʃən,B2,cefr-j,"CEFR-J custom license (research/commercial use, attribution required)"
deduce,verb,dɪdˈus,B2,cefr-j,"CEFR-J custom license (research/commercial use, attribution required)"
deduction,noun,dɪdˈʌkʃən,B2,cefr-j,"CEFR-J custom license (research/commercial use, attribution required)"
deem,verb,dˈim,B2,cefr-j,"CEFR-J custom license (research/commercial use, attribution required)"
deep,adjective,dˈip,B2,cefr-j,"CEFR-J custom license (research/commercial use, attribution required)"
deer,noun,dˈɪɹ,B2,cefr-j,"CEFR-J custom license (research/commercial use, attribution required)"
defeat,noun,dɪfˈit,B2,cefr-j,"CEFR-J custom license (research/commercial use, attribution required)"
deficit,noun,dˈɛfəsət,B2,cefr-j,"CEFR-J custom license (research/commercial use, attribution required)"
deforestation,noun,dɪfˌɔɹɪstˈeɪʃən,B2,cefr-j,"CEFR-J custom license (research/commercial use, attribution required)"
defy,verb,dɪfˈaɪ,B2,cefr-j,"CEFR-J custom license (research/commercial use, attribution required)"
dehumanize,verb,dɪhjˈumənaɪz,B2,cefr-j,"CEFR-J custom license (research/commercial use, attribution required)"
delegate,noun,dˈɛləgˌeɪt,B2,cefr-j,"CEFR-J custom license (research/commercial use, attribution required)"
deliberate,adjective,dɪlˈɪbɚət,B2,cefr-j,"CEFR-J custom license (research/commercial use, attribution required)"
deliberately,adverb,dɪlˈɪbɚətli,B2,cefr-j,"CEFR-J custom license (research/commercial use, attribution required)"
delicacy,noun,dˈɛləkəsi,B2,cefr-j,"CEFR-J custom license (research/commercial use, attribution required)"
delicately,adverb,dˈɛləkətli,B2,cefr-j,"CEFR-J custom license (research/commercial use, attribution required)"
delight,verb,dɪlˈaɪt,B2,cefr-j,"CEFR-J custom license (research/commercial use, attribution required)"
demanding,adjective,dɪmˈændɪŋ,B2,cefr-j,"CEFR-J custom license (research/commercial use, attribution required)"
demolish,verb,dɪmˈɑlɪʃ,B2,cefr-j,"CEFR-J custom license (research/commercial use, attribution required)"
denim,noun,dˈɛnəm,B2,cefr-j,"CEFR-J custom license (research/commercial use, attribution required)"
dense,adjective,dˈɛns,B2,cefr-j,"CEFR-J custom license (research/commercial use, attribution required)"
densely,adverb,dˈɛnsli,B2,cefr-j,"CEFR-J custom license (research/commercial use, attribution required)"
dental,adjective,dˈɛntəl,B2,cefr-j,"CEFR-J custom license (research/commercial use, attribution required)"
dependable,adjective,dɪpˈɛndəbəl,B2,cefr-j,"CEFR-J custom license (research/commercial use, attribution required)"
deposit,verb,dəpˈɑzɪt,B2,cefr-j,"CEFR-J custom license (research/commercial use, attribution required)"
deputy,noun,dˈɛpjəti,B2,cefr-j,"CEFR-J custom license (research/commercial use, attribution required)"
descend,verb,dɪsˈɛnd,B2,cefr-j,"CEFR-J custom license (research/commercial use, attribution required)"
descriptive,adjective,dɪskɹˈɪptɪv,B2,cefr-j,"CEFR-J custom license (research/commercial use, attribution required)"
designer,adjective,dɪzˈaɪnɚ,B2,cefr-j,"CEFR-J custom license (research/commercial use, attribution required)"
desirable,adjective,dɪzˈaɪɹəbəl,B2,cefr-j,"CEFR-J custom license (research/commercial use, attribution required)"
desire,verb,dɪzˈaɪɚ,B2,cefr-j,"CEFR-J custom license (research/commercial use, attribution required)"
desktop,noun,dˈɛsktˌɑp,B2,cefr-j,"CEFR-J custom license (research/commercial use, attribution required)"
desolation,noun,dˌɛsəlˈeɪʃən,B2,cefr-j,"CEFR-J custom license (research/commercial use, attribution required)"
desperately,adverb,dˈɛspɚətli,B2,cefr-j,"CEFR-J custom license (research/commercial use, attribution required)"
desperation,noun,dˌɛspɚˈeɪʃən,B2,cefr-j,"CEFR-J custom license (research/commercial use, attribution required)"
despise,verb,dɪspˈaɪz,B2,cefr-j,"CEFR-J custom license (research/commercial use, attribution required)"
destiny,noun,dˈɛstəni,B2,cefr-j,"CEFR-J custom license (research/commercial use, attribution required)"
detach,verb,dˈɪtˌætʃ,B2,cefr-j,"CEFR-J custom license (research/commercial use, attribution required)"
detachment,noun,dɪtˈætʃmənt,B2,cefr-j,"CEFR-J custom license (research/commercial use, attribution required)"
detailed,adjective,dɪtˈeɪld,B2,cefr-j,"CEFR-J custom license (research/commercial use, attribution required)"
detect,verb,dɪtˈɛkt,B2,cefr-j,"CEFR-J custom license (research/commercial use, attribution required)"
determined,adjective,dɪtˈɝmənd,B2,cefr-j,"CEFR-J custom license (research/commercial use, attribution required)"
determiner,noun,,B2,cefr-j,"CEFR-J custom license (research/commercial use, attribution required)"
developing,adjective,dɪvˈɛləpɪŋ,B2,cefr-j,"CEFR-J custom license (research/commercial use, attribution required)"
devil,noun,dˈɛvəl,B2,cefr-j,"CEFR-J custom license (research/commercial use, attribution required)"
devote,verb,dɪvˈoʊt,B2,cefr-j,"CEFR-J custom license (research/commercial use, attribution required)"
devoted,adjective,dɪvˈoʊtɪd,B2,cefr-j,"CEFR-J custom license (research/commercial use, attribution required)"
diarrhea,noun,dˌaɪɚˈiə,B2,cefr-j,"CEFR-J custom license (research/commercial use, attribution required)"
dictator,noun,dɪktˈeɪtɚ,B2,cefr-j,"CEFR-J custom license (research/commercial use, attribution required)"
digest,noun,daɪdʒˈɛst,B2,cefr-j,"CEFR-J custom license (research/commercial use, attribution required)"
dignify,verb,dˈɪgnəfˌaɪ,B2,cefr-j,"CEFR-J custom license (research/commercial use, attribution required)"
dignity,noun,dˈɪgnəti,B2,cefr-j,"CEFR-J custom license (research/commercial use, attribution required)"
dilemma,noun,dɪlˈɛmə,B2,cefr-j,"CEFR-J custom license (research/commercial use, attribution required)"
dim,adjective,dˈɪm,B2,cefr-j,"CEFR-J custom license (research/commercial use, attribution required)"
dime,noun,dˈaɪm,B2,cefr-j,"CEFR-J custom license (research/commercial use, attribution required)"
dimension,noun,dɪmˈɛnʃən,B2,cefr-j,"CEFR-J custom license (research/commercial use, attribution required)"
dip,verb,dˈɪp,B2,cefr-j,"CEFR-J custom license (research/commercial use, attribution required)"
diphtheria,noun,dɪfθˈɪɹiɑ,B2,cefr-j,"CEFR-J custom license (research/commercial use, attribution required)"
diploma,noun,dɪplˈoʊmɑ,B2,cefr-j,"CEFR-J custom license (research/commercial use, attribution required)"
diplomat,noun,dˈɪpləmˌæt,B2,cefr-j,"CEFR-J custom license (research/commercial use, attribution required)"
disappearance,noun,dˌɪsəpˈɪɹəns,B2,cefr-j,"CEFR-J custom license (research/commercial use, attribution required)"
disapproval,noun,dɪsəpɹˈuvəl,B2,cefr-j,"CEFR-J custom license (research/commercial use, attribution required)"
disapprove,verb,dˌɪsəpɹˈuv,B2,cefr-j,"CEFR-J custom license (research/commercial use, attribution required)"
discharge,noun,dɪstʃˈɑɹdʒ,B2,cefr-j,"CEFR-J custom license (research/commercial use, attribution required)"
disciple,noun,dɪsˈaɪpəl,B2,cefr-j,"CEFR-J custom license (research/commercial use, attribution required)"
discipline,noun,dˈɪsəplən,B2,cefr-j,"CEFR-J custom license (research/commercial use, attribution required)"
disconnect,verb,dɪskənˈɛkt,B2,cefr-j,"CEFR-J custom license (research/commercial use, attribution required)"
discredit,verb,dɪskɹˈɛdət,B2,cefr-j,"CEFR-J custom license (research/commercial use, attribution required)"
discriminate,verb,dɪskɹˈɪmənˌeɪt,B2,cefr-j,"CEFR-J custom license (research/commercial use, attribution required)"
disgrace,noun,dɪsgɹˈeɪs,B2,cefr-j,"CEFR-J custom license (research/commercial use, attribution required)"
disguise,noun,dɪsgˈaɪz,B2,cefr-j,"CEFR-J custom license (research/commercial use, attribution required)"
disguise,verb,dɪsgˈaɪz,B2,cefr-j,"CEFR-J custom license (research/commercial use, attribution required)"
dishonesty,noun,dɪsˈɑnəsti,B2,cefr-j,"CEFR-J custom license (research/commercial use, attribution required)"
disillusion,verb,dˌɪsɪlˈuʒən,B2,cefr-j,"CEFR-J custom license (research/commercial use, attribution required)"
dismiss,verb,dɪsmˈɪs,B2,cefr-j,"CEFR-J custom license (research/commercial use, attribution required)"
disorder,noun,dɪsˈɔɹdɚ,B2,cefr-j,"CEFR-J custom license (research/commercial use, attribution required)"
disorderly,adjective,dɪsˈɔɹdɚli,B2,cefr-j,"CEFR-J custom license (research/commercial use, attribution required)"
disorganized,adjective,dɪsˈɔɹgənˌaɪzd,B2,cefr-j,"CEFR-J custom license (research/commercial use, attribution required)"
dispensable,adjective,dɪspˈɛnsəbəl,B2,cefr-j,"CEFR-J custom license (research/commercial use, attribution required)"
displace,verb,dɪsplˈeɪs,B2,cefr-j,"CEFR-J custom license (research/commercial use, attribution required)"
displeasure,noun,dɪsplˈɛʒɚ,B2,cefr-j,"CEFR-J custom license (research/commercial use, attribution required)"
disposal,noun,dɪspˈoʊzəl,B2,cefr-j,"CEFR-J custom license (research/commercial use, attribution required)"
disposition,noun,dˌɪspəzˈɪʃən,B2,cefr-j,"CEFR-J custom license (research/commercial use, attribution required)"
dispute,noun,dɪspjˈut,B2,cefr-j,"CEFR-J custom license (research/commercial use, attribution required)"
disqualify,verb,dɪskwˈɑləfˌaɪ,B2,cefr-j,"CEFR-J custom license (research/commercial use, attribution required)"
disregard,noun,dˌɪsɹɪgˈɑɹd,B2,cefr-j,"CEFR-J custom license (research/commercial use, attribution required)"
disrupt,verb,dɪsɹˈʌpt,B2,cefr-j,"CEFR-J custom license (research/commercial use, attribution required)"
dissatisfaction,noun,dˌɪsætɪsfˈækʃən,B2,cefr-j,"CEFR-J custom license (research/commercial use, attribution required)"
dissatisfied,adjective,dɪsˈætəsfˌaɪd,B2,cefr-j,"CEFR-J custom license (research/commercial use, attribution required)"
dissident,noun,dˈɪsədənt,B2,cefr-j,"CEFR-J custom license (research/commercial use, attribution required)"
distinguished,adjective,dɪstˈɪŋgwɪʃt,B2,cefr-j,"CEFR-J custom license (research/commercial use, attribution required)"
distortion,noun,dɪstˈɔɹʃən,B2,cefr-j,"CEFR-J custom license (research/commercial use, attribution required)"
distract,verb,dɪstɹˈækt,B2,cefr-j,"CEFR-J custom license (research/commercial use, attribution required)"
distraction,noun,dɪstɹˈækʃən,B2,cefr-j,"CEFR-J custom license (research/commercial use, attribution required)"
distressing,adjective,dɪstɹˈɛsɪŋ,B2,cefr-j,"CEFR-J custom license (research/commercial use, attribution required)"
distributor,noun,dɪstɹˈɪbjətɚ,B2,cefr-j,"CEFR-J custom license (research/commercial use, attribution required)"
diversion,noun,daɪvˈɝʒən,B2,cefr-j,"CEFR-J custom license (research/commercial use, attribution required)"
divert,verb,daɪvˈɝt,B2,cefr-j,"CEFR-J custom license (research/commercial use, attribution required)"
divided,adjective,dɪvˈaɪdɪd,B2,cefr-j,"CEFR-J custom license (research/commercial use, attribution required)"
division,noun,dɪvˈɪʒən,B2,cefr-j,"CEFR-J custom license (research/commercial use, attribution required)"
divorce,noun,dɪvˈɔɹs,B2,cefr-j,"CEFR-J custom license (research/commercial use, attribution required)"
divorce,verb,dɪvˈɔɹs,B2,cefr-j,"CEFR-J custom license (research/commercial use, attribution required)"
DNA,noun,dˈiˌɛnˈeɪ,B2,cefr-j,"CEFR-J custom license (research/commercial use, attribution required)"
dock,noun,dˈɑk,B2,cefr-j,"CEFR-J custom license (research/commercial use, attribution required)"
domestic,adjective,dəmˈɛstɪk,B2,cefr-j,"CEFR-J custom license (research/commercial use, attribution required)"
dominate,verb,dˈɑmənˌeɪt,B2,cefr-j,"CEFR-J custom license (research/commercial use, attribution required)"
donate,verb,dˈoʊnˌeɪt,B2,cefr-j,"CEFR-J custom license (research/commercial use, attribution required)"
donation,noun,doʊnˈeɪʃən,B2,cefr-j,"CEFR-J custom license (research/commercial use, attribution required)"
donkey,noun,dˈɑŋki,B2,cefr-j,"CEFR-J custom license (research/commercial use, attribution required)"
doom,noun,dˈum,B2,cefr-j,"CEFR-J custom license (research/commercial use, attribution required)"
doorkeeper,noun,dˈɔɹkˌipɚ,B2,cefr-j,"CEFR-J custom license (research/commercial use, attribution required)"
doorway,noun,dˈɔɹwˌeɪ,B2,cefr-j,"CEFR-J custom license (research/commercial use, attribution required)"
dorm,noun,dˈɔɹm,B2,cefr-j,"CEFR-J custom license (research/commercial use, attribution required)"
dormitory,noun,dˈɔɹmətˌɔɹi,B2,cefr-j,"CEFR-J custom license (research/commercial use, attribution required)"
dose,noun,dˈoʊs,B2,cefr-j,"CEFR-J custom license (research/commercial use, attribution required)"
double,noun,dˈʌbəl,B2,cefr-j,"CEFR-J custom license (research/commercial use, attribution required)"
double,verb,dˈʌbəl,B2,cefr-j,"CEFR-J custom license (research/commercial use, attribution required)"
doubly,adverb,dˈʌbli,B2,cefr-j,"CEFR-J custom license (research/commercial use, attribution required)"
doubt,verb,dˈaʊt,B2,cefr-j,"CEFR-J custom license (research/commercial use, attribution required)"
doubtful,adjective,dˈaʊtfəl,B2,cefr-j,"CEFR-J custom license (research/commercial use, attribution required)"
dove,noun,dˈʌv,B2,cefr-j,"CEFR-J custom license (research/commercial use, attribution required)"
down,adjective,dˈaʊn,B2,cefr-j,"CEFR-J custom license (research/commercial use, attribution required)"
downfall,noun,dˈaʊnfˌɔl,B2,cefr-j,"CEFR-J custom license (research/commercial use, attribution required)"
download,noun,dˈaʊnlˌoʊd,B2,cefr-j,"CEFR-J custom license (research/commercial use, attribution required)"
downsize,verb,dˈaʊnsˌaɪz,B2,cefr-j,"CEFR-J custom license (research/commercial use, attribution required)"
dowry,noun,dˈaʊɹi,B2,cefr-j,"CEFR-J custom license (research/commercial use, attribution required)"
draft,noun,dɹˈæft,B2,cefr-j,"CEFR-J custom license (research/commercial use, attribution required)"
drain,noun,dɹˈeɪn,B2,cefr-j,"CEFR-J custom license (research/commercial use, attribution required)"
drain,verb,dɹˈeɪn,B2,cefr-j,"CEFR-J custom license (research/commercial use, attribution required)"
dramatically,adverb,dɹəmˈætɪkli,B2,cefr-j,"CEFR-J custom license (research/commercial use, attribution required)"
drapery,noun,dɹˈeɪpɚi,B2,cefr-j,"CEFR-J custom license (research/commercial use, attribution required)"
dread,verb,dɹˈɛd,B2,cefr-j,"CEFR-J custom license (research/commercial use, attribution required)"
dreadful,adjective,dɹˈɛdfəl,B2,cefr-j,"CEFR-J custom license (research/commercial use, attribution required)"
dreamy,adjective,dɹˈimi,B2,cefr-j,"CEFR-J custom license (research/commercial use, attribution required)"
drinkable,adjective,dɹˈɪnkəbəl,B2,cefr-j,"CEFR-J custom license (research/commercial use, attribution required)"
droop,noun,dɹˈup,B2,cefr-j,"CEFR-J custom license (research/commercial use, attribution required)"
dropout,noun,dɹˈɑpˌaʊt,B2,cefr-j,"CEFR-J custom license (research/commercial use, attribution required)"
drought,noun,dɹˈaʊt,B2,cefr-j,"CEFR-J custom license (research/commercial use, attribution required)"
duel,noun,dˈuəl,B2,cefr-j,"CEFR-J custom license (research/commercial use, attribution required)"
dumb,adjective,dˈʌm,B2,cefr-j,"CEFR-J custom license (research/commercial use, attribution required)"
duplicate,noun,dˈupləkət,B2,cefr-j,"CEFR-J custom license (research/commercial use, attribution required)"
duplication,noun,djˌupləkˈeɪʃən,B2,cefr-j,"CEFR-J custom license (research/commercial use, attribution required)"
dwarf,noun,dwˈɔɹf,B2,cefr-j,"CEFR-J custom license (research/commercial use, attribution required)"
dye,noun,dˈaɪ,B2,cefr-j,"CEFR-J custom license (research/commercial use, attribution required)"
dynamic,adjective,daɪnˈæmɪk,B2,cefr-j,"CEFR-J custom license (research/commercial use, attribution required)"
eagerly,adverb,ˈigɚli,B2,cefr-j,"CEFR-J custom license (research/commercial use, attribution required)"
eagle,noun,ˈigəl,B2,cefr-j,"CEFR-J custom license (research/commercial use, attribution required)"
earnings,noun,ˈɝnɪŋz,B2,cefr-j,"CEFR-J custom license (research/commercial use, attribution required)"
ease,noun,ˈiz,B2,cefr-j,"CEFR-J custom license (research/commercial use, attribution required)"
ease,verb,ˈiz,B2,cefr-j,"CEFR-J custom license (research/commercial use, attribution required)"
eastward,adverb,ˈistwɚd,B2,cefr-j,"CEFR-J custom license (research/commercial use, attribution required)"
ecologically,adverb,ikəlˈɑdʒɪkli,B2,cefr-j,"CEFR-J custom license (research/commercial use, attribution required)"
ecologist,noun,ɪkˈɑlədʒɪst,B2,cefr-j,"CEFR-J custom license (research/commercial use, attribution required)"
economical,adjective,ˌɛkənˈɑmɪkəl,B2,cefr-j,"CEFR-J custom license (research/commercial use, attribution required)"
economist,noun,ɪkˈɑnəmɪst,B2,cefr-j,"CEFR-J custom license (research/commercial use, attribution required)"
ecstatic,adjective,ɛkstˈætɪk,B2,cefr-j,"CEFR-J custom license (research/commercial use, attribution required)"
edit,noun,ˈɛdət,B2,cefr-j,"CEFR-J custom license (research/commercial use, attribution required)"
edit,verb,ˈɛdət,B2,cefr-j,"CEFR-J custom license (research/commercial use, attribution required)"
editorial,noun,ˌɛdətˈɔɹiəl,B2,cefr-j,"CEFR-J custom license (research/commercial use, attribution required)"
educated,adjective,ˈɛdʒəkˌeɪtɪd,B2,cefr-j,"CEFR-J custom license (research/commercial use, attribution required)"
educator,noun,ˈɛdʒəkˌeɪtɚ,B2,cefr-j,"CEFR-J custom license (research/commercial use, attribution required)"
effectively,adverb,ɪfˈɛktɪvli,B2,cefr-j,"CEFR-J custom license (research/commercial use, attribution required)"
effectiveness,noun,ɪfˈɛktɪvnəs,B2,cefr-j,"CEFR-J custom license (research/commercial use, attribution required)"
elect,verb,ɪlˈɛkt,B2,cefr-j,"CEFR-J custom license (research/commercial use, attribution required)"
elective,adjective,ɪlˈɛktɪv,B2,cefr-j,"CEFR-J custom license (research/commercial use, attribution required)"
electrician,noun,ɪlɛktɹˈɪʃən,B2,cefr-j,"CEFR-J custom license (research/commercial use, attribution required)"
electronically,adverb,ˌɪlˌɛktɹˈɑnɪkəlˌi,B2,cefr-j,"CEFR-J custom license (research/commercial use, attribution required)"
electronics,noun,ˌɪlˌɛktɹˈɑnɪks,B2,cefr-j,"CEFR-J custom license (research/commercial use, attribution required)"
elegance,noun,ˈɛləgəns,B2,cefr-j,"CEFR-J custom license (research/commercial use, attribution required)"
elegant,adjective,ˈɛləgənt,B2,cefr-j,"CEFR-J custom license (research/commercial use, attribution required)"
elegantly,adverb,ˈɛlɪgəntlˌi,B2,cefr-j,"CEFR-J custom license (research/commercial use, attribution required)"
elemental,adjective,ˌɛləmˈɛntəl,B2,cefr-j,"CEFR-J custom license (research/commercial use, attribution required)"
eligible,adjective,ˈɛlədʒəbəl,B2,cefr-j,"CEFR-J custom license (research/commercial use, attribution required)"
elite,noun,ɪlˈit,B2,cefr-j,"CEFR-J custom license (research/commercial use, attribution required)"
eloquence,noun,ˈɛləkwəns,B2,cefr-j,"CEFR-J custom license (research/commercial use, attribution required)"
eloquent,adjective,ˈɛləkwənt,B2,cefr-j,"CEFR-J custom license (research/commercial use, attribution required)"
embassy,noun,ˈɛmbəsi,B2,cefr-j,"CEFR-J custom license (research/commercial use, attribution required)"
embrace,noun,ɛmbɹˈeɪs,B2,cefr-j,"CEFR-J custom license (research/commercial use, attribution required)"
emergence,noun,ɪmˈɝdʒəns,B2,cefr-j,"CEFR-J custom license (research/commercial use, attribution required)"
emphatically,adverb,ɛmfˈætɪkli,B2,cefr-j,"CEFR-J custom license (research/commercial use, attribution required)"
employ,verb,ɛmplˈɔɪ,B2,cefr-j,"CEFR-J custom license (research/commercial use, attribution required)"
employee,noun,ɛmplˈɔɪi,B2,cefr-j,"CEFR-J custom license (research/commercial use, attribution required)"
employer,noun,ɛmplˈɔɪɚ,B2,cefr-j,"CEFR-J custom license (research/commercial use, attribution required)"
encounter,verb,ɪnkˈaʊntɚ,B2,cefr-j,"CEFR-J custom license (research/commercial use, attribution required)"
endeavor,noun,ɪndˈɛvɚ,B2,cefr-j,"CEFR-J custom license (research/commercial use, attribution required)"
endlessly,adverb,ˈɛndləsli,B2,cefr-j,"CEFR-J custom license (research/commercial use, attribution required)"
endorse,verb,ɛndˈɔɹs,B2,cefr-j,"CEFR-J custom license (research/commercial use, attribution required)"
endurance,noun,ˈɛndɚəns,B2,cefr-j,"CEFR-J custom license (research/commercial use, attribution required)"
enduring,adjective,ɛndjˈʊɹɪŋ,B2,cefr-j,"CEFR-J custom license (research/commercial use, attribution required)"
energy,noun,ˈɛnɚdʒi,B2,cefr-j,"CEFR-J custom license (research/commercial use, attribution required)"
enforce,verb,ɛnfˈɔɹs,B2,cefr-j,"CEFR-J custom license (research/commercial use, attribution required)"
engagement,noun,ɛngˈeɪdʒmənt,B2,cefr-j,"CEFR-J custom license (research/commercial use, attribution required)"
engulf,verb,ɪngˈʌlf,B2,cefr-j,"CEFR-J custom license (research/commercial use, attribution required)"
enhance,verb,ɛnhˈæns,B2,cefr-j,"CEFR-J custom license (research/commercial use, attribution required)"
enroll,verb,ɛnɹˈoʊl,B2,cefr-j,"CEFR-J custom license (research/commercial use, attribution required)"
enterprise,noun,ˈɛntɚpɹˌaɪz,B2,cefr-j,"CEFR-J custom license (research/commercial use, attribution required)"
entertaining,adjective,ˌɛntɚtˈeɪnɪŋ,B2,cefr-j,"CEFR-J custom license (research/commercial use, attribution required)"
enthusiastically,adverb,ɪnθˌuziˈæstɪkli,B2,cefr-j,"CEFR-J custom license (research/commercial use, attribution required)"
entitle,verb,ɛntˈaɪtəl,B2,cefr-j,"CEFR-J custom license (research/commercial use, attribution required)"
entrepreneur,noun,ˌɑntɹəpɹənˈɝ,B2,cefr-j,"CEFR-J custom license (research/commercial use, attribution required)"
environment,noun,ɪnvˈaɪɹənmənt,B2,cefr-j,"CEFR-J custom license (research/commercial use, attribution required)"
environmentally,adverb,ɪnvˌaɪɹənmˈɛntəli,B2,cefr-j,"CEFR-J custom license (research/commercial use, attribution required)"
environmentally friendly,adjective,ɪnvˌaɪɹənmˈɛntəli fɹˈɛndli,B2,cefr-j,"CEFR-J custom license (research/commercial use, attribution required)"
envy,verb,ˈɛnvi,B2,cefr-j,"CEFR-J custom license (research/commercial use, attribution required)"
equal,noun,ˈikwəl,B2,cefr-j,"CEFR-J custom license (research/commercial use, attribution required)"
equal,verb,ˈikwəl,B2,cefr-j,"CEFR-J custom license (research/commercial use, attribution required)"
equation,noun,ɪkwˈeɪʒən,B2,cefr-j,"CEFR-J custom license (research/commercial use, attribution required)"
equip,verb,ɪkwˈɪp,B2,cefr-j,"CEFR-J custom license (research/commercial use, attribution required)"
equity,noun,ˈɛkwəti,B2,cefr-j,"CEFR-J custom license (research/commercial use, attribution required)"
erect,adjective,ɪɹˈɛkt,B2,cefr-j,"CEFR-J custom license (research/commercial use, attribution required)"
erupt,verb,ɪɹˈʌpt,B2,cefr-j,"CEFR-J custom license (research/commercial use, attribution required)"
eruption,noun,ˌiɹˈʌpʃən,B2,cefr-j,"CEFR-J custom license (research/commercial use, attribution required)"
essayist,noun,ˈɛsˌeɪɪst,B2,cefr-j,"CEFR-J custom license (research/commercial use, attribution required)"
essentially,adverb,ɛsˈɛnʃəli,B2,cefr-j,"CEFR-J custom license (research/commercial use, attribution required)"
estate,noun,ɪstˈeɪt,B2,cefr-j,"CEFR-J custom license (research/commercial use, attribution required)"
estimate,noun,ˈɛstəmət,B2,cefr-j,"CEFR-J custom license (research/commercial use, attribution required)"
estimated,adjective,ˈɛstəmˌeɪtəd,B2,cefr-j,"CEFR-J custom license (research/commercial use, attribution required)"
eternally,adverb,ɪtˈɝnəli,B2,cefr-j,"CEFR-J custom license (research/commercial use, attribution required)"
ethic,noun,ˈɛθɪk,B2,cefr-j,"CEFR-J custom license (research/commercial use, attribution required)"
ethnic,adjective,ˈɛθnɪk,B2,cefr-j,"CEFR-J custom license (research/commercial use, attribution required)"
evacuate,verb,ɪvˈækjəˌeɪt,B2,cefr-j,"CEFR-J custom license (research/commercial use, attribution required)"
evacuation,noun,ɪvˌækjəwˈeɪʃən,B2,cefr-j,"CEFR-J custom license (research/commercial use, attribution required)"
evaluate,verb,ɪvˈæljuˌeɪt,B2,cefr-j,"CEFR-J custom license (research/commercial use, attribution required)"
evaluation,noun,ɪvˌæljuˈeɪʃən,B2,cefr-j,"CEFR-J custom license (research/commercial use, attribution required)"
everlasting,adjective,ˌɛvɚlˈæstɪŋ,B2,cefr-j,"CEFR-J custom license (research/commercial use, attribution required)"
evidently,adverb,ˈɛvədəntli,B2,cefr-j,"CEFR-J custom license (research/commercial use, attribution required)"
evil,adjective,ˈivəl,B2,cefr-j,"CEFR-J custom license (research/commercial use, attribution required)"
evil,noun,ˈivəl,B2,cefr-j,"CEFR-J custom license (research/commercial use, attribution required)"
evolution,noun,ˌɛvəlˈuʃən,B2,cefr-j,"CEFR-J custom license (research/commercial use, attribution required)"
evolve,verb,ɪvˈɑlv,B2,cefr-j,"CEFR-J custom license (research/commercial use, attribution required)"
exactness,noun,,B2,cefr-j,"CEFR-J custom license (research/commercial use, attribution required)"
exaggerate,noun,ɪgzˈædʒɚˌeɪt,B2,cefr-j,"CEFR-J custom license (research/commercial use, attribution required)"
exaggeration,noun,ɪgzˌædʒɚˈeɪʃən,B2,cefr-j,"CEFR-J custom license (research/commercial use, attribution required)"
exalt,verb,ɪgzˈɔlt,B2,cefr-j,"CEFR-J custom license (research/commercial use, attribution required)"
examinee,noun,,B2,cefr-j,"CEFR-J custom license (research/commercial use, attribution required)"
exceed,verb,ɪksˈid,B2,cefr-j,"CEFR-J custom license (research/commercial use, attribution required)"
excel,verb,ɪksˈɛl,B2,cefr-j,"CEFR-J custom license (research/commercial use, attribution required)"
exception,noun,ɪksˈɛpʃən,B2,cefr-j,"CEFR-J custom license (research/commercial use, attribution required)"
exceptional,adjective,ɪksˈɛpʃənəl,B2,cefr-j,"CEFR-J custom license (research/commercial use, attribution required)"
exceptionally,adverb,ɪksˈɛpʃənəli,B2,cefr-j,"CEFR-J custom license (research/commercial use, attribution required)"
excessive,adjective,ɪksˈɛsɪv,B2,cefr-j,"CEFR-J custom license (research/commercial use, attribution required)"
exclaim,verb,ɪksklˈeɪm,B2,cefr-j,"CEFR-J custom license (research/commercial use, attribution required)"
exclamation mark,noun,ˌɛkskləmˈeɪʃən mˈɑɹk,B2,cefr-j,"CEFR-J custom license (research/commercial use, attribution required)"
exclude,verb,ɪksklˈud,B2,cefr-j,"CEFR-J custom license (research/commercial use, attribution required)"
exclusion,noun,ɪksklˈuʒən,B2,cefr-j,"CEFR-J custom license (research/commercial use, attribution required)"
exclusively,adverb,ɪksklˈusɪvli,B2,cefr-j,"CEFR-J custom license (research/commercial use, attribution required)"
excursion,noun,ɪkskˈɝʒən,B2,cefr-j,"CEFR-J custom license (research/commercial use, attribution required)"
execute,verb,ˈɛksəkjˌut,B2,cefr-j,"CEFR-J custom license (research/commercial use, attribution required)"
execution,noun,ˌɛksəkjˈuʃən,B2,cefr-j,"CEFR-J custom license (research/commercial use, attribution required)"
executive,adjective,ɪgzˈɛkjətɪv,B2,cefr-j,"CEFR-J custom license (research/commercial use, attribution required)"
executive,noun,ɪgzˈɛkjətɪv,B2,cefr-j,"CEFR-J custom license (research/commercial use, attribution required)"
exhaust,noun,ɪgzˈɔst,B2,cefr-j,"CEFR-J custom license (research/commercial use, attribution required)"
exhausting,adjective,ɪgzˈɔstɪŋ,B2,cefr-j,"CEFR-J custom license (research/commercial use, attribution required)"
exhaustion,noun,ɪgzˈɔstʃən,B2,cefr-j,"CEFR-J custom license (research/commercial use, attribution required)"
exhibit,verb,ɪgzˈɪbɪt,B2,cefr-j,"CEFR-J custom license (research/commercial use, attribution required)"
exile,noun,ˈɛgzˌaɪl,B2,cefr-j,"CEFR-J custom license (research/commercial use, attribution required)"
existing,adjective,ɪgzˈɪstɪŋ,B2,cefr-j,"CEFR-J custom license (research/commercial use, attribution required)"
exotic,adjective,ɪgzˈɑtɪk,B2,cefr-j,"CEFR-J custom license (research/commercial use, attribution required)"
expansion,noun,ɪkspˈænʃən,B2,cefr-j,"CEFR-J custom license (research/commercial use, attribution required)"
expectation,noun,ˌɛkspɛktˈeɪʃən,B2,cefr-j,"CEFR-J custom license (research/commercial use, attribution required)"
expected,adjective,ɪkspˈɛktəd,B2,cefr-j,"CEFR-J custom license (research/commercial use, attribution required)"
expedition,noun,ˌɛkspədˈɪʃən,B2,cefr-j,"CEFR-J custom license (research/commercial use, attribution required)"
experiment,verb,ɪkspˈɛɹəmənt,B2,cefr-j,"CEFR-J custom license (research/commercial use, attribution required)"
expert,adjective,ˈɛkspɚt,B2,cefr-j,"CEFR-J custom license (research/commercial use, attribution required)"
explode,verb,ɪksplˈoʊd,B2,cefr-j,"CEFR-J custom license (research/commercial use, attribution required)"
exploit,verb,ˈɛksplˌɔɪt,B2,cefr-j,"CEFR-J custom license (research/commercial use, attribution required)"
explorer,noun,ɪksplˈɔɹɚ,B2,cefr-j,"CEFR-J custom license (research/commercial use, attribution required)"
explosive,adjective,ɪksplˈoʊsɪv,B2,cefr-j,"CEFR-J custom license (research/commercial use, attribution required)"
explosive,noun,ɪksplˈoʊsɪv,B2,cefr-j,"CEFR-J custom license (research/commercial use, attribution required)"
export,noun,ˈɛkspɔɹt,B2,cefr-j,"CEFR-J custom license (research/commercial use, attribution required)"
export,verb,ˈɛkspɔɹt,B2,cefr-j,"CEFR-J custom license (research/commercial use, attribution required)"
expressive,adjective,ɪkspɹˈɛsɪv,B2,cefr-j,"CEFR-J custom license (research/commercial use, attribution required)"
exquisite,adjective,ˈɛkskwəzət,B2,cefr-j,"CEFR-J custom license (research/commercial use, attribution required)"
extension,noun,ɪkstˈɛnʃən,B2,cefr-j,"CEFR-J custom license (research/commercial use, attribution required)"
extensive,adjective,ɪkstˈɛnsɪv,B2,cefr-j,"CEFR-J custom license (research/commercial use, attribution required)"
external,adjective,ɪkstˈɝnəl,B2,cefr-j,"CEFR-J custom license (research/commercial use, attribution required)"
extract,noun,ˈɛkstɹˌækt,B2,cefr-j,"CEFR-J custom license (research/commercial use, attribution required)"
extract,verb,ˈɛkstɹˌækt,B2,cefr-j,"CEFR-J custom license (research/commercial use, attribution required)"
extraordinarily,adverb,ɛkstɹˌɔɹdənˈɛɹəli,B2,cefr-j,"CEFR-J custom license (research/commercial use, attribution required)"
exultant,adjective,ɪgzˈʌltənt,B2,cefr-j,"CEFR-J custom license (research/commercial use, attribution required)"
eyebrow,noun,ˈaɪbɹˌaʊ,B2,cefr-j,"CEFR-J custom license (research/commercial use, attribution required)"
eyelash,noun,ˈaɪlˌæʃ,B2,cefr-j,"CEFR-J custom license (research/commercial use, attribution required)"
eyelid,noun,ˈaɪlˌɪd,B2,cefr-j,"CEFR-J custom license (research/commercial use, attribution required)"
fabric,noun,fˈæbɹɪk,B2,cefr-j,"CEFR-J custom license (research/commercial use, attribution required)"
fabulous,adjective,fˈæbjələs,B2,cefr-j,"CEFR-J custom license (research/commercial use, attribution required)"
facilitate,verb,fəsˈɪlətˌeɪt,B2,cefr-j,"CEFR-J custom license (research/commercial use, attribution required)"
facilities,noun,fəsˈɪlətiz,B2,cefr-j,"CEFR-J custom license (research/commercial use, attribution required)"
factor,noun,fˈæktɚ,B2,cefr-j,"CEFR-J custom license (research/commercial use, attribution required)"
faculty,noun,fˈækəlti,B2,cefr-j,"CEFR-J custom license (research/commercial use, attribution required)"
faint,verb,fˈeɪnt,B2,cefr-j,"CEFR-J custom license (research/commercial use, attribution required)"
faith,noun,fˈeɪθ,B2,cefr-j,"CEFR-J custom license (research/commercial use, attribution required)"
falter,verb,fˈɔltɚ,B2,cefr-j,"CEFR-J custom license (research/commercial use, attribution required)"
fame,noun,fˈeɪm,B2,cefr-j,"CEFR-J custom license (research/commercial use, attribution required)"
familiarize,verb,fəmˈɪljɚˌaɪz,B2,cefr-j,"CEFR-J custom license (research/commercial use, attribution required)"
fantastically,adverb,fæntˈæstɪkli,B2,cefr-j,"CEFR-J custom license (research/commercial use, attribution required)"
far,adjective,fˈɑɹ,B2,cefr-j,"CEFR-J custom license (research/commercial use, attribution required)"
fascinated,adjective,fˈæsənˌeɪtəd,B2,cefr-j,"CEFR-J custom license (research/commercial use, attribution required)"
fascination,noun,fˌæsənˈeɪʃən,B2,cefr-j,"CEFR-J custom license (research/commercial use, attribution required)"
fat,noun,fˈæt,B2,cefr-j,"CEFR-J custom license (research/commercial use, attribution required)"
fatal,adjective,fˈeɪtəl,B2,cefr-j,"CEFR-J custom license (research/commercial use, attribution required)"
fate,noun,fˈeɪt,B2,cefr-j,"CEFR-J custom license (research/commercial use, attribution required)"
father-in-law,noun,fˈɑðɚɪnlˌɔ,B2,cefr-j,"CEFR-J custom license (research/commercial use, attribution required)"
faulty,adjective,fˈɔlti,B2,cefr-j,"CEFR-J custom license (research/commercial use, attribution required)"
fear,verb,fˈɪɹ,B2,cefr-j,"CEFR-J custom license (research/commercial use, attribution required)"
fearsome,adjective,fˈɪɹsəm,B2,cefr-j,"CEFR-J custom license (research/commercial use, attribution required)"
feat,noun,fˈit,B2,cefr-j,"CEFR-J custom license (research/commercial use, attribution required)"
feature,verb,fˈitʃɚ,B2,cefr-j,"CEFR-J custom license (research/commercial use, attribution required)"
fed up,adjective,fˈɛd ˈʌp,B2,cefr-j,"CEFR-J custom license (research/commercial use, attribution required)"
federal,adjective,fˈɛdɚəl,B2,cefr-j,"CEFR-J custom license (research/commercial use, attribution required)"
feedback,noun,fˈidbˌæk,B2,cefr-j,"CEFR-J custom license (research/commercial use, attribution required)"
fellow,adjective,fˈɛloʊ,B2,cefr-j,"CEFR-J custom license (research/commercial use, attribution required)"
female,noun,fˈimˌeɪl,B2,cefr-j,"CEFR-J custom license (research/commercial use, attribution required)"
ferryboat,noun,fˈɛɹibˌoʊt,B2,cefr-j,"CEFR-J custom license (research/commercial use, attribution required)"
fiber,noun,fˈaɪbɚ,B2,cefr-j,"CEFR-J custom license (research/commercial use, attribution required)"
fictional,adjective,fˈɪkʃənəl,B2,cefr-j,"CEFR-J custom license (research/commercial use, attribution required)"
fierce,adjective,fˈɪɹs,B2,cefr-j,"CEFR-J custom license (research/commercial use, attribution required)"
fighting,noun,fˈaɪtɪŋ,B2,cefr-j,"CEFR-J custom license (research/commercial use, attribution required)"
figurative,adjective,fˈɪgjɚətɪv,B2,cefr-j,"CEFR-J custom license (research/commercial use, attribution required)"
file,verb,fˈaɪl,B2,cefr-j,"CEFR-J custom license (research/commercial use, attribution required)"
filial,adjective,fˈɪliəl,B2,cefr-j,"CEFR-J custom license (research/commercial use, attribution required)"
finance,noun,fənˈæns,B2,cefr-j,"CEFR-J custom license (research/commercial use, attribution required)"
financially,adverb,fənˈænʃəli,B2,cefr-j,"CEFR-J custom license (research/commercial use, attribution required)"
fine,adverb,fˈaɪn,B2,cefr-j,"CEFR-J custom license (research/commercial use, attribution required)"
fine,verb,fˈaɪn,B2,cefr-j,"CEFR-J custom license (research/commercial use, attribution required)"
finely,adverb,fˈaɪnli,B2,cefr-j,"CEFR-J custom license (research/commercial use, attribution required)"
fingernail,noun,fˈɪŋgɚnˌeɪl,B2,cefr-j,"CEFR-J custom license (research/commercial use, attribution required)"
fire,verb,fˈaɪɚ,B2,cefr-j,"CEFR-J custom license (research/commercial use, attribution required)"
fire brigade,noun,fˈaɪɚ bɹəgˈeɪd,B2,cefr-j,"CEFR-J custom license (research/commercial use, attribution required)"
firearm,noun,fˈaɪɚˌɑɹm,B2,cefr-j,"CEFR-J custom license (research/commercial use, attribution required)"
fireplace,noun,fˈaɪɚplˌeɪs,B2,cefr-j,"CEFR-J custom license (research/commercial use, attribution required)"
firmness,noun,fˈɝmnəs,B2,cefr-j,"CEFR-J custom license (research/commercial use, attribution required)"
first language,noun,fˈɝst lˈæŋgwədʒ,B2,cefr-j,"CEFR-J custom license (research/commercial use, attribution required)"
first person,noun,fˈɝst pˈɝsən,B2,cefr-j,"CEFR-J custom license (research/commercial use, attribution required)"
firstly,adverb,fˈɝstli,B2,cefr-j,"CEFR-J custom license (research/commercial use, attribution required)"
fiscal,adjective,fˈɪskəl,B2,cefr-j,"CEFR-J custom license (research/commercial use, attribution required)"
fit,noun,fˈɪt,B2,cefr-j,"CEFR-J custom license (research/commercial use, attribution required)"
fixed,adjective,fˈɪkst,B2,cefr-j,"CEFR-J custom license (research/commercial use, attribution required)"
flame,noun,flˈeɪm,B2,cefr-j,"CEFR-J custom license (research/commercial use, attribution required)"
flap,verb,flˈæp,B2,cefr-j,"CEFR-J custom license (research/commercial use, attribution required)"
flash,noun,flˈæʃ,B2,cefr-j,"CEFR-J custom license (research/commercial use, attribution required)"
flash,verb,flˈæʃ,B2,cefr-j,"CEFR-J custom license (research/commercial use, attribution required)"
flat,adverb,flˈæt,B2,cefr-j,"CEFR-J custom license (research/commercial use, attribution required)"
flaw,noun,flˈɔ,B2,cefr-j,"CEFR-J custom license (research/commercial use, attribution required)"
flawless,adjective,flˈɔləs,B2,cefr-j,"CEFR-J custom license (research/commercial use, attribution required)"
flax,noun,flˈæks,B2,cefr-j,"CEFR-J custom license (research/commercial use, attribution required)"
flee,verb,flˈi,B2,cefr-j,"CEFR-J custom license (research/commercial use, attribution required)"
fleet,noun,flˈit,B2,cefr-j,"CEFR-J custom license (research/commercial use, attribution required)"
flesh,noun,flˈɛʃ,B2,cefr-j,"CEFR-J custom license (research/commercial use, attribution required)"
flexibility,noun,flˌɛksəbˈɪləti,B2,cefr-j,"CEFR-J custom license (research/commercial use, attribution required)"
flexible,adjective,flˈɛksəbəl,B2,cefr-j,"CEFR-J custom license (research/commercial use, attribution required)"
flexibly,adverb,flˈɛksəbli,B2,cefr-j,"CEFR-J custom license (research/commercial use, attribution required)"
flip,verb,flˈɪp,B2,cefr-j,"CEFR-J custom license (research/commercial use, attribution required)"
fluency,noun,flˈuənsi,B2,cefr-j,"CEFR-J custom license (research/commercial use, attribution required)"
fluid,adjective,flˈuəd,B2,cefr-j,"CEFR-J custom license (research/commercial use, attribution required)"
flutter,noun,flˈʌtɚ,B2,cefr-j,"CEFR-J custom license (research/commercial use, attribution required)"
focus,noun,fˈoʊkəs,B2,cefr-j,"CEFR-J custom license (research/commercial use, attribution required)"
follower,noun,fˈɑloʊɚ,B2,cefr-j,"CEFR-J custom license (research/commercial use, attribution required)"
following,preposition,fˈɑloʊɪŋ,B2,cefr-j,"CEFR-J custom license (research/commercial use, attribution required)"
folly,noun,fˈɑli,B2,cefr-j,"CEFR-J custom license (research/commercial use, attribution required)"
fondly,adverb,fˈɑndli,B2,cefr-j,"CEFR-J custom license (research/commercial use, attribution required)"
foolishly,adverb,fˈulɪʃli,B2,cefr-j,"CEFR-J custom license (research/commercial use, attribution required)"
footnote,noun,fˈʊtnˌoʊt,B2,cefr-j,"CEFR-J custom license (research/commercial use, attribution required)"
force,verb,fˈɔɹs,B2,cefr-j,"CEFR-J custom license (research/commercial use, attribution required)"
forcefully,adverb,fˈɔɹsfəli,B2,cefr-j,"CEFR-J custom license (research/commercial use, attribution required)"
foreman,noun,fˈɔɹmən,B2,cefr-j,"CEFR-J custom license (research/commercial use, attribution required)"
foresee,verb,fɔɹsˈi,B2,cefr-j,"CEFR-J custom license (research/commercial use, attribution required)"
forestry,noun,fˈɔɹəstɹi,B2,cefr-j,"CEFR-J custom license (research/commercial use, attribution required)"
formation,noun,fɔɹmˈeɪʃən,B2,cefr-j,"CEFR-J custom license (research/commercial use, attribution required)"
formerly,adverb,fˈɔɹmɚli,B2,cefr-j,"CEFR-J custom license (research/commercial use, attribution required)"
formidable,adjective,fˈɔɹmədəbəl,B2,cefr-j,"CEFR-J custom license (research/commercial use, attribution required)"
forthcoming,adjective,fˈɔɹθkˈʌmɪŋ,B2,cefr-j,"CEFR-J custom license (research/commercial use, attribution required)"
foul,adjective,fˈaʊl,B2,cefr-j,"CEFR-J custom license (research/commercial use, attribution required)"
found,verb,fˈaʊnd,B2,cefr-j,"CEFR-J custom license (research/commercial use, attribution required)"
fox,noun,fˈɑks,B2,cefr-j,"CEFR-J custom license (research/commercial use, attribution required)"
fragrance,noun,fɹˈeɪgɹəns,B2,cefr-j,"CEFR-J custom license (research/commercial use, attribution required)"
frame,verb,fɹˈeɪm,B2,cefr-j,"CEFR-J custom license (research/commercial use, attribution required)"
frankly,adverb,fɹˈæŋkli,B2,cefr-j,"CEFR-J custom license (research/commercial use, attribution required)"
frantically,adverb,fɹˈæntəkəli,B2,cefr-j,"CEFR-J custom license (research/commercial use, attribution required)"
fraud,noun,fɹˈɔd,B2,cefr-j,"CEFR-J custom license (research/commercial use, attribution required)"
freak,verb,fɹˈik,B2,cefr-j,"CEFR-J custom license (research/commercial use, attribution required)"
free,verb,fɹˈi,B2,cefr-j,"CEFR-J custom license (research/commercial use, attribution required)"
friendly,adjective,fɹˈɛndli,B2,cefr-j,"CEFR-J custom license (research/commercial use, attribution required)"
frigate,noun,fɹˈɪgət,B2,cefr-j,"CEFR-J custom license (research/commercial use, attribution required)"
frontier,noun,fɹəntˈɪɹ,B2,cefr-j,"CEFR-J custom license (research/commercial use, attribution required)"
frugal,adjective,fɹˈugəl,B2,cefr-j,"CEFR-J custom license (research/commercial use, attribution required)"
fulfill,verb,fʊlfˈɪl,B2,cefr-j,"CEFR-J custom license (research/commercial use, attribution required)"
fume,noun,fjˈum,B2,cefr-j,"CEFR-J custom license (research/commercial use, attribution required)"
functional,adjective,fˈʌŋkʃənəl,B2,cefr-j,"CEFR-J custom license (research/commercial use, attribution required)"
functionality,noun,fˌʌŋkʃənˈælɪti,B2,cefr-j,"CEFR-J custom license (research/commercial use, attribution required)"
fundamental,adjective,fˌʌndəmˈɛntəl,B2,cefr-j,"CEFR-J custom license (research/commercial use, attribution required)"
funk,noun,fˈʌŋk,B2,cefr-j,"CEFR-J custom license (research/commercial use, attribution required)"
funky,adjective,fˈʌŋki,B2,cefr-j,"CEFR-J custom license (research/commercial use, attribution required)"
furious,adjective,fjˈʊɹiəs,B2,cefr-j,"CEFR-J custom license (research/commercial use, attribution required)"
furiously,adverb,fjˈʊɹiəsli,B2,cefr-j,"CEFR-J custom license (research/commercial use, attribution required)"
furor,noun,fjˈʊɹɔɹ,B2,cefr-j,"CEFR-J custom license (research/commercial use, attribution required)"
gaiety,noun,,B2,cefr-j,"CEFR-J custom license (research/commercial use, attribution required)"
gambling,noun,gˈæmbəlɪŋ,B2,cefr-j,"CEFR-J custom license (research/commercial use, attribution required)"
gang,noun,gˈæŋ,B2,cefr-j,"CEFR-J custom license (research/commercial use, attribution required)"
gangster,noun,gˈæŋstɚ,B2,cefr-j,"CEFR-J custom license (research/commercial use, attribution required)"
gardener,noun,gˈɑɹdənɚ,B2,cefr-j,"CEFR-J custom license (research/commercial use, attribution required)"
gasp,noun,gˈæsp,B2,cefr-j,"CEFR-J custom license (research/commercial use, attribution required)"
gateway,noun,gˈeɪtwˌeɪ,B2,cefr-j,"CEFR-J custom license (research/commercial use, attribution required)"
gaudy,adjective,gˈɔdi,B2,cefr-j,"CEFR-J custom license (research/commercial use, attribution required)"
gaze,noun,gˈeɪz,B2,cefr-j,"CEFR-J custom license (research/commercial use, attribution required)"
gear,noun,gˈɪɹ,B2,cefr-j,"CEFR-J custom license (research/commercial use, attribution required)"
generalization,noun,dʒˌɛnɚəlɪzˈeɪʃən,B2,cefr-j,"CEFR-J custom license (research/commercial use, attribution required)"
generalize,verb,dʒˈɛnɚəlˌaɪz,B2,cefr-j,"CEFR-J custom license (research/commercial use, attribution required)"
generosity,noun,dʒˌɛnɚˈɑsəti,B2,cefr-j,"CEFR-J custom license (research/commercial use, attribution required)"
generously,adverb,dʒˈɛnɚəsli,B2,cefr-j,"CEFR-J custom license (research/commercial use, attribution required)"
genius,noun,dʒˈinjəs,B2,cefr-j,"CEFR-J custom license (research/commercial use, attribution required)"
genre,noun,ʒˈɑnɹə,B2,cefr-j,"CEFR-J custom license (research/commercial use, attribution required)"
gently,adverb,dʒˈɛntli,B2,cefr-j,"CEFR-J custom license (research/commercial use, attribution required)"
genuine,adjective,dʒˈɛnjəwən,B2,cefr-j,"CEFR-J custom license (research/commercial use, attribution required)"
genuinely,adverb,dʒˈɛnjəwənli,B2,cefr-j,"CEFR-J custom license (research/commercial use, attribution required)"
geographic,adjective,dʒˌiəgɹˈæfɪk,B2,cefr-j,"CEFR-J custom license (research/commercial use, attribution required)"
germ,noun,dʒˈɝm,B2,cefr-j,"CEFR-J custom license (research/commercial use, attribution required)"
getaway,noun,gˈɛtəwˌeɪ,B2,cefr-j,"CEFR-J custom license (research/commercial use, attribution required)"
ghetto,noun,gˈɛtoʊ,B2,cefr-j,"CEFR-J custom license (research/commercial use, attribution required)"
giveaway,noun,gˈɪvəwˌeɪ,B2,cefr-j,"CEFR-J custom license (research/commercial use, attribution required)"
glacis,noun,glˈeɪsəs,B2,cefr-j,"CEFR-J custom license (research/commercial use, attribution required)"
glamorous,adjective,glˈæmɚəs,B2,cefr-j,"CEFR-J custom license (research/commercial use, attribution required)"
glare,noun,glˈɛɹ,B2,cefr-j,"CEFR-J custom license (research/commercial use, attribution required)"
gleam,noun,glˈim,B2,cefr-j,"CEFR-J custom license (research/commercial use, attribution required)"
glee,noun,glˈi,B2,cefr-j,"CEFR-J custom license (research/commercial use, attribution required)"
global warming,noun,glˈoʊbəl wˈɔɹmɪŋ,B2,cefr-j,"CEFR-J custom license (research/commercial use, attribution required)"
globally,adverb,glˈoʊbəli,B2,cefr-j,"CEFR-J custom license (research/commercial use, attribution required)"
glocal,adjective,,B2,cefr-j,"CEFR-J custom license (research/commercial use, attribution required)"
gloomy,adjective,glˈumi,B2,cefr-j,"CEFR-J custom license (research/commercial use, attribution required)"
glorify,verb,glˈɔɹəfˌaɪ,B2,cefr-j,"CEFR-J custom license (research/commercial use, attribution required)"
glow,noun,glˈoʊ,B2,cefr-j,"CEFR-J custom license (research/commercial use, attribution required)"
goat,noun,gˈoʊt,B2,cefr-j,"CEFR-J custom license (research/commercial use, attribution required)"
god,noun,gˈɑd,B2,cefr-j,"CEFR-J custom license (research/commercial use, attribution required)"
godly,adjective,gˈɑdli,B2,cefr-j,"CEFR-J custom license (research/commercial use, attribution required)"
good,noun,gˈʊd,B2,cefr-j,"CEFR-J custom license (research/commercial use, attribution required)"
goodwill,noun,gˈʊdwˈɪl,B2,cefr-j,"CEFR-J custom license (research/commercial use, attribution required)"
gook,noun,gˈʊk,B2,cefr-j,"CEFR-J custom license (research/commercial use, attribution required)"
gorge,noun,gˈɔɹdʒ,B2,cefr-j,"CEFR-J custom license (research/commercial use, attribution required)"
gossip,verb,gˈɑsəp,B2,cefr-j,"CEFR-J custom license (research/commercial use, attribution required)"
governmental,adjective,gˈʌvɚmˌɛntəl,B2,cefr-j,"CEFR-J custom license (research/commercial use, attribution required)"
gracefulness,noun,,B2,cefr-j,"CEFR-J custom license (research/commercial use, attribution required)"
grade,verb,gɹˈeɪd,B2,cefr-j,"CEFR-J custom license (research/commercial use, attribution required)"
gradual,adjective,gɹˈædʒuəl,B2,cefr-j,"CEFR-J custom license (research/commercial use, attribution required)"
grain,noun,gɹˈeɪn,B2,cefr-j,"CEFR-J custom license (research/commercial use, attribution required)"
grand,adjective,gɹˈænd,B2,cefr-j,"CEFR-J custom license (research/commercial use, attribution required)"
graphically,adverb,gɹˈæfɪkli,B2,cefr-j,"CEFR-J custom license (research/commercial use, attribution required)"
grasp,noun,gɹˈæsp,B2,cefr-j,"CEFR-J custom license (research/commercial use, attribution required)"
gravestone,noun,gɹˈeɪvstˌoʊn,B2,cefr-j,"CEFR-J custom license (research/commercial use, attribution required)"
gravitation,noun,gɹˌævɪtˈeɪʃən,B2,cefr-j,"CEFR-J custom license (research/commercial use, attribution required)"
greatness,noun,gɹˈeɪtnəs,B2,cefr-j,"CEFR-J custom license (research/commercial use, attribution required)"
grief,noun,gɹˈif,B2,cefr-j,"CEFR-J custom license (research/commercial use, attribution required)"
grieve,verb,gɹˈiv,B2,cefr-j,"CEFR-J custom license (research/commercial use, attribution required)"
grim,adjective,gɹˈɪm,B2,cefr-j,"CEFR-J custom license (research/commercial use, attribution required)"
grin,noun,gɹˈɪn,B2,cefr-j,"CEFR-J custom license (research/commercial use, attribution required)"
grip,noun,gɹˈɪp,B2,cefr-j,"CEFR-J custom license (research/commercial use, attribution required)"
grip,verb,gɹˈɪp,B2,cefr-j,"CEFR-J custom license (research/commercial use, attribution required)"
gross,adjective,gɹˈoʊs,B2,cefr-j,"CEFR-J custom license (research/commercial use, attribution required)"
growing,adjective,gɹˈoʊɪŋ,B2,cefr-j,"CEFR-J custom license (research/commercial use, attribution required)"
grown-up,adjective,gɹˈoʊnˌʌp,B2,cefr-j,"CEFR-J custom license (research/commercial use, attribution required)"
grown-up,noun,gɹˈoʊnˌʌp,B2,cefr-j,"CEFR-J custom license (research/commercial use, attribution required)"
guarantee,verb,gˌɛɹəntˈi,B2,cefr-j,"CEFR-J custom license (research/commercial use, attribution required)"
guard,verb,gˈɑɹd,B2,cefr-j,"CEFR-J custom license (research/commercial use, attribution required)"
guerrilla,noun,gɚˈɪlə,B2,cefr-j,"CEFR-J custom license (research/commercial use, attribution required)"
guideline,noun,gˈaɪdlˌaɪn,B2,cefr-j,"CEFR-J custom license (research/commercial use, attribution required)"
gulp,noun,gˈʌlp,B2,cefr-j,"CEFR-J custom license (research/commercial use, attribution required)"
gum,noun,gˈʌm,B2,cefr-j,"CEFR-J custom license (research/commercial use, attribution required)"
gunshot,noun,gˈʌnʃˌɑt,B2,cefr-j,"CEFR-J custom license (research/commercial use, attribution required)"
guts,noun,gˈʌts,B2,cefr-j,"CEFR-J custom license (research/commercial use, attribution required)"
gymnastic,adjective,dʒɪmnˈæstɪk,B2,cefr-j,"CEFR-J custom license (research/commercial use, attribution required)"
habitant,noun,,B2,cefr-j,"CEFR-J custom license (research/commercial use, attribution required)"
hail,verb,hˈeɪl,B2,cefr-j,"CEFR-J custom license (research/commercial use, attribution required)"
hairy,adjective,hˈɛɹi,B2,cefr-j,"CEFR-J custom license (research/commercial use, attribution required)"
hammer,verb,hˈæmɚ,B2,cefr-j,"CEFR-J custom license (research/commercial use, attribution required)"
handicap,noun,hˈændikˌæp,B2,cefr-j,"CEFR-J custom license (research/commercial use, attribution required)"
handicraft,noun,hˈændikɹˌæft,B2,cefr-j,"CEFR-J custom license (research/commercial use, attribution required)"
handout,noun,hˈændˌaʊt,B2,cefr-j,"CEFR-J custom license (research/commercial use, attribution required)"
handrail,noun,hˈændɹˌeɪl,B2,cefr-j,"CEFR-J custom license (research/commercial use, attribution required)"
hang,noun,hˈæŋ,B2,cefr-j,"CEFR-J custom license (research/commercial use, attribution required)"
hard drive,noun,hˈɑɹd dɹˈaɪv,B2,cefr-j,"CEFR-J custom license (research/commercial use, attribution required)"
hardware,noun,hˈɑɹdwˌɛɹ,B2,cefr-j,"CEFR-J custom license (research/commercial use, attribution required)"
harm,noun,hˈɑɹm,B2,cefr-j,"CEFR-J custom license (research/commercial use, attribution required)"
harmless,adjective,hˈɑɹmləs,B2,cefr-j,"CEFR-J custom license (research/commercial use, attribution required)"
harrow,noun,hˈæɹoʊ,B2,cefr-j,"CEFR-J custom license (research/commercial use, attribution required)"
haste,noun,hˈeɪst,B2,cefr-j,"CEFR-J custom license (research/commercial use, attribution required)"
hastily,adverb,hˈeɪstəli,B2,cefr-j,"CEFR-J custom license (research/commercial use, attribution required)"
hatching,noun,hˈætʃɪŋ,B2,cefr-j,"CEFR-J custom license (research/commercial use, attribution required)"
haunt,verb,hˈɔnt,B2,cefr-j,"CEFR-J custom license (research/commercial use, attribution required)"
haunting,adjective,hˈɔntɪŋ,B2,cefr-j,"CEFR-J custom license (research/commercial use, attribution required)"
hay,noun,hˈeɪ,B2,cefr-j,"CEFR-J custom license (research/commercial use, attribution required)"
hazardous,adjective,hˈæzɚdəs,B2,cefr-j,"CEFR-J custom license (research/commercial use, attribution required)"
headquarters,noun,hˈɛdkwˌɔɹtɚz,B2,cefr-j,"CEFR-J custom license (research/commercial use, attribution required)"
health care,noun,hˈɛlθ kˈɛɹ,B2,cefr-j,"CEFR-J custom license (research/commercial use, attribution required)"
heap,noun,hˈip,B2,cefr-j,"CEFR-J custom license (research/commercial use, attribution required)"
heap,verb,hˈip,B2,cefr-j,"CEFR-J custom license (research/commercial use, attribution required)"
heartbreaking,adjective,hˈɑɹtbɹˌeɪkɪŋ,B2,cefr-j,"CEFR-J custom license (research/commercial use, attribution required)"
heartwarming,adjective,hˈɑɹtwˌɔɹmɪŋ,B2,cefr-j,"CEFR-J custom license (research/commercial use, attribution required)"
hedge,noun,hˈɛdʒ,B2,cefr-j,"CEFR-J custom license (research/commercial use, attribution required)"
helicopter,noun,hˈɛlɪkˌɑptɚ,B2,cefr-j,"CEFR-J custom license (research/commercial use, attribution required)"
hell,noun,hˈɛl,B2,cefr-j,"CEFR-J custom license (research/commercial use, attribution required)"
helper,noun,hˈɛlpɚ,B2,cefr-j,"CEFR-J custom license (research/commercial use, attribution required)"
hemp,noun,hˈɛmp,B2,cefr-j,"CEFR-J custom license (research/commercial use, attribution required)"
herb,noun,ˈɝb,B2,cefr-j,"CEFR-J custom license (research/commercial use, attribution required)"
heritage,noun,hˈɛɹətədʒ,B2,cefr-j,"CEFR-J custom license (research/commercial use, attribution required)"
hesitation,noun,hˌɛzətˈeɪʃən,B2,cefr-j,"CEFR-J custom license (research/commercial use, attribution required)"
high-tech,adjective,hˌaɪtˈɛk,B2,cefr-j,"CEFR-J custom license (research/commercial use, attribution required)"
highlight,noun,hˈaɪlˌaɪt,B2,cefr-j,"CEFR-J custom license (research/commercial use, attribution required)"
hijack,noun,hˈaɪdʒˌæk,B2,cefr-j,"CEFR-J custom license (research/commercial use, attribution required)"
hijack,verb,hˈaɪdʒˌæk,B2,cefr-j,"CEFR-J custom license (research/commercial use, attribution required)"
hilarious,adjective,hɪlˈɛɹiəs,B2,cefr-j,"CEFR-J custom license (research/commercial use, attribution required)"
hint,noun,hˈɪnt,B2,cefr-j,"CEFR-J custom license (research/commercial use, attribution required)"
holder,noun,hˈoʊldɚ,B2,cefr-j,"CEFR-J custom license (research/commercial use, attribution required)"
hollow,adjective,hˈɑloʊ,B2,cefr-j,"CEFR-J custom license (research/commercial use, attribution required)"
holocaust,noun,hˈɑləkˌɔst,B2,cefr-j,"CEFR-J custom license (research/commercial use, attribution required)"
homeward,adjective,hˈoʊmwɚd,B2,cefr-j,"CEFR-J custom license (research/commercial use, attribution required)"
hone,noun,hˈoʊn,B2,cefr-j,"CEFR-J custom license (research/commercial use, attribution required)"
honor,verb,ˈɑnɚ,B2,cefr-j,"CEFR-J custom license (research/commercial use, attribution required)"
honorable,adjective,ˈɑnɚəbəl,B2,cefr-j,"CEFR-J custom license (research/commercial use, attribution required)"
hood,noun,hˈʊd,B2,cefr-j,"CEFR-J custom license (research/commercial use, attribution required)"
hook,noun,hˈʊk,B2,cefr-j,"CEFR-J custom license (research/commercial use, attribution required)"
hook,verb,hˈʊk,B2,cefr-j,"CEFR-J custom license (research/commercial use, attribution required)"
hospice,noun,hˈɑspəs,B2,cefr-j,"CEFR-J custom license (research/commercial use, attribution required)"
hospitable,adjective,hˈɑspˈɪtəbəl,B2,cefr-j,"CEFR-J custom license (research/commercial use, attribution required)"
hospitality,noun,hˌɑspətˈæləti,B2,cefr-j,"CEFR-J custom license (research/commercial use, attribution required)"
hospitalize,verb,hˈɔspˌɪtəlˌaɪz,B2,cefr-j,"CEFR-J custom license (research/commercial use, attribution required)"
hourly,adjective,ˈaʊɹli,B2,cefr-j,"CEFR-J custom license (research/commercial use, attribution required)"
housekeeper,noun,hˈaʊskˌipɚ,B2,cefr-j,"CEFR-J custom license (research/commercial use, attribution required)"
housemaster,noun,,B2,cefr-j,"CEFR-J custom license (research/commercial use, attribution required)"
housewife,noun,hˈaʊswˌaɪf,B2,cefr-j,"CEFR-J custom license (research/commercial use, attribution required)"
hover,verb,hˈʌvɚ,B2,cefr-j,"CEFR-J custom license (research/commercial use, attribution required)"
hug,noun,hˈʌg,B2,cefr-j,"CEFR-J custom license (research/commercial use, attribution required)"
hugely,adverb,hjˈudʒli,B2,cefr-j,"CEFR-J custom license (research/commercial use, attribution required)"
human rights,noun,hjˈumən ɹˈaɪts,B2,cefr-j,"CEFR-J custom license (research/commercial use, attribution required)"
humane,adjective,hjumˈeɪn,B2,cefr-j,"CEFR-J custom license (research/commercial use, attribution required)"
humanist,noun,hjˈumənɪst,B2,cefr-j,"CEFR-J custom license (research/commercial use, attribution required)"
humanize,verb,hjˈumənˌaɪz,B2,cefr-j,"CEFR-J custom license (research/commercial use, attribution required)"
humble,adjective,hˈʌmbəl,B2,cefr-j,"CEFR-J custom license (research/commercial use, attribution required)"
humbug,noun,hˈʌmbˌʌg,B2,cefr-j,"CEFR-J custom license (research/commercial use, attribution required)"
humiliate,verb,hjumˈɪliˌeɪt,B2,cefr-j,"CEFR-J custom license (research/commercial use, attribution required)"
humiliating,adjective,hjumˈɪliˌeɪtɪŋ,B2,cefr-j,"CEFR-J custom license (research/commercial use, attribution required)"
humiliation,noun,hjumˌɪliˈeɪʃən,B2,cefr-j,"CEFR-J custom license (research/commercial use, attribution required)"
hunting,noun,hˈʌntɪŋ,B2,cefr-j,"CEFR-J custom license (research/commercial use, attribution required)"
hush,verb,hˈʌʃ,B2,cefr-j,"CEFR-J custom license (research/commercial use, attribution required)"
hybrid,adjective,hˈaɪbɹəd,B2,cefr-j,"CEFR-J custom license (research/commercial use, attribution required)"
hygiene,noun,hˈaɪdʒˌin,B2,cefr-j,"CEFR-J custom license (research/commercial use, attribution required)"
hyperbole,noun,haɪpˈɝbəlˌi,B2,cefr-j,"CEFR-J custom license (research/commercial use, attribution required)"
hyphen,noun,hˈaɪfən,B2,cefr-j,"CEFR-J custom license (research/commercial use, attribution required)"
iceman,noun,ˈaɪsmæn,B2,cefr-j,"CEFR-J custom license (research/commercial use, attribution required)"
icon,noun,ˈaɪkɑn,B2,cefr-j,"CEFR-J custom license (research/commercial use, attribution required)"
icy,adjective,ˈaɪsi,B2,cefr-j,"CEFR-J custom license (research/commercial use, attribution required)"
ideally,adverb,aɪdˈili,B2,cefr-j,"CEFR-J custom license (research/commercial use, attribution required)"
identical,adjective,aɪdˈɛntɪkəl,B2,cefr-j,"CEFR-J custom license (research/commercial use, attribution required)"
identification,noun,aɪdˌɛntəfəkˈeɪʃən,B2,cefr-j,"CEFR-J custom license (research/commercial use, attribution required)"
identify,verb,aɪdˈɛntəfˌaɪ,B2,cefr-j,"CEFR-J custom license (research/commercial use, attribution required)"
ideology,noun,ˌaɪdiˈɑlədʒi,B2,cefr-j,"CEFR-J custom license (research/commercial use, attribution required)"
idiot,noun,ˈɪdˌiət,B2,cefr-j,"CEFR-J custom license (research/commercial use, attribution required)"
idle,adjective,ˈaɪdəl,B2,cefr-j,"CEFR-J custom license (research/commercial use, attribution required)"
idolize,verb,ˈaɪdəlˌaɪz,B2,cefr-j,"CEFR-J custom license (research/commercial use, attribution required)"
ignorance,noun,ˈɪgnɚəns,B2,cefr-j,"CEFR-J custom license (research/commercial use, attribution required)"
ignorant,adjective,ˈɪgnɚənt,B2,cefr-j,"CEFR-J custom license (research/commercial use, attribution required)"
illustrate,verb,ˈɪləstɹˌeɪt,B2,cefr-j,"CEFR-J custom license (research/commercial use, attribution required)"
illustration,noun,ˌɪləstɹˈeɪʃən,B2,cefr-j,"CEFR-J custom license (research/commercial use, attribution required)"
imagery,noun,ˈɪmədʒɹi,B2,cefr-j,"CEFR-J custom license (research/commercial use, attribution required)"
imitation,noun,ˌɪmətˈeɪʃən,B2,cefr-j,"CEFR-J custom license (research/commercial use, attribution required)"
immerse,verb,ˌɪmˈɝs,B2,cefr-j,"CEFR-J custom license (research/commercial use, attribution required)"
immigrant,noun,ˈɪməgɹənt,B2,cefr-j,"CEFR-J custom license (research/commercial use, attribution required)"
immoral,adjective,ˌɪmˈɔɹəl,B2,cefr-j,"CEFR-J custom license (research/commercial use, attribution required)"
immortal,adjective,ˌɪmˈɔɹtəl,B2,cefr-j,"CEFR-J custom license (research/commercial use, attribution required)"
immortality,noun,ˌɪmɔɹtˈælɪti,B2,cefr-j,"CEFR-J custom license (research/commercial use, attribution required)"
impartial,adjective,ˌɪmpˈɑɹʃəl,B2,cefr-j,"CEFR-J custom license (research/commercial use, attribution required)"
impatiently,adverb,ˌɪmpˈeɪʃəntli,B2,cefr-j,"CEFR-J custom license (research/commercial use, attribution required)"
imperative,noun,ˌɪmpˈɛɹətɪv,B2,cefr-j,"CEFR-J custom license (research/commercial use, attribution required)"
impermanent,adjective,,B2,cefr-j,"CEFR-J custom license (research/commercial use, attribution required)"
implement,noun,ˈɪmpləmənt,B2,cefr-j,"CEFR-J custom license (research/commercial use, attribution required)"
implement,verb,ˈɪmpləmənt,B2,cefr-j,"CEFR-J custom license (research/commercial use, attribution required)"
implication,noun,ˌɪmpləkˈeɪʃən,B2,cefr-j,"CEFR-J custom license (research/commercial use, attribution required)"
imply,verb,ˌɪmplˈaɪ,B2,cefr-j,"CEFR-J custom license (research/commercial use, attribution required)"
impolite,adjective,ˌɪmpəlˈaɪt,B2,cefr-j,"CEFR-J custom license (research/commercial use, attribution required)"
impolitely,adverb,,B2,cefr-j,"CEFR-J custom license (research/commercial use, attribution required)"
import,verb,ˌɪmpˈɔɹt,B2,cefr-j,"CEFR-J custom license (research/commercial use, attribution required)"
impose,verb,ˌɪmpˈoʊz,B2,cefr-j,"CEFR-J custom license (research/commercial use, attribution required)"
impossibility,noun,ˌɪmpˌɔsɪbˈɪlɪti,B2,cefr-j,"CEFR-J custom license (research/commercial use, attribution required)"
impractical,adjective,ˌɪmpɹˈæktəkəl,B2,cefr-j,"CEFR-J custom license (research/commercial use, attribution required)"
impressed,adjective,ˌɪmpɹˈɛst,B2,cefr-j,"CEFR-J custom license (research/commercial use, attribution required)"
impressionism,noun,ˌɪmpɹˈɛʃənˌɪzəm,B2,cefr-j,"CEFR-J custom license (research/commercial use, attribution required)"
impressionist,noun,ˌɪmpɹˈɛʃənəst,B2,cefr-j,"CEFR-J custom license (research/commercial use, attribution required)"
imprison,verb,ˌɪmpɹˈɪzən,B2,cefr-j,"CEFR-J custom license (research/commercial use, attribution required)"
imprisonment,noun,ˌɪmpɹˈɪzənmənt,B2,cefr-j,"CEFR-J custom license (research/commercial use, attribution required)"
improbable,adjective,ˌɪmpɹˈɑbəbəl,B2,cefr-j,"CEFR-J custom license (research/commercial use, attribution required)"
improperly,adverb,ˌɪmpɹˈɑpɚli,B2,cefr-j,"CEFR-J custom license (research/commercial use, attribution required)"
improved,adjective,ˌɪmpɹˈuvd,B2,cefr-j,"CEFR-J custom license (research/commercial use, attribution required)"
impulse,noun,ˈɪmpəls,B2,cefr-j,"CEFR-J custom license (research/commercial use, attribution required)"
impulsive,adjective,ˌɪmpˈʌlsɪv,B2,cefr-j,"CEFR-J custom license (research/commercial use, attribution required)"
inaccurate,adjective,ˌɪnˈækjɚət,B2,cefr-j,"CEFR-J custom license (research/commercial use, attribution required)"
inadequate,adjective,ˌɪnˈædəkwət,B2,cefr-j,"CEFR-J custom license (research/commercial use, attribution required)"
inanimate,adjective,ˌɪnˈænəmət,B2,cefr-j,"CEFR-J custom license (research/commercial use, attribution required)"
inborn,adjective,ˈɪnbˌɔɹn,B2,cefr-j,"CEFR-J custom license (research/commercial use, attribution required)"
incense,noun,ˌɪnsˈɛns,B2,cefr-j,"CEFR-J custom license (research/commercial use, attribution required)"
incentive,noun,ˌɪnsˈɛntɪv,B2,cefr-j,"CEFR-J custom license (research/commercial use, attribution required)"
inch,verb,ˈɪntʃ,B2,cefr-j,"CEFR-J custom license (research/commercial use, attribution required)"
incur,verb,ˌɪnkˈɝ,B2,cefr-j,"CEFR-J custom license (research/commercial use, attribution required)"
incurable,adjective,ˌɪnkjˈʊɹəbəl,B2,cefr-j,"CEFR-J custom license (research/commercial use, attribution required)"
indebted,adjective,ˌɪndˈɛtɪd,B2,cefr-j,"CEFR-J custom license (research/commercial use, attribution required)"
indent,verb,ˌɪndˈɛnt,B2,cefr-j,"CEFR-J custom license (research/commercial use, attribution required)"
independently,adverb,ˌɪndɪpˈɛndəntli,B2,cefr-j,"CEFR-J custom license (research/commercial use, attribution required)"
indescribable,adjective,ˌɪndɪskɹˈaɪbəbəl,B2,cefr-j,"CEFR-J custom license (research/commercial use, attribution required)"
index,noun,ˈɪndɛks,B2,cefr-j,"CEFR-J custom license (research/commercial use, attribution required)"
indifferent,adjective,ˌɪndˈɪfɹənt,B2,cefr-j,"CEFR-J custom license (research/commercial use, attribution required)"
indignity,noun,ˌɪndˈɪgnətˌi,B2,cefr-j,"CEFR-J custom license (research/commercial use, attribution required)"
indispensable,adjective,ˌɪndɪspˈɛnsəbəl,B2,cefr-j,"CEFR-J custom license (research/commercial use, attribution required)"
individual,noun,ˌɪndəvˈɪdʒəwəl,B2,cefr-j,"CEFR-J custom license (research/commercial use, attribution required)"
indulge,verb,ˌɪndˈʌldʒ,B2,cefr-j,"CEFR-J custom license (research/commercial use, attribution required)"
indulgent,adjective,ˌɪndˈʌldʒənt,B2,cefr-j,"CEFR-J custom license (research/commercial use, attribution required)"
industrialize,verb,ˌɪndˈʌstɹiəlˌaɪz,B2,cefr-j,"CEFR-J custom license (research/commercial use, attribution required)"
ineffective,adjective,ˌɪnɪfˈɛktɪv,B2,cefr-j,"CEFR-J custom license (research/commercial use, attribution required)"
inert,adjective,ˌɪnˈɝt,B2,cefr-j,"CEFR-J custom license (research/commercial use, attribution required)"
inexperienced,adjective,ɪnɪkspˈɪɹiənst,B2,cefr-j,"CEFR-J custom license (research/commercial use, attribution required)"
infant,noun,ˈɪnfənt,B2,cefr-j,"CEFR-J custom license (research/commercial use, attribution required)"
infect,verb,ˌɪnfˈɛkt,B2,cefr-j,"CEFR-J custom license (research/commercial use, attribution required)"
infected,adjective,ˌɪnfˈɛktɪd,B2,cefr-j,"CEFR-J custom license (research/commercial use, attribution required)"
infectious,adjective,ˌɪnfˈɛkʃəs,B2,cefr-j,"CEFR-J custom license (research/commercial use, attribution required)"
infer,verb,ˌɪnfˈɝ,B2,cefr-j,"CEFR-J custom license (research/commercial use, attribution required)"
inference,noun,ˈɪnfɚəns,B2,cefr-j,"CEFR-J custom license (research/commercial use, attribution required)"
inflammation,noun,ˌɪnfləmˈeɪʃən,B2,cefr-j,"CEFR-J custom license (research/commercial use, attribution required)"
inflammatory,adjective,ɪnflˈæmətˌɔɹi,B2,cefr-j,"CEFR-J custom license (research/commercial use, attribution required)"
inflate,verb,ɪnflˈeɪt,B2,cefr-j,"CEFR-J custom license (research/commercial use, attribution required)"
inflation,noun,ˌɪnflˈeɪʃən,B2,cefr-j,"CEFR-J custom license (research/commercial use, attribution required)"
influence,verb,ˈɪnfluəns,B2,cefr-j,"CEFR-J custom license (research/commercial use, attribution required)"
influential,adjective,ˌɪnfluˈɛnʃəl,B2,cefr-j,"CEFR-J custom license (research/commercial use, attribution required)"
influenza,noun,ˌɪnfluˈɛnzə,B2,cefr-j,"CEFR-J custom license (research/commercial use, attribution required)"
informal,adjective,ˌɪnfˈɔɹməl,B2,cefr-j,"CEFR-J custom license (research/commercial use, attribution required)"
infringe,verb,ˌɪnfɹˈɪndʒ,B2,cefr-j,"CEFR-J custom license (research/commercial use, attribution required)"
infringement,noun,ˌɪnfɹˈɪndʒmənt,B2,cefr-j,"CEFR-J custom license (research/commercial use, attribution required)"
inhabit,verb,ˌɪnhˈæbət,B2,cefr-j,"CEFR-J custom license (research/commercial use, attribution required)"
inherit,verb,ˌɪnhˈɛɹət,B2,cefr-j,"CEFR-J custom license (research/commercial use, attribution required)"
initial,adjective,ˌɪnˈɪʃəl,B2,cefr-j,"CEFR-J custom license (research/commercial use, attribution required)"
initiative,noun,ˌɪnˈɪʃətɪv,B2,cefr-j,"CEFR-J custom license (research/commercial use, attribution required)"
injection,noun,ˌɪndʒˈɛkʃən,B2,cefr-j,"CEFR-J custom license (research/commercial use, attribution required)"
injured,adjective,ˈɪndʒɚd,B2,cefr-j,"CEFR-J custom license (research/commercial use, attribution required)"
innate,adjective,ˌɪnˈeɪt,B2,cefr-j,"CEFR-J custom license (research/commercial use, attribution required)"
innocently,adverb,ˈɪnəsəntli,B2,cefr-j,"CEFR-J custom license (research/commercial use, attribution required)"
innovation,noun,ˌɪnəvˈeɪʃən,B2,cefr-j,"CEFR-J custom license (research/commercial use, attribution required)"
innovative,adjective,ˈɪnəvˌeɪtɪv,B2,cefr-j,"CEFR-J custom license (research/commercial use, attribution required)"
input,noun,ˈɪnpˌʊt,B2,cefr-j,"CEFR-J custom license (research/commercial use, attribution required)"
inquire,verb,ˌɪnkwˈaɪɹ,B2,cefr-j,"CEFR-J custom license (research/commercial use, attribution required)"
inseparable,adjective,ˌɪnsˈɛpɚəbəl,B2,cefr-j,"CEFR-J custom license (research/commercial use, attribution required)"
inside,adjective,ˌɪnsˈaɪd,B2,cefr-j,"CEFR-J custom license (research/commercial use, attribution required)"
inside,noun,ˌɪnsˈaɪd,B2,cefr-j,"CEFR-J custom license (research/commercial use, attribution required)"
inspect,verb,ˌɪnspˈɛkt,B2,cefr-j,"CEFR-J custom license (research/commercial use, attribution required)"
inspector,noun,ˌɪnspˈɛktɚ,B2,cefr-j,"CEFR-J custom license (research/commercial use, attribution required)"
inspirational,adjective,ˌɪnspɚˈeɪʃənəl,B2,cefr-j,"CEFR-J custom license (research/commercial use, attribution required)"
instantly,adverb,ˈɪnstəntli,B2,cefr-j,"CEFR-J custom license (research/commercial use, attribution required)"
instill,verb,ˌɪnstˈɪl,B2,cefr-j,"CEFR-J custom license (research/commercial use, attribution required)"
instinct,noun,ˈɪnstɪŋkt,B2,cefr-j,"CEFR-J custom license (research/commercial use, attribution required)"
institution,noun,ˌɪnstɪtˈuʃən,B2,cefr-j,"CEFR-J custom license (research/commercial use, attribution required)"
instruct,verb,ˌɪnstɹˈʌkt,B2,cefr-j,"CEFR-J custom license (research/commercial use, attribution required)"
insufficient,adjective,ˌɪnsəfˈɪʃənt,B2,cefr-j,"CEFR-J custom license (research/commercial use, attribution required)"
insult,noun,ˌɪnsˈʌlt,B2,cefr-j,"CEFR-J custom license (research/commercial use, attribution required)"
insult,verb,ˌɪnsˈʌlt,B2,cefr-j,"CEFR-J custom license (research/commercial use, attribution required)"
integrate,verb,ˈɪntəgɹˌeɪt,B2,cefr-j,"CEFR-J custom license (research/commercial use, attribution required)"
intellectual,adjective,ˌɪntəlˈɛktʃuəl,B2,cefr-j,"CEFR-J custom license (research/commercial use, attribution required)"
intellectual,noun,ˌɪntəlˈɛktʃuəl,B2,cefr-j,"CEFR-J custom license (research/commercial use, attribution required)"
intent,adjective,ˌɪntˈɛnt,B2,cefr-j,"CEFR-J custom license (research/commercial use, attribution required)"
interactive,adjective,ˌɪntɚˈæktɪv,B2,cefr-j,"CEFR-J custom license (research/commercial use, attribution required)"
interfere,verb,ˌɪntɚfˈɪɹ,B2,cefr-j,"CEFR-J custom license (research/commercial use, attribution required)"
interior,noun,ˌɪntˈɪɹiɚ,B2,cefr-j,"CEFR-J custom license (research/commercial use, attribution required)"
interpersonal,adjective,ˌɪntɚpˈɝsənəl,B2,cefr-j,"CEFR-J custom license (research/commercial use, attribution required)"
interpret,verb,ˌɪntˈɝpɹət,B2,cefr-j,"CEFR-J custom license (research/commercial use, attribution required)"
interpretation,noun,ˌɪntˌɝpɹɪtˈeɪʃən,B2,cefr-j,"CEFR-J custom license (research/commercial use, attribution required)"
interpreter,noun,ˌɪntˈɝpɹətɚ,B2,cefr-j,"CEFR-J custom license (research/commercial use, attribution required)"
interruption,noun,ˌɪntɚˈʌpʃən,B2,cefr-j,"CEFR-J custom license (research/commercial use, attribution required)"
intersection,noun,ˌɪntɚsˈɛkʃən,B2,cefr-j,"CEFR-J custom license (research/commercial use, attribution required)"
intimate,adjective,ˈɪntəmət,B2,cefr-j,"CEFR-J custom license (research/commercial use, attribution required)"
intransitive,adjective,,B2,cefr-j,"CEFR-J custom license (research/commercial use, attribution required)"
intravenous,adjective,ˌɪntɹəvˈinəs,B2,cefr-j,"CEFR-J custom license (research/commercial use, attribution required)"
intrude,verb,ˌɪntɹˈud,B2,cefr-j,"CEFR-J custom license (research/commercial use, attribution required)"
intruder,noun,ˌɪntɹˈudɚ,B2,cefr-j,"CEFR-J custom license (research/commercial use, attribution required)"
intrusion,noun,ˌɪntɹˈuʒən,B2,cefr-j,"CEFR-J custom license (research/commercial use, attribution required)"
invariable,adjective,ˌɪnvˈɛɹiəbəl,B2,cefr-j,"CEFR-J custom license (research/commercial use, attribution required)"
invariably,adverb,ˌɪnvˈɛɹiəbli,B2,cefr-j,"CEFR-J custom license (research/commercial use, attribution required)"
inventor,noun,ˌɪnvˈɛntɚ,B2,cefr-j,"CEFR-J custom license (research/commercial use, attribution required)"
inverted commas,noun,ˌɪnvˈɝtɪd kˈɑməz,B2,cefr-j,"CEFR-J custom license (research/commercial use, attribution required)"
investigate,verb,ˌɪnvˈɛstəgˌeɪt,B2,cefr-j,"CEFR-J custom license (research/commercial use, attribution required)"
investigator,noun,ˌɪnvˈɛstəgˌeɪtɚ,B2,cefr-j,"CEFR-J custom license (research/commercial use, attribution required)"
investment,noun,ˌɪnvˈɛstmənt,B2,cefr-j,"CEFR-J custom license (research/commercial use, attribution required)"
investor,noun,ˌɪnvˈɛstɚ,B2,cefr-j,"CEFR-J custom license (research/commercial use, attribution required)"
invisible,adjective,ˌɪnvˈɪzəbəl,B2,cefr-j,"CEFR-J custom license (research/commercial use, attribution required)"
invitingly,adverb,,B2,cefr-j,"CEFR-J custom license (research/commercial use, attribution required)"
invoke,verb,ˌɪnvˈoʊk,B2,cefr-j,"CEFR-J custom license (research/commercial use, attribution required)"
involvement,noun,ˌɪnvˈɑlvmənt,B2,cefr-j,"CEFR-J custom license (research/commercial use, attribution required)"
ironically,adverb,aɪɹˈɑnɪkli,B2,cefr-j,"CEFR-J custom license (research/commercial use, attribution required)"
irrational,adjective,ˌɪɹˈæʃənəl,B2,cefr-j,"CEFR-J custom license (research/commercial use, attribution required)"
irresistible,adjective,ˌɪɹɪzˈɪstəbəl,B2,cefr-j,"CEFR-J custom license (research/commercial use, attribution required)"
irresistibly,adverb,ˌɪɹɪzˈɪstəbli,B2,cefr-j,"CEFR-J custom license (research/commercial use, attribution required)"
irresponsible,adjective,ˌɪɹəspˈɑnsəbəl,B2,cefr-j,"CEFR-J custom license (research/commercial use, attribution required)"
irritated,adjective,ˈɪɹətˌeɪtəd,B2,cefr-j,"CEFR-J custom license (research/commercial use, attribution required)"
irritating,adjective,ˈɪɹətˌeɪtɪŋ,B2,cefr-j,"CEFR-J custom license (research/commercial use, attribution required)"
irritation,noun,ˌɪɹɪtˈeɪʃən,B2,cefr-j,"CEFR-J custom license (research/commercial use, attribution required)"
islander,noun,ˈaɪləndɚ,B2,cefr-j,"CEFR-J custom license (research/commercial use, attribution required)"
issue,verb,ˈɪʃu,B2,cefr-j,"CEFR-J custom license (research/commercial use, attribution required)"
italicize,verb,,B2,cefr-j,"CEFR-J custom license (research/commercial use, attribution required)"
itch,verb,ˈɪtʃ,B2,cefr-j,"CEFR-J custom license (research/commercial use, attribution required)"
jam,verb,dʒˈæm,B2,cefr-j,"CEFR-J custom license (research/commercial use, attribution required)"
jaw,noun,dʒˈɔ,B2,cefr-j,"CEFR-J custom license (research/commercial use, attribution required)"
jealously,adverb,dʒˈɛləsli,B2,cefr-j,"CEFR-J custom license (research/commercial use, attribution required)"
jeopardize,verb,dʒˈɛpɚdˌaɪz,B2,cefr-j,"CEFR-J custom license (research/commercial use, attribution required)"
jeweler,noun,dʒˈuəlɚ,B2,cefr-j,"CEFR-J custom license (research/commercial use, attribution required)"
jog,noun,dʒˈɑg,B2,cefr-j,"CEFR-J custom license (research/commercial use, attribution required)"
joint,noun,dʒˈɔɪnt,B2,cefr-j,"CEFR-J custom license (research/commercial use, attribution required)"
journalism,noun,dʒˈɝnəlˌɪzəm,B2,cefr-j,"CEFR-J custom license (research/commercial use, attribution required)"
judo,noun,dʒˈudˌoʊ,B2,cefr-j,"CEFR-J custom license (research/commercial use, attribution required)"
jump,noun,dʒˈʌmp,B2,cefr-j,"CEFR-J custom license (research/commercial use, attribution required)"
junk food,noun,dʒˈʌŋk fˈud,B2,cefr-j,"CEFR-J custom license (research/commercial use, attribution required)"
juror,noun,dʒˈʊɹɚ,B2,cefr-j,"CEFR-J custom license (research/commercial use, attribution required)"
jury,noun,dʒˈʊɹi,B2,cefr-j,"CEFR-J custom license (research/commercial use, attribution required)"
justify,verb,dʒˈʌstəfˌaɪ,B2,cefr-j,"CEFR-J custom license (research/commercial use, attribution required)"
kangaroo,noun,kˌæŋgɚˈu,B2,cefr-j,"CEFR-J custom license (research/commercial use, attribution required)"
karaoke,noun,kˌɛɹiˈoʊki,B2,cefr-j,"CEFR-J custom license (research/commercial use, attribution required)"
keen,adjective,kˈin,B2,cefr-j,"CEFR-J custom license (research/commercial use, attribution required)"
keeper,noun,kˈipɚ,B2,cefr-j,"CEFR-J custom license (research/commercial use, attribution required)"
kerosene,noun,kˈɛɹəsˌin,B2,cefr-j,"CEFR-J custom license (research/commercial use, attribution required)"
keystroke,noun,kˈistɹˌoʊk,B2,cefr-j,"CEFR-J custom license (research/commercial use, attribution required)"
kneel,verb,nˈil,B2,cefr-j,"CEFR-J custom license (research/commercial use, attribution required)"
knot,noun,nˈɑt,B2,cefr-j,"CEFR-J custom license (research/commercial use, attribution required)"
knowingly,adverb,nˈoʊɪŋli,B2,cefr-j,"CEFR-J custom license (research/commercial use, attribution required)"
known,adjective,nˈoʊn,B2,cefr-j,"CEFR-J custom license (research/commercial use, attribution required)"
label,noun,lˈeɪbəl,B2,cefr-j,"CEFR-J custom license (research/commercial use, attribution required)"
laborer,noun,lˈeɪbɚɚ,B2,cefr-j,"CEFR-J custom license (research/commercial use, attribution required)"
lack,verb,lˈæk,B2,cefr-j,"CEFR-J custom license (research/commercial use, attribution required)"
lame,adjective,lˈeɪm,B2,cefr-j,"CEFR-J custom license (research/commercial use, attribution required)"
lance,noun,lˈæns,B2,cefr-j,"CEFR-J custom license (research/commercial use, attribution required)"
landing,noun,lˈændɪŋ,B2,cefr-j,"CEFR-J custom license (research/commercial use, attribution required)"
landlady,noun,lˈændlˌeɪdi,B2,cefr-j,"CEFR-J custom license (research/commercial use, attribution required)"
landslide,noun,lˈændslˌaɪd,B2,cefr-j,"CEFR-J custom license (research/commercial use, attribution required)"
lap,noun,lˈæp,B2,cefr-j,"CEFR-J custom license (research/commercial use, attribution required)"
laptop,noun,lˈæptˌɑp,B2,cefr-j,"CEFR-J custom license (research/commercial use, attribution required)"
lark,noun,lˈɑɹk,B2,cefr-j,"CEFR-J custom license (research/commercial use, attribution required)"
laser,noun,lˈeɪzɚ,B2,cefr-j,"CEFR-J custom license (research/commercial use, attribution required)"
last minute,noun,lˈæst mˈɪnət,B2,cefr-j,"CEFR-J custom license (research/commercial use, attribution required)"
last-minute,adjective,lˌæsmˈɪnət,B2,cefr-j,"CEFR-J custom license (research/commercial use, attribution required)"
lastly,adverb,lˈæstli,B2,cefr-j,"CEFR-J custom license (research/commercial use, attribution required)"
later,adjective,lˈeɪtɚ,B2,cefr-j,"CEFR-J custom license (research/commercial use, attribution required)"
latter,adjective,lˈætɚ,B2,cefr-j,"CEFR-J custom license (research/commercial use, attribution required)"
laundry,noun,lˈɔndɹi,B2,cefr-j,"CEFR-J custom license (research/commercial use, attribution required)"
lava,noun,lˈɑvə,B2,cefr-j,"CEFR-J custom license (research/commercial use, attribution required)"
lawmaker,noun,lˈɔmˌeɪkɚ,B2,cefr-j,"CEFR-J custom license (research/commercial use, attribution required)"
lawn,noun,lˈɔn,B2,cefr-j,"CEFR-J custom license (research/commercial use, attribution required)"
lawsuit,noun,lˈɔsˌut,B2,cefr-j,"CEFR-J custom license (research/commercial use, attribution required)"
layabout,noun,,B2,cefr-j,"CEFR-J custom license (research/commercial use, attribution required)"
leaflet,noun,lˈiflət,B2,cefr-j,"CEFR-J custom license (research/commercial use, attribution required)"
leak,noun,lˈik,B2,cefr-j,"CEFR-J custom license (research/commercial use, attribution required)"
leak,verb,lˈik,B2,cefr-j,"CEFR-J custom license (research/commercial use, attribution required)"
lean,verb,lˈin,B2,cefr-j,"CEFR-J custom license (research/commercial use, attribution required)"
leap,noun,lˈip,B2,cefr-j,"CEFR-J custom license (research/commercial use, attribution required)"
learning,noun,lˈɝnɪŋ,B2,cefr-j,"CEFR-J custom license (research/commercial use, attribution required)"
lease,noun,lˈis,B2,cefr-j,"CEFR-J custom license (research/commercial use, attribution required)"
leash,noun,lˈiʃ,B2,cefr-j,"CEFR-J custom license (research/commercial use, attribution required)"
least,pronoun,lˈist,B2,cefr-j,"CEFR-J custom license (research/commercial use, attribution required)"
lecturer,noun,lˈɛktʃɚɚ,B2,cefr-j,"CEFR-J custom license (research/commercial use, attribution required)"
leek,noun,lˈik,B2,cefr-j,"CEFR-J custom license (research/commercial use, attribution required)"
legend,noun,lˈɛdʒənd,B2,cefr-j,"CEFR-J custom license (research/commercial use, attribution required)"
legendary,adjective,lˈɛdʒəndˌɛɹi,B2,cefr-j,"CEFR-J custom license (research/commercial use, attribution required)"
legislate,verb,lˈɛdʒɪslˌeɪt,B2,cefr-j,"CEFR-J custom license (research/commercial use, attribution required)"
legislation,noun,lˌɛdʒəslˈeɪʃən,B2,cefr-j,"CEFR-J custom license (research/commercial use, attribution required)"
legislative,adjective,lˈɛdʒəslˌeɪtɪv,B2,cefr-j,"CEFR-J custom license (research/commercial use, attribution required)"
legislator,noun,lˈɛdʒəslˌeɪtɚ,B2,cefr-j,"CEFR-J custom license (research/commercial use, attribution required)"
legislature,noun,lˈɛdʒəslˌeɪtʃɚ,B2,cefr-j,"CEFR-J custom license (research/commercial use, attribution required)"
legitimate,adjective,lədʒˈɪtəmət,B2,cefr-j,"CEFR-J custom license (research/commercial use, attribution required)"
leisurely,adverb,lˈizɚli,B2,cefr-j,"CEFR-J custom license (research/commercial use, attribution required)"
lengthen,verb,lˈɛŋθən,B2,cefr-j,"CEFR-J custom license (research/commercial use, attribution required)"
lengthy,adjective,lˈɛŋθi,B2,cefr-j,"CEFR-J custom license (research/commercial use, attribution required)"
leopard,noun,lˈɛpɚd,B2,cefr-j,"CEFR-J custom license (research/commercial use, attribution required)"
lest,conjunction,lˈɛst,B2,cefr-j,"CEFR-J custom license (research/commercial use, attribution required)"
level,verb,lˈɛvəl,B2,cefr-j,"CEFR-J custom license (research/commercial use, attribution required)"
liberal,adjective,lˈɪbˌɝəl,B2,cefr-j,"CEFR-J custom license (research/commercial use, attribution required)"
lick,verb,lˈɪk,B2,cefr-j,"CEFR-J custom license (research/commercial use, attribution required)"
lid,noun,lˈɪd,B2,cefr-j,"CEFR-J custom license (research/commercial use, attribution required)"
lifeless,adjective,lˈaɪfləs,B2,cefr-j,"CEFR-J custom license (research/commercial use, attribution required)"
lifetime,noun,lˈaɪftˌaɪm,B2,cefr-j,"CEFR-J custom license (research/commercial use, attribution required)"
lighten,verb,lˈaɪtən,B2,cefr-j,"CEFR-J custom license (research/commercial use, attribution required)"
lighting,noun,lˈaɪtɪŋ,B2,cefr-j,"CEFR-J custom license (research/commercial use, attribution required)"
likewise,adverb,lˈaɪkwˌaɪz,B2,cefr-j,"CEFR-J custom license (research/commercial use, attribution required)"
limb,noun,lˈɪm,B2,cefr-j,"CEFR-J custom license (research/commercial use, attribution required)"
line,verb,lˈaɪn,B2,cefr-j,"CEFR-J custom license (research/commercial use, attribution required)"
linen,noun,lˈɪnən,B2,cefr-j,"CEFR-J custom license (research/commercial use, attribution required)"
liner,noun,lˈaɪnɚ,B2,cefr-j,"CEFR-J custom license (research/commercial use, attribution required)"
ling,noun,lˈɪŋ,B2,cefr-j,"CEFR-J custom license (research/commercial use, attribution required)"
linger,verb,lˈɪŋgɚ,B2,cefr-j,"CEFR-J custom license (research/commercial use, attribution required)"
list,verb,lˈɪst,B2,cefr-j,"CEFR-J custom license (research/commercial use, attribution required)"
listener,noun,lˈɪsənɚ,B2,cefr-j,"CEFR-J custom license (research/commercial use, attribution required)"
literal,adjective,lˈɪtɚəl,B2,cefr-j,"CEFR-J custom license (research/commercial use, attribution required)"
literally,adverb,lˈɪtɚəli,B2,cefr-j,"CEFR-J custom license (research/commercial use, attribution required)"
litter,noun,lˈɪtɚ,B2,cefr-j,"CEFR-J custom license (research/commercial use, attribution required)"
living,noun,lˈɪvɪŋ,B2,cefr-j,"CEFR-J custom license (research/commercial use, attribution required)"
load,verb,lˈoʊd,B2,cefr-j,"CEFR-J custom license (research/commercial use, attribution required)"
loan,noun,lˈoʊn,B2,cefr-j,"CEFR-J custom license (research/commercial use, attribution required)"
lobby,noun,lˈɑbi,B2,cefr-j,"CEFR-J custom license (research/commercial use, attribution required)"
loneliness,noun,lˈoʊnlinəs,B2,cefr-j,"CEFR-J custom license (research/commercial use, attribution required)"
long-distance,adjective,lˌɔŋdˈistəns,B2,cefr-j,"CEFR-J custom license (research/commercial use, attribution required)"
long-term,adjective,lˈɔŋtˈɝm,B2,cefr-j,"CEFR-J custom license (research/commercial use, attribution required)"
loosely,adverb,lˈusli,B2,cefr-j,"CEFR-J custom license (research/commercial use, attribution required)"
lousy,adjective,lˈaʊzi,B2,cefr-j,"CEFR-J custom license (research/commercial use, attribution required)"
lower,verb,lˈoʊɚ,B2,cefr-j,"CEFR-J custom license (research/commercial use, attribution required)"
lowland,noun,lˈoʊlˌænd,B2,cefr-j,"CEFR-J custom license (research/commercial use, attribution required)"
lucrative,adjective,lˈukɹətɪv,B2,cefr-j,"CEFR-J custom license (research/commercial use, attribution required)"
lush,adjective,lˈʌʃ,B2,cefr-j,"CEFR-J custom license (research/commercial use, attribution required)"
luxurious,adjective,ləgʒˈɝiəs,B2,cefr-j,"CEFR-J custom license (research/commercial use, attribution required)"
luxury,adjective,lˈʌgʒɚi,B2,cefr-j,"CEFR-J custom license (research/commercial use, attribution required)"
lyrics,noun,lˈɪɹɪks,B2,cefr-j,"CEFR-J custom license (research/commercial use, attribution required)"
madam,noun,mˈædəm,B2,cefr-j,"CEFR-J custom license (research/commercial use, attribution required)"
madame,noun,mˈædəm,B2,cefr-j,"CEFR-J custom license (research/commercial use, attribution required)"
madness,noun,mˈædnəs,B2,cefr-j,"CEFR-J custom license (research/commercial use, attribution required)"
maestro,noun,mˈaɪstɹoʊ,B2,cefr-j,"CEFR-J custom license (research/commercial use, attribution required)"
magnify,verb,mˈægnəfˌaɪ,B2,cefr-j,"CEFR-J custom license (research/commercial use, attribution required)"
major,noun,mˈeɪdʒɚ,B2,cefr-j,"CEFR-J custom license (research/commercial use, attribution required)"
make,noun,mˈeɪk,B2,cefr-j,"CEFR-J custom license (research/commercial use, attribution required)"
malady,noun,mˈælədi,B2,cefr-j,"CEFR-J custom license (research/commercial use, attribution required)"
malaria,noun,məlˈɛɹiə,B2,cefr-j,"CEFR-J custom license (research/commercial use, attribution required)"
mama,noun,mˈɑmə,B2,cefr-j,"CEFR-J custom license (research/commercial use, attribution required)"
mango,noun,mˈæŋgoʊ,B2,cefr-j,"CEFR-J custom license (research/commercial use, attribution required)"
manipulate,verb,mənˈɪpjəlˌeɪt,B2,cefr-j,"CEFR-J custom license (research/commercial use, attribution required)"
mansion,noun,mˈænʃən,B2,cefr-j,"CEFR-J custom license (research/commercial use, attribution required)"
manual,adjective,mˈænjuəl,B2,cefr-j,"CEFR-J custom license (research/commercial use, attribution required)"
manual,noun,mˈænjuəl,B2,cefr-j,"CEFR-J custom license (research/commercial use, attribution required)"
manufacture,noun,mˌænjəfˈæktʃɚ,B2,cefr-j,"CEFR-J custom license (research/commercial use, attribution required)"
manufacture,verb,mˌænjəfˈæktʃɚ,B2,cefr-j,"CEFR-J custom license (research/commercial use, attribution required)"
manufacturer,noun,mˌænjəfˈæktʃɚɚ,B2,cefr-j,"CEFR-J custom license (research/commercial use, attribution required)"
manufacturing,noun,mˌænjəfˈæktʃɚɪŋ,B2,cefr-j,"CEFR-J custom license (research/commercial use, attribution required)"
marathon,noun,mˈɛɹəθˌɑn,B2,cefr-j,"CEFR-J custom license (research/commercial use, attribution required)"
margin,noun,mˈɑɹdʒən,B2,cefr-j,"CEFR-J custom license (research/commercial use, attribution required)"
marketing,noun,mˈɑɹkətɪŋ,B2,cefr-j,"CEFR-J custom license (research/commercial use, attribution required)"
martial art,noun,mˈɑɹʃəl ˈɑɹt,B2,cefr-j,"CEFR-J custom license (research/commercial use, attribution required)"
mask,noun,mˈæsk,B2,cefr-j,"CEFR-J custom license (research/commercial use, attribution required)"
mass,noun,mˈæs,B2,cefr-j,"CEFR-J custom license (research/commercial use, attribution required)"
massacre,noun,mˈæsəkɚ,B2,cefr-j,"CEFR-J custom license (research/commercial use, attribution required)"
massage,noun,məsˈɑʒ,B2,cefr-j,"CEFR-J custom license (research/commercial use, attribution required)"
masseur,noun,,B2,cefr-j,"CEFR-J custom license (research/commercial use, attribution required)"
master,noun,mˈæstɚ,B2,cefr-j,"CEFR-J custom license (research/commercial use, attribution required)"
masterpiece,noun,mˈæstɚpˌis,B2,cefr-j,"CEFR-J custom license (research/commercial use, attribution required)"
mastery,noun,mˈæstɚi,B2,cefr-j,"CEFR-J custom license (research/commercial use, attribution required)"
mate,noun,mˈeɪt,B2,cefr-j,"CEFR-J custom license (research/commercial use, attribution required)"
mathematical,adjective,mˌæθəmˈætɪkəl,B2,cefr-j,"CEFR-J custom license (research/commercial use, attribution required)"
mature,adjective,mətʃˈʊɹ,B2,cefr-j,"CEFR-J custom license (research/commercial use, attribution required)"
mausoleum,noun,mˌɔsəlˈiəm,B2,cefr-j,"CEFR-J custom license (research/commercial use, attribution required)"
mean,noun,mˈin,B2,cefr-j,"CEFR-J custom license (research/commercial use, attribution required)"
means,noun,mˈinz,B2,cefr-j,"CEFR-J custom license (research/commercial use, attribution required)"
mechanize,verb,mˈɛkənˌaɪz,B2,cefr-j,"CEFR-J custom license (research/commercial use, attribution required)"
media,noun,mˈidiə,B2,cefr-j,"CEFR-J custom license (research/commercial use, attribution required)"
medication,noun,mˌɛdəkˈeɪʃən,B2,cefr-j,"CEFR-J custom license (research/commercial use, attribution required)"
medieval,adjective,mɪdˈivəl,B2,cefr-j,"CEFR-J custom license (research/commercial use, attribution required)"
mediocre,adjective,mˌidiˈoʊkɚ,B2,cefr-j,"CEFR-J custom license (research/commercial use, attribution required)"
melody,noun,mˈɛlədi,B2,cefr-j,"CEFR-J custom license (research/commercial use, attribution required)"
memorial,noun,məmˈɔɹiəl,B2,cefr-j,"CEFR-J custom license (research/commercial use, attribution required)"
mentor,noun,mˈɛntˌɔɹ,B2,cefr-j,"CEFR-J custom license (research/commercial use, attribution required)"
merchandise,noun,mˈɝtʃəndˌaɪz,B2,cefr-j,"CEFR-J custom license (research/commercial use, attribution required)"
mercy,noun,mˈɝsi,B2,cefr-j,"CEFR-J custom license (research/commercial use, attribution required)"
merge,verb,mˈɝdʒ,B2,cefr-j,"CEFR-J custom license (research/commercial use, attribution required)"
merger,noun,mˈɝdʒɚ,B2,cefr-j,"CEFR-J custom license (research/commercial use, attribution required)"
mess,verb,mˈɛs,B2,cefr-j,"CEFR-J custom license (research/commercial use, attribution required)"
messenger,noun,mˈɛsəndʒɚ,B2,cefr-j,"CEFR-J custom license (research/commercial use, attribution required)"
metaphor,noun,mˈɛtəfɔɹ,B2,cefr-j,"CEFR-J custom license (research/commercial use, attribution required)"
metric,adjective,mˈɛtɹɪk,B2,cefr-j,"CEFR-J custom license (research/commercial use, attribution required)"
micro,noun,mˈaɪkɹˌoʊ,B2,cefr-j,"CEFR-J custom license (research/commercial use, attribution required)"
microbe,noun,mˈaɪkɹˌoʊb,B2,cefr-j,"CEFR-J custom license (research/commercial use, attribution required)"
microcomputer,noun,mˈaɪkɹˌoʊkəmpjˈutɚ,B2,cefr-j,"CEFR-J custom license (research/commercial use, attribution required)"
micrometer,noun,maɪkɹˈɑmətɚ,B2,cefr-j,"CEFR-J custom license (research/commercial use, attribution required)"
microorganism,noun,mˌaɪkɹoʊˈɔɹgənˌɪzəm,B2,cefr-j,"CEFR-J custom license (research/commercial use, attribution required)"
microphone,noun,mˈaɪkɹəfˌoʊn,B2,cefr-j,"CEFR-J custom license (research/commercial use, attribution required)"
microscope,noun,mˈaɪkɹəskˌoʊp,B2,cefr-j,"CEFR-J custom license (research/commercial use, attribution required)"
microscopic,adjective,mˌaɪkɹəskˈɑpɪk,B2,cefr-j,"CEFR-J custom license (research/commercial use, attribution required)"
microscopy,noun,maɪkɹˈʌskəpi,B2,cefr-j,"CEFR-J custom license (research/commercial use, attribution required)"
microwave,noun,mˈaɪkɹəwˌeɪv,B2,cefr-j,"CEFR-J custom license (research/commercial use, attribution required)"
midst,noun,mˈɪdst,B2,cefr-j,"CEFR-J custom license (research/commercial use, attribution required)"
mighty,adjective,mˈaɪti,B2,cefr-j,"CEFR-J custom license (research/commercial use, attribution required)"
migration,noun,maɪgɹˈeɪʃən,B2,cefr-j,"CEFR-J custom license (research/commercial use, attribution required)"
mill,noun,mˈɪl,B2,cefr-j,"CEFR-J custom license (research/commercial use, attribution required)"
millimeter,noun,mˈɪləmˌitɚ,B2,cefr-j,"CEFR-J custom license (research/commercial use, attribution required)"
millionaire,noun,mˌɪljənˈɛɹ,B2,cefr-j,"CEFR-J custom license (research/commercial use, attribution required)"
mimic,noun,mˈɪmɪk,B2,cefr-j,"CEFR-J custom license (research/commercial use, attribution required)"
mine,noun,mˈaɪn,B2,cefr-j,"CEFR-J custom license (research/commercial use, attribution required)"
miniature,adjective,mˈɪniətʃˌʊɹ,B2,cefr-j,"CEFR-J custom license (research/commercial use, attribution required)"
minister,noun,mˈɪnəstɚ,B2,cefr-j,"CEFR-J custom license (research/commercial use, attribution required)"
mint,noun,mˈɪnt,B2,cefr-j,"CEFR-J custom license (research/commercial use, attribution required)"
misconception,noun,mɪskənsˈɛpʃən,B2,cefr-j,"CEFR-J custom license (research/commercial use, attribution required)"
misfortune,noun,mɪsfˈɔɹtʃən,B2,cefr-j,"CEFR-J custom license (research/commercial use, attribution required)"
misleading,adjective,mɪslˈidɪŋ,B2,cefr-j,"CEFR-J custom license (research/commercial use, attribution required)"
missile,noun,mˈɪsəl,B2,cefr-j,"CEFR-J custom license (research/commercial use, attribution required)"
mist,noun,mˈɪst,B2,cefr-j,"CEFR-J custom license (research/commercial use, attribution required)"
mistreat,verb,mɪstɹˈit,B2,cefr-j,"CEFR-J custom license (research/commercial use, attribution required)"
mistrustful,adjective,mɪstɹˈʌstfəl,B2,cefr-j,"CEFR-J custom license (research/commercial use, attribution required)"
misunderstand,verb,mˌɪsəndɚstˈænd,B2,cefr-j,"CEFR-J custom license (research/commercial use, attribution required)"
mix,noun,mˈɪks,B2,cefr-j,"CEFR-J custom license (research/commercial use, attribution required)"
mixture,noun,mˈɪkstʃɚ,B2,cefr-j,"CEFR-J custom license (research/commercial use, attribution required)"
mobility,noun,moʊbˈɪləti,B2,cefr-j,"CEFR-J custom license (research/commercial use, attribution required)"
mock,adjective,mˈɑk,B2,cefr-j,"CEFR-J custom license (research/commercial use, attribution required)"
modernization,noun,mˌɑdɚnəzˈeɪʃən,B2,cefr-j,"CEFR-J custom license (research/commercial use, attribution required)"
modernize,verb,mˈɑdɚnˌaɪz,B2,cefr-j,"CEFR-J custom license (research/commercial use, attribution required)"
modest,adjective,mˈɑdəst,B2,cefr-j,"CEFR-J custom license (research/commercial use, attribution required)"
modification,noun,mˌɑdəfəkˈeɪʃən,B2,cefr-j,"CEFR-J custom license (research/commercial use, attribution required)"
mogul,noun,mˈoʊgəl,B2,cefr-j,"CEFR-J custom license (research/commercial use, attribution required)"
mold,noun,mˈoʊld,B2,cefr-j,"CEFR-J custom license (research/commercial use, attribution required)"
momentarily,adverb,mˌoʊməntˈɛɹəli,B2,cefr-j,"CEFR-J custom license (research/commercial use, attribution required)"
momentary,adjective,mˈoʊməntˌɛɹi,B2,cefr-j,"CEFR-J custom license (research/commercial use, attribution required)"
monastery,noun,mˈɑnəstˌɛɹi,B2,cefr-j,"CEFR-J custom license (research/commercial use, attribution required)"
moody,adjective,mˈudi,B2,cefr-j,"CEFR-J custom license (research/commercial use, attribution required)"
moonlight,noun,mˈunlˌaɪt,B2,cefr-j,"CEFR-J custom license (research/commercial use, attribution required)"
moonscape,noun,,B2,cefr-j,"CEFR-J custom license (research/commercial use, attribution required)"
moral,adjective,mˈɔɹəl,B2,cefr-j,"CEFR-J custom license (research/commercial use, attribution required)"
morality,noun,mɚˈæləti,B2,cefr-j,"CEFR-J custom license (research/commercial use, attribution required)"
morally,adverb,mˈɔɹəli,B2,cefr-j,"CEFR-J custom license (research/commercial use, attribution required)"
mortal,adjective,mˈɔɹtəl,B2,cefr-j,"CEFR-J custom license (research/commercial use, attribution required)"
mortar,noun,mˈɔɹtɚ,B2,cefr-j,"CEFR-J custom license (research/commercial use, attribution required)"
mortgage,noun,mˈɔɹgədʒ,B2,cefr-j,"CEFR-J custom license (research/commercial use, attribution required)"
mortify,verb,mˈɔɹtɪfˌaɪ,B2,cefr-j,"CEFR-J custom license (research/commercial use, attribution required)"
mother-in-law,noun,mˈʌðɚɪnlˌɔ,B2,cefr-j,"CEFR-J custom license (research/commercial use, attribution required)"
motion,noun,mˈoʊʃən,B2,cefr-j,"CEFR-J custom license (research/commercial use, attribution required)"
motivated,adjective,mˈoʊtəvˌeɪtəd,B2,cefr-j,"CEFR-J custom license (research/commercial use, attribution required)"
motorbike,noun,mˈoʊtɚbˌaɪk,B2,cefr-j,"CEFR-J custom license (research/commercial use, attribution required)"
motorist,noun,mˈoʊtɚɪst,B2,cefr-j,"CEFR-J custom license (research/commercial use, attribution required)"
mount,verb,mˈaʊnt,B2,cefr-j,"CEFR-J custom license (research/commercial use, attribution required)"
mournful,adjective,mˈɔɹnfəl,B2,cefr-j,"CEFR-J custom license (research/commercial use, attribution required)"
mover,noun,mˈuvɚ,B2,cefr-j,"CEFR-J custom license (research/commercial use, attribution required)"
moving,adjective,mˈuvɪŋ,B2,cefr-j,"CEFR-J custom license (research/commercial use, attribution required)"
muddy,adjective,mˈʌdi,B2,cefr-j,"CEFR-J custom license (research/commercial use, attribution required)"
multiple,adjective,mˈʌltəpəl,B2,cefr-j,"CEFR-J custom license (research/commercial use, attribution required)"
multiply,verb,mˈʌltəplˌaɪ,B2,cefr-j,"CEFR-J custom license (research/commercial use, attribution required)"
mumble,noun,mˈʌmbəl,B2,cefr-j,"CEFR-J custom license (research/commercial use, attribution required)"
mumble,verb,mˈʌmbəl,B2,cefr-j,"CEFR-J custom license (research/commercial use, attribution required)"
murmur,noun,mˈɝmɚ,B2,cefr-j,"CEFR-J custom license (research/commercial use, attribution required)"
muse,verb,mjˈuz,B2,cefr-j,"CEFR-J custom license (research/commercial use, attribution required)"
musical,noun,mjˈuzɪkəl,B2,cefr-j,"CEFR-J custom license (research/commercial use, attribution required)"
mustache,noun,mˈʌstˌæʃ,B2,cefr-j,"CEFR-J custom license (research/commercial use, attribution required)"
mutability,noun,,B2,cefr-j,"CEFR-J custom license (research/commercial use, attribution required)"
mutable,adjective,mjˈutəbəl,B2,cefr-j,"CEFR-J custom license (research/commercial use, attribution required)"
mutter,noun,mˈʌtɚ,B2,cefr-j,"CEFR-J custom license (research/commercial use, attribution required)"
mutter,verb,mˈʌtɚ,B2,cefr-j,"CEFR-J custom license (research/commercial use, attribution required)"
mutton,noun,mˈʌtən,B2,cefr-j,"CEFR-J custom license (research/commercial use, attribution required)"
mystify,verb,mˈɪstəfˌaɪ,B2,cefr-j,"CEFR-J custom license (research/commercial use, attribution required)"
nano,noun,nˈɑnoʊ,B2,cefr-j,"CEFR-J custom license (research/commercial use, attribution required)"
narcissistic,adjective,nˌɑɹsɪsˈɪstɪk,B2,cefr-j,"CEFR-J custom license (research/commercial use, attribution required)"
narrator,noun,nˈɛɹeɪtɚ,B2,cefr-j,"CEFR-J custom license (research/commercial use, attribution required)"
narrowly,adverb,nˈɛɹoʊli,B2,cefr-j,"CEFR-J custom license (research/commercial use, attribution required)"
nationwide,adjective,nˈeɪʃənwˈaɪd,B2,cefr-j,"CEFR-J custom license (research/commercial use, attribution required)"
nationwide,adverb,nˈeɪʃənwˈaɪd,B2,cefr-j,"CEFR-J custom license (research/commercial use, attribution required)"
native speaker,noun,nˈeɪtɪv spˈikɚ,B2,cefr-j,"CEFR-J custom license (research/commercial use, attribution required)"
naughty,adjective,nˈɔti,B2,cefr-j,"CEFR-J custom license (research/commercial use, attribution required)"
naval,adjective,nˈeɪvəl,B2,cefr-j,"CEFR-J custom license (research/commercial use, attribution required)"
navigate,verb,nˈævəgˌeɪt,B2,cefr-j,"CEFR-J custom license (research/commercial use, attribution required)"
navigation,noun,nˈævəgˈeɪʃən,B2,cefr-j,"CEFR-J custom license (research/commercial use, attribution required)"
navy,noun,nˈeɪvi,B2,cefr-j,"CEFR-J custom license (research/commercial use, attribution required)"
neat,adjective,nˈit,B2,cefr-j,"CEFR-J custom license (research/commercial use, attribution required)"
necessarily,adverb,nˌɛsəsˈɛɹəli,B2,cefr-j,"CEFR-J custom license (research/commercial use, attribution required)"
necessity,noun,nəsˈɛsəti,B2,cefr-j,"CEFR-J custom license (research/commercial use, attribution required)"
need,noun,nˈid,B2,cefr-j,"CEFR-J custom license (research/commercial use, attribution required)"
needless,adjective,nˈidləs,B2,cefr-j,"CEFR-J custom license (research/commercial use, attribution required)"
needy,adjective,nˈidi,B2,cefr-j,"CEFR-J custom license (research/commercial use, attribution required)"
negatively,adverb,nˈɛgətɪvli,B2,cefr-j,"CEFR-J custom license (research/commercial use, attribution required)"
neglect,noun,nəglˈɛkt,B2,cefr-j,"CEFR-J custom license (research/commercial use, attribution required)"
neighboring,adjective,nˈeɪbɚɪŋ,B2,cefr-j,"CEFR-J custom license (research/commercial use, attribution required)"
neither,adverb,nˈiðɚ,B2,cefr-j,"CEFR-J custom license (research/commercial use, attribution required)"
neither,conjunction,nˈiðɚ,B2,cefr-j,"CEFR-J custom license (research/commercial use, attribution required)"
neither,determiner,nˈiðɚ,B2,cefr-j,"CEFR-J custom license (research/commercial use, attribution required)"
neither,pronoun,nˈiðɚ,B2,cefr-j,"CEFR-J custom license (research/commercial use, attribution required)"
nerve,noun,nˈɝv,B2,cefr-j,"CEFR-J custom license (research/commercial use, attribution required)"
nerves,noun,nˈɝvz,B2,cefr-j,"CEFR-J custom license (research/commercial use, attribution required)"
nervously,adverb,nˈɝvəsli,B2,cefr-j,"CEFR-J custom license (research/commercial use, attribution required)"
netsurfer,noun,,B2,cefr-j,"CEFR-J custom license (research/commercial use, attribution required)"
neurosis,noun,nʊɹˈoʊsəs,B2,cefr-j,"CEFR-J custom license (research/commercial use, attribution required)"
newscaster,noun,nˈuzkˌæstɚ,B2,cefr-j,"CEFR-J custom license (research/commercial use, attribution required)"
newsworthy,adjective,nˈuzwˌɝði,B2,cefr-j,"CEFR-J custom license (research/commercial use, attribution required)"
next,pronoun,nˈɛkst,B2,cefr-j,"CEFR-J custom license (research/commercial use, attribution required)"
nicely,adverb,nˈaɪsli,B2,cefr-j,"CEFR-J custom license (research/commercial use, attribution required)"
nightclub,noun,nˈaɪtklˌʌb,B2,cefr-j,"CEFR-J custom license (research/commercial use, attribution required)"
nightmare,noun,nˈaɪtmˌɛɹ,B2,cefr-j,"CEFR-J custom license (research/commercial use, attribution required)"
nobility,noun,noʊbˈɪləti,B2,cefr-j,"CEFR-J custom license (research/commercial use, attribution required)"
noble,adjective,nˈoʊbəl,B2,cefr-j,"CEFR-J custom license (research/commercial use, attribution required)"
nobleman,noun,nˈoʊbəlmən,B2,cefr-j,"CEFR-J custom license (research/commercial use, attribution required)"
nod,verb,nˈɑd,B2,cefr-j,"CEFR-J custom license (research/commercial use, attribution required)"
nomad,noun,nˈoʊmˌæd,B2,cefr-j,"CEFR-J custom license (research/commercial use, attribution required)"
nomination,noun,nˌɑmənˈeɪʃən,B2,cefr-j,"CEFR-J custom license (research/commercial use, attribution required)"
nominee,noun,nˌɑmənˈi,B2,cefr-j,"CEFR-J custom license (research/commercial use, attribution required)"
non-smoking,adjective,nɑnsmˈoʊkɪŋ,B2,cefr-j,"CEFR-J custom license (research/commercial use, attribution required)"
nonprofessional,adjective,nˌɑnpɹəfˈɛʃənəl,B2,cefr-j,"CEFR-J custom license (research/commercial use, attribution required)"
northward,adverb,nˈɔɹθwɚd,B2,cefr-j,"CEFR-J custom license (research/commercial use, attribution required)"
nostril,noun,nˈɑstɹɪl,B2,cefr-j,"CEFR-J custom license (research/commercial use, attribution required)"
nought,noun,,B2,cefr-j,"CEFR-J custom license (research/commercial use, attribution required)"
nourish,verb,nˈɝɪʃ,B2,cefr-j,"CEFR-J custom license (research/commercial use, attribution required)"
nourishment,noun,nˈɝɪʃmənt,B2,cefr-j,"CEFR-J custom license (research/commercial use, attribution required)"
novelty,noun,nˈɑvəlti,B2,cefr-j,"CEFR-J custom license (research/commercial use, attribution required)"
now,conjunction,nˈaʊ,B2,cefr-j,"CEFR-J custom license (research/commercial use, attribution required)"
nuisance,noun,nˈusəns,B2,cefr-j,"CEFR-J custom license (research/commercial use, attribution required)"
numerical,adjective,numˈɛɹəkəl,B2,cefr-j,"CEFR-J custom license (research/commercial use, attribution required)"
nursery,noun,nˈɝsɚi,B2,cefr-j,"CEFR-J custom license (research/commercial use, attribution required)"
nut,noun,nˈʌt,B2,cefr-j,"CEFR-J custom license (research/commercial use, attribution required)"
nutshell,noun,nˈʌtʃˌɛl,B2,cefr-j,"CEFR-J custom license (research/commercial use, attribution required)"
oath,noun,ˈoʊθ,B2,cefr-j,"CEFR-J custom license (research/commercial use, attribution required)"
obedience,noun,oʊbˈidiəns,B2,cefr-j,"CEFR-J custom license (research/commercial use, attribution required)"
obedient,adjective,oʊbˈidiənt,B2,cefr-j,"CEFR-J custom license (research/commercial use, attribution required)"
obey,verb,oʊbˈeɪ,B2,cefr-j,"CEFR-J custom license (research/commercial use, attribution required)"
obituary,noun,oʊbˈɪtʃuˌɛɹi,B2,cefr-j,"CEFR-J custom license (research/commercial use, attribution required)"
object,verb,ˈɑbdʒɛkt,B2,cefr-j,"CEFR-J custom license (research/commercial use, attribution required)"
objective,adjective,əbdʒˈɛktɪv,B2,cefr-j,"CEFR-J custom license (research/commercial use, attribution required)"
obligation,noun,ˌɑbləgˈeɪʃən,B2,cefr-j,"CEFR-J custom license (research/commercial use, attribution required)"
observer,noun,əbzˈɝvɚ,B2,cefr-j,"CEFR-J custom license (research/commercial use, attribution required)"
obsess,verb,əbsˈɛs,B2,cefr-j,"CEFR-J custom license (research/commercial use, attribution required)"
obsession,noun,əbsˈɛʃən,B2,cefr-j,"CEFR-J custom license (research/commercial use, attribution required)"
obsessive,adjective,əbsˈɛsɪv,B2,cefr-j,"CEFR-J custom license (research/commercial use, attribution required)"
odd,adjective,ˈɑd,B2,cefr-j,"CEFR-J custom license (research/commercial use, attribution required)"
offend,verb,əfˈɛnd,B2,cefr-j,"CEFR-J custom license (research/commercial use, attribution required)"
offender,noun,əfˈɛndɚ,B2,cefr-j,"CEFR-J custom license (research/commercial use, attribution required)"
offense,noun,əfˈɛns,B2,cefr-j,"CEFR-J custom license (research/commercial use, attribution required)"
offhand,adverb,ˈɔfhˈænd,B2,cefr-j,"CEFR-J custom license (research/commercial use, attribution required)"
official,noun,əfˈɪʃəl,B2,cefr-j,"CEFR-J custom license (research/commercial use, attribution required)"
offshore,adjective,ˈɔfʃˈɔɹ,B2,cefr-j,"CEFR-J custom license (research/commercial use, attribution required)"
ointment,noun,ˈɔɪntmənt,B2,cefr-j,"CEFR-J custom license (research/commercial use, attribution required)"
olive,noun,ˈɑləv,B2,cefr-j,"CEFR-J custom license (research/commercial use, attribution required)"
Olympia,noun,oʊlˈɪmpiə,B2,cefr-j,"CEFR-J custom license (research/commercial use, attribution required)"
Olympiad,noun,oʊlˈɪmpiˌæd,B2,cefr-j,"CEFR-J custom license (research/commercial use, attribution required)"
once,conjunction,wˈʌns,B2,cefr-j,"CEFR-J custom license (research/commercial use, attribution required)"
openly,adverb,ˈoʊpənli,B2,cefr-j,"CEFR-J custom license (research/commercial use, attribution required)"
operator,noun,ˈɑpɚˌeɪtɚ,B2,cefr-j,"CEFR-J custom license (research/commercial use, attribution required)"
opponent,noun,əpˈoʊnənt,B2,cefr-j,"CEFR-J custom license (research/commercial use, attribution required)"
optimism,noun,ˈɑptəmˌɪzəm,B2,cefr-j,"CEFR-J custom license (research/commercial use, attribution required)"
optimist,noun,ˈɑptəmɪst,B2,cefr-j,"CEFR-J custom license (research/commercial use, attribution required)"
optimistic,adjective,ˌɑptəmˈɪstɪk,B2,cefr-j,"CEFR-J custom license (research/commercial use, attribution required)"
optional,adjective,ˈɑpʃənəl,B2,cefr-j,"CEFR-J custom license (research/commercial use, attribution required)"
oral,adjective,ˈɔɹəl,B2,cefr-j,"CEFR-J custom license (research/commercial use, attribution required)"
orator,noun,ˈɔɹətɚ,B2,cefr-j,"CEFR-J custom license (research/commercial use, attribution required)"
orchestral,adjective,ɔɹkˈɛstɹəl,B2,cefr-j,"CEFR-J custom license (research/commercial use, attribution required)"
orchid,noun,ˈɔɹkəd,B2,cefr-j,"CEFR-J custom license (research/commercial use, attribution required)"
organizer,noun,ˈɔɹgənˌaɪzɚ,B2,cefr-j,"CEFR-J custom license (research/commercial use, attribution required)"
original,noun,ɚˈɪdʒənəl,B2,cefr-j,"CEFR-J custom license (research/commercial use, attribution required)"
originality,noun,ɚˌɪdʒənˈælɪti,B2,cefr-j,"CEFR-J custom license (research/commercial use, attribution required)"
originally,adverb,ɚˈɪdʒənəli,B2,cefr-j,"CEFR-J custom license (research/commercial use, attribution required)"
originate,verb,ɚˈɪdʒənˌeɪt,B2,cefr-j,"CEFR-J custom license (research/commercial use, attribution required)"
ornament,noun,ˈɔɹnəmənt,B2,cefr-j,"CEFR-J custom license (research/commercial use, attribution required)"
ounce,noun,ˈaʊns,B2,cefr-j,"CEFR-J custom license (research/commercial use, attribution required)"
outback,noun,ˈaʊtbˌæk,B2,cefr-j,"CEFR-J custom license (research/commercial use, attribution required)"
outbreak,noun,ˈaʊtbɹˌeɪk,B2,cefr-j,"CEFR-J custom license (research/commercial use, attribution required)"
outcome,noun,ˈaʊtkˌʌm,B2,cefr-j,"CEFR-J custom license (research/commercial use, attribution required)"
outdistance,verb,ˈaʊtdˈɪstəns,B2,cefr-j,"CEFR-J custom license (research/commercial use, attribution required)"
outdo,verb,ˌaʊtdˈu,B2,cefr-j,"CEFR-J custom license (research/commercial use, attribution required)"
outfit,noun,ˈaʊtfˌɪt,B2,cefr-j,"CEFR-J custom license (research/commercial use, attribution required)"
outgrow,verb,ˌaʊtgɹˈoʊ,B2,cefr-j,"CEFR-J custom license (research/commercial use, attribution required)"
outing,noun,ˈaʊtɪŋ,B2,cefr-j,"CEFR-J custom license (research/commercial use, attribution required)"
outlet,noun,ˈaʊtlˌɛt,B2,cefr-j,"CEFR-J custom license (research/commercial use, attribution required)"
outline,noun,ˈaʊtlˌaɪn,B2,cefr-j,"CEFR-J custom license (research/commercial use, attribution required)"
outlive,verb,ˌaʊtlˈɪv,B2,cefr-j,"CEFR-J custom license (research/commercial use, attribution required)"
outlook,noun,ˈaʊtlˌʊk,B2,cefr-j,"CEFR-J custom license (research/commercial use, attribution required)"
outpatient,noun,ˈaʊtpˌeɪʃənt,B2,cefr-j,"CEFR-J custom license (research/commercial use, attribution required)"
output,noun,ˈaʊtpˌʊt,B2,cefr-j,"CEFR-J custom license (research/commercial use, attribution required)"
outrage,noun,ˈaʊtɹˌeɪdʒ,B2,cefr-j,"CEFR-J custom license (research/commercial use, attribution required)"
outrageous,adjective,aʊtɹˈeɪdʒəs,B2,cefr-j,"CEFR-J custom license (research/commercial use, attribution required)"
outshine,verb,ˈaʊtʃˌaɪn,B2,cefr-j,"CEFR-J custom license (research/commercial use, attribution required)"
outside,adjective,ˈaʊtsˈaɪd,B2,cefr-j,"CEFR-J custom license (research/commercial use, attribution required)"
outside,noun,ˈaʊtsˈaɪd,B2,cefr-j,"CEFR-J custom license (research/commercial use, attribution required)"
outsider,noun,aʊtsˈaɪdɚ,B2,cefr-j,"CEFR-J custom license (research/commercial use, attribution required)"
outskirts,noun,ˈaʊtskˌɝts,B2,cefr-j,"CEFR-J custom license (research/commercial use, attribution required)"
outwardly,adverb,ˈaʊtwɚdli,B2,cefr-j,"CEFR-J custom license (research/commercial use, attribution required)"
oval,adjective,ˈoʊvəl,B2,cefr-j,"CEFR-J custom license (research/commercial use, attribution required)"
overall,adjective,ˈoʊvɚˌɔl,B2,cefr-j,"CEFR-J custom license (research/commercial use, attribution required)"
overall,adverb,ˈoʊvɚˌɔl,B2,cefr-j,"CEFR-J custom license (research/commercial use, attribution required)"
overboard,adverb,ˈoʊvɚbˌɔɹd,B2,cefr-j,"CEFR-J custom license (research/commercial use, attribution required)"
overbook,verb,ˈoʊvɚbˌʊk,B2,cefr-j,"CEFR-J custom license (research/commercial use, attribution required)"
overcoat,noun,ˈoʊvɚkˌoʊt,B2,cefr-j,"CEFR-J custom license (research/commercial use, attribution required)"
overemphasize,verb,ˈoʊvɚˈɛmfəsˌaɪz,B2,cefr-j,"CEFR-J custom license (research/commercial use, attribution required)"
overestimate,verb,ˌoʊvɚˈɛstəmˌeɪt,B2,cefr-j,"CEFR-J custom license (research/commercial use, attribution required)"
overhear,verb,ˈoʊvɚhˈiɹ,B2,cefr-j,"CEFR-J custom license (research/commercial use, attribution required)"
overlap,noun,ˈoʊvɚlˌæp,B2,cefr-j,"CEFR-J custom license (research/commercial use, attribution required)"
overlook,verb,ˈoʊvɚlˌʊk,B2,cefr-j,"CEFR-J custom license (research/commercial use, attribution required)"
overly,adverb,ˈoʊvɚli,B2,cefr-j,"CEFR-J custom license (research/commercial use, attribution required)"
overseas,adjective,ˈoʊvɚsˈiz,B2,cefr-j,"CEFR-J custom license (research/commercial use, attribution required)"
overshadow,verb,ˈoʊvɚʃˈædoʊ,B2,cefr-j,"CEFR-J custom license (research/commercial use, attribution required)"
oversize,adjective,ˌoʊvɚsˈaɪz,B2,cefr-j,"CEFR-J custom license (research/commercial use, attribution required)"
overstep,verb,ˈoʊvɚstˌɛp,B2,cefr-j,"CEFR-J custom license (research/commercial use, attribution required)"
overtake,verb,ˈoʊvɚtˌeɪk,B2,cefr-j,"CEFR-J custom license (research/commercial use, attribution required)"
overthrow,verb,ˈoʊvɚθɹˌoʊ,B2,cefr-j,"CEFR-J custom license (research/commercial use, attribution required)"
overtime,adverb,ˈoʊvɚtˌaɪm,B2,cefr-j,"CEFR-J custom license (research/commercial use, attribution required)"
overtime,noun,ˈoʊvɚtˌaɪm,B2,cefr-j,"CEFR-J custom license (research/commercial use, attribution required)"
overturn,verb,ˈoʊvɚtˌɝn,B2,cefr-j,"CEFR-J custom license (research/commercial use, attribution required)"
ow,noun,ˈoʊ,B2,cefr-j,"CEFR-J custom license (research/commercial use, attribution required)"
owing to,preposition,ˈoʊɪŋ tˈu,B2,cefr-j,"CEFR-J custom license (research/commercial use, attribution required)"
owl,noun,ˈaʊl,B2,cefr-j,"CEFR-J custom license (research/commercial use, attribution required)"
ox,noun,ˈɑks,B2,cefr-j,"CEFR-J custom license (research/commercial use, attribution required)"
ozone,noun,ˈoʊzˌoʊn,B2,cefr-j,"CEFR-J custom license (research/commercial use, attribution required)"
pa,noun,pˈɑ,B2,cefr-j,"CEFR-J custom license (research/commercial use, attribution required)"
packed,adjective,pˈækt,B2,cefr-j,"CEFR-J custom license (research/commercial use, attribution required)"
packet,noun,pˈækət,B2,cefr-j,"CEFR-J custom license (research/commercial use, attribution required)"
pad,noun,pˈæd,B2,cefr-j,"CEFR-J custom license (research/commercial use, attribution required)"
paintbrush,noun,pˈeɪntbɹˌʌʃ,B2,cefr-j,"CEFR-J custom license (research/commercial use, attribution required)"
pajamas,noun,pədʒˈɑməz,B2,cefr-j,"CEFR-J custom license (research/commercial use, attribution required)"
pallet,noun,pˈælət,B2,cefr-j,"CEFR-J custom license (research/commercial use, attribution required)"
pancake,noun,pˈænkˌeɪk,B2,cefr-j,"CEFR-J custom license (research/commercial use, attribution required)"
pandemic,adjective,pændˈɛmɪk,B2,cefr-j,"CEFR-J custom license (research/commercial use, attribution required)"
panel,noun,pˈænəl,B2,cefr-j,"CEFR-J custom license (research/commercial use, attribution required)"
panic,verb,pˈænɪk,B2,cefr-j,"CEFR-J custom license (research/commercial use, attribution required)"
papaya,noun,pəpˈaɪə,B2,cefr-j,"CEFR-J custom license (research/commercial use, attribution required)"
paperless,adjective,pˈeɪpɚləs,B2,cefr-j,"CEFR-J custom license (research/commercial use, attribution required)"
paperwork,noun,pˈeɪpɚwˌɝk,B2,cefr-j,"CEFR-J custom license (research/commercial use, attribution required)"
parade,noun,pɚˈeɪd,B2,cefr-j,"CEFR-J custom license (research/commercial use, attribution required)"
paradox,noun,pˈɛɹədˌɑks,B2,cefr-j,"CEFR-J custom license (research/commercial use, attribution required)"
paralysis,noun,pɚˈæləsəs,B2,cefr-j,"CEFR-J custom license (research/commercial use, attribution required)"
paramedic,adjective,pˌɛɹəmˈɛdɪk,B2,cefr-j,"CEFR-J custom license (research/commercial use, attribution required)"
paratrooper,noun,pˈɛɹətɹˌupɚ,B2,cefr-j,"CEFR-J custom license (research/commercial use, attribution required)"
parliament,noun,pˈɑɹləmənt,B2,cefr-j,"CEFR-J custom license (research/commercial use, attribution required)"
part,verb,pˈɑɹt,B2,cefr-j,"CEFR-J custom license (research/commercial use, attribution required)"
participation,noun,pɑɹtˌɪsəpˈeɪʃən,B2,cefr-j,"CEFR-J custom license (research/commercial use, attribution required)"
particle,noun,pˈɑɹtəkəl,B2,cefr-j,"CEFR-J custom license (research/commercial use, attribution required)"
particular,adjective,pɚtˈɪkjəlɚ,B2,cefr-j,"CEFR-J custom license (research/commercial use, attribution required)"
partisan,noun,pˈɑɹtəzən,B2,cefr-j,"CEFR-J custom license (research/commercial use, attribution required)"
partnership,noun,pˈɑɹtnɚʃˌɪp,B2,cefr-j,"CEFR-J custom license (research/commercial use, attribution required)"
passionate,adjective,pˈæʃənət,B2,cefr-j,"CEFR-J custom license (research/commercial use, attribution required)"
passionately,adverb,pˈæʃənətli,B2,cefr-j,"CEFR-J custom license (research/commercial use, attribution required)"
pastor,noun,pˈæstɚ,B2,cefr-j,"CEFR-J custom license (research/commercial use, attribution required)"
pastoral,adjective,pˈæstɚəl,B2,cefr-j,"CEFR-J custom license (research/commercial use, attribution required)"
patch,noun,pˈætʃ,B2,cefr-j,"CEFR-J custom license (research/commercial use, attribution required)"
patiently,adverb,pˈeɪʃəntli,B2,cefr-j,"CEFR-J custom license (research/commercial use, attribution required)"
patriot,noun,pˈeɪtɹiət,B2,cefr-j,"CEFR-J custom license (research/commercial use, attribution required)"
patriotic,adjective,pˌeɪtɹiˈɑtɪk,B2,cefr-j,"CEFR-J custom license (research/commercial use, attribution required)"
patriotism,noun,pˈeɪtɹiətˌɪzəm,B2,cefr-j,"CEFR-J custom license (research/commercial use, attribution required)"
patron,noun,pˈeɪtɹən,B2,cefr-j,"CEFR-J custom license (research/commercial use, attribution required)"
pave,verb,pˈeɪv,B2,cefr-j,"CEFR-J custom license (research/commercial use, attribution required)"
pavement,noun,pˈeɪvmənt,B2,cefr-j,"CEFR-J custom license (research/commercial use, attribution required)"
paw,noun,pˈɔ,B2,cefr-j,"CEFR-J custom license (research/commercial use, attribution required)"
pawnbroker,noun,,B2,cefr-j,"CEFR-J custom license (research/commercial use, attribution required)"
pawnshop,noun,pˈɔnʃˌɑp,B2,cefr-j,"CEFR-J custom license (research/commercial use, attribution required)"
payment,noun,pˈeɪmənt,B2,cefr-j,"CEFR-J custom license (research/commercial use, attribution required)"
peacefully,adverb,pˈisfəli,B2,cefr-j,"CEFR-J custom license (research/commercial use, attribution required)"
peach,noun,pˈitʃ,B2,cefr-j,"CEFR-J custom license (research/commercial use, attribution required)"
peak,noun,pˈik,B2,cefr-j,"CEFR-J custom license (research/commercial use, attribution required)"
pearl,noun,pˈɝl,B2,cefr-j,"CEFR-J custom license (research/commercial use, attribution required)"
pebble,noun,pˈɛbəl,B2,cefr-j,"CEFR-J custom license (research/commercial use, attribution required)"
pedal,noun,pˈɛdəl,B2,cefr-j,"CEFR-J custom license (research/commercial use, attribution required)"
pedantic,adjective,pədˈæntɪk,B2,cefr-j,"CEFR-J custom license (research/commercial use, attribution required)"
pedestrian,noun,pədˈɛstɹiən,B2,cefr-j,"CEFR-J custom license (research/commercial use, attribution required)"
pee,verb,pˈi,B2,cefr-j,"CEFR-J custom license (research/commercial use, attribution required)"
peel,noun,pˈil,B2,cefr-j,"CEFR-J custom license (research/commercial use, attribution required)"
peel,verb,pˈil,B2,cefr-j,"CEFR-J custom license (research/commercial use, attribution required)"
peep,noun,pˈip,B2,cefr-j,"CEFR-J custom license (research/commercial use, attribution required)"
peer,noun,pˈɪɹ,B2,cefr-j,"CEFR-J custom license (research/commercial use, attribution required)"
peg,noun,pˈɛg,B2,cefr-j,"CEFR-J custom license (research/commercial use, attribution required)"
penalize,verb,pˈɛnəlˌaɪz,B2,cefr-j,"CEFR-J custom license (research/commercial use, attribution required)"
penalty,noun,pˈɛnəlti,B2,cefr-j,"CEFR-J custom license (research/commercial use, attribution required)"
penetrate,verb,pˈɛnətɹˌeɪt,B2,cefr-j,"CEFR-J custom license (research/commercial use, attribution required)"
penguin,noun,pˈɛŋgwən,B2,cefr-j,"CEFR-J custom license (research/commercial use, attribution required)"
penicillin,noun,pˌɛnəsˈɪlən,B2,cefr-j,"CEFR-J custom license (research/commercial use, attribution required)"
pension,noun,pˈɛnʃən,B2,cefr-j,"CEFR-J custom license (research/commercial use, attribution required)"
pentagon,noun,pˈɛntɪgˌɑn,B2,cefr-j,"CEFR-J custom license (research/commercial use, attribution required)"
perceive,verb,pɚsˈiv,B2,cefr-j,"CEFR-J custom license (research/commercial use, attribution required)"
percentage,noun,pɚsˈɛntədʒ,B2,cefr-j,"CEFR-J custom license (research/commercial use, attribution required)"
perception,noun,pɚsˈɛpʃən,B2,cefr-j,"CEFR-J custom license (research/commercial use, attribution required)"
permanence,noun,pˈɝmənəns,B2,cefr-j,"CEFR-J custom license (research/commercial use, attribution required)"
permeate,verb,pˈɝmiˌeɪt,B2,cefr-j,"CEFR-J custom license (research/commercial use, attribution required)"
perseverance,noun,pˌɝsəvˈɪɹəns,B2,cefr-j,"CEFR-J custom license (research/commercial use, attribution required)"
persist,verb,pɚsˈɪst,B2,cefr-j,"CEFR-J custom license (research/commercial use, attribution required)"
persistence,noun,pɚsˈɪstəns,B2,cefr-j,"CEFR-J custom license (research/commercial use, attribution required)"
persistent,adjective,pɚsˈɪstənt,B2,cefr-j,"CEFR-J custom license (research/commercial use, attribution required)"
personification,noun,pɚsˌɑnəfəkˈeɪʃən,B2,cefr-j,"CEFR-J custom license (research/commercial use, attribution required)"
personify,verb,pɚsˈɑnəfˌaɪ,B2,cefr-j,"CEFR-J custom license (research/commercial use, attribution required)"
personnel,noun,pˌɝsənˈɛl,B2,cefr-j,"CEFR-J custom license (research/commercial use, attribution required)"
perspective,noun,pɚspˈɛktɪv,B2,cefr-j,"CEFR-J custom license (research/commercial use, attribution required)"
perspiration,noun,pˌɝspɚˈeɪʃən,B2,cefr-j,"CEFR-J custom license (research/commercial use, attribution required)"
persuasion,noun,pɚswˈeɪʒən,B2,cefr-j,"CEFR-J custom license (research/commercial use, attribution required)"
pessimist,noun,pˈɛsəməst,B2,cefr-j,"CEFR-J custom license (research/commercial use, attribution required)"
pessimistic,adjective,pˌɛsəmˈɪstɪk,B2,cefr-j,"CEFR-J custom license (research/commercial use, attribution required)"
petrified,adjective,pˈɛtɹəfˌaɪd,B2,cefr-j,"CEFR-J custom license (research/commercial use, attribution required)"
petty,adjective,pˈɛtˌi,B2,cefr-j,"CEFR-J custom license (research/commercial use, attribution required)"
pH,noun,pˈiˈeɪtʃ,B2,cefr-j,"CEFR-J custom license (research/commercial use, attribution required)"
pharmacist,noun,fˈɑɹməsɪst,B2,cefr-j,"CEFR-J custom license (research/commercial use, attribution required)"
phase,noun,fˈeɪz,B2,cefr-j,"CEFR-J custom license (research/commercial use, attribution required)"
philosophical,adjective,fˌɪləsˈɑfɪkəl,B2,cefr-j,"CEFR-J custom license (research/commercial use, attribution required)"
photograph,verb,fˈoʊtəgɹˌæf,B2,cefr-j,"CEFR-J custom license (research/commercial use, attribution required)"
physician,noun,fəzˈɪʃən,B2,cefr-j,"CEFR-J custom license (research/commercial use, attribution required)"
pi,noun,pˈaɪ,B2,cefr-j,"CEFR-J custom license (research/commercial use, attribution required)"
pickle,noun,pˈɪkəl,B2,cefr-j,"CEFR-J custom license (research/commercial use, attribution required)"
picky,adjective,pˈɪki,B2,cefr-j,"CEFR-J custom license (research/commercial use, attribution required)"
picture,verb,pˈɪktʃɚ,B2,cefr-j,"CEFR-J custom license (research/commercial use, attribution required)"
picturesque,adjective,pˈɪktʃɚəsk,B2,cefr-j,"CEFR-J custom license (research/commercial use, attribution required)"
pillowcase,noun,,B2,cefr-j,"CEFR-J custom license (research/commercial use, attribution required)"
pin,noun,pˈɪn,B2,cefr-j,"CEFR-J custom license (research/commercial use, attribution required)"
pine,noun,pˈaɪn,B2,cefr-j,"CEFR-J custom license (research/commercial use, attribution required)"
pint,noun,pˈaɪnt,B2,cefr-j,"CEFR-J custom license (research/commercial use, attribution required)"
piracy,noun,pˈaɪɹəsi,B2,cefr-j,"CEFR-J custom license (research/commercial use, attribution required)"
pirate,noun,pˈaɪɹət,B2,cefr-j,"CEFR-J custom license (research/commercial use, attribution required)"
pitch,noun,pˈɪtʃ,B2,cefr-j,"CEFR-J custom license (research/commercial use, attribution required)"
pitch,verb,pˈɪtʃ,B2,cefr-j,"CEFR-J custom license (research/commercial use, attribution required)"
plague,noun,plˈeɪg,B2,cefr-j,"CEFR-J custom license (research/commercial use, attribution required)"
planning,noun,plˈænɪŋ,B2,cefr-j,"CEFR-J custom license (research/commercial use, attribution required)"
playmate,noun,plˈeɪmˌeɪt,B2,cefr-j,"CEFR-J custom license (research/commercial use, attribution required)"
playwright,noun,plˈeɪɹˌaɪt,B2,cefr-j,"CEFR-J custom license (research/commercial use, attribution required)"
plead,verb,plˈid,B2,cefr-j,"CEFR-J custom license (research/commercial use, attribution required)"
plot,noun,plˈɑt,B2,cefr-j,"CEFR-J custom license (research/commercial use, attribution required)"
pluck,verb,plˈʌk,B2,cefr-j,"CEFR-J custom license (research/commercial use, attribution required)"
plug,verb,plˈʌg,B2,cefr-j,"CEFR-J custom license (research/commercial use, attribution required)"
plum,noun,plˈʌm,B2,cefr-j,"CEFR-J custom license (research/commercial use, attribution required)"
plumber,noun,plˈʌmɚ,B2,cefr-j,"CEFR-J custom license (research/commercial use, attribution required)"
plus,noun,plˈʌs,B2,cefr-j,"CEFR-J custom license (research/commercial use, attribution required)"
pneumonia,noun,numˈoʊnjə,B2,cefr-j,"CEFR-J custom license (research/commercial use, attribution required)"
point of view,noun,pˈɔɪnt ˈʌv vjˈu,B2,cefr-j,"CEFR-J custom license (research/commercial use, attribution required)"
pointless,adjective,pˈɔɪntləs,B2,cefr-j,"CEFR-J custom license (research/commercial use, attribution required)"
poison,verb,pˈɔɪzən,B2,cefr-j,"CEFR-J custom license (research/commercial use, attribution required)"
polar bear,noun,pˈoʊlɚ bˈɛɹ,B2,cefr-j,"CEFR-J custom license (research/commercial use, attribution required)"
polio,noun,pˈoʊliˌoʊ,B2,cefr-j,"CEFR-J custom license (research/commercial use, attribution required)"
polish,noun,pˈɑlɪʃ,B2,cefr-j,"CEFR-J custom license (research/commercial use, attribution required)"
politeness,noun,pəlˈaɪtnəs,B2,cefr-j,"CEFR-J custom license (research/commercial use, attribution required)"
politically,adverb,pəlˈɪtɪkəli,B2,cefr-j,"CEFR-J custom license (research/commercial use, attribution required)"
polity,noun,pˈɑləti,B2,cefr-j,"CEFR-J custom license (research/commercial use, attribution required)"
polo,noun,pˈoʊloʊ,B2,cefr-j,"CEFR-J custom license (research/commercial use, attribution required)"
ponder,verb,pˈɑndɚ,B2,cefr-j,"CEFR-J custom license (research/commercial use, attribution required)"
pop,verb,pˈɑp,B2,cefr-j,"CEFR-J custom license (research/commercial use, attribution required)"
popularity,noun,pˌɑpjəlˈɛɹəti,B2,cefr-j,"CEFR-J custom license (research/commercial use, attribution required)"
popularize,verb,pˈɑpjəlɚˌaɪz,B2,cefr-j,"CEFR-J custom license (research/commercial use, attribution required)"
porch,noun,pˈɔɹtʃ,B2,cefr-j,"CEFR-J custom license (research/commercial use, attribution required)"
portion,noun,pˈɔɹʃən,B2,cefr-j,"CEFR-J custom license (research/commercial use, attribution required)"
pose,noun,pˈoʊz,B2,cefr-j,"CEFR-J custom license (research/commercial use, attribution required)"
posh,adjective,pˈɑʃ,B2,cefr-j,"CEFR-J custom license (research/commercial use, attribution required)"
possessed,adjective,pəzˈɛst,B2,cefr-j,"CEFR-J custom license (research/commercial use, attribution required)"
postal,adjective,pˈoʊstəl,B2,cefr-j,"CEFR-J custom license (research/commercial use, attribution required)"
postpone,verb,poʊstpˈoʊn,B2,cefr-j,"CEFR-J custom license (research/commercial use, attribution required)"
potent,adjective,pˈoʊtənt,B2,cefr-j,"CEFR-J custom license (research/commercial use, attribution required)"
potential,adjective,pətˈɛnʃəl,B2,cefr-j,"CEFR-J custom license (research/commercial use, attribution required)"
potentially,adverb,pətˈɛnʃəli,B2,cefr-j,"CEFR-J custom license (research/commercial use, attribution required)"
pound,verb,pˈaʊnd,B2,cefr-j,"CEFR-J custom license (research/commercial use, attribution required)"
powder,verb,pˈaʊdɚ,B2,cefr-j,"CEFR-J custom license (research/commercial use, attribution required)"
powerfully,adverb,pˈaʊɚfli,B2,cefr-j,"CEFR-J custom license (research/commercial use, attribution required)"
practicality,noun,pɹˌæktɪkˈæləti,B2,cefr-j,"CEFR-J custom license (research/commercial use, attribution required)"
practically,adverb,pɹˈæktɪkli,B2,cefr-j,"CEFR-J custom license (research/commercial use, attribution required)"
praise,verb,pɹˈeɪz,B2,cefr-j,"CEFR-J custom license (research/commercial use, attribution required)"
prance,noun,pɹˈæns,B2,cefr-j,"CEFR-J custom license (research/commercial use, attribution required)"
prawn,noun,pɹˈɔn,B2,cefr-j,"CEFR-J custom license (research/commercial use, attribution required)"
precede,verb,pɹɪsˈid,B2,cefr-j,"CEFR-J custom license (research/commercial use, attribution required)"
precisely,adverb,pɹɪsˈaɪsli,B2,cefr-j,"CEFR-J custom license (research/commercial use, attribution required)"
predicament,noun,pɹɪdˈɪkəmənt,B2,cefr-j,"CEFR-J custom license (research/commercial use, attribution required)"
predicate,verb,pɹˈɛdəkˌeɪt,B2,cefr-j,"CEFR-J custom license (research/commercial use, attribution required)"
predicative,adjective,,B2,cefr-j,"CEFR-J custom license (research/commercial use, attribution required)"
predictable,adjective,pɹɪdˈɪktəbəl,B2,cefr-j,"CEFR-J custom license (research/commercial use, attribution required)"
predictive,adjective,pɹɪdˈɪktɪv,B2,cefr-j,"CEFR-J custom license (research/commercial use, attribution required)"
predictor,noun,pɹɪdˈɪktɚ,B2,cefr-j,"CEFR-J custom license (research/commercial use, attribution required)"
prefect,noun,pɹˈifˌɛkt,B2,cefr-j,"CEFR-J custom license (research/commercial use, attribution required)"
preferable,adjective,pɹˈɛfɚəbəl,B2,cefr-j,"CEFR-J custom license (research/commercial use, attribution required)"
preferably,adverb,pɹˈɛfɚəbli,B2,cefr-j,"CEFR-J custom license (research/commercial use, attribution required)"
prehistoric,adjective,pɹˌihɪstˈɔɹɪk,B2,cefr-j,"CEFR-J custom license (research/commercial use, attribution required)"
prehuman,noun,,B2,cefr-j,"CEFR-J custom license (research/commercial use, attribution required)"
preindustrial,adjective,,B2,cefr-j,"CEFR-J custom license (research/commercial use, attribution required)"
prejudge,verb,pɹidʒˈʌdʒ,B2,cefr-j,"CEFR-J custom license (research/commercial use, attribution required)"
preliminary,adjective,pɹɪlˈɪmənˌɛɹi,B2,cefr-j,"CEFR-J custom license (research/commercial use, attribution required)"
preoccupy,verb,pɹiˈɑkjəpˌaɪ,B2,cefr-j,"CEFR-J custom license (research/commercial use, attribution required)"
prescribe,verb,pɹəskɹˈaɪb,B2,cefr-j,"CEFR-J custom license (research/commercial use, attribution required)"
present,verb,pɹˈɛzənt,B2,cefr-j,"CEFR-J custom license (research/commercial use, attribution required)"
presenter,noun,pɹˈɛzəntɚ,B2,cefr-j,"CEFR-J custom license (research/commercial use, attribution required)"
presidency,noun,pɹˈɛzədənsi,B2,cefr-j,"CEFR-J custom license (research/commercial use, attribution required)"
presidential,adjective,pɹˌɛzədˈɛnʃəl,B2,cefr-j,"CEFR-J custom license (research/commercial use, attribution required)"
prestige,noun,pɹɛstˈiʒ,B2,cefr-j,"CEFR-J custom license (research/commercial use, attribution required)"
prestigious,adjective,pɹɛstˈɪdʒəs,B2,cefr-j,"CEFR-J custom license (research/commercial use, attribution required)"
presumably,adverb,pɹəzˈuməbli,B2,cefr-j,"CEFR-J custom license (research/commercial use, attribution required)"
pretend,adjective,pɹitˈɛnd,B2,cefr-j,"CEFR-J custom license (research/commercial use, attribution required)"
prevail,verb,pɹɪvˈeɪl,B2,cefr-j,"CEFR-J custom license (research/commercial use, attribution required)"
prevention,noun,pɹivˈɛnʃən,B2,cefr-j,"CEFR-J custom license (research/commercial use, attribution required)"
preventive,adjective,pɹɪvˈɛntɪv,B2,cefr-j,"CEFR-J custom license (research/commercial use, attribution required)"
previously,adverb,pɹˈiviəsli,B2,cefr-j,"CEFR-J custom license (research/commercial use, attribution required)"
price,verb,pɹˈaɪs,B2,cefr-j,"CEFR-J custom license (research/commercial use, attribution required)"
priceless,adjective,pɹˈaɪsləs,B2,cefr-j,"CEFR-J custom license (research/commercial use, attribution required)"
prick,noun,pɹˈɪk,B2,cefr-j,"CEFR-J custom license (research/commercial use, attribution required)"
primary,adjective,pɹˈaɪmˌɛɹi,B2,cefr-j,"CEFR-J custom license (research/commercial use, attribution required)"
prime,adjective,pɹˈaɪm,B2,cefr-j,"CEFR-J custom license (research/commercial use, attribution required)"
prime minister,noun,pɹˈaɪm mˈɪnəstɚ,B2,cefr-j,"CEFR-J custom license (research/commercial use, attribution required)"
principal,noun,pɹˈɪnsəpəl,B2,cefr-j,"CEFR-J custom license (research/commercial use, attribution required)"
prior,adjective,pɹˈaɪɚ,B2,cefr-j,"CEFR-J custom license (research/commercial use, attribution required)"
priority,noun,pɹaɪˈɔɹəti,B2,cefr-j,"CEFR-J custom license (research/commercial use, attribution required)"
privately,adverb,pɹˈaɪvətli,B2,cefr-j,"CEFR-J custom license (research/commercial use, attribution required)"
privilege,noun,pɹˈɪvlədʒ,B2,cefr-j,"CEFR-J custom license (research/commercial use, attribution required)"
probable,adjective,pɹˈɑbəbəl,B2,cefr-j,"CEFR-J custom license (research/commercial use, attribution required)"
probe,noun,pɹˈoʊb,B2,cefr-j,"CEFR-J custom license (research/commercial use, attribution required)"
procedure,noun,pɹəsˈidʒɚ,B2,cefr-j,"CEFR-J custom license (research/commercial use, attribution required)"
process,verb,pɹˈɑsˌɛs,B2,cefr-j,"CEFR-J custom license (research/commercial use, attribution required)"
professional,noun,pɹəfˈɛʃənəl,B2,cefr-j,"CEFR-J custom license (research/commercial use, attribution required)"
profile,noun,pɹˈoʊfˌaɪl,B2,cefr-j,"CEFR-J custom license (research/commercial use, attribution required)"
profit,noun,pɹˈɑfət,B2,cefr-j,"CEFR-J custom license (research/commercial use, attribution required)"
profitable,adjective,pɹˈɑfətəbəl,B2,cefr-j,"CEFR-J custom license (research/commercial use, attribution required)"
programmer,noun,pɹˈoʊgɹˌæmɚ,B2,cefr-j,"CEFR-J custom license (research/commercial use, attribution required)"
programming,noun,pɹˈoʊgɹˌæmɪŋ,B2,cefr-j,"CEFR-J custom license (research/commercial use, attribution required)"
progress,verb,pɹˈɑgɹˌɛs,B2,cefr-j,"CEFR-J custom license (research/commercial use, attribution required)"
prohibit,verb,pɹoʊhˈɪbət,B2,cefr-j,"CEFR-J custom license (research/commercial use, attribution required)"
project,noun,pɹˈɑdʒɛkt,B2,cefr-j,"CEFR-J custom license (research/commercial use, attribution required)"
project,verb,pɹˈɑdʒɛkt,B2,cefr-j,"CEFR-J custom license (research/commercial use, attribution required)"
projection,noun,pɹədʒˈɛkʃən,B2,cefr-j,"CEFR-J custom license (research/commercial use, attribution required)"
prom,noun,pɹˈɑm,B2,cefr-j,"CEFR-J custom license (research/commercial use, attribution required)"
prominence,noun,pɹˈɑmənəns,B2,cefr-j,"CEFR-J custom license (research/commercial use, attribution required)"
prompt,adjective,pɹˈɑmpt,B2,cefr-j,"CEFR-J custom license (research/commercial use, attribution required)"
prompt,noun,pɹˈɑmpt,B2,cefr-j,"CEFR-J custom license (research/commercial use, attribution required)"
prompt,verb,pɹˈɑmpt,B2,cefr-j,"CEFR-J custom license (research/commercial use, attribution required)"
promptly,adverb,pɹˈɑmptli,B2,cefr-j,"CEFR-J custom license (research/commercial use, attribution required)"
proponent,noun,pɹəpˈoʊnənt,B2,cefr-j,"CEFR-J custom license (research/commercial use, attribution required)"
proposed,adjective,pɹəpˈoʊzd,B2,cefr-j,"CEFR-J custom license (research/commercial use, attribution required)"
prose,noun,pɹˈoʊz,B2,cefr-j,"CEFR-J custom license (research/commercial use, attribution required)"
prosecute,verb,pɹˈɑsəkjˌut,B2,cefr-j,"CEFR-J custom license (research/commercial use, attribution required)"
prospect,noun,pɹˈɑspɛkt,B2,cefr-j,"CEFR-J custom license (research/commercial use, attribution required)"
prosper,verb,pɹˈɑspɚ,B2,cefr-j,"CEFR-J custom license (research/commercial use, attribution required)"
protest,verb,pɹˈoʊtˌɛst,B2,cefr-j,"CEFR-J custom license (research/commercial use, attribution required)"
proudly,adverb,pɹˈaʊdli,B2,cefr-j,"CEFR-J custom license (research/commercial use, attribution required)"
proven,adjective,pɹˈuvən,B2,cefr-j,"CEFR-J custom license (research/commercial use, attribution required)"
province,noun,pɹˈɑvəns,B2,cefr-j,"CEFR-J custom license (research/commercial use, attribution required)"
provision,noun,pɹəvˈɪʒən,B2,cefr-j,"CEFR-J custom license (research/commercial use, attribution required)"
proximity,noun,pɹɑksˈɪməti,B2,cefr-j,"CEFR-J custom license (research/commercial use, attribution required)"
psychologically,adverb,sˌaɪkəlˈɑdʒɪkli,B2,cefr-j,"CEFR-J custom license (research/commercial use, attribution required)"
psychology,noun,saɪkˈɑlədʒi,B2,cefr-j,"CEFR-J custom license (research/commercial use, attribution required)"
publication,noun,pˌʌblɪkˈeɪʃən,B2,cefr-j,"CEFR-J custom license (research/commercial use, attribution required)"
publicity,noun,pəblˈɪsəti,B2,cefr-j,"CEFR-J custom license (research/commercial use, attribution required)"
publicize,verb,pˈʌblɪsˌaɪz,B2,cefr-j,"CEFR-J custom license (research/commercial use, attribution required)"
pudding,noun,pˈʊdɪŋ,B2,cefr-j,"CEFR-J custom license (research/commercial use, attribution required)"
pulse,noun,pˈʌls,B2,cefr-j,"CEFR-J custom license (research/commercial use, attribution required)"
pumpkin,noun,pˈʌmpkɪn,B2,cefr-j,"CEFR-J custom license (research/commercial use, attribution required)"
punch,noun,pˈʌntʃ,B2,cefr-j,"CEFR-J custom license (research/commercial use, attribution required)"
punch,verb,pˈʌntʃ,B2,cefr-j,"CEFR-J custom license (research/commercial use, attribution required)"
punctual,adjective,pˈʌŋktʃuəl,B2,cefr-j,"CEFR-J custom license (research/commercial use, attribution required)"
punctuality,noun,pˌʌŋktʃuˈælɪti,B2,cefr-j,"CEFR-J custom license (research/commercial use, attribution required)"
purchase,noun,pˈɝtʃəs,B2,cefr-j,"CEFR-J custom license (research/commercial use, attribution required)"
purchase,verb,pˈɝtʃəs,B2,cefr-j,"CEFR-J custom license (research/commercial use, attribution required)"
purposeful,adjective,pˈɝpəsfəl,B2,cefr-j,"CEFR-J custom license (research/commercial use, attribution required)"
pursuit,noun,pɚsˈut,B2,cefr-j,"CEFR-J custom license (research/commercial use, attribution required)"
puzzled,adjective,pˈʌzəld,B2,cefr-j,"CEFR-J custom license (research/commercial use, attribution required)"
qualification,noun,kwˌɑləfəkˈeɪʃən,B2,cefr-j,"CEFR-J custom license (research/commercial use, attribution required)"
quantify,verb,kwˈɑntɪfˌaɪ,B2,cefr-j,"CEFR-J custom license (research/commercial use, attribution required)"
quarantine,noun,kwˈɔɹəntˌin,B2,cefr-j,"CEFR-J custom license (research/commercial use, attribution required)"
quarrel,noun,kwˈɔɹəl,B2,cefr-j,"CEFR-J custom license (research/commercial use, attribution required)"
quarrel,verb,kwˈɔɹəl,B2,cefr-j,"CEFR-J custom license (research/commercial use, attribution required)"
quarrelsome,adjective,kwˈɔɹəlsəm,B2,cefr-j,"CEFR-J custom license (research/commercial use, attribution required)"
queer,adjective,kwˈɪɹ,B2,cefr-j,"CEFR-J custom license (research/commercial use, attribution required)"
query,noun,kwˈiɹi,B2,cefr-j,"CEFR-J custom license (research/commercial use, attribution required)"
question,verb,kwˈɛstʃən,B2,cefr-j,"CEFR-J custom license (research/commercial use, attribution required)"
queue,verb,kjˈu,B2,cefr-j,"CEFR-J custom license (research/commercial use, attribution required)"
quiet,noun,kwˈaɪət,B2,cefr-j,"CEFR-J custom license (research/commercial use, attribution required)"
quit,adjective,kwˈɪt,B2,cefr-j,"CEFR-J custom license (research/commercial use, attribution required)"
quotable,adjective,kwˈoʊtəbəl,B2,cefr-j,"CEFR-J custom license (research/commercial use, attribution required)"
quotation,noun,kwoʊtˈeɪʃən,B2,cefr-j,"CEFR-J custom license (research/commercial use, attribution required)"
quote,noun,kwˈoʊt,B2,cefr-j,"CEFR-J custom license (research/commercial use, attribution required)"
quote,verb,kwˈoʊt,B2,cefr-j,"CEFR-J custom license (research/commercial use, attribution required)"
racism,noun,ɹˈeɪsˌɪzəm,B2,cefr-j,"CEFR-J custom license (research/commercial use, attribution required)"
racist,noun,ɹˈeɪsɪst,B2,cefr-j,"CEFR-J custom license (research/commercial use, attribution required)"
rack,noun,ɹˈæk,B2,cefr-j,"CEFR-J custom license (research/commercial use, attribution required)"
radar,noun,ɹˈeɪdˌɑɹ,B2,cefr-j,"CEFR-J custom license (research/commercial use, attribution required)"
radiate,verb,ɹˈeɪdiət,B2,cefr-j,"CEFR-J custom license (research/commercial use, attribution required)"
radical,noun,ɹˈædəkəl,B2,cefr-j,"CEFR-J custom license (research/commercial use, attribution required)"
radically,adverb,ɹˈædɪkli,B2,cefr-j,"CEFR-J custom license (research/commercial use, attribution required)"
radium,noun,ɹˈeɪdiəm,B2,cefr-j,"CEFR-J custom license (research/commercial use, attribution required)"
rafter,noun,ɹˈæftɚ,B2,cefr-j,"CEFR-J custom license (research/commercial use, attribution required)"
rag,noun,ɹˈæg,B2,cefr-j,"CEFR-J custom license (research/commercial use, attribution required)"
rainbow,noun,ɹˈeɪnbˌoʊ,B2,cefr-j,"CEFR-J custom license (research/commercial use, attribution required)"
rainstorm,noun,ɹˈeɪnstˌɔɹm,B2,cefr-j,"CEFR-J custom license (research/commercial use, attribution required)"
rally,noun,ɹˈæli,B2,cefr-j,"CEFR-J custom license (research/commercial use, attribution required)"
ram,noun,ɹˈæm,B2,cefr-j,"CEFR-J custom license (research/commercial use, attribution required)"
ramp,noun,ɹˈæmp,B2,cefr-j,"CEFR-J custom license (research/commercial use, attribution required)"
range,verb,ɹˈeɪndʒ,B2,cefr-j,"CEFR-J custom license (research/commercial use, attribution required)"
ranger,noun,ɹˈeɪndʒɚ,B2,cefr-j,"CEFR-J custom license (research/commercial use, attribution required)"
rape,noun,ɹˈeɪp,B2,cefr-j,"CEFR-J custom license (research/commercial use, attribution required)"
rape,verb,ɹˈeɪp,B2,cefr-j,"CEFR-J custom license (research/commercial use, attribution required)"
rash,adjective,ɹˈæʃ,B2,cefr-j,"CEFR-J custom license (research/commercial use, attribution required)"
rate,verb,ɹˈeɪt,B2,cefr-j,"CEFR-J custom license (research/commercial use, attribution required)"
rattle,noun,ɹˈætəl,B2,cefr-j,"CEFR-J custom license (research/commercial use, attribution required)"
ravage,noun,ɹˈævɪdʒ,B2,cefr-j,"CEFR-J custom license (research/commercial use, attribution required)"
reaction,noun,ɹiˈækʃən,B2,cefr-j,"CEFR-J custom license (research/commercial use, attribution required)"
readily,adverb,ɹˈɛdəli,B2,cefr-j,"CEFR-J custom license (research/commercial use, attribution required)"
real estate,noun,ɹˈil ɪstˈeɪt,B2,cefr-j,"CEFR-J custom license (research/commercial use, attribution required)"
realization,noun,ɹˈiləzˈeɪʃən,B2,cefr-j,"CEFR-J custom license (research/commercial use, attribution required)"
rear,adjective,ɹˈɪɹ,B2,cefr-j,"CEFR-J custom license (research/commercial use, attribution required)"
reasonably,adverb,ɹˈizənəbli,B2,cefr-j,"CEFR-J custom license (research/commercial use, attribution required)"
rebel,noun,ɹˈɛbəl,B2,cefr-j,"CEFR-J custom license (research/commercial use, attribution required)"
rebel,verb,ɹˈɛbəl,B2,cefr-j,"CEFR-J custom license (research/commercial use, attribution required)"
rebellious,adjective,ɹɪbˈɛljəs,B2,cefr-j,"CEFR-J custom license (research/commercial use, attribution required)"
recession,noun,ɹɪsˈɛʃən,B2,cefr-j,"CEFR-J custom license (research/commercial use, attribution required)"
recipe,noun,ɹˈɛsəpi,B2,cefr-j,"CEFR-J custom license (research/commercial use, attribution required)"
reckon,verb,ɹˈɛkən,B2,cefr-j,"CEFR-J custom license (research/commercial use, attribution required)"
recognition,noun,ɹˌɛkəgnˈɪʃən,B2,cefr-j,"CEFR-J custom license (research/commercial use, attribution required)"
recollect,verb,ɹˌɛkəlˈɛkt,B2,cefr-j,"CEFR-J custom license (research/commercial use, attribution required)"
recollection,noun,ɹˌɛkəlˈɛkʃən,B2,cefr-j,"CEFR-J custom license (research/commercial use, attribution required)"
recommendable,adjective,,B2,cefr-j,"CEFR-J custom license (research/commercial use, attribution required)"
recommendation,noun,ɹˌɛkəməndˈeɪʃən,B2,cefr-j,"CEFR-J custom license (research/commercial use, attribution required)"
reconsider,verb,ɹˌikənsˈɪdɚ,B2,cefr-j,"CEFR-J custom license (research/commercial use, attribution required)"
recreation,noun,ɹˌɛkɹiˈeɪʃən,B2,cefr-j,"CEFR-J custom license (research/commercial use, attribution required)"
recruit,verb,ɹəkɹˈut,B2,cefr-j,"CEFR-J custom license (research/commercial use, attribution required)"
rectangular,adjective,ɹɛktˈæŋgjəlɚ,B2,cefr-j,"CEFR-J custom license (research/commercial use, attribution required)"
redo,verb,ɹidˈu,B2,cefr-j,"CEFR-J custom license (research/commercial use, attribution required)"
redundant,adjective,ɹɪdˈʌndənt,B2,cefr-j,"CEFR-J custom license (research/commercial use, attribution required)"
reed,noun,ɹˈid,B2,cefr-j,"CEFR-J custom license (research/commercial use, attribution required)"
reference,noun,ɹˈɛfɚəns,B2,cefr-j,"CEFR-J custom license (research/commercial use, attribution required)"
referent,adjective,,B2,cefr-j,"CEFR-J custom license (research/commercial use, attribution required)"
refinery,noun,ɹɪfˈaɪnɚi,B2,cefr-j,"CEFR-J custom license (research/commercial use, attribution required)"
reflective,adjective,ɹɪflˈɛktɪv,B2,cefr-j,"CEFR-J custom license (research/commercial use, attribution required)"
reform,noun,ɹəfˈɔɹm,B2,cefr-j,"CEFR-J custom license (research/commercial use, attribution required)"
refrain,noun,ɹɪfɹˈeɪn,B2,cefr-j,"CEFR-J custom license (research/commercial use, attribution required)"
refresh,noun,ɹɪfɹˈɛʃ,B2,cefr-j,"CEFR-J custom license (research/commercial use, attribution required)"
refuge,noun,ɹˈɛfjudʒ,B2,cefr-j,"CEFR-J custom license (research/commercial use, attribution required)"
refugee,noun,ɹˈɛfjudʒi,B2,cefr-j,"CEFR-J custom license (research/commercial use, attribution required)"
refute,verb,ɹɪfjˈut,B2,cefr-j,"CEFR-J custom license (research/commercial use, attribution required)"
regard,noun,ɹɪgˈɑɹd,B2,cefr-j,"CEFR-J custom license (research/commercial use, attribution required)"
regardless,adverb,ɹəgˈɑɹdləs,B2,cefr-j,"CEFR-J custom license (research/commercial use, attribution required)"
reggae,noun,ɹˈɛgˌeɪ,B2,cefr-j,"CEFR-J custom license (research/commercial use, attribution required)"
regime,noun,ɹəʒˈim,B2,cefr-j,"CEFR-J custom license (research/commercial use, attribution required)"
regret,noun,ɹəgɹˈɛt,B2,cefr-j,"CEFR-J custom license (research/commercial use, attribution required)"
regrettably,adverb,ɹɪgɹˈɛtəbli,B2,cefr-j,"CEFR-J custom license (research/commercial use, attribution required)"
regulate,verb,ɹˈɛgjəlˌeɪt,B2,cefr-j,"CEFR-J custom license (research/commercial use, attribution required)"
rehearsal,noun,ɹɪhˈɝsəl,B2,cefr-j,"CEFR-J custom license (research/commercial use, attribution required)"
reinforce,verb,ɹˌiɪnfˈɔɹs,B2,cefr-j,"CEFR-J custom license (research/commercial use, attribution required)"
reinforcement,noun,ɹˌiɪnfˈɔɹsmənt,B2,cefr-j,"CEFR-J custom license (research/commercial use, attribution required)"
rejection,noun,ɹɪdʒˈɛkʃən,B2,cefr-j,"CEFR-J custom license (research/commercial use, attribution required)"
rejoin,verb,ɹidʒˈɔɪn,B2,cefr-j,"CEFR-J custom license (research/commercial use, attribution required)"
related,adjective,ɹɪlˈeɪtɪd,B2,cefr-j,"CEFR-J custom license (research/commercial use, attribution required)"
relativity,noun,ɹˌɛlətˈɪvəti,B2,cefr-j,"CEFR-J custom license (research/commercial use, attribution required)"
relaxation,noun,ɹˌilæksˈeɪʃən,B2,cefr-j,"CEFR-J custom license (research/commercial use, attribution required)"
relay,noun,ɹˈilˌeɪ,B2,cefr-j,"CEFR-J custom license (research/commercial use, attribution required)"
relevant,adjective,ɹˈɛləvənt,B2,cefr-j,"CEFR-J custom license (research/commercial use, attribution required)"
relic,noun,ɹˈɛlɪk,B2,cefr-j,"CEFR-J custom license (research/commercial use, attribution required)"
relief,noun,ɹɪlˈif,B2,cefr-j,"CEFR-J custom license (research/commercial use, attribution required)"
relieve,verb,ɹɪlˈiv,B2,cefr-j,"CEFR-J custom license (research/commercial use, attribution required)"
relieved,adjective,ɹɪlˈivd,B2,cefr-j,"CEFR-J custom license (research/commercial use, attribution required)"
reluctant,adjective,ɹɪlˈʌktənt,B2,cefr-j,"CEFR-J custom license (research/commercial use, attribution required)"
remaining,adjective,ɹɪmˈeɪnɪŋ,B2,cefr-j,"CEFR-J custom license (research/commercial use, attribution required)"
remains,noun,ɹɪmˈeɪnz,B2,cefr-j,"CEFR-J custom license (research/commercial use, attribution required)"
remark,noun,ɹɪmˈɑɹk,B2,cefr-j,"CEFR-J custom license (research/commercial use, attribution required)"
remarkably,adverb,ɹɪmˈɑɹkəbli,B2,cefr-j,"CEFR-J custom license (research/commercial use, attribution required)"
reminder,noun,ɹimˈaɪndɚ,B2,cefr-j,"CEFR-J custom license (research/commercial use, attribution required)"
rental,noun,ɹˈɛntəl,B2,cefr-j,"CEFR-J custom license (research/commercial use, attribution required)"
reorganize,verb,ɹiˈɔɹgənˌaɪz,B2,cefr-j,"CEFR-J custom license (research/commercial use, attribution required)"
repaint,noun,ɹipˈeɪnt,B2,cefr-j,"CEFR-J custom license (research/commercial use, attribution required)"
repertoire,noun,ɹˈɛpɚtwˌɑɹ,B2,cefr-j,"CEFR-J custom license (research/commercial use, attribution required)"
repetition,noun,ɹˌɛpətˈɪʃən,B2,cefr-j,"CEFR-J custom license (research/commercial use, attribution required)"
replacement,noun,ɹɪplˈeɪsmənt,B2,cefr-j,"CEFR-J custom license (research/commercial use, attribution required)"
replica,noun,ɹˈɛplɪkə,B2,cefr-j,"CEFR-J custom license (research/commercial use, attribution required)"
repress,verb,ɹipɹˈɛs,B2,cefr-j,"CEFR-J custom license (research/commercial use, attribution required)"
repression,noun,ɹipɹˈɛʃən,B2,cefr-j,"CEFR-J custom license (research/commercial use, attribution required)"
reprint,noun,ɹipɹˈɪnt,B2,cefr-j,"CEFR-J custom license (research/commercial use, attribution required)"
reprove,verb,,B2,cefr-j,"CEFR-J custom license (research/commercial use, attribution required)"
research,verb,ɹisˈɝtʃ,B2,cefr-j,"CEFR-J custom license (research/commercial use, attribution required)"
residence,noun,ɹˈɛzɪdəns,B2,cefr-j,"CEFR-J custom license (research/commercial use, attribution required)"
resident,noun,ɹˈɛzɪdənt,B2,cefr-j,"CEFR-J custom license (research/commercial use, attribution required)"
resign,verb,ɹɪzˈaɪn,B2,cefr-j,"CEFR-J custom license (research/commercial use, attribution required)"
resignation,noun,ɹˌɛzəgnˈeɪʃən,B2,cefr-j,"CEFR-J custom license (research/commercial use, attribution required)"
resistance,noun,ɹɪzˈɪstəns,B2,cefr-j,"CEFR-J custom license (research/commercial use, attribution required)"
resolution,noun,ɹˌɛzəlˈuʃən,B2,cefr-j,"CEFR-J custom license (research/commercial use, attribution required)"
resonant,adjective,ɹˈɛzənənt,B2,cefr-j,"CEFR-J custom license (research/commercial use, attribution required)"
respectably,adverb,ɹispˈɛktəbli,B2,cefr-j,"CEFR-J custom license (research/commercial use, attribution required)"
respected,adjective,ɹɪspˈɛktɪd,B2,cefr-j,"CEFR-J custom license (research/commercial use, attribution required)"
respiration,noun,ɹˌɛspɚˈeɪʃən,B2,cefr-j,"CEFR-J custom license (research/commercial use, attribution required)"
respiratory,adjective,ɹˈɛspɚətˌɔɹi,B2,cefr-j,"CEFR-J custom license (research/commercial use, attribution required)"
restriction,noun,ɹistɹˈɪkʃən,B2,cefr-j,"CEFR-J custom license (research/commercial use, attribution required)"
resume,verb,ɹɪzˈum,B2,cefr-j,"CEFR-J custom license (research/commercial use, attribution required)"
retailer,noun,ɹˈitˌeɪlɚ,B2,cefr-j,"CEFR-J custom license (research/commercial use, attribution required)"
retard,verb,ɹɪtˈɑɹd,B2,cefr-j,"CEFR-J custom license (research/commercial use, attribution required)"
retina,noun,ɹˈɛtənə,B2,cefr-j,"CEFR-J custom license (research/commercial use, attribution required)"
retirement,noun,ɹitˈaɪɚmənt,B2,cefr-j,"CEFR-J custom license (research/commercial use, attribution required)"
retreat,noun,ɹitɹˈit,B2,cefr-j,"CEFR-J custom license (research/commercial use, attribution required)"
retreat,verb,ɹitɹˈit,B2,cefr-j,"CEFR-J custom license (research/commercial use, attribution required)"
retrieve,verb,ɹɪtɹˈiv,B2,cefr-j,"CEFR-J custom license (research/commercial use, attribution required)"
revelation,noun,ɹˌɛvəlˈeɪʃən,B2,cefr-j,"CEFR-J custom license (research/commercial use, attribution required)"
revenge,noun,ɹivˈɛndʒ,B2,cefr-j,"CEFR-J custom license (research/commercial use, attribution required)"
revenue,noun,ɹˈɛvənˌu,B2,cefr-j,"CEFR-J custom license (research/commercial use, attribution required)"
reverence,noun,ɹˈɛvɚəns,B2,cefr-j,"CEFR-J custom license (research/commercial use, attribution required)"
reverse,verb,ɹɪvˈɝs,B2,cefr-j,"CEFR-J custom license (research/commercial use, attribution required)"
review,verb,ɹˌivjˈu,B2,cefr-j,"CEFR-J custom license (research/commercial use, attribution required)"
revival,noun,ɹɪvˈaɪvəl,B2,cefr-j,"CEFR-J custom license (research/commercial use, attribution required)"
revive,verb,ɹɪvˈaɪv,B2,cefr-j,"CEFR-J custom license (research/commercial use, attribution required)"
revolution,noun,ɹˌɛvəlˈuʃən,B2,cefr-j,"CEFR-J custom license (research/commercial use, attribution required)"
revolutionary,adjective,ɹˌɛvəlˈuʃənˌɛɹi,B2,cefr-j,"CEFR-J custom license (research/commercial use, attribution required)"
revolutionize,verb,ɹˌɛvəlˈuʃənˌaɪz,B2,cefr-j,"CEFR-J custom license (research/commercial use, attribution required)"
revolve,verb,ɹivˈɑlv,B2,cefr-j,"CEFR-J custom license (research/commercial use, attribution required)"
reward,verb,ɹɪwˈɔɹd,B2,cefr-j,"CEFR-J custom license (research/commercial use, attribution required)"
rhinoceros,noun,ɹaɪnˈɑsɚəs,B2,cefr-j,"CEFR-J custom license (research/commercial use, attribution required)"
rhyme,verb,ɹˈaɪm,B2,cefr-j,"CEFR-J custom license (research/commercial use, attribution required)"
rhythmic,adjective,ɹˈɪðmɪk,B2,cefr-j,"CEFR-J custom license (research/commercial use, attribution required)"
rib,noun,ɹˈɪb,B2,cefr-j,"CEFR-J custom license (research/commercial use, attribution required)"
riddle,noun,ɹˈɪdəl,B2,cefr-j,"CEFR-J custom license (research/commercial use, attribution required)"
rider,noun,ɹˈaɪdɚ,B2,cefr-j,"CEFR-J custom license (research/commercial use, attribution required)"
ridge,noun,ɹˈɪdʒ,B2,cefr-j,"CEFR-J custom license (research/commercial use, attribution required)"
righteousness,noun,ɹˈaɪtʃəsnəs,B2,cefr-j,"CEFR-J custom license (research/commercial use, attribution required)"
rightly,adverb,ɹˈaɪtli,B2,cefr-j,"CEFR-J custom license (research/commercial use, attribution required)"
rim,noun,ɹˈɪm,B2,cefr-j,"CEFR-J custom license (research/commercial use, attribution required)"
rip,verb,ɹˈɪp,B2,cefr-j,"CEFR-J custom license (research/commercial use, attribution required)"
risk,verb,ɹˈɪsk,B2,cefr-j,"CEFR-J custom license (research/commercial use, attribution required)"
risky,adjective,ɹˈɪski,B2,cefr-j,"CEFR-J custom license (research/commercial use, attribution required)"
rite,noun,ɹˈaɪt,B2,cefr-j,"CEFR-J custom license (research/commercial use, attribution required)"
ritual,noun,ɹˈɪtʃuəl,B2,cefr-j,"CEFR-J custom license (research/commercial use, attribution required)"
rival,noun,ɹˈaɪvəl,B2,cefr-j,"CEFR-J custom license (research/commercial use, attribution required)"
roam,noun,ɹˈoʊm,B2,cefr-j,"CEFR-J custom license (research/commercial use, attribution required)"
roar,verb,ɹˈɔɹ,B2,cefr-j,"CEFR-J custom license (research/commercial use, attribution required)"
roast,adjective,ɹˈoʊst,B2,cefr-j,"CEFR-J custom license (research/commercial use, attribution required)"
rock,verb,ɹˈɑk,B2,cefr-j,"CEFR-J custom license (research/commercial use, attribution required)"
rocket,noun,ɹˈɑkət,B2,cefr-j,"CEFR-J custom license (research/commercial use, attribution required)"
rocky,adjective,ɹˈɑki,B2,cefr-j,"CEFR-J custom license (research/commercial use, attribution required)"
roll,verb,ɹˈoʊl,B2,cefr-j,"CEFR-J custom license (research/commercial use, attribution required)"
roommate,noun,ɹˈumˌeɪt,B2,cefr-j,"CEFR-J custom license (research/commercial use, attribution required)"
rosy,adjective,ɹˈoʊzi,B2,cefr-j,"CEFR-J custom license (research/commercial use, attribution required)"
round,preposition,ɹˈaʊnd,B2,cefr-j,"CEFR-J custom license (research/commercial use, attribution required)"
round,verb,ɹˈaʊnd,B2,cefr-j,"CEFR-J custom license (research/commercial use, attribution required)"
route,noun,ɹˈut,B2,cefr-j,"CEFR-J custom license (research/commercial use, attribution required)"
row,verb,ɹˈoʊ,B2,cefr-j,"CEFR-J custom license (research/commercial use, attribution required)"
royalty,noun,ɹˈɔɪəlti,B2,cefr-j,"CEFR-J custom license (research/commercial use, attribution required)"
rub,verb,ɹˈʌb,B2,cefr-j,"CEFR-J custom license (research/commercial use, attribution required)"
rubble,noun,ɹˈʌbəl,B2,cefr-j,"CEFR-J custom license (research/commercial use, attribution required)"
rug,noun,ɹˈʌg,B2,cefr-j,"CEFR-J custom license (research/commercial use, attribution required)"
ruinous,adjective,ɹˈuənəs,B2,cefr-j,"CEFR-J custom license (research/commercial use, attribution required)"
rule,verb,ɹˈul,B2,cefr-j,"CEFR-J custom license (research/commercial use, attribution required)"
rural,adjective,ɹˈʊɹəl,B2,cefr-j,"CEFR-J custom license (research/commercial use, attribution required)"
rush hour,noun,ɹˈʌʃ ˈaʊɚ,B2,cefr-j,"CEFR-J custom license (research/commercial use, attribution required)"
rusty,adjective,ɹˈʌsti,B2,cefr-j,"CEFR-J custom license (research/commercial use, attribution required)"
sack,verb,sˈæk,B2,cefr-j,"CEFR-J custom license (research/commercial use, attribution required)"
safeguard,verb,sˈeɪfgˌɑɹd,B2,cefr-j,"CEFR-J custom license (research/commercial use, attribution required)"
sag,noun,sˈæg,B2,cefr-j,"CEFR-J custom license (research/commercial use, attribution required)"
sage,noun,sˈeɪdʒ,B2,cefr-j,"CEFR-J custom license (research/commercial use, attribution required)"
sail,verb,sˈeɪl,B2,cefr-j,"CEFR-J custom license (research/commercial use, attribution required)"
salary,noun,sˈælɚi,B2,cefr-j,"CEFR-J custom license (research/commercial use, attribution required)"
salesmanship,noun,sˈeɪlzmənʃˌɪp,B2,cefr-j,"CEFR-J custom license (research/commercial use, attribution required)"
salesperson,noun,sˈeɪlzpˌɝsən,B2,cefr-j,"CEFR-J custom license (research/commercial use, attribution required)"
saleswoman,noun,sˈeɪlzwˌʊmən,B2,cefr-j,"CEFR-J custom license (research/commercial use, attribution required)"
salon,noun,səlˈɑn,B2,cefr-j,"CEFR-J custom license (research/commercial use, attribution required)"
salsa,noun,sˈɔlsə,B2,cefr-j,"CEFR-J custom license (research/commercial use, attribution required)"
salty,adjective,sˈɔlti,B2,cefr-j,"CEFR-J custom license (research/commercial use, attribution required)"
sandstone,noun,sˈændstˌoʊn,B2,cefr-j,"CEFR-J custom license (research/commercial use, attribution required)"
sanitary,adjective,sˈænɪtˌɛɹi,B2,cefr-j,"CEFR-J custom license (research/commercial use, attribution required)"
sanitation,noun,sˌænətˈeɪʃən,B2,cefr-j,"CEFR-J custom license (research/commercial use, attribution required)"
satisfactory,adjective,sˌætəsfˈæktɹi,B2,cefr-j,"CEFR-J custom license (research/commercial use, attribution required)"
saving,noun,sˈeɪvɪŋ,B2,cefr-j,"CEFR-J custom license (research/commercial use, attribution required)"
saw,verb,sˈɔ,B2,cefr-j,"CEFR-J custom license (research/commercial use, attribution required)"
say,noun,sˈeɪ,B2,cefr-j,"CEFR-J custom license (research/commercial use, attribution required)"
scan,verb,skˈæn,B2,cefr-j,"CEFR-J custom license (research/commercial use, attribution required)"
scandal,noun,skˈændəl,B2,cefr-j,"CEFR-J custom license (research/commercial use, attribution required)"
scar,noun,skˈɑɹ,B2,cefr-j,"CEFR-J custom license (research/commercial use, attribution required)"
scarcely,adverb,skˈɛɹsli,B2,cefr-j,"CEFR-J custom license (research/commercial use, attribution required)"
scarlet,noun,skˈɑɹlət,B2,cefr-j,"CEFR-J custom license (research/commercial use, attribution required)"
scent,noun,sˈɛnt,B2,cefr-j,"CEFR-J custom license (research/commercial use, attribution required)"
schedule,verb,skˈɛdʒʊl,B2,cefr-j,"CEFR-J custom license (research/commercial use, attribution required)"
scheduled,adjective,skˈɛdʒʊld,B2,cefr-j,"CEFR-J custom license (research/commercial use, attribution required)"
scheme,noun,skˈim,B2,cefr-j,"CEFR-J custom license (research/commercial use, attribution required)"
scholasticism,noun,,B2,cefr-j,"CEFR-J custom license (research/commercial use, attribution required)"
schoolgirl,noun,skˈulgˌɝl,B2,cefr-j,"CEFR-J custom license (research/commercial use, attribution required)"
scientifically,adverb,sˌaɪəntˈɪfɪkəli,B2,cefr-j,"CEFR-J custom license (research/commercial use, attribution required)"
scooter,noun,skˈutɚ,B2,cefr-j,"CEFR-J custom license (research/commercial use, attribution required)"
scramble,verb,skɹˈæmbəl,B2,cefr-j,"CEFR-J custom license (research/commercial use, attribution required)"
scratch,verb,skɹˈætʃ,B2,cefr-j,"CEFR-J custom license (research/commercial use, attribution required)"
screen,verb,skɹˈin,B2,cefr-j,"CEFR-J custom license (research/commercial use, attribution required)"
screw,verb,skɹˈu,B2,cefr-j,"CEFR-J custom license (research/commercial use, attribution required)"
scribble,noun,skɹˈɪbəl,B2,cefr-j,"CEFR-J custom license (research/commercial use, attribution required)"
scrooge,noun,skɹˈudʒ,B2,cefr-j,"CEFR-J custom license (research/commercial use, attribution required)"
scuba,noun,skˈubə,B2,cefr-j,"CEFR-J custom license (research/commercial use, attribution required)"
scythe,noun,sˈɪθ,B2,cefr-j,"CEFR-J custom license (research/commercial use, attribution required)"
seal,noun,sˈil,B2,cefr-j,"CEFR-J custom license (research/commercial use, attribution required)"
seasonal,adjective,sˈizənəl,B2,cefr-j,"CEFR-J custom license (research/commercial use, attribution required)"
second person,noun,sˈɛkənd pˈɝsən,B2,cefr-j,"CEFR-J custom license (research/commercial use, attribution required)"
secondary,adjective,sˈɛkəndˌɛɹi,B2,cefr-j,"CEFR-J custom license (research/commercial use, attribution required)"
secondly,adverb,sˈɛkəndli,B2,cefr-j,"CEFR-J custom license (research/commercial use, attribution required)"
sector,noun,sˈɛktɚ,B2,cefr-j,"CEFR-J custom license (research/commercial use, attribution required)"
seesaw,noun,sˈisˌɔ,B2,cefr-j,"CEFR-J custom license (research/commercial use, attribution required)"
segment,noun,sˈɛgmənt,B2,cefr-j,"CEFR-J custom license (research/commercial use, attribution required)"
seldom,adverb,sˈɛldəm,B2,cefr-j,"CEFR-J custom license (research/commercial use, attribution required)"
select,verb,səlˈɛkt,B2,cefr-j,"CEFR-J custom license (research/commercial use, attribution required)"
self-confidence,noun,sˌɛlfkˈɑnfədəns,B2,cefr-j,"CEFR-J custom license (research/commercial use, attribution required)"
self-confident,adjective,sˌɛlfkˈɑnfədənt,B2,cefr-j,"CEFR-J custom license (research/commercial use, attribution required)"
selfless,adjective,sˈɛlfləs,B2,cefr-j,"CEFR-J custom license (research/commercial use, attribution required)"
seller,noun,sˈɛlɚ,B2,cefr-j,"CEFR-J custom license (research/commercial use, attribution required)"
semi-final,noun,,B2,cefr-j,"CEFR-J custom license (research/commercial use, attribution required)"
semicolon,noun,,B2,cefr-j,"CEFR-J custom license (research/commercial use, attribution required)"
seminar,noun,sˈɛmənˌɑɹ,B2,cefr-j,"CEFR-J custom license (research/commercial use, attribution required)"
senator,noun,sˈɛnətɚ,B2,cefr-j,"CEFR-J custom license (research/commercial use, attribution required)"
sense,verb,sˈɛns,B2,cefr-j,"CEFR-J custom license (research/commercial use, attribution required)"
sensible,adjective,sˈɛnsəbəl,B2,cefr-j,"CEFR-J custom license (research/commercial use, attribution required)"
sensitive,adjective,sˈɛnsətɪv,B2,cefr-j,"CEFR-J custom license (research/commercial use, attribution required)"
sentence,verb,sˈɛntəns,B2,cefr-j,"CEFR-J custom license (research/commercial use, attribution required)"
separate,verb,sˈɛpɚˌeɪt,B2,cefr-j,"CEFR-J custom license (research/commercial use, attribution required)"
separately,adverb,sˈɛpɚətli,B2,cefr-j,"CEFR-J custom license (research/commercial use, attribution required)"
serene,adjective,sɚˈin,B2,cefr-j,"CEFR-J custom license (research/commercial use, attribution required)"
serial,adjective,sˈɪɹˌiəl,B2,cefr-j,"CEFR-J custom license (research/commercial use, attribution required)"
servant,noun,sˈɝvənt,B2,cefr-j,"CEFR-J custom license (research/commercial use, attribution required)"
setback,noun,sˈɛtbˌæk,B2,cefr-j,"CEFR-J custom license (research/commercial use, attribution required)"
sexism,noun,sˈɛksɪzəm,B2,cefr-j,"CEFR-J custom license (research/commercial use, attribution required)"
sexual,adjective,sˈɛkʃuəl,B2,cefr-j,"CEFR-J custom license (research/commercial use, attribution required)"
sexy,adjective,sˈɛksi,B2,cefr-j,"CEFR-J custom license (research/commercial use, attribution required)"
shabby,adjective,ʃˈæbi,B2,cefr-j,"CEFR-J custom license (research/commercial use, attribution required)"
shaken,adjective,ʃˈeɪkən,B2,cefr-j,"CEFR-J custom license (research/commercial use, attribution required)"
Shakespearean,adjective,ʃˌeɪkspˈɪɹiən,B2,cefr-j,"CEFR-J custom license (research/commercial use, attribution required)"
shaky,adjective,ʃˈeɪki,B2,cefr-j,"CEFR-J custom license (research/commercial use, attribution required)"
sharp,adverb,ʃˈɑɹp,B2,cefr-j,"CEFR-J custom license (research/commercial use, attribution required)"
sharply,adverb,ʃˈɑɹpli,B2,cefr-j,"CEFR-J custom license (research/commercial use, attribution required)"
shatter,verb,ʃˈætɚ,B2,cefr-j,"CEFR-J custom license (research/commercial use, attribution required)"
shed,noun,ʃˈɛd,B2,cefr-j,"CEFR-J custom license (research/commercial use, attribution required)"
shell,verb,ʃˈɛl,B2,cefr-j,"CEFR-J custom license (research/commercial use, attribution required)"
shield,noun,ʃˈild,B2,cefr-j,"CEFR-J custom license (research/commercial use, attribution required)"
shift,noun,ʃˈɪft,B2,cefr-j,"CEFR-J custom license (research/commercial use, attribution required)"
shipping,noun,ʃˈɪpɪŋ,B2,cefr-j,"CEFR-J custom license (research/commercial use, attribution required)"
shipwreck,noun,ʃˈɪpɹɛk,B2,cefr-j,"CEFR-J custom license (research/commercial use, attribution required)"
shock,verb,ʃˈɑk,B2,cefr-j,"CEFR-J custom license (research/commercial use, attribution required)"
shooting,noun,ʃˈutɪŋ,B2,cefr-j,"CEFR-J custom license (research/commercial use, attribution required)"
shopkeeper,noun,ʃˈɑpkˌipɚ,B2,cefr-j,"CEFR-J custom license (research/commercial use, attribution required)"
shoplift,verb,ʃˈɑplˌɪft,B2,cefr-j,"CEFR-J custom license (research/commercial use, attribution required)"
shoplifter,noun,ʃˈɑplˌɪftɚ,B2,cefr-j,"CEFR-J custom license (research/commercial use, attribution required)"
shoplifting,noun,ʃˈɑplˌɪftɪŋ,B2,cefr-j,"CEFR-J custom license (research/commercial use, attribution required)"
short-term,adjective,ʃˌɔɹttˈɝm,B2,cefr-j,"CEFR-J custom license (research/commercial use, attribution required)"
shortness,noun,ʃˈɔɹtnəs,B2,cefr-j,"CEFR-J custom license (research/commercial use, attribution required)"
showbiz,noun,ʃˈoʊbɪz,B2,cefr-j,"CEFR-J custom license (research/commercial use, attribution required)"
showcase,noun,ʃˈoʊkˌeɪs,B2,cefr-j,"CEFR-J custom license (research/commercial use, attribution required)"
shower,verb,ʃˈaʊɚ,B2,cefr-j,"CEFR-J custom license (research/commercial use, attribution required)"
shrink,noun,ʃɹˈɪŋk,B2,cefr-j,"CEFR-J custom license (research/commercial use, attribution required)"
shrink,verb,ʃɹˈɪŋk,B2,cefr-j,"CEFR-J custom license (research/commercial use, attribution required)"
shrug,verb,ʃɹˈʌg,B2,cefr-j,"CEFR-J custom license (research/commercial use, attribution required)"
sigh,verb,sˈaɪ,B2,cefr-j,"CEFR-J custom license (research/commercial use, attribution required)"
significantly,adverb,sɪgnˈɪfɪkəntli,B2,cefr-j,"CEFR-J custom license (research/commercial use, attribution required)"
signify,verb,sˈɪgnəfˌaɪ,B2,cefr-j,"CEFR-J custom license (research/commercial use, attribution required)"
silverware,noun,sˈɪlvɚwˌɛɹ,B2,cefr-j,"CEFR-J custom license (research/commercial use, attribution required)"
simplification,noun,sˌɪmpləfɪkˈeɪʃən,B2,cefr-j,"CEFR-J custom license (research/commercial use, attribution required)"
simultaneous,adjective,sˌaɪməltˈeɪniəs,B2,cefr-j,"CEFR-J custom license (research/commercial use, attribution required)"
since,adverb,sˈɪns,B2,cefr-j,"CEFR-J custom license (research/commercial use, attribution required)"
sincere,adjective,sɪnsˈɪɹ,B2,cefr-j,"CEFR-J custom license (research/commercial use, attribution required)"
sincerity,noun,sɪnsˈɛɹəti,B2,cefr-j,"CEFR-J custom license (research/commercial use, attribution required)"
sister-in-law,noun,sˈɪstɚɪnlˌɔ,B2,cefr-j,"CEFR-J custom license (research/commercial use, attribution required)"
skateboard,noun,skˈeɪtbˌɔɹd,B2,cefr-j,"CEFR-J custom license (research/commercial use, attribution required)"
skateboarder,noun,,B2,cefr-j,"CEFR-J custom license (research/commercial use, attribution required)"
sketch,verb,skˈɛtʃ,B2,cefr-j,"CEFR-J custom license (research/commercial use, attribution required)"
skilled,adjective,skˈɪld,B2,cefr-j,"CEFR-J custom license (research/commercial use, attribution required)"
skillful,adjective,skˈɪlfəl,B2,cefr-j,"CEFR-J custom license (research/commercial use, attribution required)"
skillfully,adverb,skˈɪlfəli,B2,cefr-j,"CEFR-J custom license (research/commercial use, attribution required)"
skim,verb,skˈɪm,B2,cefr-j,"CEFR-J custom license (research/commercial use, attribution required)"
skip,verb,skˈɪp,B2,cefr-j,"CEFR-J custom license (research/commercial use, attribution required)"
skylark,noun,skˈaɪlˌɑɹk,B2,cefr-j,"CEFR-J custom license (research/commercial use, attribution required)"
skyward,adverb,skˈaɪwɚd,B2,cefr-j,"CEFR-J custom license (research/commercial use, attribution required)"
slam,verb,slˈæm,B2,cefr-j,"CEFR-J custom license (research/commercial use, attribution required)"
slang,noun,slˈæŋ,B2,cefr-j,"CEFR-J custom license (research/commercial use, attribution required)"
slap,noun,slˈæp,B2,cefr-j,"CEFR-J custom license (research/commercial use, attribution required)"
slap,verb,slˈæp,B2,cefr-j,"CEFR-J custom license (research/commercial use, attribution required)"
slash,noun,slˈæʃ,B2,cefr-j,"CEFR-J custom license (research/commercial use, attribution required)"
slaughter,noun,slˈɔtɚ,B2,cefr-j,"CEFR-J custom license (research/commercial use, attribution required)"
slice,verb,slˈaɪs,B2,cefr-j,"CEFR-J custom license (research/commercial use, attribution required)"
slide,verb,slˈaɪd,B2,cefr-j,"CEFR-J custom license (research/commercial use, attribution required)"
slight,adjective,slˈaɪt,B2,cefr-j,"CEFR-J custom license (research/commercial use, attribution required)"
sliver,noun,slˈɪvɚ,B2,cefr-j,"CEFR-J custom license (research/commercial use, attribution required)"
sloppy,adjective,slˈɑpi,B2,cefr-j,"CEFR-J custom license (research/commercial use, attribution required)"
smash,verb,smˈæʃ,B2,cefr-j,"CEFR-J custom license (research/commercial use, attribution required)"
smokestack,noun,smˈoʊkstˌæk,B2,cefr-j,"CEFR-J custom license (research/commercial use, attribution required)"
snap,verb,snˈæp,B2,cefr-j,"CEFR-J custom license (research/commercial use, attribution required)"
sneak,verb,snˈik,B2,cefr-j,"CEFR-J custom license (research/commercial use, attribution required)"
sneer,noun,snˈɪɹ,B2,cefr-j,"CEFR-J custom license (research/commercial use, attribution required)"
sneeze,verb,snˈiz,B2,cefr-j,"CEFR-J custom license (research/commercial use, attribution required)"
sniff,verb,snˈɪf,B2,cefr-j,"CEFR-J custom license (research/commercial use, attribution required)"
snore,noun,snˈɔɹ,B2,cefr-j,"CEFR-J custom license (research/commercial use, attribution required)"
snore,verb,snˈɔɹ,B2,cefr-j,"CEFR-J custom license (research/commercial use, attribution required)"
snowball,noun,snˈoʊbˌɔl,B2,cefr-j,"CEFR-J custom license (research/commercial use, attribution required)"
so-called,adjective,sˈoʊkˈɔld,B2,cefr-j,"CEFR-J custom license (research/commercial use, attribution required)"
soak,noun,sˈoʊk,B2,cefr-j,"CEFR-J custom license (research/commercial use, attribution required)"
soak,verb,sˈoʊk,B2,cefr-j,"CEFR-J custom license (research/commercial use, attribution required)"
soaked,adjective,sˈoʊkt,B2,cefr-j,"CEFR-J custom license (research/commercial use, attribution required)"
soaking,adjective,sˈoʊkɪŋ,B2,cefr-j,"CEFR-J custom license (research/commercial use, attribution required)"
soar,verb,sˈɔɹ,B2,cefr-j,"CEFR-J custom license (research/commercial use, attribution required)"
sob,verb,sˈɑb,B2,cefr-j,"CEFR-J custom license (research/commercial use, attribution required)"
sociable,adjective,sˈoʊʃəbəl,B2,cefr-j,"CEFR-J custom license (research/commercial use, attribution required)"
socialize,verb,sˈoʊʃəlˌaɪz,B2,cefr-j,"CEFR-J custom license (research/commercial use, attribution required)"
softness,noun,sˈɔftnəs,B2,cefr-j,"CEFR-J custom license (research/commercial use, attribution required)"
soil,noun,sˈɔɪl,B2,cefr-j,"CEFR-J custom license (research/commercial use, attribution required)"
solar,adjective,sˈoʊlɚ,B2,cefr-j,"CEFR-J custom license (research/commercial use, attribution required)"
solidity,noun,səlˈɪdəti,B2,cefr-j,"CEFR-J custom license (research/commercial use, attribution required)"
soliloquy,noun,səlˈɪləkwi,B2,cefr-j,"CEFR-J custom license (research/commercial use, attribution required)"
solo,adjective,sˈoʊlˌoʊ,B2,cefr-j,"CEFR-J custom license (research/commercial use, attribution required)"
solo,adverb,sˈoʊlˌoʊ,B2,cefr-j,"CEFR-J custom license (research/commercial use, attribution required)"
solo,noun,sˈoʊlˌoʊ,B2,cefr-j,"CEFR-J custom license (research/commercial use, attribution required)"
solvent,noun,sˈɑlvənt,B2,cefr-j,"CEFR-J custom license (research/commercial use, attribution required)"
somewhat,adverb,sˈʌmwˈʌt,B2,cefr-j,"CEFR-J custom license (research/commercial use, attribution required)"
son-in-law,noun,sˈʌnɪnlˌɔ,B2,cefr-j,"CEFR-J custom license (research/commercial use, attribution required)"
sonnet,noun,sˈɑnɪt,B2,cefr-j,"CEFR-J custom license (research/commercial use, attribution required)"
sophisticated,adjective,səfˈɪstəkˌeɪtɪd,B2,cefr-j,"CEFR-J custom license (research/commercial use, attribution required)"
sort,verb,sˈɔɹt,B2,cefr-j,"CEFR-J custom license (research/commercial use, attribution required)"
sound,adjective,sˈaʊnd,B2,cefr-j,"CEFR-J custom license (research/commercial use, attribution required)"
soundtrack,noun,sˈaʊndtɹˌæk,B2,cefr-j,"CEFR-J custom license (research/commercial use, attribution required)"
southward,adverb,sˈaʊθwɚd,B2,cefr-j,"CEFR-J custom license (research/commercial use, attribution required)"
Soviet,noun,sˈoʊviət,B2,cefr-j,"CEFR-J custom license (research/commercial use, attribution required)"
soybean,noun,sˈɔɪbˌin,B2,cefr-j,"CEFR-J custom license (research/commercial use, attribution required)"
spa,noun,spˈɑ,B2,cefr-j,"CEFR-J custom license (research/commercial use, attribution required)"
span,verb,spˈæn,B2,cefr-j,"CEFR-J custom license (research/commercial use, attribution required)"
spare,adjective,spˈɛɹ,B2,cefr-j,"CEFR-J custom license (research/commercial use, attribution required)"
spare,verb,spˈɛɹ,B2,cefr-j,"CEFR-J custom license (research/commercial use, attribution required)"
sparerib,noun,,B2,cefr-j,"CEFR-J custom license (research/commercial use, attribution required)"
spark,noun,spˈɑɹk,B2,cefr-j,"CEFR-J custom license (research/commercial use, attribution required)"
sparkling,adjective,spˈɑɹklɪŋ,B2,cefr-j,"CEFR-J custom license (research/commercial use, attribution required)"
sparrow,noun,spˈɛɹoʊ,B2,cefr-j,"CEFR-J custom license (research/commercial use, attribution required)"
specialty,noun,spˈɛʃəlti,B2,cefr-j,"CEFR-J custom license (research/commercial use, attribution required)"
species,noun,spˈiʃiz,B2,cefr-j,"CEFR-J custom license (research/commercial use, attribution required)"
specifically,adverb,spəsˈɪfɪkli,B2,cefr-j,"CEFR-J custom license (research/commercial use, attribution required)"
specify,verb,spˈɛsəfˌaɪ,B2,cefr-j,"CEFR-J custom license (research/commercial use, attribution required)"
spectacle,noun,spˈɛktəkəl,B2,cefr-j,"CEFR-J custom license (research/commercial use, attribution required)"
speeder,noun,spˈidɚ,B2,cefr-j,"CEFR-J custom license (research/commercial use, attribution required)"
spellbound,adjective,spˈɛlbˌaʊnd,B2,cefr-j,"CEFR-J custom license (research/commercial use, attribution required)"
spin,verb,spˈɪn,B2,cefr-j,"CEFR-J custom license (research/commercial use, attribution required)"
spite,noun,spˈaɪt,B2,cefr-j,"CEFR-J custom license (research/commercial use, attribution required)"
splash,noun,splˈæʃ,B2,cefr-j,"CEFR-J custom license (research/commercial use, attribution required)"
splatter,noun,splˈætɚ,B2,cefr-j,"CEFR-J custom license (research/commercial use, attribution required)"
split,verb,splˈɪt,B2,cefr-j,"CEFR-J custom license (research/commercial use, attribution required)"
spokesman,noun,spˈoʊksmən,B2,cefr-j,"CEFR-J custom license (research/commercial use, attribution required)"
spokeswoman,noun,spˈoʊkswˌʊmən,B2,cefr-j,"CEFR-J custom license (research/commercial use, attribution required)"
sponsor,verb,spˈɑnsɚ,B2,cefr-j,"CEFR-J custom license (research/commercial use, attribution required)"
spot,verb,spˈɑt,B2,cefr-j,"CEFR-J custom license (research/commercial use, attribution required)"
spray,noun,spɹˈeɪ,B2,cefr-j,"CEFR-J custom license (research/commercial use, attribution required)"
spray,verb,spɹˈeɪ,B2,cefr-j,"CEFR-J custom license (research/commercial use, attribution required)"
spread,verb,spɹˈɛd,B2,cefr-j,"CEFR-J custom license (research/commercial use, attribution required)"
spreadsheet,noun,spɹˈɛdʃˌit,B2,cefr-j,"CEFR-J custom license (research/commercial use, attribution required)"
sprint,noun,spɹˈɪnt,B2,cefr-j,"CEFR-J custom license (research/commercial use, attribution required)"
spur,noun,spˈɝ,B2,cefr-j,"CEFR-J custom license (research/commercial use, attribution required)"
squad,noun,skwˈɑd,B2,cefr-j,"CEFR-J custom license (research/commercial use, attribution required)"
squash,noun,skwˈɑʃ,B2,cefr-j,"CEFR-J custom license (research/commercial use, attribution required)"
squash,verb,skwˈɑʃ,B2,cefr-j,"CEFR-J custom license (research/commercial use, attribution required)"
squeeze,verb,skwˈiz,B2,cefr-j,"CEFR-J custom license (research/commercial use, attribution required)"
stab,verb,stˈæb,B2,cefr-j,"CEFR-J custom license (research/commercial use, attribution required)"
stability,noun,stəbˈɪlɪti,B2,cefr-j,"CEFR-J custom license (research/commercial use, attribution required)"
stack,noun,stˈæk,B2,cefr-j,"CEFR-J custom license (research/commercial use, attribution required)"
stagger,noun,stˈægɚ,B2,cefr-j,"CEFR-J custom license (research/commercial use, attribution required)"
stain,noun,stˈeɪn,B2,cefr-j,"CEFR-J custom license (research/commercial use, attribution required)"
stain,verb,stˈeɪn,B2,cefr-j,"CEFR-J custom license (research/commercial use, attribution required)"
stake,noun,stˈeɪk,B2,cefr-j,"CEFR-J custom license (research/commercial use, attribution required)"
stammer,verb,stˈæmɚ,B2,cefr-j,"CEFR-J custom license (research/commercial use, attribution required)"
stamp,verb,stˈæmp,B2,cefr-j,"CEFR-J custom license (research/commercial use, attribution required)"
standard,adjective,stˈændɚd,B2,cefr-j,"CEFR-J custom license (research/commercial use, attribution required)"
standby,adjective,stˈændbˈaɪ,B2,cefr-j,"CEFR-J custom license (research/commercial use, attribution required)"
standstill,noun,stˈændstˌɪl,B2,cefr-j,"CEFR-J custom license (research/commercial use, attribution required)"
stanza,noun,stˈænzə,B2,cefr-j,"CEFR-J custom license (research/commercial use, attribution required)"
startle,verb,stˈɑɹtəl,B2,cefr-j,"CEFR-J custom license (research/commercial use, attribution required)"
starvation,noun,stɑɹvˈeɪʃən,B2,cefr-j,"CEFR-J custom license (research/commercial use, attribution required)"
starve,verb,stˈɑɹv,B2,cefr-j,"CEFR-J custom license (research/commercial use, attribution required)"
starving,adjective,stˈɑɹvɪŋ,B2,cefr-j,"CEFR-J custom license (research/commercial use, attribution required)"
state,adjective,stˈeɪt,B2,cefr-j,"CEFR-J custom license (research/commercial use, attribution required)"
state,verb,stˈeɪt,B2,cefr-j,"CEFR-J custom license (research/commercial use, attribution required)"
statesman,noun,stˈeɪtsmən,B2,cefr-j,"CEFR-J custom license (research/commercial use, attribution required)"
statewide,adverb,stˈeɪtwˌaɪd,B2,cefr-j,"CEFR-J custom license (research/commercial use, attribution required)"
statistics,noun,stətˈɪstɪks,B2,cefr-j,"CEFR-J custom license (research/commercial use, attribution required)"
steely,adjective,stˈili,B2,cefr-j,"CEFR-J custom license (research/commercial use, attribution required)"
steer,verb,stˈɪɹ,B2,cefr-j,"CEFR-J custom license (research/commercial use, attribution required)"
steering wheel,noun,stˈɪɹɪŋ wˈil,B2,cefr-j,"CEFR-J custom license (research/commercial use, attribution required)"
stepfather,noun,stˈɛpfˌɑðɚ,B2,cefr-j,"CEFR-J custom license (research/commercial use, attribution required)"
stepmother,noun,stˈɛpmˌʌðɚ,B2,cefr-j,"CEFR-J custom license (research/commercial use, attribution required)"
stereotype,noun,stˈɛɹiətˌaɪp,B2,cefr-j,"CEFR-J custom license (research/commercial use, attribution required)"
stern,adjective,stˈɝn,B2,cefr-j,"CEFR-J custom license (research/commercial use, attribution required)"
stew,noun,stˈu,B2,cefr-j,"CEFR-J custom license (research/commercial use, attribution required)"
stick,noun,stˈɪk,B2,cefr-j,"CEFR-J custom license (research/commercial use, attribution required)"
stiff,adjective,stˈɪf,B2,cefr-j,"CEFR-J custom license (research/commercial use, attribution required)"
stimulant,noun,stˈɪmjələnt,B2,cefr-j,"CEFR-J custom license (research/commercial use, attribution required)"
stimulate,verb,stˈɪmjəlˌeɪt,B2,cefr-j,"CEFR-J custom license (research/commercial use, attribution required)"
stimulation,noun,stˌɪmjəlˈeɪʃən,B2,cefr-j,"CEFR-J custom license (research/commercial use, attribution required)"
stingy,adjective,stˈɪndʒi,B2,cefr-j,"CEFR-J custom license (research/commercial use, attribution required)"
stink,verb,stˈɪŋk,B2,cefr-j,"CEFR-J custom license (research/commercial use, attribution required)"
stitch,noun,stˈɪtʃ,B2,cefr-j,"CEFR-J custom license (research/commercial use, attribution required)"
stock,noun,stˈɑk,B2,cefr-j,"CEFR-J custom license (research/commercial use, attribution required)"
stock market,noun,stˈɑk mˈɑɹkət,B2,cefr-j,"CEFR-J custom license (research/commercial use, attribution required)"
stockpile,noun,stˈɑkpˌaɪl,B2,cefr-j,"CEFR-J custom license (research/commercial use, attribution required)"
stonework,noun,,B2,cefr-j,"CEFR-J custom license (research/commercial use, attribution required)"
stool,noun,stˈul,B2,cefr-j,"CEFR-J custom license (research/commercial use, attribution required)"
stopover,noun,stˈɑpˌoʊvɚ,B2,cefr-j,"CEFR-J custom license (research/commercial use, attribution required)"
stopwatch,noun,stˈɑpwˌɑtʃ,B2,cefr-j,"CEFR-J custom license (research/commercial use, attribution required)"
store,verb,stˈɔɹ,B2,cefr-j,"CEFR-J custom license (research/commercial use, attribution required)"
straighten,verb,stɹˈeɪtən,B2,cefr-j,"CEFR-J custom license (research/commercial use, attribution required)"
straightforward,adjective,stɹˈeɪtfˈɔɹwɚd,B2,cefr-j,"CEFR-J custom license (research/commercial use, attribution required)"
strain,verb,stɹˈeɪn,B2,cefr-j,"CEFR-J custom license (research/commercial use, attribution required)"
strait,noun,stɹˈeɪt,B2,cefr-j,"CEFR-J custom license (research/commercial use, attribution required)"
strand,noun,stɹˈænd,B2,cefr-j,"CEFR-J custom license (research/commercial use, attribution required)"
strangle,verb,stɹˈæŋgəl,B2,cefr-j,"CEFR-J custom license (research/commercial use, attribution required)"
stress,verb,stɹˈɛs,B2,cefr-j,"CEFR-J custom license (research/commercial use, attribution required)"
strictly,adverb,stɹˈɪktli,B2,cefr-j,"CEFR-J custom license (research/commercial use, attribution required)"
stride,verb,stɹˈaɪd,B2,cefr-j,"CEFR-J custom license (research/commercial use, attribution required)"
striking,adjective,stɹˈaɪkɪŋ,B2,cefr-j,"CEFR-J custom license (research/commercial use, attribution required)"
strip,verb,stɹˈɪp,B2,cefr-j,"CEFR-J custom license (research/commercial use, attribution required)"
strive,verb,stɹˈaɪv,B2,cefr-j,"CEFR-J custom license (research/commercial use, attribution required)"
stroke,noun,stɹˈoʊk,B2,cefr-j,"CEFR-J custom license (research/commercial use, attribution required)"
stroke,verb,stɹˈoʊk,B2,cefr-j,"CEFR-J custom license (research/commercial use, attribution required)"
struggle,verb,stɹˈʌgəl,B2,cefr-j,"CEFR-J custom license (research/commercial use, attribution required)"
stubbornly,adverb,stˈʌbɚnli,B2,cefr-j,"CEFR-J custom license (research/commercial use, attribution required)"
stuff,verb,stˈʌf,B2,cefr-j,"CEFR-J custom license (research/commercial use, attribution required)"
stylist,noun,stˈaɪlɪst,B2,cefr-j,"CEFR-J custom license (research/commercial use, attribution required)"
subcontinent,noun,səbkˈɑntɪnənt,B2,cefr-j,"CEFR-J custom license (research/commercial use, attribution required)"
subculture,noun,sˈʌbkˌʌltʃɚ,B2,cefr-j,"CEFR-J custom license (research/commercial use, attribution required)"
subdivision,noun,sˈʌbdɪvˌɪʒən,B2,cefr-j,"CEFR-J custom license (research/commercial use, attribution required)"
subjunctive,noun,,B2,cefr-j,"CEFR-J custom license (research/commercial use, attribution required)"
submit,verb,səbmˈɪt,B2,cefr-j,"CEFR-J custom license (research/commercial use, attribution required)"
subplot,noun,sˈʌbplɑt,B2,cefr-j,"CEFR-J custom license (research/commercial use, attribution required)"
subside,verb,səbsˈaɪd,B2,cefr-j,"CEFR-J custom license (research/commercial use, attribution required)"
substance,noun,sˈʌbstəns,B2,cefr-j,"CEFR-J custom license (research/commercial use, attribution required)"
substitute,verb,sˈʌbstətˌut,B2,cefr-j,"CEFR-J custom license (research/commercial use, attribution required)"
subtitle,noun,sˈʌbtˌaɪtəl,B2,cefr-j,"CEFR-J custom license (research/commercial use, attribution required)"
subtle,adjective,sˈʌtəl,B2,cefr-j,"CEFR-J custom license (research/commercial use, attribution required)"
subtract,verb,səbtɹˈækt,B2,cefr-j,"CEFR-J custom license (research/commercial use, attribution required)"
suburb,noun,sˈʌbɚb,B2,cefr-j,"CEFR-J custom license (research/commercial use, attribution required)"
successive,adjective,səksˈɛsɪv,B2,cefr-j,"CEFR-J custom license (research/commercial use, attribution required)"
suck,verb,sˈʌk,B2,cefr-j,"CEFR-J custom license (research/commercial use, attribution required)"
sue,verb,sˈu,B2,cefr-j,"CEFR-J custom license (research/commercial use, attribution required)"
suffering,noun,sˈʌfɚɪŋ,B2,cefr-j,"CEFR-J custom license (research/commercial use, attribution required)"
sufficiently,adverb,səfˈɪʃəntli,B2,cefr-j,"CEFR-J custom license (research/commercial use, attribution required)"
suitably,adverb,sˈutəbli,B2,cefr-j,"CEFR-J custom license (research/commercial use, attribution required)"
sulfur,noun,sˈʌlfɚ,B2,cefr-j,"CEFR-J custom license (research/commercial use, attribution required)"
sunbeam,noun,sˈʌnbˌim,B2,cefr-j,"CEFR-J custom license (research/commercial use, attribution required)"
superb,adjective,sʊpˈɝb,B2,cefr-j,"CEFR-J custom license (research/commercial use, attribution required)"
superintendent,noun,sˌupɚəntˈɛndənt,B2,cefr-j,"CEFR-J custom license (research/commercial use, attribution required)"
supernatural,adjective,sˌupɚnˈætʃɚəl,B2,cefr-j,"CEFR-J custom license (research/commercial use, attribution required)"
supervise,verb,sˈupɚvˌaɪz,B2,cefr-j,"CEFR-J custom license (research/commercial use, attribution required)"
supervision,noun,sˌupɚvˈɪʒən,B2,cefr-j,"CEFR-J custom license (research/commercial use, attribution required)"
supervisor,noun,sˈupɚvˌaɪzɚ,B2,cefr-j,"CEFR-J custom license (research/commercial use, attribution required)"
supplement,noun,sˈʌpləmənt,B2,cefr-j,"CEFR-J custom license (research/commercial use, attribution required)"
supplier,noun,səplˈaɪɚ,B2,cefr-j,"CEFR-J custom license (research/commercial use, attribution required)"
supply,verb,səplˈaɪ,B2,cefr-j,"CEFR-J custom license (research/commercial use, attribution required)"
suppress,verb,səpɹˈɛs,B2,cefr-j,"CEFR-J custom license (research/commercial use, attribution required)"
surge,noun,sˈɝdʒ,B2,cefr-j,"CEFR-J custom license (research/commercial use, attribution required)"
surrender,verb,sɚˈɛndɚ,B2,cefr-j,"CEFR-J custom license (research/commercial use, attribution required)"
surroundings,noun,sɚˈaʊndɪŋz,B2,cefr-j,"CEFR-J custom license (research/commercial use, attribution required)"
surveillance,noun,sɚvˈeɪləns,B2,cefr-j,"CEFR-J custom license (research/commercial use, attribution required)"
suspect,verb,səspˈɛkt,B2,cefr-j,"CEFR-J custom license (research/commercial use, attribution required)"
suspend,verb,səspˈɛnd,B2,cefr-j,"CEFR-J custom license (research/commercial use, attribution required)"
suspicious,adjective,səspˈɪʃəs,B2,cefr-j,"CEFR-J custom license (research/commercial use, attribution required)"
suspiciously,adverb,səspˈɪʃəsli,B2,cefr-j,"CEFR-J custom license (research/commercial use, attribution required)"
sustain,verb,səstˈeɪn,B2,cefr-j,"CEFR-J custom license (research/commercial use, attribution required)"
swan,noun,swˈɑn,B2,cefr-j,"CEFR-J custom license (research/commercial use, attribution required)"
sweep,verb,swˈip,B2,cefr-j,"CEFR-J custom license (research/commercial use, attribution required)"
swift,adjective,swˈɪft,B2,cefr-j,"CEFR-J custom license (research/commercial use, attribution required)"
swing,noun,swˈɪŋ,B2,cefr-j,"CEFR-J custom license (research/commercial use, attribution required)"
swing,verb,swˈɪŋ,B2,cefr-j,"CEFR-J custom license (research/commercial use, attribution required)"
syllable,noun,sˈɪləbəl,B2,cefr-j,"CEFR-J custom license (research/commercial use, attribution required)"
symbolic,adjective,sɪmbˈɑlɪk,B2,cefr-j,"CEFR-J custom license (research/commercial use, attribution required)"
sympathetic,adjective,sˌɪmpəθˈɛtɪk,B2,cefr-j,"CEFR-J custom license (research/commercial use, attribution required)"
sympathize,verb,sˈɪmpəθˌaɪz,B2,cefr-j,"CEFR-J custom license (research/commercial use, attribution required)"
synonym,noun,sˈɪnənˌɪm,B2,cefr-j,"CEFR-J custom license (research/commercial use, attribution required)"
tablecloth,noun,tˈeɪbəlklˌɔθ,B2,cefr-j,"CEFR-J custom license (research/commercial use, attribution required)"
tabloid,adjective,tˈæblɔɪd,B2,cefr-j,"CEFR-J custom license (research/commercial use, attribution required)"
tabloid,noun,tˈæblɔɪd,B2,cefr-j,"CEFR-J custom license (research/commercial use, attribution required)"
tack,verb,tˈæk,B2,cefr-j,"CEFR-J custom license (research/commercial use, attribution required)"
tackle,verb,tˈækəl,B2,cefr-j,"CEFR-J custom license (research/commercial use, attribution required)"
tactile,adjective,tˈæktɪl,B2,cefr-j,"CEFR-J custom license (research/commercial use, attribution required)"
tag,noun,tˈæg,B2,cefr-j,"CEFR-J custom license (research/commercial use, attribution required)"
tail,noun,tˈeɪl,B2,cefr-j,"CEFR-J custom license (research/commercial use, attribution required)"
tame,adjective,tˈeɪm,B2,cefr-j,"CEFR-J custom license (research/commercial use, attribution required)"
tan,noun,tˈæn,B2,cefr-j,"CEFR-J custom license (research/commercial use, attribution required)"
tanned,adjective,tˈænd,B2,cefr-j,"CEFR-J custom license (research/commercial use, attribution required)"
tap,verb,tˈæp,B2,cefr-j,"CEFR-J custom license (research/commercial use, attribution required)"
tatter,noun,tˈætɚ,B2,cefr-j,"CEFR-J custom license (research/commercial use, attribution required)"
tattoo,noun,tˌætˈu,B2,cefr-j,"CEFR-J custom license (research/commercial use, attribution required)"
taunt,noun,tˈɔnt,B2,cefr-j,"CEFR-J custom license (research/commercial use, attribution required)"
tease,verb,tˈiz,B2,cefr-j,"CEFR-J custom license (research/commercial use, attribution required)"
teaspoon,noun,tˈispˌun,B2,cefr-j,"CEFR-J custom license (research/commercial use, attribution required)"
technical,adjective,tˈɛknɪkəl,B2,cefr-j,"CEFR-J custom license (research/commercial use, attribution required)"
technically,adverb,tˈɛknɪkəli,B2,cefr-j,"CEFR-J custom license (research/commercial use, attribution required)"
telescope,noun,tˈɛləskˌoʊp,B2,cefr-j,"CEFR-J custom license (research/commercial use, attribution required)"
temperate,adjective,tˈɛmpɹət,B2,cefr-j,"CEFR-J custom license (research/commercial use, attribution required)"
temporarily,adverb,tˌɛmpɚˈɛɹəli,B2,cefr-j,"CEFR-J custom license (research/commercial use, attribution required)"
temptation,noun,tɛmtˈeɪʃən,B2,cefr-j,"CEFR-J custom license (research/commercial use, attribution required)"
tender,adjective,tˈɛndɚ,B2,cefr-j,"CEFR-J custom license (research/commercial use, attribution required)"
tenderly,adverb,tˈɛndɚli,B2,cefr-j,"CEFR-J custom license (research/commercial use, attribution required)"
tenderness,noun,tˈɛndɚnəs,B2,cefr-j,"CEFR-J custom license (research/commercial use, attribution required)"
terrace,noun,tˈɛɹəs,B2,cefr-j,"CEFR-J custom license (research/commercial use, attribution required)"
terrifying,adjective,tˈɛɹəfˌaɪɪŋ,B2,cefr-j,"CEFR-J custom license (research/commercial use, attribution required)"
territory,noun,tˈɛɹɪtˌɔɹi,B2,cefr-j,"CEFR-J custom license (research/commercial use, attribution required)"
test,verb,tˈɛst,B2,cefr-j,"CEFR-J custom license (research/commercial use, attribution required)"
testify,verb,tˈɛstəfˌaɪ,B2,cefr-j,"CEFR-J custom license (research/commercial use, attribution required)"
testimony,noun,tˈɛstəmˌoʊni,B2,cefr-j,"CEFR-J custom license (research/commercial use, attribution required)"
that,adverb,ðˈæt,B2,cefr-j,"CEFR-J custom license (research/commercial use, attribution required)"
theme,noun,θˈim,B2,cefr-j,"CEFR-J custom license (research/commercial use, attribution required)"
theorist,noun,θˈiɚɪst,B2,cefr-j,"CEFR-J custom license (research/commercial use, attribution required)"
therapist,noun,θˈɛɹəpəst,B2,cefr-j,"CEFR-J custom license (research/commercial use, attribution required)"
therapy,noun,θˈɛɹəpi,B2,cefr-j,"CEFR-J custom license (research/commercial use, attribution required)"
thereafter,adverb,ðɛɹˈæftɚ,B2,cefr-j,"CEFR-J custom license (research/commercial use, attribution required)"
thermometer,noun,θɚmˈɑmətɚ,B2,cefr-j,"CEFR-J custom license (research/commercial use, attribution required)"
thesis,noun,θˈisəs,B2,cefr-j,"CEFR-J custom license (research/commercial use, attribution required)"
thickly,adverb,θˈɪkli,B2,cefr-j,"CEFR-J custom license (research/commercial use, attribution required)"
thickness,noun,θˈɪknəs,B2,cefr-j,"CEFR-J custom license (research/commercial use, attribution required)"
thigh,noun,θˈaɪ,B2,cefr-j,"CEFR-J custom license (research/commercial use, attribution required)"
thinker,noun,θˈɪŋkɚ,B2,cefr-j,"CEFR-J custom license (research/commercial use, attribution required)"
third person,noun,θˈɝd pˈɝsən,B2,cefr-j,"CEFR-J custom license (research/commercial use, attribution required)"
thirdly,adverb,θˈɝdli,B2,cefr-j,"CEFR-J custom license (research/commercial use, attribution required)"
thirst,noun,θˈɝst,B2,cefr-j,"CEFR-J custom license (research/commercial use, attribution required)"
thoroughly,adverb,θˈɝoʊli,B2,cefr-j,"CEFR-J custom license (research/commercial use, attribution required)"
though,adverb,ðˈoʊ,B2,cefr-j,"CEFR-J custom license (research/commercial use, attribution required)"
thoughtful,adjective,θˈɔtfəl,B2,cefr-j,"CEFR-J custom license (research/commercial use, attribution required)"
thoughtless,adjective,θˈɔtləs,B2,cefr-j,"CEFR-J custom license (research/commercial use, attribution required)"
thread,noun,θɹˈɛd,B2,cefr-j,"CEFR-J custom license (research/commercial use, attribution required)"
threaten,verb,θɹˈɛtən,B2,cefr-j,"CEFR-J custom license (research/commercial use, attribution required)"
thrill,noun,θɹˈɪl,B2,cefr-j,"CEFR-J custom license (research/commercial use, attribution required)"
thrilled,adjective,θɹˈɪld,B2,cefr-j,"CEFR-J custom license (research/commercial use, attribution required)"
thrilling,adjective,θɹˈɪlɪŋ,B2,cefr-j,"CEFR-J custom license (research/commercial use, attribution required)"
throat,noun,θɹˈoʊt,B2,cefr-j,"CEFR-J custom license (research/commercial use, attribution required)"
tickle,verb,tˈɪkəl,B2,cefr-j,"CEFR-J custom license (research/commercial use, attribution required)"
tight,adverb,tˈaɪt,B2,cefr-j,"CEFR-J custom license (research/commercial use, attribution required)"
tightrope,noun,tˈaɪtɹˌoʊp,B2,cefr-j,"CEFR-J custom license (research/commercial use, attribution required)"
time,verb,tˈaɪm,B2,cefr-j,"CEFR-J custom license (research/commercial use, attribution required)"
timeless,adjective,tˈaɪmləs,B2,cefr-j,"CEFR-J custom license (research/commercial use, attribution required)"
timeliness,noun,tˈaɪmlinəs,B2,cefr-j,"CEFR-J custom license (research/commercial use, attribution required)"
times,preposition,tˈaɪmz,B2,cefr-j,"CEFR-J custom license (research/commercial use, attribution required)"
timing,noun,tˈaɪmɪŋ,B2,cefr-j,"CEFR-J custom license (research/commercial use, attribution required)"
tip,verb,tˈɪp,B2,cefr-j,"CEFR-J custom license (research/commercial use, attribution required)"
tiptoe,verb,tˈɪptˌoʊ,B2,cefr-j,"CEFR-J custom license (research/commercial use, attribution required)"
tiredness,noun,tˈaɪɚdnɪs,B2,cefr-j,"CEFR-J custom license (research/commercial use, attribution required)"
tiresome,adjective,tˈaɪɚsəm,B2,cefr-j,"CEFR-J custom license (research/commercial use, attribution required)"
toenail,noun,tˈoʊnˌeɪl,B2,cefr-j,"CEFR-J custom license (research/commercial use, attribution required)"
toil,verb,tˈɔɪl,B2,cefr-j,"CEFR-J custom license (research/commercial use, attribution required)"
tolerant,adjective,tˈɑlɚənt,B2,cefr-j,"CEFR-J custom license (research/commercial use, attribution required)"
tolerate,verb,tˈɑlɚˌeɪt,B2,cefr-j,"CEFR-J custom license (research/commercial use, attribution required)"
toll,noun,tˈoʊl,B2,cefr-j,"CEFR-J custom license (research/commercial use, attribution required)"
tomb,noun,tˈum,B2,cefr-j,"CEFR-J custom license (research/commercial use, attribution required)"
ton,noun,tˈʌn,B2,cefr-j,"CEFR-J custom license (research/commercial use, attribution required)"
torch,noun,tˈɔɹtʃ,B2,cefr-j,"CEFR-J custom license (research/commercial use, attribution required)"
tortoiseshell,noun,,B2,cefr-j,"CEFR-J custom license (research/commercial use, attribution required)"
torture,verb,tˈɔɹtʃɚ,B2,cefr-j,"CEFR-J custom license (research/commercial use, attribution required)"
tough,adjective,tˈʌf,B2,cefr-j,"CEFR-J custom license (research/commercial use, attribution required)"
toxic,adjective,tˈɑksɪk,B2,cefr-j,"CEFR-J custom license (research/commercial use, attribution required)"
trace,verb,tɹˈeɪs,B2,cefr-j,"CEFR-J custom license (research/commercial use, attribution required)"
track,verb,tɹˈæk,B2,cefr-j,"CEFR-J custom license (research/commercial use, attribution required)"
trade,verb,tɹˈeɪd,B2,cefr-j,"CEFR-J custom license (research/commercial use, attribution required)"
trader,noun,tɹˈeɪdɚ,B2,cefr-j,"CEFR-J custom license (research/commercial use, attribution required)"
trail,verb,tɹˈeɪl,B2,cefr-j,"CEFR-J custom license (research/commercial use, attribution required)"
trailer,noun,tɹˈeɪlɚ,B2,cefr-j,"CEFR-J custom license (research/commercial use, attribution required)"
trainee,noun,tɹˈeɪnˈi,B2,cefr-j,"CEFR-J custom license (research/commercial use, attribution required)"
trainer,noun,tɹˈeɪnɚ,B2,cefr-j,"CEFR-J custom license (research/commercial use, attribution required)"
trait,noun,tɹˈeɪt,B2,cefr-j,"CEFR-J custom license (research/commercial use, attribution required)"
traitor,noun,tɹˈeɪtɚ,B2,cefr-j,"CEFR-J custom license (research/commercial use, attribution required)"
tramp,noun,tɹˈæmp,B2,cefr-j,"CEFR-J custom license (research/commercial use, attribution required)"
trample,noun,tɹˈæmpəl,B2,cefr-j,"CEFR-J custom license (research/commercial use, attribution required)"
transcript,noun,tɹˈænskɹˌɪpt,B2,cefr-j,"CEFR-J custom license (research/commercial use, attribution required)"
transfer,noun,tɹænsfˈɝ,B2,cefr-j,"CEFR-J custom license (research/commercial use, attribution required)"
transfusion,noun,tɹænsfjˈuʒən,B2,cefr-j,"CEFR-J custom license (research/commercial use, attribution required)"
transient,adjective,tɹˈænʒənt,B2,cefr-j,"CEFR-J custom license (research/commercial use, attribution required)"
transistor,noun,tɹænzˈɪstɚ,B2,cefr-j,"CEFR-J custom license (research/commercial use, attribution required)"
transition,noun,tɹænzˈɪʃən,B2,cefr-j,"CEFR-J custom license (research/commercial use, attribution required)"
transitive,adjective,,B2,cefr-j,"CEFR-J custom license (research/commercial use, attribution required)"
translation,noun,tɹænzlˈeɪʃən,B2,cefr-j,"CEFR-J custom license (research/commercial use, attribution required)"
translator,noun,tɹænslˈeɪtɚ,B2,cefr-j,"CEFR-J custom license (research/commercial use, attribution required)"
transmission,noun,tɹænsmˈɪʃən,B2,cefr-j,"CEFR-J custom license (research/commercial use, attribution required)"
transmit,verb,tɹænzmˈɪt,B2,cefr-j,"CEFR-J custom license (research/commercial use, attribution required)"
transparent,adjective,tɹænspˈɛɹənt,B2,cefr-j,"CEFR-J custom license (research/commercial use, attribution required)"
transport,verb,tɹænspˈɔɹt,B2,cefr-j,"CEFR-J custom license (research/commercial use, attribution required)"
traverse,noun,tɹˈævɚs,B2,cefr-j,"CEFR-J custom license (research/commercial use, attribution required)"
tray,noun,tɹˈeɪ,B2,cefr-j,"CEFR-J custom license (research/commercial use, attribution required)"
tread,verb,tɹˈɛd,B2,cefr-j,"CEFR-J custom license (research/commercial use, attribution required)"
treat,verb,tɹˈit,B2,cefr-j,"CEFR-J custom license (research/commercial use, attribution required)"
treaty,noun,tɹˈiti,B2,cefr-j,"CEFR-J custom license (research/commercial use, attribution required)"
trek,noun,tɹˈɛk,B2,cefr-j,"CEFR-J custom license (research/commercial use, attribution required)"
tremendously,adverb,tɹəmˈɛndəsli,B2,cefr-j,"CEFR-J custom license (research/commercial use, attribution required)"
tremor,noun,tɹˈɛmɚ,B2,cefr-j,"CEFR-J custom license (research/commercial use, attribution required)"
trial,noun,tɹˈaɪəl,B2,cefr-j,"CEFR-J custom license (research/commercial use, attribution required)"
triangle,noun,tɹˈaɪˌæŋgəl,B2,cefr-j,"CEFR-J custom license (research/commercial use, attribution required)"
tribe,noun,tɹˈaɪb,B2,cefr-j,"CEFR-J custom license (research/commercial use, attribution required)"
trick,verb,tɹˈɪk,B2,cefr-j,"CEFR-J custom license (research/commercial use, attribution required)"
tricky,adjective,tɹˈɪki,B2,cefr-j,"CEFR-J custom license (research/commercial use, attribution required)"
trio,noun,tɹˈiˌoʊ,B2,cefr-j,"CEFR-J custom license (research/commercial use, attribution required)"
trip,verb,tɹˈɪp,B2,cefr-j,"CEFR-J custom license (research/commercial use, attribution required)"
trivial,adjective,tɹˈɪviəl,B2,cefr-j,"CEFR-J custom license (research/commercial use, attribution required)"
trolley,noun,tɹˈɑli,B2,cefr-j,"CEFR-J custom license (research/commercial use, attribution required)"
troop,noun,tɹˈup,B2,cefr-j,"CEFR-J custom license (research/commercial use, attribution required)"
trophy,noun,tɹˈoʊfi,B2,cefr-j,"CEFR-J custom license (research/commercial use, attribution required)"
tropic,adjective,tɹˈɑpɪk,B2,cefr-j,"CEFR-J custom license (research/commercial use, attribution required)"
troublesome,adjective,tɹˈʌbəlsəm,B2,cefr-j,"CEFR-J custom license (research/commercial use, attribution required)"
trunk,noun,tɹˈʌŋk,B2,cefr-j,"CEFR-J custom license (research/commercial use, attribution required)"
trust,noun,tɹˈʌst,B2,cefr-j,"CEFR-J custom license (research/commercial use, attribution required)"
trusty,adjective,tɹˈʌsti,B2,cefr-j,"CEFR-J custom license (research/commercial use, attribution required)"
truthful,adjective,tɹˈuθfəl,B2,cefr-j,"CEFR-J custom license (research/commercial use, attribution required)"
truthfulness,noun,tɹˈuθfəlnəs,B2,cefr-j,"CEFR-J custom license (research/commercial use, attribution required)"
tub,noun,tˈʌb,B2,cefr-j,"CEFR-J custom license (research/commercial use, attribution required)"
tuberculosis,noun,təbˌɝkjəlˈoʊsɪs,B2,cefr-j,"CEFR-J custom license (research/commercial use, attribution required)"
tug,noun,tˈʌg,B2,cefr-j,"CEFR-J custom license (research/commercial use, attribution required)"
tuition,noun,tjuˈɪʃən,B2,cefr-j,"CEFR-J custom license (research/commercial use, attribution required)"
tulip,noun,tˈuləp,B2,cefr-j,"CEFR-J custom license (research/commercial use, attribution required)"
tumor,noun,tˈumɚ,B2,cefr-j,"CEFR-J custom license (research/commercial use, attribution required)"
tunnel,noun,tˈʌnəl,B2,cefr-j,"CEFR-J custom license (research/commercial use, attribution required)"
turbulent,adjective,tˈɝbjələnt,B2,cefr-j,"CEFR-J custom license (research/commercial use, attribution required)"
tutor,noun,tˈutɚ,B2,cefr-j,"CEFR-J custom license (research/commercial use, attribution required)"
twinkle,noun,twˈɪŋkəl,B2,cefr-j,"CEFR-J custom license (research/commercial use, attribution required)"
twisted,adjective,twˈɪstɪd,B2,cefr-j,"CEFR-J custom license (research/commercial use, attribution required)"
typhoid,noun,tˈaɪfɔɪd,B2,cefr-j,"CEFR-J custom license (research/commercial use, attribution required)"
tyranny,noun,tˈɪɹəni,B2,cefr-j,"CEFR-J custom license (research/commercial use, attribution required)"
tyrant,noun,tˈaɪɹənt,B2,cefr-j,"CEFR-J custom license (research/commercial use, attribution required)"
ultimate,adjective,ˈʌltəmət,B2,cefr-j,"CEFR-J custom license (research/commercial use, attribution required)"
ultimately,adverb,ˈʌltəmətli,B2,cefr-j,"CEFR-J custom license (research/commercial use, attribution required)"
unacceptable,adjective,ˌʌnæksˈɛptəbəl,B2,cefr-j,"CEFR-J custom license (research/commercial use, attribution required)"
unashamedly,adverb,ˌʌnəʃˈeɪmədli,B2,cefr-j,"CEFR-J custom license (research/commercial use, attribution required)"
unattractive,adjective,ˌʌnətɹˈæktɪv,B2,cefr-j,"CEFR-J custom license (research/commercial use, attribution required)"
unauthorized,adjective,ənˈɔθɚˌaɪzd,B2,cefr-j,"CEFR-J custom license (research/commercial use, attribution required)"
unavailable,adjective,ˌʌnəvˈeɪləbəl,B2,cefr-j,"CEFR-J custom license (research/commercial use, attribution required)"
unaware,adjective,ˌʌnəwˈɛɹ,B2,cefr-j,"CEFR-J custom license (research/commercial use, attribution required)"
unbearable,adjective,ənbˈɛɹəbəl,B2,cefr-j,"CEFR-J custom license (research/commercial use, attribution required)"
unbeatable,adjective,ˌʌnbˈitəbəl,B2,cefr-j,"CEFR-J custom license (research/commercial use, attribution required)"
unchanged,adjective,əntʃˈeɪndʒd,B2,cefr-j,"CEFR-J custom license (research/commercial use, attribution required)"
uncharacteristic,adjective,ˌʌnkˌɛɹɪktɚˈɪstɪk,B2,cefr-j,"CEFR-J custom license (research/commercial use, attribution required)"
unclearly,adverb,,B2,cefr-j,"CEFR-J custom license (research/commercial use, attribution required)"
uncomfortably,adverb,ənkˈʌmfɚtəbli,B2,cefr-j,"CEFR-J custom license (research/commercial use, attribution required)"
uncommon,adjective,ənkˈɑmən,B2,cefr-j,"CEFR-J custom license (research/commercial use, attribution required)"
unconcerned,adjective,ˌʌnkənsˈɝnd,B2,cefr-j,"CEFR-J custom license (research/commercial use, attribution required)"
unconscious,adjective,ˌʌnkˈɑnʃəs,B2,cefr-j,"CEFR-J custom license (research/commercial use, attribution required)"
underestimate,verb,ˈʌndɚˈɛstəmˌeɪt,B2,cefr-j,"CEFR-J custom license (research/commercial use, attribution required)"
undergraduate,noun,ˌʌndɚgɹˈædʒəwət,B2,cefr-j,"CEFR-J custom license (research/commercial use, attribution required)"
underground,adjective,ˈʌndɚgɹˌaʊnd,B2,cefr-j,"CEFR-J custom license (research/commercial use, attribution required)"
underground,adverb,ˈʌndɚgɹˌaʊnd,B2,cefr-j,"CEFR-J custom license (research/commercial use, attribution required)"
underneath,adverb,ˌʌndɚnˈiθ,B2,cefr-j,"CEFR-J custom license (research/commercial use, attribution required)"
undersea,adjective,ˌʌndɚsˈi,B2,cefr-j,"CEFR-J custom license (research/commercial use, attribution required)"
understandable,adjective,ˌʌndɚstˈændəbəl,B2,cefr-j,"CEFR-J custom license (research/commercial use, attribution required)"
understanding,adjective,ˌʌndɚstˈændɪŋ,B2,cefr-j,"CEFR-J custom license (research/commercial use, attribution required)"
understanding,noun,ˌʌndɚstˈændɪŋ,B2,cefr-j,"CEFR-J custom license (research/commercial use, attribution required)"
undertake,verb,ˈʌndɚtˌeɪk,B2,cefr-j,"CEFR-J custom license (research/commercial use, attribution required)"
underwater,adverb,ˈʌndɚwˌɔtɚ,B2,cefr-j,"CEFR-J custom license (research/commercial use, attribution required)"
underwear,noun,ˈʌndɚwˌɛɹ,B2,cefr-j,"CEFR-J custom license (research/commercial use, attribution required)"
undoubtedly,adverb,əndˈaʊtɪdli,B2,cefr-j,"CEFR-J custom license (research/commercial use, attribution required)"
undreamed,adjective,əndɹˈimd,B2,cefr-j,"CEFR-J custom license (research/commercial use, attribution required)"
undressed,adjective,əndɹˈɛst,B2,cefr-j,"CEFR-J custom license (research/commercial use, attribution required)"
unease,noun,ənˈiz,B2,cefr-j,"CEFR-J custom license (research/commercial use, attribution required)"
uneasily,adverb,ənˈizəli,B2,cefr-j,"CEFR-J custom license (research/commercial use, attribution required)"
unenthusiastic,adjective,ənɪnθˌuziˈæstɪk,B2,cefr-j,"CEFR-J custom license (research/commercial use, attribution required)"
uneven,adjective,ənˈivən,B2,cefr-j,"CEFR-J custom license (research/commercial use, attribution required)"
unfamiliar,adjective,ˌʌnfəmˈɪljɚ,B2,cefr-j,"CEFR-J custom license (research/commercial use, attribution required)"
unfashionable,adjective,ənfˈæʃənəbəl,B2,cefr-j,"CEFR-J custom license (research/commercial use, attribution required)"
unforeseen,adjective,ˌʌnfɔɹsˈin,B2,cefr-j,"CEFR-J custom license (research/commercial use, attribution required)"
ungodly,adjective,əngˈɔdli,B2,cefr-j,"CEFR-J custom license (research/commercial use, attribution required)"
unhappiness,noun,ənhˈæpinɪs,B2,cefr-j,"CEFR-J custom license (research/commercial use, attribution required)"
unhelpful,adjective,ənhˈɛlpfəl,B2,cefr-j,"CEFR-J custom license (research/commercial use, attribution required)"
unimaginable,adjective,ˌʌnɪmˈædʒɪnəbəl,B2,cefr-j,"CEFR-J custom license (research/commercial use, attribution required)"
unimaginably,adverb,,B2,cefr-j,"CEFR-J custom license (research/commercial use, attribution required)"
united,adjective,junˈaɪtɪd,B2,cefr-j,"CEFR-J custom license (research/commercial use, attribution required)"
universal,adjective,jˌunəvˈɝsəl,B2,cefr-j,"CEFR-J custom license (research/commercial use, attribution required)"
unjustly,adverb,əndʒˈʌstli,B2,cefr-j,"CEFR-J custom license (research/commercial use, attribution required)"
unkind,adjective,ənkˈaɪnd,B2,cefr-j,"CEFR-J custom license (research/commercial use, attribution required)"
unlike,preposition,ənlˈaɪk,B2,cefr-j,"CEFR-J custom license (research/commercial use, attribution required)"
unlimited,adjective,ənlˈɪmətɪd,B2,cefr-j,"CEFR-J custom license (research/commercial use, attribution required)"
unload,verb,ənlˈoʊd,B2,cefr-j,"CEFR-J custom license (research/commercial use, attribution required)"
unlock,verb,ənlˈɑk,B2,cefr-j,"CEFR-J custom license (research/commercial use, attribution required)"
unmistakable,adjective,ˌʌnmɪstˈeɪkəbəl,B2,cefr-j,"CEFR-J custom license (research/commercial use, attribution required)"
unmistakably,adverb,ˌʌnmɪstˈeɪkəbli,B2,cefr-j,"CEFR-J custom license (research/commercial use, attribution required)"
unnatural,adjective,ənnˈætʃɚəl,B2,cefr-j,"CEFR-J custom license (research/commercial use, attribution required)"
unofficial,adjective,ˌʌnəfˈɪʃəl,B2,cefr-j,"CEFR-J custom license (research/commercial use, attribution required)"
unpopular,adjective,ˌʌnpˈɑpjəlɚ,B2,cefr-j,"CEFR-J custom license (research/commercial use, attribution required)"
unrealistic,adjective,ənɹˌilˈɪstɪk,B2,cefr-j,"CEFR-J custom license (research/commercial use, attribution required)"
unreasonable,adjective,ənɹˈiznəbəl,B2,cefr-j,"CEFR-J custom license (research/commercial use, attribution required)"
unreliable,adjective,ˌʌnɹɪlˈaɪəbəl,B2,cefr-j,"CEFR-J custom license (research/commercial use, attribution required)"
unrest,noun,ənɹˈɛst,B2,cefr-j,"CEFR-J custom license (research/commercial use, attribution required)"
unsafe,adjective,ənsˈeɪf,B2,cefr-j,"CEFR-J custom license (research/commercial use, attribution required)"
unsatisfactory,adjective,ˌʌnsətɪsfˈæktɚi,B2,cefr-j,"CEFR-J custom license (research/commercial use, attribution required)"
unselfish,adjective,,B2,cefr-j,"CEFR-J custom license (research/commercial use, attribution required)"
unstoppable,adjective,ənstˈɑpəbəl,B2,cefr-j,"CEFR-J custom license (research/commercial use, attribution required)"
unsuccessful,adjective,ˌʌnsəksˈɛsfəl,B2,cefr-j,"CEFR-J custom license (research/commercial use, attribution required)"
unsuitable,adjective,ənsˈutəbəl,B2,cefr-j,"CEFR-J custom license (research/commercial use, attribution required)"
unsure,adjective,ənʃˈʊɹ,B2,cefr-j,"CEFR-J custom license (research/commercial use, attribution required)"
untalented,adjective,,B2,cefr-j,"CEFR-J custom license (research/commercial use, attribution required)"
unthinkably,adverb,,B2,cefr-j,"CEFR-J custom license (research/commercial use, attribution required)"
untie,verb,əntˈaɪ,B2,cefr-j,"CEFR-J custom license (research/commercial use, attribution required)"
unto,preposition,ˈʌntu,B2,cefr-j,"CEFR-J custom license (research/commercial use, attribution required)"
untreated,adjective,əntɹˈitɪd,B2,cefr-j,"CEFR-J custom license (research/commercial use, attribution required)"
untrimmed,adjective,,B2,cefr-j,"CEFR-J custom license (research/commercial use, attribution required)"
unusualness,noun,,B2,cefr-j,"CEFR-J custom license (research/commercial use, attribution required)"
unwilling,adjective,ənwˈɪlɪŋ,B2,cefr-j,"CEFR-J custom license (research/commercial use, attribution required)"
unwise,adjective,ənwˈaɪz,B2,cefr-j,"CEFR-J custom license (research/commercial use, attribution required)"
unworldly,adjective,,B2,cefr-j,"CEFR-J custom license (research/commercial use, attribution required)"
upbringing,noun,ˈʌpbɹˌɪŋɪŋ,B2,cefr-j,"CEFR-J custom license (research/commercial use, attribution required)"
update,noun,əpdˈeɪt,B2,cefr-j,"CEFR-J custom license (research/commercial use, attribution required)"
upgrade,noun,əpgɹˈeɪd,B2,cefr-j,"CEFR-J custom license (research/commercial use, attribution required)"
upgrade,verb,əpgɹˈeɪd,B2,cefr-j,"CEFR-J custom license (research/commercial use, attribution required)"
upright,adjective,əpɹˈaɪt,B2,cefr-j,"CEFR-J custom license (research/commercial use, attribution required)"
upright,adverb,əpɹˈaɪt,B2,cefr-j,"CEFR-J custom license (research/commercial use, attribution required)"
upset,verb,əpsˈɛt,B2,cefr-j,"CEFR-J custom license (research/commercial use, attribution required)"
upside down,adjective,ˈʌpsˈaɪd dˈaʊn,B2,cefr-j,"CEFR-J custom license (research/commercial use, attribution required)"
upside down,adverb,ˈʌpsˈaɪd dˈaʊn,B2,cefr-j,"CEFR-J custom license (research/commercial use, attribution required)"
urban,adjective,ˈɝbən,B2,cefr-j,"CEFR-J custom license (research/commercial use, attribution required)"
urge,verb,ˈɝdʒ,B2,cefr-j,"CEFR-J custom license (research/commercial use, attribution required)"
urgently,adverb,ˈɝdʒəntli,B2,cefr-j,"CEFR-J custom license (research/commercial use, attribution required)"
user,noun,jˈuzɚ,B2,cefr-j,"CEFR-J custom license (research/commercial use, attribution required)"
usher,verb,ˈʌʃɚ,B2,cefr-j,"CEFR-J custom license (research/commercial use, attribution required)"
utility,noun,jutˈɪləti,B2,cefr-j,"CEFR-J custom license (research/commercial use, attribution required)"
utilize,verb,jˈutəlˌaɪz,B2,cefr-j,"CEFR-J custom license (research/commercial use, attribution required)"
utter,verb,ˈʌtɚ,B2,cefr-j,"CEFR-J custom license (research/commercial use, attribution required)"
utterly,adverb,ˈʌtɚli,B2,cefr-j,"CEFR-J custom license (research/commercial use, attribution required)"
vacant,adjective,vˈeɪkənt,B2,cefr-j,"CEFR-J custom license (research/commercial use, attribution required)"
vaccine,noun,vˌæksˈin,B2,cefr-j,"CEFR-J custom license (research/commercial use, attribution required)"
valentine,noun,vˈæləntˌaɪn,B2,cefr-j,"CEFR-J custom license (research/commercial use, attribution required)"
valid,adjective,vˈælɪd,B2,cefr-j,"CEFR-J custom license (research/commercial use, attribution required)"
value,verb,vˈælju,B2,cefr-j,"CEFR-J custom license (research/commercial use, attribution required)"
vanish,verb,vˈænɪʃ,B2,cefr-j,"CEFR-J custom license (research/commercial use, attribution required)"
vanity,noun,vˈænəti,B2,cefr-j,"CEFR-J custom license (research/commercial use, attribution required)"
variation,noun,vˌɛɹiˈeɪʃən,B2,cefr-j,"CEFR-J custom license (research/commercial use, attribution required)"
varied,adjective,vˈɛɹid,B2,cefr-j,"CEFR-J custom license (research/commercial use, attribution required)"
venture,noun,vˈɛntʃɚ,B2,cefr-j,"CEFR-J custom license (research/commercial use, attribution required)"
venue,noun,vˈɛnju,B2,cefr-j,"CEFR-J custom license (research/commercial use, attribution required)"
verbal,adjective,vˈɝbəl,B2,cefr-j,"CEFR-J custom license (research/commercial use, attribution required)"
verbally,adverb,vɚbˈæli,B2,cefr-j,"CEFR-J custom license (research/commercial use, attribution required)"
verse,noun,vˈɝs,B2,cefr-j,"CEFR-J custom license (research/commercial use, attribution required)"
verse,verb,vˈɝs,B2,cefr-j,"CEFR-J custom license (research/commercial use, attribution required)"
version,noun,vˈɝʒən,B2,cefr-j,"CEFR-J custom license (research/commercial use, attribution required)"
versus,preposition,vˈɝsəs,B2,cefr-j,"CEFR-J custom license (research/commercial use, attribution required)"
very,adjective,vˈɛɹi,B2,cefr-j,"CEFR-J custom license (research/commercial use, attribution required)"
veteran,noun,vˈɛtɚən,B2,cefr-j,"CEFR-J custom license (research/commercial use, attribution required)"
vibrate,verb,vˈaɪbɹeɪt,B2,cefr-j,"CEFR-J custom license (research/commercial use, attribution required)"
vibration,noun,vaɪbɹˈeɪʃən,B2,cefr-j,"CEFR-J custom license (research/commercial use, attribution required)"
viewer,noun,vjˈuɚ,B2,cefr-j,"CEFR-J custom license (research/commercial use, attribution required)"
vigor,noun,vˈɪgɚ,B2,cefr-j,"CEFR-J custom license (research/commercial use, attribution required)"
vigorous,adjective,vˈɪgɚəs,B2,cefr-j,"CEFR-J custom license (research/commercial use, attribution required)"
vigorously,adverb,vˈɪgɚəsli,B2,cefr-j,"CEFR-J custom license (research/commercial use, attribution required)"
villa,noun,vˈɪlə,B2,cefr-j,"CEFR-J custom license (research/commercial use, attribution required)"
villager,noun,vˈɪlɪdʒɚ,B2,cefr-j,"CEFR-J custom license (research/commercial use, attribution required)"
vinegar,noun,vˈɪnəgɚ,B2,cefr-j,"CEFR-J custom license (research/commercial use, attribution required)"
violate,verb,vˈaɪəleɪt,B2,cefr-j,"CEFR-J custom license (research/commercial use, attribution required)"
virtual reality,noun,vˈɝtʃuəl ɹˌiˈælətˌi,B2,cefr-j,"CEFR-J custom license (research/commercial use, attribution required)"
virtually,adverb,vˈɝtʃuəli,B2,cefr-j,"CEFR-J custom license (research/commercial use, attribution required)"
virtue,noun,vˈɝtʃu,B2,cefr-j,"CEFR-J custom license (research/commercial use, attribution required)"
visibly,adverb,vˈɪzəbli,B2,cefr-j,"CEFR-J custom license (research/commercial use, attribution required)"
vital,adjective,vˈaɪtəl,B2,cefr-j,"CEFR-J custom license (research/commercial use, attribution required)"
vitamin,noun,vˈaɪtəmən,B2,cefr-j,"CEFR-J custom license (research/commercial use, attribution required)"
vocalist,noun,vˈoʊkəlɪst,B2,cefr-j,"CEFR-J custom license (research/commercial use, attribution required)"
volunteer,noun,vˌɑləntˈɪɹ,B2,cefr-j,"CEFR-J custom license (research/commercial use, attribution required)"
vomit,noun,vˈɑmət,B2,cefr-j,"CEFR-J custom license (research/commercial use, attribution required)"
voter,noun,vˈoʊtɚ,B2,cefr-j,"CEFR-J custom license (research/commercial use, attribution required)"
vow,noun,vˈaʊ,B2,cefr-j,"CEFR-J custom license (research/commercial use, attribution required)"
wage,noun,wˈeɪdʒ,B2,cefr-j,"CEFR-J custom license (research/commercial use, attribution required)"
waist,noun,wˈeɪst,B2,cefr-j,"CEFR-J custom license (research/commercial use, attribution required)"
waistcoat,noun,,B2,cefr-j,"CEFR-J custom license (research/commercial use, attribution required)"
wait,noun,wˈeɪt,B2,cefr-j,"CEFR-J custom license (research/commercial use, attribution required)"
walkabout,noun,,B2,cefr-j,"CEFR-J custom license (research/commercial use, attribution required)"
walker,noun,wˈɔkɚ,B2,cefr-j,"CEFR-J custom license (research/commercial use, attribution required)"
wallboard,noun,wˈɔlbˌɔɹd,B2,cefr-j,"CEFR-J custom license (research/commercial use, attribution required)"
walnut,noun,wˈɔlnˌʌt,B2,cefr-j,"CEFR-J custom license (research/commercial use, attribution required)"
want,noun,wˈɑnt,B2,cefr-j,"CEFR-J custom license (research/commercial use, attribution required)"
warship,noun,wˈɔɹʃˌɪp,B2,cefr-j,"CEFR-J custom license (research/commercial use, attribution required)"
wartime,noun,wˈɔɹtˌaɪm,B2,cefr-j,"CEFR-J custom license (research/commercial use, attribution required)"
wasp,noun,wˈɑsp,B2,cefr-j,"CEFR-J custom license (research/commercial use, attribution required)"
water,verb,wˈɔtɚ,B2,cefr-j,"CEFR-J custom license (research/commercial use, attribution required)"
waterproof,adjective,wˈɔtɚpɹˌuf,B2,cefr-j,"CEFR-J custom license (research/commercial use, attribution required)"
weaken,verb,wˈikən,B2,cefr-j,"CEFR-J custom license (research/commercial use, attribution required)"
weakly,adverb,wˈikli,B2,cefr-j,"CEFR-J custom license (research/commercial use, attribution required)"
wealthy,adjective,wˈɛlθi,B2,cefr-j,"CEFR-J custom license (research/commercial use, attribution required)"
wearisome,adjective,wˈɪɹisəm,B2,cefr-j,"CEFR-J custom license (research/commercial use, attribution required)"
weary,adjective,wˈɪɹi,B2,cefr-j,"CEFR-J custom license (research/commercial use, attribution required)"
weave,noun,wˈiv,B2,cefr-j,"CEFR-J custom license (research/commercial use, attribution required)"
wed,verb,wˈɛd,B2,cefr-j,"CEFR-J custom license (research/commercial use, attribution required)"
weed,noun,wˈid,B2,cefr-j,"CEFR-J custom license (research/commercial use, attribution required)"
welcome,noun,wˈɛlkəm,B2,cefr-j,"CEFR-J custom license (research/commercial use, attribution required)"
welfare,noun,wˈɛlfˌɛɹ,B2,cefr-j,"CEFR-J custom license (research/commercial use, attribution required)"
well-balanced,adjective,,B2,cefr-j,"CEFR-J custom license (research/commercial use, attribution required)"
well-built,adjective,,B2,cefr-j,"CEFR-J custom license (research/commercial use, attribution required)"
well-organized,adjective,,B2,cefr-j,"CEFR-J custom license (research/commercial use, attribution required)"
well-paid,adjective,,B2,cefr-j,"CEFR-J custom license (research/commercial use, attribution required)"
western,adjective,wˈɛstɚn,B2,cefr-j,"CEFR-J custom license (research/commercial use, attribution required)"
wheat,noun,wˈit,B2,cefr-j,"CEFR-J custom license (research/commercial use, attribution required)"
whereas,conjunction,wɛɹˈæz,B2,cefr-j,"CEFR-J custom license (research/commercial use, attribution required)"
whichever,pronoun,wɪtʃˈɛvɚ,B2,cefr-j,"CEFR-J custom license (research/commercial use, attribution required)"
whip,verb,wˈɪp,B2,cefr-j,"CEFR-J custom license (research/commercial use, attribution required)"
whiskey,noun,wˈɪski,B2,cefr-j,"CEFR-J custom license (research/commercial use, attribution required)"
whisper,verb,wˈɪspɚ,B2,cefr-j,"CEFR-J custom license (research/commercial use, attribution required)"
whistle,verb,wˈɪsəl,B2,cefr-j,"CEFR-J custom license (research/commercial use, attribution required)"
widen,verb,wˈaɪdən,B2,cefr-j,"CEFR-J custom license (research/commercial use, attribution required)"
widow,noun,wˈɪdoʊ,B2,cefr-j,"CEFR-J custom license (research/commercial use, attribution required)"
width,noun,wˈɪdθ,B2,cefr-j,"CEFR-J custom license (research/commercial use, attribution required)"
wilderness,noun,wˈɪldɚnəs,B2,cefr-j,"CEFR-J custom license (research/commercial use, attribution required)"
will,noun,wˈɪl,B2,cefr-j,"CEFR-J custom license (research/commercial use, attribution required)"
willing,adjective,wˈɪlɪŋ,B2,cefr-j,"CEFR-J custom license (research/commercial use, attribution required)"
willingly,adverb,wˈɪlɪŋli,B2,cefr-j,"CEFR-J custom license (research/commercial use, attribution required)"
win,noun,wˈɪn,B2,cefr-j,"CEFR-J custom license (research/commercial use, attribution required)"
wind,verb,wˈaɪnd,B2,cefr-j,"CEFR-J custom license (research/commercial use, attribution required)"
winding,adjective,wˈaɪndɪŋ,B2,cefr-j,"CEFR-J custom license (research/commercial use, attribution required)"
windshield,noun,wˈɪndʃˌild,B2,cefr-j,"CEFR-J custom license (research/commercial use, attribution required)"
wink,noun,wˈɪŋk,B2,cefr-j,"CEFR-J custom license (research/commercial use, attribution required)"
wipe,verb,wˈaɪp,B2,cefr-j,"CEFR-J custom license (research/commercial use, attribution required)"
wire,verb,wˈaɪɚ,B2,cefr-j,"CEFR-J custom license (research/commercial use, attribution required)"
wit,noun,wˈɪt,B2,cefr-j,"CEFR-J custom license (research/commercial use, attribution required)"
withdraw,verb,wɪðdɹˈɔ,B2,cefr-j,"CEFR-J custom license (research/commercial use, attribution required)"
withdrawal,noun,wɪðdɹˈɔəl,B2,cefr-j,"CEFR-J custom license (research/commercial use, attribution required)"
witness,noun,wˈɪtnəs,B2,cefr-j,"CEFR-J custom license (research/commercial use, attribution required)"
witty,adjective,wˈɪti,B2,cefr-j,"CEFR-J custom license (research/commercial use, attribution required)"
wolf,noun,wˈʊlf,B2,cefr-j,"CEFR-J custom license (research/commercial use, attribution required)"
wondrous,adjective,wˈʌndɹəs,B2,cefr-j,"CEFR-J custom license (research/commercial use, attribution required)"
woodcarving,noun,,B2,cefr-j,"CEFR-J custom license (research/commercial use, attribution required)"
wordlessly,adverb,,B2,cefr-j,"CEFR-J custom license (research/commercial use, attribution required)"
workaholic,adjective,wˌɝkəhˈɑlɪk,B2,cefr-j,"CEFR-J custom license (research/commercial use, attribution required)"
workbench,noun,wˈɝkbˌɛntʃ,B2,cefr-j,"CEFR-J custom license (research/commercial use, attribution required)"
workman,noun,wˈɝkmən,B2,cefr-j,"CEFR-J custom license (research/commercial use, attribution required)"
worktable,noun,,B2,cefr-j,"CEFR-J custom license (research/commercial use, attribution required)"
worldly,adjective,wˈɝldli,B2,cefr-j,"CEFR-J custom license (research/commercial use, attribution required)"
worldview,noun,wˈɝldvjˌu,B2,cefr-j,"CEFR-J custom license (research/commercial use, attribution required)"
worldwide,adjective,wˈɝldwˈaɪd,B2,cefr-j,"CEFR-J custom license (research/commercial use, attribution required)"
worm,noun,wˈɝm,B2,cefr-j,"CEFR-J custom license (research/commercial use, attribution required)"
wornout,adjective,,B2,cefr-j,"CEFR-J custom license (research/commercial use, attribution required)"
worrying,adjective,wˈɝiɪŋ,B2,cefr-j,"CEFR-J custom license (research/commercial use, attribution required)"
worse,noun,wˈɝs,B2,cefr-j,"CEFR-J custom license (research/commercial use, attribution required)"
worsen,verb,wˈɝsən,B2,cefr-j,"CEFR-J custom license (research/commercial use, attribution required)"
worship,noun,wˈɝʃəp,B2,cefr-j,"CEFR-J custom license (research/commercial use, attribution required)"
worst,adverb,wˈɝst,B2,cefr-j,"CEFR-J custom license (research/commercial use, attribution required)"
worthless,adjective,wˈɝθləs,B2,cefr-j,"CEFR-J custom license (research/commercial use, attribution required)"
wound,verb,wˈaʊnd,B2,cefr-j,"CEFR-J custom license (research/commercial use, attribution required)"
wreck,noun,ɹˈɛk,B2,cefr-j,"CEFR-J custom license (research/commercial use, attribution required)"
wrongly,adverb,ɹˈɔŋli,B2,cefr-j,"CEFR-J custom license (research/commercial use, attribution required)"
X-ray,noun,ˈɛksɹˌeɪ,B2,cefr-j,"CEFR-J custom license (research/commercial use, attribution required)"
yacht,noun,jˈɑt,B2,cefr-j,"CEFR-J custom license (research/commercial use, attribution required)"
yawn,noun,jˈɔn,B2,cefr-j,"CEFR-J custom license (research/commercial use, attribution required)"
yawn,verb,jˈɔn,B2,cefr-j,"CEFR-J custom license (research/commercial use, attribution required)"
yearn,verb,jˈɝn,B2,cefr-j,"CEFR-J custom license (research/commercial use, attribution required)"
yell,verb,jˈɛl,B2,cefr-j,"CEFR-J custom license (research/commercial use, attribution required)"
yield,verb,jˈild,B2,cefr-j,"CEFR-J custom license (research/commercial use, attribution required)"
youthful,adjective,jˈuθfəl,B2,cefr-j,"CEFR-J custom license (research/commercial use, attribution required)"
yummy,adjective,jˈʌmi,B2,cefr-j,"CEFR-J custom license (research/commercial use, attribution required)"
zebra,noun,zˈibɹə,B2,cefr-j,"CEFR-J custom license (research/commercial use, attribution required)"
zip,noun,zˈɪp,B2,cefr-j,"CEFR-J custom license (research/commercial use, attribution required)"
zoom,noun,zˈum,B2,cefr-j,"CEFR-J custom license (research/commercial use, attribution required)"
aboard,preposition,əbˈɔɹd,C1,octanove,CC BY-SA 4.0
abound,verb,əbˈaʊnd,C1,octanove,CC BY-SA 4.0
absolute,noun,ˈæbsəlˌut,C1,octanove,CC BY-SA 4.0
abstraction,noun,æbstɹˈækʃən,C1,octanove,CC BY-SA 4.0
accustomed,adjective,əkˈʌstəmd,C1,octanove,CC BY-SA 4.0
acidic,adjective,əsˈɪdɪk,C1,octanove,CC BY-SA 4.0
acoustic,adjective,əkˈustɪk,C1,octanove,CC BY-SA 4.0
acoustically,adverb,əkˈustɪkli,C1,octanove,CC BY-SA 4.0
acoustics,noun,əkˈustɪks,C1,octanove,CC BY-SA 4.0
acre,noun,ˈeɪkɚ,C1,octanove,CC BY-SA 4.0
acutely,adverb,əkjˈutli,C1,octanove,CC BY-SA 4.0
adjoin,verb,ədʒˈɔɪn,C1,octanove,CC BY-SA 4.0
adjoining,adjective,ədʒˈɔɪnɪŋ,C1,octanove,CC BY-SA 4.0
adjustable,adjective,ədʒˈʌstəbəl,C1,octanove,CC BY-SA 4.0
adrenaline,noun,ədɹˈɛnələn,C1,octanove,CC BY-SA 4.0
advantageous,adjective,ˌædvəntˈeɪdʒəs,C1,octanove,CC BY-SA 4.0
adversary,noun,ˈædvɚsˌɛɹi,C1,octanove,CC BY-SA 4.0
advisory,adjective,ædvˈaɪzɚi,C1,octanove,CC BY-SA 4.0
aesthetic,adjective,ɛsθˈɛtɪk,C1,octanove,CC BY-SA 4.0
aesthetically,adverb,ɛsθˈɛtɪkli,C1,octanove,CC BY-SA 4.0
agonize,verb,ˈægənˌaɪz,C1,octanove,CC BY-SA 4.0
agreeable,adjective,əgɹˈiəbəl,C1,octanove,CC BY-SA 4.0
aimless,adjective,ˈeɪmləs,C1,octanove,CC BY-SA 4.0
aimlessly,adverb,ˈeɪmləsli,C1,octanove,CC BY-SA 4.0
alienate,verb,ˈeɪljənˌeɪt,C1,octanove,CC BY-SA 4.0
align,verb,əlˈaɪn,C1,octanove,CC BY-SA 4.0
alignment,noun,əlˈaɪnmənt,C1,octanove,CC BY-SA 4.0
allegation,noun,ˌæləgˈeɪʃən,C1,octanove,CC BY-SA 4.0
allege,verb,əlˈɛdʒ,C1,octanove,CC BY-SA 4.0
alleviate,verb,əlˈiviˌeɪt,C1,octanove,CC BY-SA 4.0
altruism,noun,ˈæltɹuˌɪzəm,C1,octanove,CC BY-SA 4.0
altruistic,adjective,ˌɔltɹuˈɪstɪk,C1,octanove,CC BY-SA 4.0
amateur,adjective,ˈæmətˌɝ,C1,octanove,CC BY-SA 4.0
amateur,noun,ˈæmətˌɝ,C1,octanove,CC BY-SA 4.0
amid,preposition,əmˈɪd,C1,octanove,CC BY-SA 4.0
amplification,noun,ˌæmpləfəkˈeɪʃən,C1,octanove,CC BY-SA 4.0
amply,adverb,ˈæmpli,C1,octanove,CC BY-SA 4.0
anchor,verb,ˈæŋkɚ,C1,octanove,CC BY-SA 4.0
anchored,adjective,ˈæŋkɚd,C1,octanove,CC BY-SA 4.0
angle,verb,ˈæŋgəl,C1,octanove,CC BY-SA 4.0
animatedly,adverb,,C1,octanove,CC BY-SA 4.0
anthropologist,noun,ˌænθɹəpˈɑlədʒəst,C1,octanove,CC BY-SA 4.0
anthropology,noun,ˌænθɹəpˈɑlədʒi,C1,octanove,CC BY-SA 4.0
anticlimactic,adjective,ˌæntiklaɪmˈæktɪk,C1,octanove,CC BY-SA 4.0
antics,noun,ˈæntɪks,C1,octanove,CC BY-SA 4.0
antiquated,adjective,ˈæntəkwˌeɪtɪd,C1,octanove,CC BY-SA 4.0
antiquity,noun,æntˈɪkwəti,C1,octanove,CC BY-SA 4.0
appall,verb,əpˈɔl,C1,octanove,CC BY-SA 4.0
appalling,adjective,əpˈɔlɪŋ,C1,octanove,CC BY-SA 4.0
appallingly,adverb,əpˈɔlɪŋli,C1,octanove,CC BY-SA 4.0
appliance,noun,əplˈaɪəns,C1,octanove,CC BY-SA 4.0
apprehensive,adjective,ˌæpɹɪhˈɛnsɪv,C1,octanove,CC BY-SA 4.0
apprentice,noun,əpɹˈɛntəs,C1,octanove,CC BY-SA 4.0
apprentice,verb,əpɹˈɛntəs,C1,octanove,CC BY-SA 4.0
apprenticeship,noun,əpɹˈɛntəsʃˌɪp,C1,octanove,CC BY-SA 4.0
apt,adjective,ˈæpt,C1,octanove,CC BY-SA 4.0
apt to,verb,ˈæpt tˈu,C1,octanove,CC BY-SA 4.0
aqua,adjective,ˈækwə,C1,octanove,CC BY-SA 4.0
aquarium,noun,əkwˈɛɹiəm,C1,octanove,CC BY-SA 4.0
artistically,adverb,ɑɹtˈɪstɪkli,C1,octanove,CC BY-SA 4.0
assertion,noun,əsˈɝʃən,C1,octanove,CC BY-SA 4.0
astray,adverb,əstɹˈeɪ,C1,octanove,CC BY-SA 4.0
atmospheric,adjective,ˌætməsfˈɛɹɪk,C1,octanove,CC BY-SA 4.0
automatic,verb,ˌɔtəmˈætɪk,C1,octanove,CC BY-SA 4.0
automatically,adverb,ˌɔtəmˈætɪkli,C1,octanove,CC BY-SA 4.0
avid,adjective,ˈævəd,C1,octanove,CC BY-SA 4.0
awe,verb,ˈɑ,C1,octanove,CC BY-SA 4.0
bald,verb,bˈɔld,C1,octanove,CC BY-SA 4.0
baldly,adverb,bˈɔldli,C1,octanove,CC BY-SA 4.0
batter,noun,bˈætɚ,C1,octanove,CC BY-SA 4.0
batter,verb,bˈætɚ,C1,octanove,CC BY-SA 4.0
battered,adjective,bˈætɚd,C1,octanove,CC BY-SA 4.0
battery,noun,bˈætɚi,C1,octanove,CC BY-SA 4.0
bearded,adjective,bˈɪɹdəd,C1,octanove,CC BY-SA 4.0
beforehand,adverb,bɪfˈɔɹhˌænd,C1,octanove,CC BY-SA 4.0
beguiling,adjective,bɪgˈaɪlɪŋ,C1,octanove,CC BY-SA 4.0
beguilingly,adverb,,C1,octanove,CC BY-SA 4.0
behind,preposition,bɪhˈaɪnd,C1,octanove,CC BY-SA 4.0
believably,adverb,,C1,octanove,CC BY-SA 4.0
benign,adjective,bɪnˈaɪn,C1,octanove,CC BY-SA 4.0
benignly,adverb,bənˈaɪnli,C1,octanove,CC BY-SA 4.0
bequeath,verb,bɪkwˈiθ,C1,octanove,CC BY-SA 4.0
billiards,noun,bˈɪljɚdz,C1,octanove,CC BY-SA 4.0
blankness,noun,,C1,octanove,CC BY-SA 4.0
bliss,noun,blˈɪs,C1,octanove,CC BY-SA 4.0
blister,noun,blˈɪstɚ,C1,octanove,CC BY-SA 4.0
blister,verb,blˈɪstɚ,C1,octanove,CC BY-SA 4.0
blithely,adverb,blˈaɪθli,C1,octanove,CC BY-SA 4.0
blockbuster,noun,blˈɑkbˌʌstɚ,C1,octanove,CC BY-SA 4.0
bloom,verb,blˈum,C1,octanove,CC BY-SA 4.0
boast,noun,bˈoʊst,C1,octanove,CC BY-SA 4.0
bouquet,noun,bukˈeɪ,C1,octanove,CC BY-SA 4.0
brainwash,verb,bɹˈeɪnwˌɑʃ,C1,octanove,CC BY-SA 4.0
brainwashing,noun,bɹˈeɪnwˌɑʃɪŋ,C1,octanove,CC BY-SA 4.0
bribe,noun,bɹˈaɪb,C1,octanove,CC BY-SA 4.0
bribe,verb,bɹˈaɪb,C1,octanove,CC BY-SA 4.0
bribery,noun,bɹˈaɪbɚi,C1,octanove,CC BY-SA 4.0
brief,verb,bɹˈif,C1,octanove,CC BY-SA 4.0
bubbly,adjective,bˈʌbli,C1,octanove,CC BY-SA 4.0
buffer,noun,bˈʌfɚ,C1,octanove,CC BY-SA 4.0
buffer,verb,bˈʌfɚ,C1,octanove,CC BY-SA 4.0
buffoon,noun,bəfˈun,C1,octanove,CC BY-SA 4.0
bulk,noun,bˈʌlk,C1,octanove,CC BY-SA 4.0
bulk up,verb,bˈʌlk ˈʌp,C1,octanove,CC BY-SA 4.0
bulky,adjective,bˈʌlki,C1,octanove,CC BY-SA 4.0
bureaucratic,adjective,bjˌʊɹəkɹˈætɪk,C1,octanove,CC BY-SA 4.0
bureaucratically,adverb,,C1,octanove,CC BY-SA 4.0
burst,noun,bˈɝst,C1,octanove,CC BY-SA 4.0
buzzer,noun,bˈʌzɚ,C1,octanove,CC BY-SA 4.0
bypass,verb,bˈaɪpˌæs,C1,octanove,CC BY-SA 4.0
calf,noun,kˈæf,C1,octanove,CC BY-SA 4.0
calorie,noun,kˈælɚi,C1,octanove,CC BY-SA 4.0
campaign,verb,kæmpˈeɪn,C1,octanove,CC BY-SA 4.0
candid,adjective,kˈændəd,C1,octanove,CC BY-SA 4.0
candidly,adverb,kˈændɪdli,C1,octanove,CC BY-SA 4.0
canoe,noun,kənˈu,C1,octanove,CC BY-SA 4.0
carpenter,noun,kˈɑɹpəntɚ,C1,octanove,CC BY-SA 4.0
carpentry,noun,kˈɑɹpəntɹi,C1,octanove,CC BY-SA 4.0
carrier,noun,kˈæɹiɚ,C1,octanove,CC BY-SA 4.0
cast,noun,kˈæst,C1,octanove,CC BY-SA 4.0
cast,verb,kˈæst,C1,octanove,CC BY-SA 4.0
cavity,noun,kˈævəti,C1,octanove,CC BY-SA 4.0
ceaseless,adjective,sˈislɪs,C1,octanove,CC BY-SA 4.0
ceaselessly,adverb,sˈizləsli,C1,octanove,CC BY-SA 4.0
cessation,noun,sˌɛsˈeɪʃən,C1,octanove,CC BY-SA 4.0
chaotically,adverb,,C1,octanove,CC BY-SA 4.0
characterization,noun,kˌɛɹəktɚɪzˈeɪʃən,C1,octanove,CC BY-SA 4.0
chart,verb,tʃˈɑɹt,C1,octanove,CC BY-SA 4.0
charter,noun,tʃˈɑɹtɚ,C1,octanove,CC BY-SA 4.0
charter,verb,tʃˈɑɹtɚ,C1,octanove,CC BY-SA 4.0
chauffer,noun,,C1,octanove,CC BY-SA 4.0
chauffer,verb,,C1,octanove,CC BY-SA 4.0
chill,noun,tʃˈɪl,C1,octanove,CC BY-SA 4.0
chill,verb,tʃˈɪl,C1,octanove,CC BY-SA 4.0
chilly,adjective,tʃˈɪli,C1,octanove,CC BY-SA 4.0
chisel,verb,tʃˈɪzəl,C1,octanove,CC BY-SA 4.0
chiselled,adjective,,C1,octanove,CC BY-SA 4.0
churn,verb,tʃˈɝn,C1,octanove,CC BY-SA 4.0
circulate,verb,sˈɝkjəlˌeɪt,C1,octanove,CC BY-SA 4.0
circulation,noun,sˈɝkjəlˌeɪʃən,C1,octanove,CC BY-SA 4.0
citation,noun,saɪtˈeɪʃən,C1,octanove,CC BY-SA 4.0
cite,verb,sˈaɪt,C1,octanove,CC BY-SA 4.0
clammy,adjective,klˈæmi,C1,octanove,CC BY-SA 4.0
clan,noun,klˈæn,C1,octanove,CC BY-SA 4.0
class,verb,klˈæs,C1,octanove,CC BY-SA 4.0
classy,adjective,klˈæsi,C1,octanove,CC BY-SA 4.0
claustrophobia,noun,klˌɔstɹəfˈoʊbiə,C1,octanove,CC BY-SA 4.0
claustrophobic,adjective,klˌɔstɹəfˈoʊbɪk,C1,octanove,CC BY-SA 4.0
cleanly,adverb,klˈinli,C1,octanove,CC BY-SA 4.0
clench,verb,klˈɛntʃ,C1,octanove,CC BY-SA 4.0
cleverness,noun,klˈɛvɚnəs,C1,octanove,CC BY-SA 4.0
climactic,adjective,klaɪmˈæktɪk,C1,octanove,CC BY-SA 4.0
climax,noun,klˈaɪmˌæks,C1,octanove,CC BY-SA 4.0
clinical,adjective,klˈɪnəkəl,C1,octanove,CC BY-SA 4.0
cloak,noun,klˈoʊk,C1,octanove,CC BY-SA 4.0
closeness,noun,klˈoʊsnɪs,C1,octanove,CC BY-SA 4.0
clutch,noun,klˈʌtʃ,C1,octanove,CC BY-SA 4.0
clutch,verb,klˈʌtʃ,C1,octanove,CC BY-SA 4.0
clutter,noun,klˈʌtɚ,C1,octanove,CC BY-SA 4.0
clutter,verb,klˈʌtɚ,C1,octanove,CC BY-SA 4.0
collaborate,verb,kəlˈæbɚˌeɪt,C1,octanove,CC BY-SA 4.0
collaboration,noun,kəlˌæbɚˈeɪʃən,C1,octanove,CC BY-SA 4.0
collaborative,adjective,kəlˈæbɚˌeɪtɪv,C1,octanove,CC BY-SA 4.0
collaborator,noun,kəlˈæbɚˌeɪtɚ,C1,octanove,CC BY-SA 4.0
commend,verb,kəmˈɛnd,C1,octanove,CC BY-SA 4.0
commendation,noun,kˌɑməndˈeɪʃən,C1,octanove,CC BY-SA 4.0
commercially,adverb,kəmˈɝʃəli,C1,octanove,CC BY-SA 4.0
commission,noun,kəmˈɪʃən,C1,octanove,CC BY-SA 4.0
commission,verb,kəmˈɪʃən,C1,octanove,CC BY-SA 4.0
compel,verb,kəmpˈɛl,C1,octanove,CC BY-SA 4.0
complementary,adjective,kˌɑmpləmˈɛntɹi,C1,octanove,CC BY-SA 4.0
complexity,noun,kəmplˈɛksəti,C1,octanove,CC BY-SA 4.0
compliance,noun,kəmplˈaɪəns,C1,octanove,CC BY-SA 4.0
compliant,adjective,kəmplˈaɪənt,C1,octanove,CC BY-SA 4.0
compliantly,adverb,,C1,octanove,CC BY-SA 4.0
complimentary,adjective,kˌɑmpləmˈɛntɚi,C1,octanove,CC BY-SA 4.0
comply,verb,kəmplˈaɪ,C1,octanove,CC BY-SA 4.0
comprise,verb,kəmpɹˈaɪz,C1,octanove,CC BY-SA 4.0
compromised,adjective,kˈɑmpɹəmˌaɪzd,C1,octanove,CC BY-SA 4.0
compulsion,noun,kəmpˈʌlʃən,C1,octanove,CC BY-SA 4.0
con,noun,kˈɑn,C1,octanove,CC BY-SA 4.0
con,verb,kˈɑn,C1,octanove,CC BY-SA 4.0
conceivable,adjective,kənsˈivəbəl,C1,octanove,CC BY-SA 4.0
conceive,verb,kənsˈiv,C1,octanove,CC BY-SA 4.0
concerto,noun,kəntʃˈɛɹtoʊ,C1,octanove,CC BY-SA 4.0
concur,verb,kənkˈɝ,C1,octanove,CC BY-SA 4.0
condition,verb,kəndˈɪʃən,C1,octanove,CC BY-SA 4.0
conditional,adjective,kəndˈɪʃənəl,C1,octanove,CC BY-SA 4.0
conditionally,adverb,kəndˈɪʃənəli,C1,octanove,CC BY-SA 4.0
confide,verb,kənfˈaɪd,C1,octanove,CC BY-SA 4.0
confinement,noun,kənfˈaɪnmənt,C1,octanove,CC BY-SA 4.0
conform,verb,kənfˈɔɹm,C1,octanove,CC BY-SA 4.0
conformity,noun,kənfˈɔɹməti,C1,octanove,CC BY-SA 4.0
congregate,verb,kˈɑŋgɹəgˌeɪt,C1,octanove,CC BY-SA 4.0
conjure,verb,kˈɑndʒɚ,C1,octanove,CC BY-SA 4.0
connoisseur,noun,kˌɑnəsˈɝ,C1,octanove,CC BY-SA 4.0
conscientious,adjective,kˌɑnʃiˈɛnʃəs,C1,octanove,CC BY-SA 4.0
conscientiously,adverb,kˌɑntʃiˈɛntʃəsli,C1,octanove,CC BY-SA 4.0
conservatory,noun,kənsˈɝvətɔɹi,C1,octanove,CC BY-SA 4.0
conserve,verb,kənsˈɝv,C1,octanove,CC BY-SA 4.0
constraint,noun,kənstɹˈeɪnt,C1,octanove,CC BY-SA 4.0
consultancy,noun,kənsˈʌltənsi,C1,octanove,CC BY-SA 4.0
consultation,noun,kˌɑnsəltˈeɪʃən,C1,octanove,CC BY-SA 4.0
contest,verb,kˈɑntɛst,C1,octanove,CC BY-SA 4.0
contested,adjective,kəntˈɛstəd,C1,octanove,CC BY-SA 4.0
contextual,adjective,kˌɑntˈɛkstʃˌuəl,C1,octanove,CC BY-SA 4.0
contextually,adverb,,C1,octanove,CC BY-SA 4.0
continuity,noun,kˌɑntənˈuəti,C1,octanove,CC BY-SA 4.0
contract,verb,kˈɑntɹˌækt,C1,octanove,CC BY-SA 4.0
contractor,noun,kˈɑntɹˌæktɚ,C1,octanove,CC BY-SA 4.0
convict,noun,kˈɑnvɪkt,C1,octanove,CC BY-SA 4.0
convict,verb,kˈɑnvɪkt,C1,octanove,CC BY-SA 4.0
conviction,noun,kənvˈɪkʃən,C1,octanove,CC BY-SA 4.0
convoluted,adjective,kˈɑnvəlˌutəd,C1,octanove,CC BY-SA 4.0
corps,noun,kˈɔɹ,C1,octanove,CC BY-SA 4.0
cost-effective,adjective,,C1,octanove,CC BY-SA 4.0
coupled,adjective,kˈʌpəld,C1,octanove,CC BY-SA 4.0
coverage,noun,kˈʌvɚədʒ,C1,octanove,CC BY-SA 4.0
craft,verb,kɹˈæft,C1,octanove,CC BY-SA 4.0
crave,verb,kɹˈeɪv,C1,octanove,CC BY-SA 4.0
craving,noun,kɹˈeɪvɪŋ,C1,octanove,CC BY-SA 4.0
creamy,adjective,kɹˈimi,C1,octanove,CC BY-SA 4.0
credential,noun,kɹɪdˈɛnʃəl,C1,octanove,CC BY-SA 4.0
credibility,noun,kɹˌɛdəbˈɪlɪti,C1,octanove,CC BY-SA 4.0
credible,adjective,kɹˈɛdəbəl,C1,octanove,CC BY-SA 4.0
credibly,adverb,kɹˈɛdəbli,C1,octanove,CC BY-SA 4.0
criteria,noun,kɹaɪtˈɪɹiə,C1,octanove,CC BY-SA 4.0
crude,adjective,kɹˈud,C1,octanove,CC BY-SA 4.0
crudely,adverb,kɹˈudli,C1,octanove,CC BY-SA 4.0
crumb,noun,kɹˈʌm,C1,octanove,CC BY-SA 4.0
crumble,verb,kɹˈʌmbəl,C1,octanove,CC BY-SA 4.0
customary,adjective,kˈʌstəmˌɛɹi,C1,octanove,CC BY-SA 4.0
cynic,noun,sˈɪnɪk,C1,octanove,CC BY-SA 4.0
cynical,adjective,sˈɪnɪkəl,C1,octanove,CC BY-SA 4.0
cynically,adverb,sˈɪnɪkəli,C1,octanove,CC BY-SA 4.0
cynicism,noun,sˈɪnɪsˌɪzəm,C1,octanove,CC BY-SA 4.0
damply,adverb,,C1,octanove,CC BY-SA 4.0
darkroom,noun,dˈɑɹkɹˌum,C1,octanove,CC BY-SA 4.0
daunt,verb,dˈɔnt,C1,octanove,CC BY-SA 4.0
daunting,adjective,dˈɔntɪŋ,C1,octanove,CC BY-SA 4.0
daydream,noun,dˈeɪdɹˌim,C1,octanove,CC BY-SA 4.0
daydream,verb,dˈeɪdɹˌim,C1,octanove,CC BY-SA 4.0
debut,noun,deɪbjˈu,C1,octanove,CC BY-SA 4.0
debut,verb,deɪbjˈu,C1,octanove,CC BY-SA 4.0
deceit,noun,dəsˈit,C1,octanove,CC BY-SA 4.0
degradation,noun,dˌɛgɹədˈeɪʃən,C1,octanove,CC BY-SA 4.0
degrade,verb,dɪgɹˈeɪd,C1,octanove,CC BY-SA 4.0
degrading,adjective,dɪgɹˈeɪdɪŋ,C1,octanove,CC BY-SA 4.0
demise,noun,dɪmˈaɪz,C1,octanove,CC BY-SA 4.0
demo,noun,dˈɛmoʊ,C1,octanove,CC BY-SA 4.0
demographic,adjective,dˌɛməgɹˈæfɪk,C1,octanove,CC BY-SA 4.0
demographic,noun,dˌɛməgɹˈæfɪk,C1,octanove,CC BY-SA 4.0
demographically,adverb,dˌɛməgɹˈæfɪkli,C1,octanove,CC BY-SA 4.0
demography,noun,dɪmˈɑgɹəfi,C1,octanove,CC BY-SA 4.0
demolition,noun,dˌɛməlˈɪʃən,C1,octanove,CC BY-SA 4.0
dependent,noun,dɪpˈɛndənt,C1,octanove,CC BY-SA 4.0
depict,verb,dɪpˈɪkt,C1,octanove,CC BY-SA 4.0
depiction,noun,dɪpˈɪkʃən,C1,octanove,CC BY-SA 4.0
deprivation,noun,dˌɛpɹəvˈeɪʃən,C1,octanove,CC BY-SA 4.0
descent,noun,dɪsˈɛnt,C1,octanove,CC BY-SA 4.0
desert,verb,dˈɛzɚt,C1,octanove,CC BY-SA 4.0
desertion,noun,dɪzˈɝʃən,C1,octanove,CC BY-SA 4.0
detest,verb,dɪtˈɛst,C1,octanove,CC BY-SA 4.0
detestable,adjective,,C1,octanove,CC BY-SA 4.0
detriment,noun,dˈɛtɹəmənt,C1,octanove,CC BY-SA 4.0
detrimental,adjective,dˌɛtɹəmˈɛntəl,C1,octanove,CC BY-SA 4.0
detrimentally,adverb,,C1,octanove,CC BY-SA 4.0
detritus,noun,dɪtɹˈaɪtəs,C1,octanove,CC BY-SA 4.0
devotee,noun,dˌɛvətˈi,C1,octanove,CC BY-SA 4.0
digitalization,noun,,C1,octanove,CC BY-SA 4.0
digitalize,verb,,C1,octanove,CC BY-SA 4.0
discard,verb,dɪskˈɑɹd,C1,octanove,CC BY-SA 4.0
discourse,noun,dˈɪskɔɹs,C1,octanove,CC BY-SA 4.0
disdain,noun,dɪsdˈeɪn,C1,octanove,CC BY-SA 4.0
disillusionment,noun,dˌɪsɪlˈuʒənmənt,C1,octanove,CC BY-SA 4.0
dislodge,verb,dɪslˈɑdʒ,C1,octanove,CC BY-SA 4.0
dismal,adjective,dˈɪzməl,C1,octanove,CC BY-SA 4.0
dismally,adverb,dˈɪzməli,C1,octanove,CC BY-SA 4.0
dismay,noun,dɪsmˈeɪ,C1,octanove,CC BY-SA 4.0
dismay,verb,dɪsmˈeɪ,C1,octanove,CC BY-SA 4.0
dispensable,adjective,dɪspˈɛnsəbəl,C1,octanove,CC BY-SA 4.0
dispensary,noun,dɪspˈɛnsɚi,C1,octanove,CC BY-SA 4.0
dispense,verb,dɪspˈɛns,C1,octanove,CC BY-SA 4.0
disquieting,adjective,dɪskwˈaɪətɪŋ,C1,octanove,CC BY-SA 4.0
dissect,verb,daɪsˈɛkt,C1,octanove,CC BY-SA 4.0
dissection,noun,daɪsˈɛkʃən,C1,octanove,CC BY-SA 4.0
dither,verb,dˈɪðɚ,C1,octanove,CC BY-SA 4.0
diverge,verb,dɪvˈɝdʒ,C1,octanove,CC BY-SA 4.0
divergence,noun,daɪvˈɝdʒəns,C1,octanove,CC BY-SA 4.0
divergent,adjective,daɪvˈɝdʒənt,C1,octanove,CC BY-SA 4.0
diversity,noun,dɪvˈɝsɪti,C1,octanove,CC BY-SA 4.0
docile,adjective,dˈɑsəl,C1,octanove,CC BY-SA 4.0
docilely,adverb,,C1,octanove,CC BY-SA 4.0
domestically,adverb,dəmˈɛstɪkli,C1,octanove,CC BY-SA 4.0
domesticate,verb,dəmˈɛstəkˌeɪt,C1,octanove,CC BY-SA 4.0
domestication,noun,dəmˌɛstəkˈeɪʃən,C1,octanove,CC BY-SA 4.0
dominant,adjective,dˈɑmənənt,C1,octanove,CC BY-SA 4.0
dominantly,adverb,,C1,octanove,CC BY-SA 4.0
domination,noun,dˌɑmənˈeɪʃən,C1,octanove,CC BY-SA 4.0
dramatist,noun,dɹˈɑmətɪst,C1,octanove,CC BY-SA 4.0
drawback,noun,dɹˈɔbˌæk,C1,octanove,CC BY-SA 4.0
drill,noun,dɹˈɪl,C1,octanove,CC BY-SA 4.0
drill,verb,dɹˈɪl,C1,octanove,CC BY-SA 4.0
drive,noun,dɹˈaɪv,C1,octanove,CC BY-SA 4.0
drive,verb,dɹˈaɪv,C1,octanove,CC BY-SA 4.0
durable,adjective,dˈʊɹəbəl,C1,octanove,CC BY-SA 4.0
durable,noun,dˈʊɹəbəl,C1,octanove,CC BY-SA 4.0
duration,noun,dˈʊɹˈeɪʃən,C1,octanove,CC BY-SA 4.0
dutiful,adjective,dˈutifəl,C1,octanove,CC BY-SA 4.0
dutifully,adverb,dˈutifəli,C1,octanove,CC BY-SA 4.0
dynamically,adverb,daɪnˈæmɪklˌi,C1,octanove,CC BY-SA 4.0
eccentric,adjective,ɪksˈɛntɹɪk,C1,octanove,CC BY-SA 4.0
eccentric,noun,ɪksˈɛntɹɪk,C1,octanove,CC BY-SA 4.0
eccentrically,adverb,,C1,octanove,CC BY-SA 4.0
eclectic,adjective,ɪklˈɛktɪk,C1,octanove,CC BY-SA 4.0
eclectic,noun,ɪklˈɛktɪk,C1,octanove,CC BY-SA 4.0
eclectically,adverb,,C1,octanove,CC BY-SA 4.0
ecstasy,noun,ˈɛkstəsi,C1,octanove,CC BY-SA 4.0
ecstatic,adjective,ɛkstˈætɪk,C1,octanove,CC BY-SA 4.0
ecstatically,adverb,ɛkstˈætɪkli,C1,octanove,CC BY-SA 4.0
effortless,adjective,ˈɛfɚtləs,C1,octanove,CC BY-SA 4.0
ego,noun,ˈigoʊ,C1,octanove,CC BY-SA 4.0
elaborate,adjective,ɪlˈæbɹət,C1,octanove,CC BY-SA 4.0
elaborate,verb,ɪlˈæbɹət,C1,octanove,CC BY-SA 4.0
elaboration,noun,ɪlˌæbɚˈeɪʃən,C1,octanove,CC BY-SA 4.0
elastic,adjective,ɪlˈæstɪk,C1,octanove,CC BY-SA 4.0
elastic,noun,ɪlˈæstɪk,C1,octanove,CC BY-SA 4.0
elevate,verb,ˈɛləvˌeɪt,C1,octanove,CC BY-SA 4.0
elevation,noun,ˌɛləvˈeɪʃən,C1,octanove,CC BY-SA 4.0
elitist,noun,eɪlˈitɪst,C1,octanove,CC BY-SA 4.0
elongate,verb,ɪlˈɔŋgeɪt,C1,octanove,CC BY-SA 4.0
elude,verb,ɪlˈud,C1,octanove,CC BY-SA 4.0
elusive,adjective,ɪlˈusɪv,C1,octanove,CC BY-SA 4.0
embark,verb,ɛmbˈɑɹk,C1,octanove,CC BY-SA 4.0
endorsement,noun,ɛndˈɔɹsmənt,C1,octanove,CC BY-SA 4.0
engineer,verb,ˈɛndʒənˈɪɹ,C1,octanove,CC BY-SA 4.0
engross,verb,ɪngɹˈoʊs,C1,octanove,CC BY-SA 4.0
engrossing,adjective,ɪngɹˈoʊsɪŋ,C1,octanove,CC BY-SA 4.0
enormously,adverb,ɪnˈɔɹməsli,C1,octanove,CC BY-SA 4.0
enterprising,adjective,ˈɛntɚpɹˌaɪzɪŋ,C1,octanove,CC BY-SA 4.0
enviable,adverb,ˈɛnviəbəl,C1,octanove,CC BY-SA 4.0
envisage,verb,ɛnvˈɪzɪdʒ,C1,octanove,CC BY-SA 4.0
estimation,noun,ˌɛstəmˈeɪʃən,C1,octanove,CC BY-SA 4.0
ethical,adjective,ˈɛθɪkəl,C1,octanove,CC BY-SA 4.0
ethically,adverb,ˈɛθɪkəli,C1,octanove,CC BY-SA 4.0
evoke,verb,ɪvˈoʊk,C1,octanove,CC BY-SA 4.0
ewe,noun,jˈu,C1,octanove,CC BY-SA 4.0
exert,verb,ɪgzˈɝt,C1,octanove,CC BY-SA 4.0
exhaust,verb,ɪgzˈɔst,C1,octanove,CC BY-SA 4.0
exhibitionist,noun,ˌɛksəbˈɪʃənɪst,C1,octanove,CC BY-SA 4.0
exhilarate,verb,ɪgzˈɪlɚˌeɪt,C1,octanove,CC BY-SA 4.0
exhilarating,adjective,ɪgzˈɪlɚˌeɪtɪŋ,C1,octanove,CC BY-SA 4.0
exhilaration,noun,ɪgzˌɪlɚˈeɪʃən,C1,octanove,CC BY-SA 4.0
exodus,noun,ˈɛksədəs,C1,octanove,CC BY-SA 4.0
exotic,adjective,ɪgzˈɑtɪk,C1,octanove,CC BY-SA 4.0
exotically,adverb,,C1,octanove,CC BY-SA 4.0
expedite,verb,ˈɛkspɪdˌaɪt,C1,octanove,CC BY-SA 4.0
expedition,noun,ˌɛkspədˈɪʃən,C1,octanove,CC BY-SA 4.0
expire,verb,ɪkspˈaɪɹ,C1,octanove,CC BY-SA 4.0
explanatory,adjective,ɪksplˈænətˌɔɹi,C1,octanove,CC BY-SA 4.0
exploit,verb,ˈɛksplˌɔɪt,C1,octanove,CC BY-SA 4.0
exploitation,noun,ˌɛksplˌɔɪtˈeɪʃən,C1,octanove,CC BY-SA 4.0
explosively,adverb,ˌɛksplˈoʊsɪvli,C1,octanove,CC BY-SA 4.0
exterior,noun,ɪkstˈɪɹiɚ,C1,octanove,CC BY-SA 4.0
extortion,noun,ɛkstˈɔɹʃən,C1,octanove,CC BY-SA 4.0
extravagance,noun,ɛkstɹˈævəgəns,C1,octanove,CC BY-SA 4.0
exuberance,noun,ɪgzˈubɚəns,C1,octanove,CC BY-SA 4.0
exuberant,adjective,ɪgzˈubɚənt,C1,octanove,CC BY-SA 4.0
exuberantly,adverb,,C1,octanove,CC BY-SA 4.0
fabulously,adverb,fˈæbjuləsli,C1,octanove,CC BY-SA 4.0
facial,adjective,fˈeɪʃəl,C1,octanove,CC BY-SA 4.0
facial,noun,fˈeɪʃəl,C1,octanove,CC BY-SA 4.0
facilitation,noun,fəsˌɪlətˈeɪʃən,C1,octanove,CC BY-SA 4.0
faction,noun,fˈækʃən,C1,octanove,CC BY-SA 4.0
fanatic,adjective,fənˈætɪk,C1,octanove,CC BY-SA 4.0
fanatic,noun,fənˈætɪk,C1,octanove,CC BY-SA 4.0
fanatically,adverb,fənˈætɪkəli,C1,octanove,CC BY-SA 4.0
fanciful,adjective,fˈænsɪfəl,C1,octanove,CC BY-SA 4.0
farce,noun,fˈɑɹs,C1,octanove,CC BY-SA 4.0
fatality,noun,fətˈælɪti,C1,octanove,CC BY-SA 4.0
fatigue,noun,fətˈig,C1,octanove,CC BY-SA 4.0
favorably,adverb,fˈeɪvɚəbli,C1,octanove,CC BY-SA 4.0
ferocious,adjective,fɚˈoʊʃəs,C1,octanove,CC BY-SA 4.0
ferociously,adverb,fɚˈoʊʃɪsli,C1,octanove,CC BY-SA 4.0
fiddle,noun,fˈɪdəl,C1,octanove,CC BY-SA 4.0
fiddle,verb,fˈɪdəl,C1,octanove,CC BY-SA 4.0
fiddler,noun,fˈɪdəlɚ,C1,octanove,CC BY-SA 4.0
fiddly,adjective,,C1,octanove,CC BY-SA 4.0
fiend,noun,fˈind,C1,octanove,CC BY-SA 4.0
fiendish,adjective,fˈindɪʃ,C1,octanove,CC BY-SA 4.0
fiendishly,adverb,,C1,octanove,CC BY-SA 4.0
fiercely,adverb,fˈɪɹsli,C1,octanove,CC BY-SA 4.0
firewall,noun,fˈaɪɹwɑl,C1,octanove,CC BY-SA 4.0
firm,verb,fˈɝm,C1,octanove,CC BY-SA 4.0
fissure,noun,fˈɪʃɚ,C1,octanove,CC BY-SA 4.0
fit,adjective,fˈɪt,C1,octanove,CC BY-SA 4.0
fixture,noun,fˈɪkstʃɚ,C1,octanove,CC BY-SA 4.0
flashback,noun,flˈæʃbˌæk,C1,octanove,CC BY-SA 4.0
flask,noun,flˈæsk,C1,octanove,CC BY-SA 4.0
flatter,verb,flˈætɚ,C1,octanove,CC BY-SA 4.0
flattery,noun,flˈætɚi,C1,octanove,CC BY-SA 4.0
flick,verb,flˈɪk,C1,octanove,CC BY-SA 4.0
flicker,noun,flˈɪkɚ,C1,octanove,CC BY-SA 4.0
flourish,noun,flˈɝɪʃ,C1,octanove,CC BY-SA 4.0
flourish,verb,flˈɝɪʃ,C1,octanove,CC BY-SA 4.0
folktale,noun,fˈoʊktˌeɪl,C1,octanove,CC BY-SA 4.0
forensic,adjective,fɚˈɛnsɪk,C1,octanove,CC BY-SA 4.0
forfeit,verb,fˈɔɹfɪt,C1,octanove,CC BY-SA 4.0
formality,noun,fɔɹmˈæləti,C1,octanove,CC BY-SA 4.0
formulate,verb,fˈɔɹmjəlˌeɪt,C1,octanove,CC BY-SA 4.0
fossil,noun,fˈɑsəl,C1,octanove,CC BY-SA 4.0
fraction,noun,fɹˈækʃən,C1,octanove,CC BY-SA 4.0
fragmentation,noun,fɹˌægməntˈeɪʃən,C1,octanove,CC BY-SA 4.0
frost,verb,fɹˈɔst,C1,octanove,CC BY-SA 4.0
frostily,adverb,,C1,octanove,CC BY-SA 4.0
frosty,adjective,fɹˈɔsti,C1,octanove,CC BY-SA 4.0
fuse,verb,fjˈuz,C1,octanove,CC BY-SA 4.0
fusion,noun,fjˈuʒən,C1,octanove,CC BY-SA 4.0
gadget,noun,gˈædʒət,C1,octanove,CC BY-SA 4.0
gamely,adverb,gˈeɪmli,C1,octanove,CC BY-SA 4.0
gape,verb,gˈeɪp,C1,octanove,CC BY-SA 4.0
gem,noun,dʒˈɛm,C1,octanove,CC BY-SA 4.0
genome,noun,dʒˈinˌoʊm,C1,octanove,CC BY-SA 4.0
geological,adjective,dʒˌiəlˈɑdʒɪkəl,C1,octanove,CC BY-SA 4.0
geologically,adverb,,C1,octanove,CC BY-SA 4.0
ghostly,adjective,gˈoʊstli,C1,octanove,CC BY-SA 4.0
gig,noun,gˈɪg,C1,octanove,CC BY-SA 4.0
glean,verb,glˈin,C1,octanove,CC BY-SA 4.0
glum,adjective,glˈʌm,C1,octanove,CC BY-SA 4.0
glumly,adverb,glˈʌmli,C1,octanove,CC BY-SA 4.0
gnaw,verb,nˈɔ,C1,octanove,CC BY-SA 4.0
goose,noun,gˈus,C1,octanove,CC BY-SA 4.0
gourmet,adjective,gˈʊɹmˌeɪ,C1,octanove,CC BY-SA 4.0
gourmet,noun,gˈʊɹmˌeɪ,C1,octanove,CC BY-SA 4.0
graft,verb,gɹˈæft,C1,octanove,CC BY-SA 4.0
grapefruit,noun,gɹˈeɪpfɹˌut,C1,octanove,CC BY-SA 4.0
ground,verb,gɹˈaʊnd,C1,octanove,CC BY-SA 4.0
grounds,noun,gɹˈaʊndz,C1,octanove,CC BY-SA 4.0
gruelling,adjective,,C1,octanove,CC BY-SA 4.0
gruesome,adjective,gɹˈusəm,C1,octanove,CC BY-SA 4.0
gruesomely,adverb,,C1,octanove,CC BY-SA 4.0
grumble,verb,gɹˈʌmbəl,C1,octanove,CC BY-SA 4.0
gush,noun,gˈʌʃ,C1,octanove,CC BY-SA 4.0
gush,verb,gˈʌʃ,C1,octanove,CC BY-SA 4.0
gushing,adjective,gˈʌʃɪŋ,C1,octanove,CC BY-SA 4.0
gushingly,adverb,,C1,octanove,CC BY-SA 4.0
gusto,noun,gˈʌstˌoʊ,C1,octanove,CC BY-SA 4.0
gutsy,adjective,gˈʌtsˈi,C1,octanove,CC BY-SA 4.0
gypsy,noun,dʒˈɪpsi,C1,octanove,CC BY-SA 4.0
hack,noun,hˈæk,C1,octanove,CC BY-SA 4.0
hack,verb,hˈæk,C1,octanove,CC BY-SA 4.0
haggle,verb,hˈægəl,C1,octanove,CC BY-SA 4.0
hanging,noun,hˈæŋɪŋ,C1,octanove,CC BY-SA 4.0
harass,verb,hɚˈæs,C1,octanove,CC BY-SA 4.0
harassment,noun,hɚˈæsmənt,C1,octanove,CC BY-SA 4.0
harbor,verb,hˈɑɹbɚ,C1,octanove,CC BY-SA 4.0
harvest,verb,hˈɑɹvəst,C1,octanove,CC BY-SA 4.0
headstrong,adjective,hˈɛdstɹˌɔŋ,C1,octanove,CC BY-SA 4.0
hedgehog,noun,hˈɛdʒhˌɑg,C1,octanove,CC BY-SA 4.0
heifer,noun,hˈaɪfɚ,C1,octanove,CC BY-SA 4.0
heighten,verb,hˈaɪtən,C1,octanove,CC BY-SA 4.0
hence,adverb,hˈɛns,C1,octanove,CC BY-SA 4.0
heroine,noun,hˈɛɹoʊən,C1,octanove,CC BY-SA 4.0
hibernate,verb,hˈaɪbɚnˌeɪt,C1,octanove,CC BY-SA 4.0
hibernation,noun,hˌaɪbɚnˈeɪʃən,C1,octanove,CC BY-SA 4.0
homely,adjective,hˈoʊmli,C1,octanove,CC BY-SA 4.0
honk,noun,hˈɑŋk,C1,octanove,CC BY-SA 4.0
honk,verb,hˈɑŋk,C1,octanove,CC BY-SA 4.0
hostess,noun,hˈoʊstəs,C1,octanove,CC BY-SA 4.0
hostile,adjective,hˈɑstəl,C1,octanove,CC BY-SA 4.0
hostility,noun,hɑstˈɪləti,C1,octanove,CC BY-SA 4.0
house,verb,hˈaʊs,C1,octanove,CC BY-SA 4.0
humble,adjective,hˈʌmbəl,C1,octanove,CC BY-SA 4.0
humble,verb,hˈʌmbəl,C1,octanove,CC BY-SA 4.0
hypocrisy,noun,hɪpˈɑkɹəsi,C1,octanove,CC BY-SA 4.0
hypocrite,noun,hˈɪpəkɹˌɪt,C1,octanove,CC BY-SA 4.0
hypocritical,adjective,hˌɪpəkɹˈɪtɪkəl,C1,octanove,CC BY-SA 4.0
hypocritically,adverb,,C1,octanove,CC BY-SA 4.0
immense,adjective,ˌɪmˈɛns,C1,octanove,CC BY-SA 4.0
immensely,adverb,ˌɪmˈɛnsli,C1,octanove,CC BY-SA 4.0
immortalize,verb,ˌɪmˈɔɹtəlaɪz,C1,octanove,CC BY-SA 4.0
imp,noun,ˈɪmp,C1,octanove,CC BY-SA 4.0
impede,verb,ˌɪmpˈid,C1,octanove,CC BY-SA 4.0
impediment,noun,ˌɪmpˈɛdəmənt,C1,octanove,CC BY-SA 4.0
imperative,adjective,ˌɪmpˈɛɹətɪv,C1,octanove,CC BY-SA 4.0
imperative,noun,ˌɪmpˈɛɹətɪv,C1,octanove,CC BY-SA 4.0
impersonal,adjective,ˌɪmpˈɝsənəl,C1,octanove,CC BY-SA 4.0
impersonally,adverb,,C1,octanove,CC BY-SA 4.0
impersonate,verb,ˌɪmpˈɝsənˌeɪt,C1,octanove,CC BY-SA 4.0
impersonation,noun,ˌɪmpɚsənˈeɪʃən,C1,octanove,CC BY-SA 4.0
impersonator,noun,ˌɪmpˈɝsəneɪtɚ,C1,octanove,CC BY-SA 4.0
impervious,adjective,ˌɪmpˈɝviəs,C1,octanove,CC BY-SA 4.0
impish,adjective,ˈɪmpɪʃ,C1,octanove,CC BY-SA 4.0
impishly,adverb,,C1,octanove,CC BY-SA 4.0
implicate,verb,ˈɪmplɪkˌeɪt,C1,octanove,CC BY-SA 4.0
impoverished,adjective,ˌɪmpˈɑvɹɪʃt,C1,octanove,CC BY-SA 4.0
incision,noun,ˌɪnsˈɪʒən,C1,octanove,CC BY-SA 4.0
incisor,noun,ˌɪnsˈaɪzɚ,C1,octanove,CC BY-SA 4.0
inclusion,noun,ˌɪnklˈuʒən,C1,octanove,CC BY-SA 4.0
inclusive,adjective,ˌɪnklˈusɪv,C1,octanove,CC BY-SA 4.0
inclusively,adverb,,C1,octanove,CC BY-SA 4.0
indefinite,adjective,ˌɪndˈɛfənət,C1,octanove,CC BY-SA 4.0
indefinitely,adverb,ˌɪndˈɛfənətli,C1,octanove,CC BY-SA 4.0
indispensable,adjective,ˌɪndɪspˈɛnsəbəl,C1,octanove,CC BY-SA 4.0
individuality,noun,ˌɪndˌɪvɪdʒuˈælɪti,C1,octanove,CC BY-SA 4.0
induct,verb,ˌɪndˈʌkt,C1,octanove,CC BY-SA 4.0
induction,noun,ˌɪndˈʌkʃən,C1,octanove,CC BY-SA 4.0
inexcusable,adjective,ˌɪnɪkskjˈuzəbəl,C1,octanove,CC BY-SA 4.0
inexcusably,adverb,ˌɪnɪkskjˈuzəbli,C1,octanove,CC BY-SA 4.0
inexhaustible,adjective,ˌɪnɪgzˈɔstəbəl,C1,octanove,CC BY-SA 4.0
inexplicable,adjective,ˌɪnəksplˈɪsəbəl,C1,octanove,CC BY-SA 4.0
inexplicably,adverb,ˌɪnɪksplˈɪkəbli,C1,octanove,CC BY-SA 4.0
ingenious,adjective,ˌɪndʒˈinjəs,C1,octanove,CC BY-SA 4.0
ingenuity,noun,ˌɪndʒənˈuətˌi,C1,octanove,CC BY-SA 4.0
inherent,adjective,ɪnhˈɪɹənt,C1,octanove,CC BY-SA 4.0
inherently,adverb,ɪnhˈɪɹəntli,C1,octanove,CC BY-SA 4.0
inheritance,noun,ˌɪnhˈɛɹətəns,C1,octanove,CC BY-SA 4.0
injustice,noun,ˌɪndʒˈʌstɪs,C1,octanove,CC BY-SA 4.0
innovate,verb,ˈɪnəvˌeɪt,C1,octanove,CC BY-SA 4.0
innovation,noun,ˌɪnəvˈeɪʃən,C1,octanove,CC BY-SA 4.0
innovative,adjective,ˈɪnəvˌeɪtɪv,C1,octanove,CC BY-SA 4.0
insecure,adjective,ˈɪnsəkjɚ,C1,octanove,CC BY-SA 4.0
insecurely,adverb,,C1,octanove,CC BY-SA 4.0
insensitive,adjective,ˌɪnsˈɛnsətɪv,C1,octanove,CC BY-SA 4.0
insensitively,adverb,,C1,octanove,CC BY-SA 4.0
insightful,adjective,ˈɪnsˌaɪtfəl,C1,octanove,CC BY-SA 4.0
insightfully,adverb,,C1,octanove,CC BY-SA 4.0
instinctive,adjective,ˌɪnstˈɪŋktɪv,C1,octanove,CC BY-SA 4.0
instinctively,adverb,ˌɪnstˈɪŋktɪvlˌi,C1,octanove,CC BY-SA 4.0
institute,verb,ˈɪnstətˌut,C1,octanove,CC BY-SA 4.0
insubordinate,adjective,ˌɪnsəbˈɔɹdənˌeɪt,C1,octanove,CC BY-SA 4.0
insubordinately,adverb,,C1,octanove,CC BY-SA 4.0
insubordination,noun,ˌɪnsəbˌɔɹdənˈeɪʃən,C1,octanove,CC BY-SA 4.0
integral,adjective,ˈɪntəgɹəl,C1,octanove,CC BY-SA 4.0
intellect,noun,ˈɪntəlˌɛkt,C1,octanove,CC BY-SA 4.0
interject,verb,ˌɪntɚdʒˈɛkt,C1,octanove,CC BY-SA 4.0
interjection,noun,ˌɪntɚdʒˈɛkʃən,C1,octanove,CC BY-SA 4.0
intuit,verb,ˌɪntˈuət,C1,octanove,CC BY-SA 4.0
intuition,noun,ˌɪntuˈɪʃən,C1,octanove,CC BY-SA 4.0
intuitive,adjective,ˌɪntˈuətɪv,C1,octanove,CC BY-SA 4.0
intuitively,adverb,ˌɪntˈuɪtɪvli,C1,octanove,CC BY-SA 4.0
invoice,noun,ˈɪnvɔɪs,C1,octanove,CC BY-SA 4.0
irate,adjective,aɪɹˈeɪt,C1,octanove,CC BY-SA 4.0
irately,adverb,,C1,octanove,CC BY-SA 4.0
irony,noun,ˈaɪɹəni,C1,octanove,CC BY-SA 4.0
isolate,verb,ˈaɪsəlˌeɪt,C1,octanove,CC BY-SA 4.0
isolated,adjective,ˈaɪsəlˌeɪtəd,C1,octanove,CC BY-SA 4.0
itinerary,noun,aɪtˈɪnɚˌɛɹi,C1,octanove,CC BY-SA 4.0
jersey,adjective,dʒˈɝzi,C1,octanove,CC BY-SA 4.0
jersey,noun,dʒˈɝzi,C1,octanove,CC BY-SA 4.0
jog,verb,dʒˈɑg,C1,octanove,CC BY-SA 4.0
jurisdiction,noun,dʒˌʊɹəsdˈɪkʃən,C1,octanove,CC BY-SA 4.0
justly,adverb,dʒˈʌstli,C1,octanove,CC BY-SA 4.0
juvenile,adjective,dʒˈuvənəl,C1,octanove,CC BY-SA 4.0
juvenile,noun,dʒˈuvənəl,C1,octanove,CC BY-SA 4.0
knowledgeable,adjective,nˈɑlədʒəbəl,C1,octanove,CC BY-SA 4.0
lackluster,adjective,lˈæklˌʌstɚ,C1,octanove,CC BY-SA 4.0
landscape,verb,lˈændskˌeɪp,C1,octanove,CC BY-SA 4.0
lap,noun,lˈæp,C1,octanove,CC BY-SA 4.0
lapse,noun,lˈæps,C1,octanove,CC BY-SA 4.0
lapse,verb,lˈæps,C1,octanove,CC BY-SA 4.0
latent,adjective,lˈeɪtənt,C1,octanove,CC BY-SA 4.0
launch,noun,lˈɔntʃ,C1,octanove,CC BY-SA 4.0
lavatory,noun,lˈævətˌɔɹi,C1,octanove,CC BY-SA 4.0
legacy,noun,lˈɛgəsi,C1,octanove,CC BY-SA 4.0
lethargic,adjective,ləθˈɑɹdʒɪk,C1,octanove,CC BY-SA 4.0
lethargically,adverb,,C1,octanove,CC BY-SA 4.0
lethargy,noun,lˈɛθɚdʒi,C1,octanove,CC BY-SA 4.0
liaison,noun,liˈeɪzˌɑn,C1,octanove,CC BY-SA 4.0
likelihood,noun,lˈaɪklihˌʊd,C1,octanove,CC BY-SA 4.0
limitless,adjective,lˈɪmətləs,C1,octanove,CC BY-SA 4.0
linear,adjective,lˈɪniɚ,C1,octanove,CC BY-SA 4.0
linearly,adverb,lˈɪniɚli,C1,octanove,CC BY-SA 4.0
lodge,verb,lˈɑdʒ,C1,octanove,CC BY-SA 4.0
loom,verb,lˈum,C1,octanove,CC BY-SA 4.0
ludicrous,adjective,lˈudəkɹəs,C1,octanove,CC BY-SA 4.0
ludicrously,adverb,lˈudəkɹəsli,C1,octanove,CC BY-SA 4.0
lust,noun,lˈʌst,C1,octanove,CC BY-SA 4.0
macabre,adjective,məkˈɑbɹə,C1,octanove,CC BY-SA 4.0
magnetic,adjective,mægnˈɛtɪk,C1,octanove,CC BY-SA 4.0
magnetically,adverb,mægnˈɛtɪkəli,C1,octanove,CC BY-SA 4.0
magnetism,noun,mˈægnətˌɪzəm,C1,octanove,CC BY-SA 4.0
malfunction,verb,mælfˈʌŋkʃən,C1,octanove,CC BY-SA 4.0
man,verb,mˈæn,C1,octanove,CC BY-SA 4.0
maneuver,noun,mənˈuvɚ,C1,octanove,CC BY-SA 4.0
maneuver,verb,mənˈuvɚ,C1,octanove,CC BY-SA 4.0
manicure,noun,mˈænɪkjɚ,C1,octanove,CC BY-SA 4.0
manicure,verb,mˈænɪkjɚ,C1,octanove,CC BY-SA 4.0
manipulation,noun,mənˌɪpjəlˈeɪʃən,C1,octanove,CC BY-SA 4.0
marginal,adjective,mˈɑɹdʒənəl,C1,octanove,CC BY-SA 4.0
marginally,adverb,mˈɑɹdʒənəli,C1,octanove,CC BY-SA 4.0
mark-up,noun,,C1,octanove,CC BY-SA 4.0
marvel,verb,mˈɑɹvəl,C1,octanove,CC BY-SA 4.0
maternal,adjective,mətˈɝnəl,C1,octanove,CC BY-SA 4.0
maternalistic,adjective,,C1,octanove,CC BY-SA 4.0
meaningless,adjective,mˈinɪŋləs,C1,octanove,CC BY-SA 4.0
meaninglessly,adverb,,C1,octanove,CC BY-SA 4.0
mechanism,noun,mˈɛkənˌɪzəm,C1,octanove,CC BY-SA 4.0
methodical,adjective,məθˈɑdəkəl,C1,octanove,CC BY-SA 4.0
midwife,noun,mˈɪdwˌaɪf,C1,octanove,CC BY-SA 4.0
mingle,verb,mˈɪŋgəl,C1,octanove,CC BY-SA 4.0
minutiae,noun,mɪnˈuʃiə,C1,octanove,CC BY-SA 4.0
misplace,verb,mɪsplˈeɪs,C1,octanove,CC BY-SA 4.0
monotonous,adjective,mənˈɑtənəs,C1,octanove,CC BY-SA 4.0
monotonously,adverb,,C1,octanove,CC BY-SA 4.0
monotony,noun,mənˈɑtəni,C1,octanove,CC BY-SA 4.0
motley,adjective,mˈɑtli,C1,octanove,CC BY-SA 4.0
mountaineer,noun,mˈaʊntɪnˌɪɹ,C1,octanove,CC BY-SA 4.0
munch,verb,mˈʌntʃ,C1,octanove,CC BY-SA 4.0
muscular,adjective,mˈʌskjəlɚ,C1,octanove,CC BY-SA 4.0
mutually,adverb,mjˈutʃuəli,C1,octanove,CC BY-SA 4.0
mythological,adjective,mˌɪθəlˈɑdʒɪkəl,C1,octanove,CC BY-SA 4.0
mythology,noun,məθˈɑlədʒˌi,C1,octanove,CC BY-SA 4.0
naive,adjective,nˌaɪˈiv,C1,octanove,CC BY-SA 4.0
naively,adverb,nɑˈivli,C1,octanove,CC BY-SA 4.0
naivety,noun,,C1,octanove,CC BY-SA 4.0
naturalness,noun,,C1,octanove,CC BY-SA 4.0
nature,noun,nˈeɪtʃɚ,C1,octanove,CC BY-SA 4.0
neglectful,adjective,nɪglˈɛktfəl,C1,octanove,CC BY-SA 4.0
negligent,adjective,nˈɛglədʒənt,C1,octanove,CC BY-SA 4.0
negligently,adverb,nˈɛglɪdʒəntli,C1,octanove,CC BY-SA 4.0
negligible,adjective,nˈɛglədʒəbəl,C1,octanove,CC BY-SA 4.0
neutralization,noun,nˌutɹələzˈeɪʃən,C1,octanove,CC BY-SA 4.0
neutralize,verb,nˈutɹəlˌaɪz,C1,octanove,CC BY-SA 4.0
niche,noun,nˈɪtʃ,C1,octanove,CC BY-SA 4.0
nocturnal,adjective,nɑktˈɝnəl,C1,octanove,CC BY-SA 4.0
nondescript,adjective,nˈɑndɪskɹˈɪpt,C1,octanove,CC BY-SA 4.0
norms,noun,nˈɔɹmz,C1,octanove,CC BY-SA 4.0
notable,adjective,nˈoʊtəbəl,C1,octanove,CC BY-SA 4.0
notwithstanding,preposition,nˌɑtwɪθstˈændɪŋ,C1,octanove,CC BY-SA 4.0
numb,adjective,nˈʌm,C1,octanove,CC BY-SA 4.0
numb,verb,nˈʌm,C1,octanove,CC BY-SA 4.0
oblige,verb,əblˈaɪdʒ,C1,octanove,CC BY-SA 4.0
obscure,adjective,əbskjˈʊɹ,C1,octanove,CC BY-SA 4.0
obscure,verb,əbskjˈʊɹ,C1,octanove,CC BY-SA 4.0
obscurely,adverb,,C1,octanove,CC BY-SA 4.0
occupant,noun,ˈɑkjəpənt,C1,octanove,CC BY-SA 4.0
occupational,adjective,ɑkjəpˈeɪʃənəl,C1,octanove,CC BY-SA 4.0
oddity,noun,ˈɑdəti,C1,octanove,CC BY-SA 4.0
offspring,noun,ˈɔfspɹˌɪŋ,C1,octanove,CC BY-SA 4.0
orchard,noun,ˈɔɹtʃɚd,C1,octanove,CC BY-SA 4.0
ordinarily,adverb,ˌɔɹdənˈɛɹəli,C1,octanove,CC BY-SA 4.0
organizational,adjective,ˌɔɹgənəzˈeɪʃənəl,C1,octanove,CC BY-SA 4.0
ornamental,adjective,ˌɔɹnəmˈɛntəl,C1,octanove,CC BY-SA 4.0
orphan,verb,ˈɔɹfən,C1,octanove,CC BY-SA 4.0
otter,noun,ˈɑtɚ,C1,octanove,CC BY-SA 4.0
outset,noun,ˈaʊtsˌɛt,C1,octanove,CC BY-SA 4.0
overalls,noun,ˈoʊvɚˌɔlz,C1,octanove,CC BY-SA 4.0
overdraft,noun,ˈoʊvɚdɹˌæft,C1,octanove,CC BY-SA 4.0
overdraft,verb,ˈoʊvɚdɹˌæft,C1,octanove,CC BY-SA 4.0
oversee,verb,ˈoʊvɚsˌi,C1,octanove,CC BY-SA 4.0
overseer,noun,ˈoʊvɚsˈiɚ,C1,octanove,CC BY-SA 4.0
pace,verb,pˈeɪs,C1,octanove,CC BY-SA 4.0
paddle,verb,pˈædəl,C1,octanove,CC BY-SA 4.0
panorama,noun,pˌænɚˈæmə,C1,octanove,CC BY-SA 4.0
panoramic,adjective,pˌænɚˈæmɪk,C1,octanove,CC BY-SA 4.0
parasite,noun,pˈɛɹəsˌaɪt,C1,octanove,CC BY-SA 4.0
paternal,adjective,pətˈɝnəl,C1,octanove,CC BY-SA 4.0
paternalistic,adjective,pətˌɝnəlˈɪstɪk,C1,octanove,CC BY-SA 4.0
pathos,noun,pˈeɪθɑs,C1,octanove,CC BY-SA 4.0
paywall,noun,,C1,octanove,CC BY-SA 4.0
peacock,noun,pˈikˌɑk,C1,octanove,CC BY-SA 4.0
peasant,noun,pˈɛzənt,C1,octanove,CC BY-SA 4.0
pedicure,noun,pˈɛdɪkjɚ,C1,octanove,CC BY-SA 4.0
pendulous,adjective,pˈɛndʒələs,C1,octanove,CC BY-SA 4.0
pendulum,noun,pˈɛndʒələm,C1,octanove,CC BY-SA 4.0
peninsula,noun,pənˈɪnsələ,C1,octanove,CC BY-SA 4.0
perceptive,adjective,pɚsˈɛptɪv,C1,octanove,CC BY-SA 4.0
perceptively,adverb,,C1,octanove,CC BY-SA 4.0
perfect,verb,pɚfˈɛkt,C1,octanove,CC BY-SA 4.0
perpetuate,verb,pɚpˈɛtʃəwˌeɪt,C1,octanove,CC BY-SA 4.0
persecute,verb,pˈɝsəkjˌut,C1,octanove,CC BY-SA 4.0
persecution,noun,pˌɝsəkjˈuʃən,C1,octanove,CC BY-SA 4.0
personalization,noun,pˌɝsənələzˈeɪʃən,C1,octanove,CC BY-SA 4.0
personalize,verb,pˈɝsənəlˌaɪz,C1,octanove,CC BY-SA 4.0
personification,noun,pɚsˌɑnəfəkˈeɪʃən,C1,octanove,CC BY-SA 4.0
persuasively,adverb,pɚswˈeɪsɪvli,C1,octanove,CC BY-SA 4.0
pertain to,verb,pɚtˈeɪn tˈu,C1,octanove,CC BY-SA 4.0
pertinent,adjective,pˈɝtɪnɪnt,C1,octanove,CC BY-SA 4.0
phenomenal,adjective,fənˈɑmənəl,C1,octanove,CC BY-SA 4.0
phenomenally,adverb,fənˈɑmənəli,C1,octanove,CC BY-SA 4.0
physicality,noun,,C1,octanove,CC BY-SA 4.0
physique,noun,fəzˈik,C1,octanove,CC BY-SA 4.0
pigeon,noun,pˈɪdʒən,C1,octanove,CC BY-SA 4.0
pinnacle,noun,pˈɪnəkəl,C1,octanove,CC BY-SA 4.0
pioneer,noun,pˌaɪənˈɪɹ,C1,octanove,CC BY-SA 4.0
pioneer,verb,pˌaɪənˈɪɹ,C1,octanove,CC BY-SA 4.0
placid,adjective,plˈæsəd,C1,octanove,CC BY-SA 4.0
placidly,adverb,plˈæsɪdli,C1,octanove,CC BY-SA 4.0
plague,verb,plˈeɪg,C1,octanove,CC BY-SA 4.0
plaque,noun,plˈæk,C1,octanove,CC BY-SA 4.0
plaster,noun,plˈæstɚ,C1,octanove,CC BY-SA 4.0
plaster,verb,plˈæstɚ,C1,octanove,CC BY-SA 4.0
plausibility,noun,plˌɔzɪbˈɪlɪti,C1,octanove,CC BY-SA 4.0
plausible,adjective,plˈɔzəbəl,C1,octanove,CC BY-SA 4.0
plausibly,adverb,plˈɔzəbli,C1,octanove,CC BY-SA 4.0
pleasurable,adjective,plˈɛʒɚəbəl,C1,octanove,CC BY-SA 4.0
ploy,noun,plˈɔɪ,C1,octanove,CC BY-SA 4.0
plumbing,noun,plˈʌmɪŋ,C1,octanove,CC BY-SA 4.0
plummet,verb,plˈʌmət,C1,octanove,CC BY-SA 4.0
plunge,noun,plˈʌndʒ,C1,octanove,CC BY-SA 4.0
plunge,verb,plˈʌndʒ,C1,octanove,CC BY-SA 4.0
poetess,noun,,C1,octanove,CC BY-SA 4.0
poise,noun,pˈɔɪz,C1,octanove,CC BY-SA 4.0
popularization,noun,pˌɑpjəlɚəzˈeɪʃən,C1,octanove,CC BY-SA 4.0
portable,adjective,pˈɔɹtəbəl,C1,octanove,CC BY-SA 4.0
portable,noun,pˈɔɹtəbəl,C1,octanove,CC BY-SA 4.0
portray,verb,pɔɹtɹˈeɪ,C1,octanove,CC BY-SA 4.0
portrayal,noun,pɔɹtɹˈeɪəl,C1,octanove,CC BY-SA 4.0
pose,verb,pˈoʊz,C1,octanove,CC BY-SA 4.0
possessor,noun,pəzˈɛsɚ,C1,octanove,CC BY-SA 4.0
posture,noun,pˈɑstʃɚ,C1,octanove,CC BY-SA 4.0
pounce,verb,pˈaʊns,C1,octanove,CC BY-SA 4.0
preach,verb,pɹˈitʃ,C1,octanove,CC BY-SA 4.0
preacher,noun,pɹˈitʃɚ,C1,octanove,CC BY-SA 4.0
precision,noun,pɹisˈɪʒən,C1,octanove,CC BY-SA 4.0
predecessor,noun,pɹˈɛdəsˌɛsɚ,C1,octanove,CC BY-SA 4.0
premier,adjective,pɹɛmˈɪɹ,C1,octanove,CC BY-SA 4.0
premier,noun,pɹɛmˈɪɹ,C1,octanove,CC BY-SA 4.0
premise,noun,pɹˈɛmɪs,C1,octanove,CC BY-SA 4.0
premises,noun,pɹˈɛməsəz,C1,octanove,CC BY-SA 4.0
primitively,adverb,,C1,octanove,CC BY-SA 4.0
principally,adverb,pɹˈɪnsɪpli,C1,octanove,CC BY-SA 4.0
privileged,adjective,pɹˈɪvlədʒd,C1,octanove,CC BY-SA 4.0
profess,verb,pɹəfˈɛs,C1,octanove,CC BY-SA 4.0
professionalism,noun,pɹəfˈɛʃənəlˌɪzəm,C1,octanove,CC BY-SA 4.0
profound,adjective,pɹoʊfˈaʊnd,C1,octanove,CC BY-SA 4.0
profoundly,adverb,pɹoʊfˈaʊndli,C1,octanove,CC BY-SA 4.0
prohibitive,adjective,pɹoʊhˈɪbətɪv,C1,octanove,CC BY-SA 4.0
prohibitively,adverb,pɹoʊhˈɪbətɪvli,C1,octanove,CC BY-SA 4.0
proliferate,verb,pɹoʊlˈɪfɚˌeɪt,C1,octanove,CC BY-SA 4.0
prolific,adjective,pɹoʊlˈɪfɪk,C1,octanove,CC BY-SA 4.0
prolifically,adverb,pɹoʊlˈɪfɪkli,C1,octanove,CC BY-SA 4.0
prop,noun,pɹˈɑp,C1,octanove,CC BY-SA 4.0
prop,verb,pɹˈɑp,C1,octanove,CC BY-SA 4.0
prophet,noun,pɹˈɑfət,C1,octanove,CC BY-SA 4.0
prophetic,adjective,pɹəfˈɛtɪk,C1,octanove,CC BY-SA 4.0
prospective,adjective,pɹəspˈɛktɪv,C1,octanove,CC BY-SA 4.0
protagonist,noun,pɹoʊtˈægənəst,C1,octanove,CC BY-SA 4.0
provisions,noun,pɹəvˈɪʒənz,C1,octanove,CC BY-SA 4.0
provocative,adjective,pɹoʊvˈɑkətɪv,C1,octanove,CC BY-SA 4.0
provocatively,adverb,pɹoʊvˈɑkətɪvli,C1,octanove,CC BY-SA 4.0
provoke,verb,pɹəvˈoʊk,C1,octanove,CC BY-SA 4.0
prowl,verb,pɹˈaʊl,C1,octanove,CC BY-SA 4.0
psyche,noun,sˈaɪki,C1,octanove,CC BY-SA 4.0
psychiatric,adjective,sˌaɪkiˈætɹɪk,C1,octanove,CC BY-SA 4.0
psychiatrist,noun,səkˈaɪətɹəst,C1,octanove,CC BY-SA 4.0
pupil,noun,pjˈupəl,C1,octanove,CC BY-SA 4.0
purity,noun,pjˈʊɹəti,C1,octanove,CC BY-SA 4.0
puzzle,verb,pˈʌzəl,C1,octanove,CC BY-SA 4.0
quarry,noun,kwˈɔɹi,C1,octanove,CC BY-SA 4.0
query,verb,kwˈiɹi,C1,octanove,CC BY-SA 4.0
quest,noun,kwˈɛst,C1,octanove,CC BY-SA 4.0
quip,noun,kwˈɪp,C1,octanove,CC BY-SA 4.0
quip,verb,kwˈɪp,C1,octanove,CC BY-SA 4.0
quirk,noun,kwˈɝk,C1,octanove,CC BY-SA 4.0
quirky,adjective,kwˈɝki,C1,octanove,CC BY-SA 4.0
quirky,noun,kwˈɝki,C1,octanove,CC BY-SA 4.0
radiator,noun,ɹˈeɪdiˌeɪtɚ,C1,octanove,CC BY-SA 4.0
rally,verb,ɹˈæli,C1,octanove,CC BY-SA 4.0
rapport,noun,ɹæpˈɔɹ,C1,octanove,CC BY-SA 4.0
rarity,noun,ɹˈɛɹəti,C1,octanove,CC BY-SA 4.0
raunchily,adverb,,C1,octanove,CC BY-SA 4.0
raunchy,adjective,ɹˈɔntʃi,C1,octanove,CC BY-SA 4.0
readable,adjective,ɹˈidəbəl,C1,octanove,CC BY-SA 4.0
realism,noun,ɹˈiəlɪzəm,C1,octanove,CC BY-SA 4.0
realist,noun,ɹˈiəlɪst,C1,octanove,CC BY-SA 4.0
reap,verb,ɹˈip,C1,octanove,CC BY-SA 4.0
reassurance,noun,ɹˌiəʃˈʊɹəns,C1,octanove,CC BY-SA 4.0
reassure,verb,ɹˌiəʃˈʊɹ,C1,octanove,CC BY-SA 4.0
recall,noun,ɹˈikˌɔl,C1,octanove,CC BY-SA 4.0
recess,noun,ɹɪsˈɛs,C1,octanove,CC BY-SA 4.0
recessive,adjective,ɹəsˈɛsɪv,C1,octanove,CC BY-SA 4.0
recharge,verb,ɹitʃˈɑɹdʒ,C1,octanove,CC BY-SA 4.0
recite,verb,ɹəsˈaɪt,C1,octanove,CC BY-SA 4.0
recognizable,adjective,ɹˌɛkəgnˈaɪzəbəl,C1,octanove,CC BY-SA 4.0
recognizably,adverb,ɹˈɛkəgnˌaɪzəbli,C1,octanove,CC BY-SA 4.0
recollection,noun,ɹˌɛkəlˈɛkʃən,C1,octanove,CC BY-SA 4.0
rediscover,verb,ɹidɪskˈʌvɚ,C1,octanove,CC BY-SA 4.0
reenact,verb,ɹiɪnˈækt,C1,octanove,CC BY-SA 4.0
refresh,verb,ɹɪfɹˈɛʃ,C1,octanove,CC BY-SA 4.0
refreshing,adjective,ɹɪfɹˈɛʃɪŋ,C1,octanove,CC BY-SA 4.0
refreshingly,adverb,ɹifɹˈɛʃɪŋli,C1,octanove,CC BY-SA 4.0
refurbish,verb,ɹifˈɝbɪʃ,C1,octanove,CC BY-SA 4.0
refurbishment,noun,ɹifˈɝbɪʃmənt,C1,octanove,CC BY-SA 4.0
relapse,noun,ɹilˈæps,C1,octanove,CC BY-SA 4.0
relapse,verb,ɹilˈæps,C1,octanove,CC BY-SA 4.0
relinquish,verb,ɹɪlˈɪŋkwɪʃ,C1,octanove,CC BY-SA 4.0
reluctantly,adverb,ɹɪlˈʌktəntli,C1,octanove,CC BY-SA 4.0
remedial,adjective,ɹɪmˈidiəl,C1,octanove,CC BY-SA 4.0
reminisce,verb,ɹˌɛmənˈɪs,C1,octanove,CC BY-SA 4.0
reminiscent,adjective,ɹˌɛmənˈɪsənt,C1,octanove,CC BY-SA 4.0
remorse,noun,ɹɪmˈɔɹs,C1,octanove,CC BY-SA 4.0
remorsefully,adverb,,C1,octanove,CC BY-SA 4.0
remorseless,adjective,ɹɪmˈɔɹsləs,C1,octanove,CC BY-SA 4.0
remorselessly,adverb,,C1,octanove,CC BY-SA 4.0
remotely,adverb,ɹimˈoʊtli,C1,octanove,CC BY-SA 4.0
removed,adjective,ɹimˈuvd,C1,octanove,CC BY-SA 4.0
render,verb,ɹˈɛndɚ,C1,octanove,CC BY-SA 4.0
rendering,noun,ɹˈɛndɚɪŋ,C1,octanove,CC BY-SA 4.0
renown,noun,ɹɪnˈaʊn,C1,octanove,CC BY-SA 4.0
repel,verb,ɹɪpˈɛl,C1,octanove,CC BY-SA 4.0
repellant,adjective,,C1,octanove,CC BY-SA 4.0
repellant,noun,,C1,octanove,CC BY-SA 4.0
repertory,noun,ɹˈɛpɚtˌɔɹi,C1,octanove,CC BY-SA 4.0
repute,verb,ɹipjˈut,C1,octanove,CC BY-SA 4.0
resent,verb,ɹɪzˈɛnt,C1,octanove,CC BY-SA 4.0
resilience,noun,ɹɪzˈɪliəns,C1,octanove,CC BY-SA 4.0
resilient,adjective,ɹɪzˈɪljənt,C1,octanove,CC BY-SA 4.0
resin,noun,ɹˈɛzən,C1,octanove,CC BY-SA 4.0
resonate,verb,ɹˈɛzənˌeɪt,C1,octanove,CC BY-SA 4.0
resort,noun,ɹɪzˈɔɹt,C1,octanove,CC BY-SA 4.0
resort,verb,ɹɪzˈɔɹt,C1,octanove,CC BY-SA 4.0
respite,noun,ɹˈɛspɪt,C1,octanove,CC BY-SA 4.0
restoration,noun,ɹˌɛstɚˈeɪʃən,C1,octanove,CC BY-SA 4.0
restorative,adjective,ɹəstˈɔɹətɪv,C1,octanove,CC BY-SA 4.0
retention,noun,ɹitˈɛnʃən,C1,octanove,CC BY-SA 4.0
retrace,verb,ɹitɹˈeɪs,C1,octanove,CC BY-SA 4.0
revealing,adjective,ɹɪvˈilɪŋ,C1,octanove,CC BY-SA 4.0
revere,verb,ɹɪvˈɪɹ,C1,octanove,CC BY-SA 4.0
rich,adjective,ɹˈɪtʃ,C1,octanove,CC BY-SA 4.0
riveting,adjective,ɹˈɪvətɪŋ,C1,octanove,CC BY-SA 4.0
robust,adjective,ɹoʊbˈʌst,C1,octanove,CC BY-SA 4.0
robustly,adverb,ɹˌoʊbˈʌstli,C1,octanove,CC BY-SA 4.0
rotate,verb,ɹˈoʊtˌeɪt,C1,octanove,CC BY-SA 4.0
roundup,noun,ɹˈaʊndˌʌp,C1,octanove,CC BY-SA 4.0
rudimentary,adjective,ɹˌudəmˈɛntɚi,C1,octanove,CC BY-SA 4.0
rudiments,noun,ɹˈudɪmənts,C1,octanove,CC BY-SA 4.0
rumble,noun,ɹˈʌmbəl,C1,octanove,CC BY-SA 4.0
rumble,verb,ɹˈʌmbəl,C1,octanove,CC BY-SA 4.0
rustle,noun,ɹˈʌsəl,C1,octanove,CC BY-SA 4.0
rustle,verb,ɹˈʌsəl,C1,octanove,CC BY-SA 4.0
ruthless,adjective,ɹˈuθləs,C1,octanove,CC BY-SA 4.0
ruthlessness,noun,ɹˈuθləsnəs,C1,octanove,CC BY-SA 4.0
sacrifice,noun,sˈækɹəfˌaɪs,C1,octanove,CC BY-SA 4.0
sacrifice,verb,sˈækɹəfˌaɪs,C1,octanove,CC BY-SA 4.0
salivate,verb,sˈæləvˌeɪt,C1,octanove,CC BY-SA 4.0
saloon,noun,səlˈun,C1,octanove,CC BY-SA 4.0
salvage,verb,sˈælvədʒ,C1,octanove,CC BY-SA 4.0
salvation,noun,sælvˈeɪʃən,C1,octanove,CC BY-SA 4.0
salve,noun,sˈɑv,C1,octanove,CC BY-SA 4.0
sanctity,noun,sˈæŋktɪti,C1,octanove,CC BY-SA 4.0
sap,noun,sˈæp,C1,octanove,CC BY-SA 4.0
sarcasm,noun,sˈɑɹkˌæzəm,C1,octanove,CC BY-SA 4.0
sarcastic,adjective,sɑɹkˈæstɪk,C1,octanove,CC BY-SA 4.0
sarcastically,adverb,sɑɹkˈæstɪkli,C1,octanove,CC BY-SA 4.0
sauna,noun,sˈɔnə,C1,octanove,CC BY-SA 4.0
scathing,adjective,skˈeɪðɪŋ,C1,octanove,CC BY-SA 4.0
scenario,noun,sɪnˈɛɹioʊ,C1,octanove,CC BY-SA 4.0
scoff,verb,skˈɔf,C1,octanove,CC BY-SA 4.0
scorn,noun,skˈɔɹn,C1,octanove,CC BY-SA 4.0
scornful,adjective,skˈɔɹnfəl,C1,octanove,CC BY-SA 4.0
scornfully,adverb,,C1,octanove,CC BY-SA 4.0
scramble,noun,skɹˈæmbəl,C1,octanove,CC BY-SA 4.0
screenplay,noun,skɹˈinplˌeɪ,C1,octanove,CC BY-SA 4.0
screenwriter,noun,skɹˈinɹˌaɪtɚ,C1,octanove,CC BY-SA 4.0
scrutinize,verb,skɹˈutənˌaɪz,C1,octanove,CC BY-SA 4.0
scrutiny,noun,skɹˈutəni,C1,octanove,CC BY-SA 4.0
sedate,adjective,sɪdˈeɪt,C1,octanove,CC BY-SA 4.0
sedate,verb,sɪdˈeɪt,C1,octanove,CC BY-SA 4.0
sedately,adverb,sɪdˈeɪtli,C1,octanove,CC BY-SA 4.0
sedentary,adjective,sˈɛdəntˌɛɹi,C1,octanove,CC BY-SA 4.0
seedling,noun,sˈidlɪŋ,C1,octanove,CC BY-SA 4.0
self-conscious,adjective,sˌɛlfkˈɑnʃəs,C1,octanove,CC BY-SA 4.0
self-worth,noun,,C1,octanove,CC BY-SA 4.0
sentient,adjective,,C1,octanove,CC BY-SA 4.0
sentiment,noun,sˈɛntəmənt,C1,octanove,CC BY-SA 4.0
sentimental,adjective,sˌɛntəmˈɛntəl,C1,octanove,CC BY-SA 4.0
sentimentally,adverb,,C1,octanove,CC BY-SA 4.0
sequel,noun,sˈikwəl,C1,octanove,CC BY-SA 4.0
settee,noun,,C1,octanove,CC BY-SA 4.0
shambles,noun,ʃˈæmbəlz,C1,octanove,CC BY-SA 4.0
shed,verb,ʃˈɛd,C1,octanove,CC BY-SA 4.0
shortlist,noun,,C1,octanove,CC BY-SA 4.0
shortlist,verb,,C1,octanove,CC BY-SA 4.0
showy,adjective,ʃˈoʊi,C1,octanove,CC BY-SA 4.0
signal,verb,sˈɪgnəl,C1,octanove,CC BY-SA 4.0
silhouette,noun,sˌɪləwˈɛt,C1,octanove,CC BY-SA 4.0
simplicity,noun,sɪmplˈɪsəti,C1,octanove,CC BY-SA 4.0
sketch,noun,skˈɛtʃ,C1,octanove,CC BY-SA 4.0
sketchbook,noun,skˈɛtʃbˌʊk,C1,octanove,CC BY-SA 4.0
slack,adjective,slˈæk,C1,octanove,CC BY-SA 4.0
slack,noun,slˈæk,C1,octanove,CC BY-SA 4.0
slack,verb,slˈæk,C1,octanove,CC BY-SA 4.0
slackly,adverb,,C1,octanove,CC BY-SA 4.0
slob,noun,slˈɑb,C1,octanove,CC BY-SA 4.0
smug,adjective,smˈʌg,C1,octanove,CC BY-SA 4.0
smugly,adverb,smˈʌgli,C1,octanove,CC BY-SA 4.0
snail,noun,snˈeɪl,C1,octanove,CC BY-SA 4.0
snooze,verb,snˈuz,C1,octanove,CC BY-SA 4.0
socialization,noun,sˌoʊʃəlɪzˈeɪʃən,C1,octanove,CC BY-SA 4.0
somber,adjective,sˈɑmbɚ,C1,octanove,CC BY-SA 4.0
somberly,adverb,sˈɑmbɚli,C1,octanove,CC BY-SA 4.0
somersault,noun,sˈʌmɚsˌɔlt,C1,octanove,CC BY-SA 4.0
somersault,verb,sˈʌmɚsˌɔlt,C1,octanove,CC BY-SA 4.0
spacious,adjective,spˈeɪʃəs,C1,octanove,CC BY-SA 4.0
spartan,adjective,spˈɑɹtən,C1,octanove,CC BY-SA 4.0
specification,noun,spˌɛsɪfɪkˈeɪʃən,C1,octanove,CC BY-SA 4.0
specimen,noun,spˈɛsəmən,C1,octanove,CC BY-SA 4.0
speculate,verb,spˈɛkjəlˌeɪt,C1,octanove,CC BY-SA 4.0
speculation,noun,spˌɛkjəlˈeɪʃən,C1,octanove,CC BY-SA 4.0
speculative,adjective,spˈɛkjələtɪv,C1,octanove,CC BY-SA 4.0
splatter,verb,splˈætɚ,C1,octanove,CC BY-SA 4.0
sponsorship,noun,spˈɑnsɚʃˌɪp,C1,octanove,CC BY-SA 4.0
spontaneous,adjective,spɑntˈeɪniəs,C1,octanove,CC BY-SA 4.0
spontaneously,adverb,spɑntˈeɪniəsli,C1,octanove,CC BY-SA 4.0
sprawl,noun,spɹˈɔl,C1,octanove,CC BY-SA 4.0
sprawl,verb,spɹˈɔl,C1,octanove,CC BY-SA 4.0
sprout,noun,spɹˈaʊt,C1,octanove,CC BY-SA 4.0
sprout,verb,spɹˈaʊt,C1,octanove,CC BY-SA 4.0
squander,verb,skwˈɑndɚ,C1,octanove,CC BY-SA 4.0
staccato,adjective,stəkˈɑtˌoʊ,C1,octanove,CC BY-SA 4.0
staccato,adverb,stəkˈɑtˌoʊ,C1,octanove,CC BY-SA 4.0
stagger,verb,stˈægɚ,C1,octanove,CC BY-SA 4.0
staggering,adjective,stˈægɚˌɪŋ,C1,octanove,CC BY-SA 4.0
stamina,noun,stˈæmənə,C1,octanove,CC BY-SA 4.0
staple,noun,stˈeɪpəl,C1,octanove,CC BY-SA 4.0
startling,adjective,stˈɑɹtlɪŋ,C1,octanove,CC BY-SA 4.0
startlingly,adverb,stˈɑɹtlɪŋlˌi,C1,octanove,CC BY-SA 4.0
stately,adjective,stˈeɪtli,C1,octanove,CC BY-SA 4.0
stiffen,verb,stˈɪfən,C1,octanove,CC BY-SA 4.0
stimuli,noun,stˈɪmjəlˌaɪ,C1,octanove,CC BY-SA 4.0
stock,verb,stˈɑk,C1,octanove,CC BY-SA 4.0
stoke,verb,stˈoʊk,C1,octanove,CC BY-SA 4.0
strap,noun,stɹˈæp,C1,octanove,CC BY-SA 4.0
strap,verb,stɹˈæp,C1,octanove,CC BY-SA 4.0
strapping,adjective,stɹˈæpɪŋ,C1,octanove,CC BY-SA 4.0
stray,adjective,stɹˈeɪ,C1,octanove,CC BY-SA 4.0
stray,noun,stɹˈeɪ,C1,octanove,CC BY-SA 4.0
stray,verb,stɹˈeɪ,C1,octanove,CC BY-SA 4.0
stressfully,adverb,,C1,octanove,CC BY-SA 4.0
stretching,noun,stɹˈɛtʃɪŋ,C1,octanove,CC BY-SA 4.0
structural,adjective,stɹˈʌktʃɚəl,C1,octanove,CC BY-SA 4.0
structurally,adverb,stɹˈʌktʃɚəli,C1,octanove,CC BY-SA 4.0
stuffily,adverb,,C1,octanove,CC BY-SA 4.0
stuffiness,noun,,C1,octanove,CC BY-SA 4.0
stuffy,adjective,stˈʌfi,C1,octanove,CC BY-SA 4.0
stylistic,adjective,staɪlˈɪstɪk,C1,octanove,CC BY-SA 4.0
stylistically,adverb,staɪlˈɪstɪkli,C1,octanove,CC BY-SA 4.0
subordinate,noun,səbˈɔɹdənˌeɪt,C1,octanove,CC BY-SA 4.0
substantially,adverb,səbstˈænʃəli,C1,octanove,CC BY-SA 4.0
subtly,adverb,sˈʌtəli,C1,octanove,CC BY-SA 4.0
suburban,adjective,səbˈɝbən,C1,octanove,CC BY-SA 4.0
suburbia,noun,səbˈɝbiə,C1,octanove,CC BY-SA 4.0
succession,noun,səksˈɛʃən,C1,octanove,CC BY-SA 4.0
succulent,adjective,sˈʌkjəlɪnt,C1,octanove,CC BY-SA 4.0
succulent,noun,sˈʌkjəlɪnt,C1,octanove,CC BY-SA 4.0
succulently,adverb,,C1,octanove,CC BY-SA 4.0
suds,noun,sˈʌdz,C1,octanove,CC BY-SA 4.0
suffice,verb,səfˈaɪs,C1,octanove,CC BY-SA 4.0
suitor,noun,sˈutɚ,C1,octanove,CC BY-SA 4.0
superficial,adjective,sˌupɚfˈɪʃəl,C1,octanove,CC BY-SA 4.0
superficially,adverb,sˈupɚfˌɪʃəli,C1,octanove,CC BY-SA 4.0
supple,adjective,sˈʌpəl,C1,octanove,CC BY-SA 4.0
suspension,noun,səspˈɛnʃən,C1,octanove,CC BY-SA 4.0
sustainable,adjective,səstˈeɪnəbəl,C1,octanove,CC BY-SA 4.0
sustainably,adverb,,C1,octanove,CC BY-SA 4.0
swap,noun,swˈɑp,C1,octanove,CC BY-SA 4.0
swap,verb,swˈɑp,C1,octanove,CC BY-SA 4.0
symptomatic,adjective,sˌɪmptəmˈætɪk,C1,octanove,CC BY-SA 4.0
synopsis,noun,sɪnˈɑpsɪs,C1,octanove,CC BY-SA 4.0
synthetic,adjective,sɪnθˈɛtɪk,C1,octanove,CC BY-SA 4.0
synthetically,adverb,sɪnθˈɛtɪkli,C1,octanove,CC BY-SA 4.0
tact,noun,tˈækt,C1,octanove,CC BY-SA 4.0
tactful,adjective,tˈæktfəl,C1,octanove,CC BY-SA 4.0
tactfully,adverb,tˈæktfəli,C1,octanove,CC BY-SA 4.0
tailor,noun,tˈeɪlɚ,C1,octanove,CC BY-SA 4.0
tailor,verb,tˈeɪlɚ,C1,octanove,CC BY-SA 4.0
talkative,adjective,tˈɔkətɪv,C1,octanove,CC BY-SA 4.0
tangle,noun,tˈæŋgəl,C1,octanove,CC BY-SA 4.0
tangle,verb,tˈæŋgəl,C1,octanove,CC BY-SA 4.0
tangled,adjective,tˈæŋgəld,C1,octanove,CC BY-SA 4.0
tantamount,adjective,tˈæntəmˌaʊnt,C1,octanove,CC BY-SA 4.0
tantrum,noun,tˈæntɹəm,C1,octanove,CC BY-SA 4.0
tastebud,noun,,C1,octanove,CC BY-SA 4.0
taut,adjective,tˈɔt,C1,octanove,CC BY-SA 4.0
tautly,adverb,,C1,octanove,CC BY-SA 4.0
tedious,adjective,tˈidiəs,C1,octanove,CC BY-SA 4.0
tediously,adverb,tˈidiəsli,C1,octanove,CC BY-SA 4.0
tedium,noun,tˈidiəm,C1,octanove,CC BY-SA 4.0
telltale,adjective,tˈɛltˌeɪl,C1,octanove,CC BY-SA 4.0
temperament,noun,tˈɛmpɹəmənt,C1,octanove,CC BY-SA 4.0
temperamental,adjective,tˌɛmpɹəmˈɛntəl,C1,octanove,CC BY-SA 4.0
temperamentally,adverb,tˌɛmpɹəmˈɛntəli,C1,octanove,CC BY-SA 4.0
terrain,noun,tɚˈeɪn,C1,octanove,CC BY-SA 4.0
testament,noun,tˈɛstəmənt,C1,octanove,CC BY-SA 4.0
thereby,adverb,ðˈɛɹbˈaɪ,C1,octanove,CC BY-SA 4.0
till,noun,tˈɪl,C1,octanove,CC BY-SA 4.0
timid,adjective,tˈɪmɪd,C1,octanove,CC BY-SA 4.0
tinker,noun,tˈɪŋkɚ,C1,octanove,CC BY-SA 4.0
tinker,verb,tˈɪŋkɚ,C1,octanove,CC BY-SA 4.0
tomb,noun,tˈum,C1,octanove,CC BY-SA 4.0
tone,verb,tˈoʊn,C1,octanove,CC BY-SA 4.0
torment,noun,tˈɔɹmˌɛnt,C1,octanove,CC BY-SA 4.0
torment,verb,tˈɔɹmˌɛnt,C1,octanove,CC BY-SA 4.0
torturous,adjective,tˈɔɹtʃˌuəs,C1,octanove,CC BY-SA 4.0
toughness,noun,tˈʌfnəs,C1,octanove,CC BY-SA 4.0
tract,noun,tɹˈækt,C1,octanove,CC BY-SA 4.0
trampoline,noun,tɹˌæmpəlˈin,C1,octanove,CC BY-SA 4.0
tranquil,adjective,tɹˈæŋkwəl,C1,octanove,CC BY-SA 4.0
tranquility,noun,tɹæŋkwˈɪlɪti,C1,octanove,CC BY-SA 4.0
transatlantic,adjective,tɹˌænzətlˈæntɪk,C1,octanove,CC BY-SA 4.0
transfix,verb,tɹænsfˈɪks,C1,octanove,CC BY-SA 4.0
transit,noun,tɹˈænzɪt,C1,octanove,CC BY-SA 4.0
trauma,noun,tɹˈɔmə,C1,octanove,CC BY-SA 4.0
traumatic,adjective,tɹɔmˈætɪk,C1,octanove,CC BY-SA 4.0
tread,noun,tɹˈɛd,C1,octanove,CC BY-SA 4.0
trying,adjective,tɹˈaɪɪŋ,C1,octanove,CC BY-SA 4.0
tune,verb,tˈun,C1,octanove,CC BY-SA 4.0
turmoil,noun,tˈɝmˌɔɪl,C1,octanove,CC BY-SA 4.0
turn to,verb,tˈɝn tˈu,C1,octanove,CC BY-SA 4.0
twitch,noun,twˈɪtʃ,C1,octanove,CC BY-SA 4.0
twitch,verb,twˈɪtʃ,C1,octanove,CC BY-SA 4.0
tycoon,noun,taɪkˈun,C1,octanove,CC BY-SA 4.0
unassisted,adjective,ˌʌnəsˈɪstɪd,C1,octanove,CC BY-SA 4.0
unconventional,adjective,ˌʌnkənvˈɛnʃənəl,C1,octanove,CC BY-SA 4.0
unconvincing,adjective,ˌʌnkənvˈɪnsɪŋ,C1,octanove,CC BY-SA 4.0
unconvincingly,adverb,,C1,octanove,CC BY-SA 4.0
undaunted,adjective,əndˈɔntɪd,C1,octanove,CC BY-SA 4.0
unenviable,adjective,ənˈɛnvˌiəbəl,C1,octanove,CC BY-SA 4.0
unenviably,adverb,,C1,octanove,CC BY-SA 4.0
uneventful,adjective,ˌʌnivˈɛntfəl,C1,octanove,CC BY-SA 4.0
uniformity,noun,jˌunəfˈɔɹməti,C1,octanove,CC BY-SA 4.0
uninspiring,adjective,ənɪnspˈaɪɹɪŋ,C1,octanove,CC BY-SA 4.0
unison,noun,jˈunəsən,C1,octanove,CC BY-SA 4.0
unmanageable,adjective,ənmˈænɪdʒəbəl,C1,octanove,CC BY-SA 4.0
unmanned,adjective,ənmˈænd,C1,octanove,CC BY-SA 4.0
unmusical,adjective,,C1,octanove,CC BY-SA 4.0
unmusically,adverb,,C1,octanove,CC BY-SA 4.0
unoccupied,adjective,ənˈɑkjəpˌaɪd,C1,octanove,CC BY-SA 4.0
unplug,verb,ənplˈʌg,C1,octanove,CC BY-SA 4.0
unreliably,adverb,,C1,octanove,CC BY-SA 4.0
unscathing,adjective,,C1,octanove,CC BY-SA 4.0
unsettle,verb,ənsˈɛtəl,C1,octanove,CC BY-SA 4.0
unsettling,adjective,ənsˈɛtəlɪŋ,C1,octanove,CC BY-SA 4.0
unsustainable,adjective,ˌʌnsəstˈeɪnəbəl,C1,octanove,CC BY-SA 4.0
unsustainably,adverb,ˌʌnsəstˈeɪnəbli,C1,octanove,CC BY-SA 4.0
untangle,verb,əntˈæŋgəl,C1,octanove,CC BY-SA 4.0
untangled,adjective,,C1,octanove,CC BY-SA 4.0
unwavering,adjective,ənwˈeɪvɚɪŋ,C1,octanove,CC BY-SA 4.0
unwaveringly,adverb,,C1,octanove,CC BY-SA 4.0
upheaval,noun,əphˈivəl,C1,octanove,CC BY-SA 4.0
usher,noun,ˈʌʃɚ,C1,octanove,CC BY-SA 4.0
utensil,noun,jutˈɛnsəl,C1,octanove,CC BY-SA 4.0
vegetation,noun,vˌɛdʒətˈeɪʃən,C1,octanove,CC BY-SA 4.0
venerate,verb,vˈɛnɚˌeɪt,C1,octanove,CC BY-SA 4.0
veneration,noun,vˌɛnɚˈeɪʃən,C1,octanove,CC BY-SA 4.0
ventilate,verb,vˈɛntəlˌeɪt,C1,octanove,CC BY-SA 4.0
ventilation,noun,vˌɛntəlˈeɪʃən,C1,octanove,CC BY-SA 4.0
verandah,noun,,C1,octanove,CC BY-SA 4.0
verdict,noun,vˈɝdɪkt,C1,octanove,CC BY-SA 4.0
versatile,adjective,vˈɝsətəl,C1,octanove,CC BY-SA 4.0
versatility,noun,vˌɝsətˈɪləti,C1,octanove,CC BY-SA 4.0
vertical,adjective,vˈɝtɪkəl,C1,octanove,CC BY-SA 4.0
verve,noun,vˈɝv,C1,octanove,CC BY-SA 4.0
vicious,adjective,vˈɪʃəs,C1,octanove,CC BY-SA 4.0
viciously,adverb,vˈɪʃəsli,C1,octanove,CC BY-SA 4.0
victorious,adjective,vɪktˈɔɹiəs,C1,octanove,CC BY-SA 4.0
victoriously,adverb,,C1,octanove,CC BY-SA 4.0
violet,adjective,vˈaɪəlɪt,C1,octanove,CC BY-SA 4.0
vitality,noun,vaɪtˈæləti,C1,octanove,CC BY-SA 4.0
voice,verb,vˈɔɪs,C1,octanove,CC BY-SA 4.0
voluntarily,adverb,vˌɑləntˈɛɹəli,C1,octanove,CC BY-SA 4.0
voluntary,adjective,vˈɑləntɛɹi,C1,octanove,CC BY-SA 4.0
voracious,adjective,vɔɹˈeɪʃəs,C1,octanove,CC BY-SA 4.0
voraciously,adverb,,C1,octanove,CC BY-SA 4.0
wares,noun,wˈɛɹz,C1,octanove,CC BY-SA 4.0
wary,adjective,wˈɛɹi,C1,octanove,CC BY-SA 4.0
washtub,noun,wˈɑʃtˌʌb,C1,octanove,CC BY-SA 4.0
waterfront,noun,wˈɔtɚfɹˌʌnt,C1,octanove,CC BY-SA 4.0
wayside,noun,wˈeɪsˌaɪd,C1,octanove,CC BY-SA 4.0
whilst,conjunction,wˈaɪlst,C1,octanove,CC BY-SA 4.0
wicked,adjective,wˈɪkəd,C1,octanove,CC BY-SA 4.0
wickedly,adverb,wˈɪkɪdli,C1,octanove,CC BY-SA 4.0
wing,noun,wˈɪŋ,C1,octanove,CC BY-SA 4.0
withdrawal,noun,wɪðdɹˈɔəl,C1,octanove,CC BY-SA 4.0
withdrawn,adjective,wɪθdɹˈɔn,C1,octanove,CC BY-SA 4.0
wizened,adjective,wˈaɪzənd,C1,octanove,CC BY-SA 4.0
woo,verb,wˈu,C1,octanove,CC BY-SA 4.0
wooded,adjective,wˈʊdɪd,C1,octanove,CC BY-SA 4.0
wrangle,verb,ɹˈæŋgəl,C1,octanove,CC BY-SA 4.0
wrench,verb,ɹˈɛntʃ,C1,octanove,CC BY-SA 4.0
wry,adjective,ɹˈaɪ,C1,octanove,CC BY-SA 4.0
wryly,adverb,ɹˈaɪli,C1,octanove,CC BY-SA 4.0
zany,adjective,zˈeɪni,C1,octanove,CC BY-SA 4.0
aberration,noun,ˌæbɚˈeɪʃən,C2,octanove,CC BY-SA 4.0
abhor,verb,æbhˈɔɹ,C2,octanove,CC BY-SA 4.0
abhorrent,adjective,æbhˈɔɹənt,C2,octanove,CC BY-SA 4.0
abhorrently,adverb,,C2,octanove,CC BY-SA 4.0
abject,adjective,ˈæbdʒɛkt,C2,octanove,CC BY-SA 4.0
abolish,verb,əbˈɑlɪʃ,C2,octanove,CC BY-SA 4.0
abundance,noun,əbˈʌndəns,C2,octanove,CC BY-SA 4.0
abundant,adjective,əbˈʌndənt,C2,octanove,CC BY-SA 4.0
abundantly,adverb,əbˈʌndəntli,C2,octanove,CC BY-SA 4.0
accessibility,noun,ˌæksɛsəbˈɪlɪti,C2,octanove,CC BY-SA 4.0
accountability,noun,əkˈaʊntəbˌɪlɪti,C2,octanove,CC BY-SA 4.0
accrue,verb,əkɹˈu,C2,octanove,CC BY-SA 4.0
acreage,noun,ˈeɪkɚɪdʒ,C2,octanove,CC BY-SA 4.0
acrobatic,adjective,ˌækɹəbˈætɪk,C2,octanove,CC BY-SA 4.0
acrobatically,adverb,,C2,octanove,CC BY-SA 4.0
acrobatics,noun,ˌækɹəbˈætɪks,C2,octanove,CC BY-SA 4.0
ad lib,adjective,ˈæd lˈɪb,C2,octanove,CC BY-SA 4.0
ad-lib,verb,ˈædlˈɪb,C2,octanove,CC BY-SA 4.0
additive,adjective,ˈædətɪv,C2,octanove,CC BY-SA 4.0
additive,noun,ˈædətɪv,C2,octanove,CC BY-SA 4.0
adept,adjective,ədˈɛpt,C2,octanove,CC BY-SA 4.0
adept,noun,ədˈɛpt,C2,octanove,CC BY-SA 4.0
adhere,verb,ədhˈɪɹ,C2,octanove,CC BY-SA 4.0
adhesion,noun,ædhˈiʒən,C2,octanove,CC BY-SA 4.0
adorn,verb,ədˈɔɹn,C2,octanove,CC BY-SA 4.0
adornment,noun,ədˈɔɹnmənt,C2,octanove,CC BY-SA 4.0
adulterate,verb,ədˈʌltɚˌeɪt,C2,octanove,CC BY-SA 4.0
advantageous,adjective,ˌædvəntˈeɪdʒəs,C2,octanove,CC BY-SA 4.0
adverse,adjective,ædvˈɝs,C2,octanove,CC BY-SA 4.0
adversely,adverb,ædvˈɝsli,C2,octanove,CC BY-SA 4.0
affectation,noun,ˌæfɛktˈeɪʃən,C2,octanove,CC BY-SA 4.0
agency,noun,ˈeɪdʒənsi,C2,octanove,CC BY-SA 4.0
aghast,adjective,əgˈæst,C2,octanove,CC BY-SA 4.0
agile,adjective,ˈædʒəl,C2,octanove,CC BY-SA 4.0
agility,noun,ədʒˈɪləti,C2,octanove,CC BY-SA 4.0
all-encompassing,adjective,,C2,octanove,CC BY-SA 4.0
allegorical,adjective,ˌæləgˈɔɹəkəl,C2,octanove,CC BY-SA 4.0
allegory,noun,ˈæləgˌɔɹi,C2,octanove,CC BY-SA 4.0
allot,verb,əlˈɑt,C2,octanove,CC BY-SA 4.0
allotment,noun,əlˈɑtmənt,C2,octanove,CC BY-SA 4.0
allude,verb,əlˈud,C2,octanove,CC BY-SA 4.0
allusion,noun,əlˈuʒən,C2,octanove,CC BY-SA 4.0
ally,verb,ˈælaɪ,C2,octanove,CC BY-SA 4.0
amorphous,adjective,əmˈɔɹfəs,C2,octanove,CC BY-SA 4.0
amorphously,adverb,,C2,octanove,CC BY-SA 4.0
anarchic,adjective,ænˈɑɹkɪk,C2,octanove,CC BY-SA 4.0
angst,noun,ˈɑŋkst,C2,octanove,CC BY-SA 4.0
angsty,adjective,,C2,octanove,CC BY-SA 4.0
angular,adjective,ˈæŋgjəlɚ,C2,octanove,CC BY-SA 4.0
angularity,noun,,C2,octanove,CC BY-SA 4.0
annex,noun,ˈænˌɛks,C2,octanove,CC BY-SA 4.0
annex,verb,ˈænˌɛks,C2,octanove,CC BY-SA 4.0
anonymity,noun,ˌænənˈɪmɪti,C2,octanove,CC BY-SA 4.0
antediluvian,adjective,,C2,octanove,CC BY-SA 4.0
anthology,noun,ænθˈɑlədʒi,C2,octanove,CC BY-SA 4.0
anthropological,adjective,ˌænθɹəpəlˈɑdʒəkəl,C2,octanove,CC BY-SA 4.0
anthropologically,adverb,,C2,octanove,CC BY-SA 4.0
anticlimactically,adverb,,C2,octanove,CC BY-SA 4.0
antidote,noun,ˈæntɪdˌoʊt,C2,octanove,CC BY-SA 4.0
antithesis,noun,æntˈɪθəsəs,C2,octanove,CC BY-SA 4.0
antithetical,adjective,ˌæntəθˈɛtɪkəl,C2,octanove,CC BY-SA 4.0
apostle,noun,əpˈɑsəl,C2,octanove,CC BY-SA 4.0
apprehend,verb,ˌæpɹɪhˈɛnd,C2,octanove,CC BY-SA 4.0
apprentice,verb,əpɹˈɛntəs,C2,octanove,CC BY-SA 4.0
aptitude,noun,ˈæptətˌud,C2,octanove,CC BY-SA 4.0
arcane,adjective,ˌɑɹkˈeɪn,C2,octanove,CC BY-SA 4.0
arcanely,adverb,,C2,octanove,CC BY-SA 4.0
archetypal,adjective,ˈɑɹktˈaɪpəl,C2,octanove,CC BY-SA 4.0
archetype,noun,ˈɑɹkɪtˌaɪp,C2,octanove,CC BY-SA 4.0
archival,adjective,ɑɹkˈaɪvəl,C2,octanove,CC BY-SA 4.0
ardor,noun,ˈɑɹdɚ,C2,octanove,CC BY-SA 4.0
arduous,adjective,ˈɑɹdʒuəs,C2,octanove,CC BY-SA 4.0
arduously,adverb,,C2,octanove,CC BY-SA 4.0
armory,noun,ˈɑɹmɚi,C2,octanove,CC BY-SA 4.0
articulate,adjective,ɑɹtˈɪkjəlˌeɪt,C2,octanove,CC BY-SA 4.0
articulation,noun,ˌɑɹtɪkjəlˈeɪʃən,C2,octanove,CC BY-SA 4.0
artifact,noun,ˈɑɹtəfˌækt,C2,octanove,CC BY-SA 4.0
artifice,noun,ˈɑɹtəfɪs,C2,octanove,CC BY-SA 4.0
assimilate,verb,əsˈɪməlˌeɪt,C2,octanove,CC BY-SA 4.0
assimilation,noun,əsˌɪməlˈeɪʃən,C2,octanove,CC BY-SA 4.0
astringent,noun,əstɹˈɪndʒənt,C2,octanove,CC BY-SA 4.0
athleticism,noun,æθlˈɛtɪsˌɪzəm,C2,octanove,CC BY-SA 4.0
attainment,noun,ətˈeɪnmənt,C2,octanove,CC BY-SA 4.0
attributive,adjective,,C2,octanove,CC BY-SA 4.0
attrition,noun,ətɹˈɪʃən,C2,octanove,CC BY-SA 4.0
attuned,adjective,ətˈund,C2,octanove,CC BY-SA 4.0
audit,noun,ˈɔdɪt,C2,octanove,CC BY-SA 4.0
audit,verb,ˈɔdɪt,C2,octanove,CC BY-SA 4.0
austere,adjective,ɔstˈɪɹ,C2,octanove,CC BY-SA 4.0
austerely,adverb,ˌɔstˈɪɹli,C2,octanove,CC BY-SA 4.0
austerity,noun,ˌɔstˈɛɹɪti,C2,octanove,CC BY-SA 4.0
authenticity,noun,ˌɔθəntˈɪsɪti,C2,octanove,CC BY-SA 4.0
automate,verb,ˈɔtəmˌeɪt,C2,octanove,CC BY-SA 4.0
autonomous,adjective,ɔtˈɑnəməs,C2,octanove,CC BY-SA 4.0
autonomously,adverb,ˌɔtˈɑnoʊməsli,C2,octanove,CC BY-SA 4.0
autopilot,noun,ˈɔtoʊpˌaɪlət,C2,octanove,CC BY-SA 4.0
averse,adjective,əvˈɝs,C2,octanove,CC BY-SA 4.0
avian,adjective,ˈeɪviən,C2,octanove,CC BY-SA 4.0
axiom,noun,ˈæksiəm,C2,octanove,CC BY-SA 4.0
axiomatic,adjective,ˌæksiəmˈætɪk,C2,octanove,CC BY-SA 4.0
babble,verb,bˈæbəl,C2,octanove,CC BY-SA 4.0
banish,verb,bˈænɪʃ,C2,octanove,CC BY-SA 4.0
banishment,noun,bˈænɪʃmənt,C2,octanove,CC BY-SA 4.0
barometer,noun,bɚˈɑmɪtɚ,C2,octanove,CC BY-SA 4.0
baroque,adjective,bɚˈoʊk,C2,octanove,CC BY-SA 4.0
bauble,noun,bˈɔbəl,C2,octanove,CC BY-SA 4.0
behest,noun,bɪhˈɛst,C2,octanove,CC BY-SA 4.0
belligerence,noun,bəlˈɪdʒɚəns,C2,octanove,CC BY-SA 4.0
belligerent,adjective,bəlˈɪdʒɚənt,C2,octanove,CC BY-SA 4.0
beneficiary,noun,bˌɛnəfˈɪʃiˌɛɹi,C2,octanove,CC BY-SA 4.0
bereft,adjective,bɚˈɛft,C2,octanove,CC BY-SA 4.0
bereftly,adverb,,C2,octanove,CC BY-SA 4.0
besiege,verb,bɪsˈidʒ,C2,octanove,CC BY-SA 4.0
blandishment,noun,blˈændɪʃmənt,C2,octanove,CC BY-SA 4.0
blight,noun,blˈaɪt,C2,octanove,CC BY-SA 4.0
blight,verb,blˈaɪt,C2,octanove,CC BY-SA 4.0
blitz,noun,blˈɪts,C2,octanove,CC BY-SA 4.0
blitz,verb,blˈɪts,C2,octanove,CC BY-SA 4.0
blubber,noun,blˈʌbɚ,C2,octanove,CC BY-SA 4.0
blubbery,adjective,,C2,octanove,CC BY-SA 4.0
blurb,noun,blˈɝb,C2,octanove,CC BY-SA 4.0
bogus,adjective,bˈoʊgəs,C2,octanove,CC BY-SA 4.0
bona fide,adjective,bˈoʊnə fˈaɪd,C2,octanove,CC BY-SA 4.0
bout,noun,bˈaʊt,C2,octanove,CC BY-SA 4.0
brandish,verb,bɹˈændɪʃ,C2,octanove,CC BY-SA 4.0
breadwinner,noun,bɹˈɛdwˌɪnɚ,C2,octanove,CC BY-SA 4.0
brevity,noun,bɹˈɛvəti,C2,octanove,CC BY-SA 4.0
brief,noun,bɹˈif,C2,octanove,CC BY-SA 4.0
brim,verb,bɹˈɪm,C2,octanove,CC BY-SA 4.0
brimstone,noun,bɹˈɪmstoʊn,C2,octanove,CC BY-SA 4.0
brink,noun,bɹˈɪŋk,C2,octanove,CC BY-SA 4.0
brood,noun,bɹˈud,C2,octanove,CC BY-SA 4.0
brood,verb,bɹˈud,C2,octanove,CC BY-SA 4.0
brouhaha,noun,bɹˈuhɑhˌɑ,C2,octanove,CC BY-SA 4.0
buccaneer,noun,bˌʌkənˈiɹ,C2,octanove,CC BY-SA 4.0
buccaneer,verb,bˌʌkənˈiɹ,C2,octanove,CC BY-SA 4.0
buffoonery,noun,,C2,octanove,CC BY-SA 4.0
burgeoning,adjective,bˈɝdʒənɪŋ,C2,octanove,CC BY-SA 4.0
buzzard,noun,bˈʌzɚd,C2,octanove,CC BY-SA 4.0
caffeinate,verb,kˈæfɪnˌeɪt,C2,octanove,CC BY-SA 4.0
calamitous,adjective,kəlˈæmətəs,C2,octanove,CC BY-SA 4.0
calamitously,adverb,,C2,octanove,CC BY-SA 4.0
calamity,noun,kəlˈæməti,C2,octanove,CC BY-SA 4.0
callous,adjective,kˈæləs,C2,octanove,CC BY-SA 4.0
callously,adverb,kˈæləsli,C2,octanove,CC BY-SA 4.0
calorific,adjective,,C2,octanove,CC BY-SA 4.0
capacious,adjective,kəpˈeɪʃəs,C2,octanove,CC BY-SA 4.0
carbonize,verb,kˈɑɹbənˌaɪz,C2,octanove,CC BY-SA 4.0
cascade,noun,kæskˈeɪd,C2,octanove,CC BY-SA 4.0
cascade,verb,kæskˈeɪd,C2,octanove,CC BY-SA 4.0
catastrophic,adjective,kˌætəstɹˈɑfɪk,C2,octanove,CC BY-SA 4.0
catastrophically,adverb,,C2,octanove,CC BY-SA 4.0
cay,noun,kˈeɪ,C2,octanove,CC BY-SA 4.0
centralized,adjective,sˈɛntɹəlˌaɪzd,C2,octanove,CC BY-SA 4.0
choreographical,adjective,,C2,octanove,CC BY-SA 4.0
choreography,noun,kˌɔɹiˈɑgɹəfi,C2,octanove,CC BY-SA 4.0
chronological,adjective,kɹˌɑnəlˈɑdʒɪkəl,C2,octanove,CC BY-SA 4.0
chronologically,adverb,kɹˌɑnəlˈɑdʒɪkli,C2,octanove,CC BY-SA 4.0
chronology,noun,kɹənˈɑlədʒi,C2,octanove,CC BY-SA 4.0
chrysalis,noun,kɹˈɪsəlɪs,C2,octanove,CC BY-SA 4.0
cinematographer,noun,sˌɪnɪmətˈɑgɹəfɚ,C2,octanove,CC BY-SA 4.0
cinematography,noun,sˌɪnɪmətˈɑgɹəfi,C2,octanove,CC BY-SA 4.0
circuit,noun,sˈɝkət,C2,octanove,CC BY-SA 4.0
circumnavigate,verb,sˌɝkəmnˈævəgˌeɪt,C2,octanove,CC BY-SA 4.0
circumnavigation,noun,,C2,octanove,CC BY-SA 4.0
clinch,verb,klˈɪntʃ,C2,octanove,CC BY-SA 4.0
cloister,noun,klˈɔɪstɚ,C2,octanove,CC BY-SA 4.0
cloistered,adjective,klˈɔɪstɚd,C2,octanove,CC BY-SA 4.0
coax,verb,kˈoʊks,C2,octanove,CC BY-SA 4.0
cocoon,verb,kəkˈun,C2,octanove,CC BY-SA 4.0
cogent,adjective,kˈoʊdʒənt,C2,octanove,CC BY-SA 4.0
cogently,adverb,,C2,octanove,CC BY-SA 4.0
cognitive,adjective,kˈɑgnɪtɪv,C2,octanove,CC BY-SA 4.0
collide,verb,kəlˈaɪd,C2,octanove,CC BY-SA 4.0
collider,noun,kəlˈaɪdɚ,C2,octanove,CC BY-SA 4.0
colloquial,adjective,kəlˈoʊkwiəl,C2,octanove,CC BY-SA 4.0
colloquially,adverb,,C2,octanove,CC BY-SA 4.0
colloquium,noun,kəlˈoʊkwiəm,C2,octanove,CC BY-SA 4.0
combustion,noun,kəmbˈʌstʃən,C2,octanove,CC BY-SA 4.0
commensurate,adjective,kəmˈɛnsɚət,C2,octanove,CC BY-SA 4.0
commensurately,adverb,kəmˈɛnsɚətli,C2,octanove,CC BY-SA 4.0
commission,noun,kəmˈɪʃən,C2,octanove,CC BY-SA 4.0
commission,verb,kəmˈɪʃən,C2,octanove,CC BY-SA 4.0
commode,noun,kəmˈoʊd,C2,octanove,CC BY-SA 4.0
commodity,noun,kəmˈɑdəti,C2,octanove,CC BY-SA 4.0
compellingly,adverb,kəmpˈɛlɪŋli,C2,octanove,CC BY-SA 4.0
computerize,verb,kəmpjˈutɚˌaɪz,C2,octanove,CC BY-SA 4.0
conciliation,noun,kənsˌɪliˈeɪʃən,C2,octanove,CC BY-SA 4.0
conciliatory,adjective,kənsˈɪlˌiətˌɔɹi,C2,octanove,CC BY-SA 4.0
concurrence,noun,kənkˈɝəns,C2,octanove,CC BY-SA 4.0
condensation,noun,kˌɑndənsˈeɪʃən,C2,octanove,CC BY-SA 4.0
condone,verb,kəndˈoʊn,C2,octanove,CC BY-SA 4.0
conduit,noun,kˈɑnduɪt,C2,octanove,CC BY-SA 4.0
confabulate,verb,,C2,octanove,CC BY-SA 4.0
confabulation,noun,kənfˌæbjəlˈeɪʃən,C2,octanove,CC BY-SA 4.0
confection,noun,kənfˈɛkʃən,C2,octanove,CC BY-SA 4.0
confrontational,adjective,kˌɑnfɹəntˈeɪʃənəl,C2,octanove,CC BY-SA 4.0
confrontationally,adverb,,C2,octanove,CC BY-SA 4.0
conglomerate,noun,kənglˈɑmɚət,C2,octanove,CC BY-SA 4.0
conjecture,noun,kəndʒˈɛktʃɚ,C2,octanove,CC BY-SA 4.0
conjecture,verb,kəndʒˈɛktʃɚ,C2,octanove,CC BY-SA 4.0
connotation,noun,kˌɑnətˈeɪʃən,C2,octanove,CC BY-SA 4.0
connote,verb,kənˈoʊt,C2,octanove,CC BY-SA 4.0
consign,verb,kənsˈaɪn,C2,octanove,CC BY-SA 4.0
consignment,noun,kənsˈaɪnmənt,C2,octanove,CC BY-SA 4.0
consternation,noun,kˌɑnstɚnˈeɪʃən,C2,octanove,CC BY-SA 4.0
constrained,adjective,kənstɹˈeɪnd,C2,octanove,CC BY-SA 4.0
contagion,noun,kəntˈeɪdʒən,C2,octanove,CC BY-SA 4.0
contemptuous,adjective,kəntˈɛmptʃuəs,C2,octanove,CC BY-SA 4.0
contemptuously,adverb,kəntˈɛmptʃwəsli,C2,octanove,CC BY-SA 4.0
contextual,adjective,kˌɑntˈɛkstʃˌuəl,C2,octanove,CC BY-SA 4.0
contextually,adverb,,C2,octanove,CC BY-SA 4.0
contractual,adjective,kəntɹˈæktʃuəl,C2,octanove,CC BY-SA 4.0
contractually,adverb,kəntɹˈæktʃuəli,C2,octanove,CC BY-SA 4.0
contraption,noun,kəntɹˈæpʃən,C2,octanove,CC BY-SA 4.0
contrive,verb,kəntɹˈaɪv,C2,octanove,CC BY-SA 4.0
converse,adjective,kˈɑnvɚs,C2,octanove,CC BY-SA 4.0
converse,noun,kˈɑnvɚs,C2,octanove,CC BY-SA 4.0
cordon,verb,kˈɔɹdən,C2,octanove,CC BY-SA 4.0
corpse,noun,kˈɔɹps,C2,octanove,CC BY-SA 4.0
corpus,noun,kˈɔɹpəs,C2,octanove,CC BY-SA 4.0
correlate,noun,kˈɔɹəlˌeɪt,C2,octanove,CC BY-SA 4.0
correlate,verb,kˈɔɹəlˌeɪt,C2,octanove,CC BY-SA 4.0
correlation,noun,kˌɔɹəlˈeɪʃən,C2,octanove,CC BY-SA 4.0
cosmic,adjective,kˈɑzmɪk,C2,octanove,CC BY-SA 4.0
cosset,verb,kˈɑsət,C2,octanove,CC BY-SA 4.0
counsel,noun,kˈaʊnsəl,C2,octanove,CC BY-SA 4.0
counterproductive,adjective,kˈaʊntɚpɹədˌʌktɪv,C2,octanove,CC BY-SA 4.0
counterproductively,adverb,,C2,octanove,CC BY-SA 4.0
crippling,adjective,kɹˈɪpəlɪŋ,C2,octanove,CC BY-SA 4.0
crony,noun,kɹˈoʊni,C2,octanove,CC BY-SA 4.0
crystallization,noun,,C2,octanove,CC BY-SA 4.0
crystallize,verb,kɹˈɪstəlˌaɪz,C2,octanove,CC BY-SA 4.0
cull,verb,kˈʌl,C2,octanove,CC BY-SA 4.0
cultish,adjective,,C2,octanove,CC BY-SA 4.0
curate,verb,kjˈʊɹət,C2,octanove,CC BY-SA 4.0
curator,noun,kjʊɹˈeɪtɚ,C2,octanove,CC BY-SA 4.0
curriculum,noun,kɚˈɪkjələm,C2,octanove,CC BY-SA 4.0
dampen,verb,dˈæmpən,C2,octanove,CC BY-SA 4.0
daunt,verb,dˈɔnt,C2,octanove,CC BY-SA 4.0
daunting,adjective,dˈɔntɪŋ,C2,octanove,CC BY-SA 4.0
deaden,verb,dˈɛdən,C2,octanove,CC BY-SA 4.0
decentralize,verb,dɪsˈɛntɹəlˌaɪz,C2,octanove,CC BY-SA 4.0
declination,noun,,C2,octanove,CC BY-SA 4.0
deficient,adjective,dɪfˈɪʃənt,C2,octanove,CC BY-SA 4.0
deficiently,adverb,,C2,octanove,CC BY-SA 4.0
deficit,noun,dˈɛfəsət,C2,octanove,CC BY-SA 4.0
deliberate,verb,dɪlˈɪbɚət,C2,octanove,CC BY-SA 4.0
delicatessen,noun,dˌɛlɪkətˈɛsən,C2,octanove,CC BY-SA 4.0
demystification,noun,,C2,octanove,CC BY-SA 4.0
demystify,verb,dimˈɪstəfˌaɪ,C2,octanove,CC BY-SA 4.0
denotation,noun,,C2,octanove,CC BY-SA 4.0
denote,verb,dɪnˈoʊt,C2,octanove,CC BY-SA 4.0
denounce,verb,dɪnˈaʊns,C2,octanove,CC BY-SA 4.0
denunciation,noun,dɪnˌʌnsiˈeɪʃən,C2,octanove,CC BY-SA 4.0
depraved,adjective,dipɹˈeɪvd,C2,octanove,CC BY-SA 4.0
depravity,noun,dɪpɹˈævəti,C2,octanove,CC BY-SA 4.0
deprecate,verb,dˈɛpɹəkˌeɪt,C2,octanove,CC BY-SA 4.0
deprecatingly,adverb,,C2,octanove,CC BY-SA 4.0
depressive,adjective,dɪpɹˈɛsɪv,C2,octanove,CC BY-SA 4.0
deprivation,noun,dˌɛpɹəvˈeɪʃən,C2,octanove,CC BY-SA 4.0
derelict,adjective,dˈɛɹəlˌɪkt,C2,octanove,CC BY-SA 4.0
derelict,noun,dˈɛɹəlˌɪkt,C2,octanove,CC BY-SA 4.0
derision,noun,dɚˈɪʒən,C2,octanove,CC BY-SA 4.0
derisive,adjective,dɚˈɪsɪv,C2,octanove,CC BY-SA 4.0
derisively,adverb,dɚˈɪsɪvli,C2,octanove,CC BY-SA 4.0
deterrent,noun,dɪtˈɝɹənt,C2,octanove,CC BY-SA 4.0
detract,verb,dɪtɹˈækt,C2,octanove,CC BY-SA 4.0
deviant,adjective,dˈiviənt,C2,octanove,CC BY-SA 4.0
deviant,noun,dˈiviənt,C2,octanove,CC BY-SA 4.0
deviantly,adverb,,C2,octanove,CC BY-SA 4.0
diffuse,adjective,dɪfjˈus,C2,octanove,CC BY-SA 4.0
diffuse,verb,dɪfjˈus,C2,octanove,CC BY-SA 4.0
diligence,noun,dˈɪlədʒəns,C2,octanove,CC BY-SA 4.0
diligent,adjective,dˈɪlɪdʒənt,C2,octanove,CC BY-SA 4.0
diligently,adverb,dˈɪlədʒəntli,C2,octanove,CC BY-SA 4.0
diminish,verb,dɪmˈɪnɪʃ,C2,octanove,CC BY-SA 4.0
disdainful,adjective,dɪsdˈeɪnfəl,C2,octanove,CC BY-SA 4.0
disparage,verb,dɪspˈɛɹɪdʒ,C2,octanove,CC BY-SA 4.0
disparagement,noun,,C2,octanove,CC BY-SA 4.0
disparaging,adjective,dɪspˈɛɹɪdʒɪŋ,C2,octanove,CC BY-SA 4.0
disparagingly,adverb,dɪspˈɛɹɪdʒɪŋli,C2,octanove,CC BY-SA 4.0
dispersal,noun,dɪspˈɝsəl,C2,octanove,CC BY-SA 4.0
disperse,verb,dɪspˈɝs,C2,octanove,CC BY-SA 4.0
dissemble,verb,dɪsˈɛmbəl,C2,octanove,CC BY-SA 4.0
disseminate,verb,dɪsˈɛmənˌeɪt,C2,octanove,CC BY-SA 4.0
dissemination,noun,dɪsˌɛmənˈeɪʃən,C2,octanove,CC BY-SA 4.0
dissension,noun,dɪsˈɛnʃən,C2,octanove,CC BY-SA 4.0
distill,verb,dɪstˈɪl,C2,octanove,CC BY-SA 4.0
distillation,noun,dˌɪstəlˈeɪʃən,C2,octanove,CC BY-SA 4.0
dive,noun,dˈaɪv,C2,octanove,CC BY-SA 4.0
divination,noun,dˌɪvənˈeɪʃən,C2,octanove,CC BY-SA 4.0
dole out,verb,dˈoʊl ˈaʊt,C2,octanove,CC BY-SA 4.0
domesticity,noun,dˌoʊmˌɛstˈɪsəti,C2,octanove,CC BY-SA 4.0
drabness,noun,,C2,octanove,CC BY-SA 4.0
dribble,noun,dɹˈɪbəl,C2,octanove,CC BY-SA 4.0
dribble,verb,dɹˈɪbəl,C2,octanove,CC BY-SA 4.0
drudgery,noun,dɹˈʌdʒɚi,C2,octanove,CC BY-SA 4.0
dubiously,adverb,dˈubiəslˌi,C2,octanove,CC BY-SA 4.0
dwarf,verb,dwˈɔɹf,C2,octanove,CC BY-SA 4.0
dwarfism,noun,dwˈɔɹfɪzəm,C2,octanove,CC BY-SA 4.0
ebb,verb,ˈɛb,C2,octanove,CC BY-SA 4.0
eccentricity,noun,ˌɛksəntɹˈɪsəti,C2,octanove,CC BY-SA 4.0
echo,noun,ˈɛkoʊ,C2,octanove,CC BY-SA 4.0
echo,verb,ˈɛkoʊ,C2,octanove,CC BY-SA 4.0
echolocate,verb,,C2,octanove,CC BY-SA 4.0
echolocation,noun,ˌɛkoʊloʊkˈeɪʃən,C2,octanove,CC BY-SA 4.0
economize,verb,ɪkˈɑnəmˌaɪz,C2,octanove,CC BY-SA 4.0
ecotourism,noun,,C2,octanove,CC BY-SA 4.0
edification,noun,ˌɛdəfəkˈeɪʃən,C2,octanove,CC BY-SA 4.0
edifice,noun,ˈɛdəfəs,C2,octanove,CC BY-SA 4.0
edify,verb,ˈɛdəfˌaɪ,C2,octanove,CC BY-SA 4.0
egalitarian,adjective,ɪgˌælətˈɛɹiən,C2,octanove,CC BY-SA 4.0
egalitarian,noun,ɪgˌælətˈɛɹiən,C2,octanove,CC BY-SA 4.0
eke out,verb,ˈik ˈaʊt,C2,octanove,CC BY-SA 4.0
elasticity,noun,ˌilˌæstˈɪsəti,C2,octanove,CC BY-SA 4.0
elated,adjective,ɪlˈeɪtəd,C2,octanove,CC BY-SA 4.0
elation,noun,ɪlˈeɪʃən,C2,octanove,CC BY-SA 4.0
electrode,noun,ˌɪlˈɛktɹoʊd,C2,octanove,CC BY-SA 4.0
elephantine,adjective,ˌɛləfˈæntˌin,C2,octanove,CC BY-SA 4.0
embed,verb,ɪmbˈɛd,C2,octanove,CC BY-SA 4.0
embodiment,noun,ɛmbˈɑdimənt,C2,octanove,CC BY-SA 4.0
embody,verb,ɪmbˈɑdi,C2,octanove,CC BY-SA 4.0
eminence,noun,ˈɛmənəns,C2,octanove,CC BY-SA 4.0
eminent,adjective,ˈɛmənənt,C2,octanove,CC BY-SA 4.0
emolument,noun,,C2,octanove,CC BY-SA 4.0
emulate,verb,ˈɛmjəlˌeɪt,C2,octanove,CC BY-SA 4.0
emulation,noun,ˌɛmjəlˈeɪʃən,C2,octanove,CC BY-SA 4.0
emulsification,noun,,C2,octanove,CC BY-SA 4.0
emulsifier,noun,ɪmˈʌlsəfˌaɪɚ,C2,octanove,CC BY-SA 4.0
emulsify,verb,ɪmˈʌlsəfaɪ,C2,octanove,CC BY-SA 4.0
enabler,noun,ɛnˈeɪbəlɚ,C2,octanove,CC BY-SA 4.0
encompass,verb,ɛnkˈʌmpəs,C2,octanove,CC BY-SA 4.0
encumber,verb,ɛnkˈʌmbɚ,C2,octanove,CC BY-SA 4.0
encumbrance,noun,,C2,octanove,CC BY-SA 4.0
enduringly,adverb,,C2,octanove,CC BY-SA 4.0
engender,verb,ɛndʒˈɛndɚ,C2,octanove,CC BY-SA 4.0
enthuse,verb,ɪnθˈuz,C2,octanove,CC BY-SA 4.0
envisage,verb,ɛnvˈɪzɪdʒ,C2,octanove,CC BY-SA 4.0
ephemera,noun,,C2,octanove,CC BY-SA 4.0
ephemeral,adjective,ɪfˈɛmɚəl,C2,octanove,CC BY-SA 4.0
ephemerality,noun,,C2,octanove,CC BY-SA 4.0
epoxy,noun,ɪpˈɑksi,C2,octanove,CC BY-SA 4.0
equable,adjective,ˈɛkwəbəl,C2,octanove,CC BY-SA 4.0
equilibrium,noun,ˌikwəlˈɪbɹiəm,C2,octanove,CC BY-SA 4.0
etch,verb,ˈɛtʃ,C2,octanove,CC BY-SA 4.0
etching,noun,ˈɛtʃɪŋ,C2,octanove,CC BY-SA 4.0
ethos,noun,ˈiθɑs,C2,octanove,CC BY-SA 4.0
euphemism,noun,jˈufəmˌɪzəm,C2,octanove,CC BY-SA 4.0
euphemistic,adjective,jˌufəmˈɪstɪk,C2,octanove,CC BY-SA 4.0
euphemistically,adverb,jˌufəmˈɪstɪkli,C2,octanove,CC BY-SA 4.0
euphoria,noun,jufˈɔɹiə,C2,octanove,CC BY-SA 4.0
euphoric,adjective,jufˈɔɹɪk,C2,octanove,CC BY-SA 4.0
euphorically,adverb,,C2,octanove,CC BY-SA 4.0
evokingly,adverb,,C2,octanove,CC BY-SA 4.0
exact,verb,ɪgzˈækt,C2,octanove,CC BY-SA 4.0
exalted,adjective,ɪgzˈɔltɪd,C2,octanove,CC BY-SA 4.0
exaltedly,adverb,,C2,octanove,CC BY-SA 4.0
exhibitionist,noun,ˌɛksəbˈɪʃənɪst,C2,octanove,CC BY-SA 4.0
exorcism,noun,ˈɛksɚsˌɪzəm,C2,octanove,CC BY-SA 4.0
exorcist,noun,ˈɛksɚsəst,C2,octanove,CC BY-SA 4.0
extant,adjective,ˈɛkstənt,C2,octanove,CC BY-SA 4.0
extracurricular,adjective,ˌɛkstɹəkɚˈɪkjəlɚ,C2,octanove,CC BY-SA 4.0
extracurricular,noun,ˌɛkstɹəkɚˈɪkjəlɚ,C2,octanove,CC BY-SA 4.0
exude,verb,ɪgzˈud,C2,octanove,CC BY-SA 4.0
fabled,adjective,fˈeɪbəld,C2,octanove,CC BY-SA 4.0
fabricate,verb,fˈæbɹəkˌeɪt,C2,octanove,CC BY-SA 4.0
fabrication,noun,fˌæbɹɪkˈeɪʃən,C2,octanove,CC BY-SA 4.0
fabulate,verb,,C2,octanove,CC BY-SA 4.0
fabulation,noun,,C2,octanove,CC BY-SA 4.0
facsimile,noun,fæksˈɪməli,C2,octanove,CC BY-SA 4.0
fallacy,noun,fˈæləsi,C2,octanove,CC BY-SA 4.0
familiarize,verb,fəmˈɪljɚˌaɪz,C2,octanove,CC BY-SA 4.0
farcical,adjective,fˈɑɹsəkəl,C2,octanove,CC BY-SA 4.0
feign,verb,fˈeɪn,C2,octanove,CC BY-SA 4.0
ferocity,noun,fɚˈɑsəti,C2,octanove,CC BY-SA 4.0
fete,noun,fˈeɪt,C2,octanove,CC BY-SA 4.0
figurative,adjective,fˈɪgjɚətɪv,C2,octanove,CC BY-SA 4.0
figuratively,adverb,fɪgjˈʊɹətɪvli,C2,octanove,CC BY-SA 4.0
flagging,adjective,flˈægɪŋ,C2,octanove,CC BY-SA 4.0
flatout,adverb,,C2,octanove,CC BY-SA 4.0
flightiness,noun,,C2,octanove,CC BY-SA 4.0
flighty,adjective,flˈaɪti,C2,octanove,CC BY-SA 4.0
flit,verb,flˈɪt,C2,octanove,CC BY-SA 4.0
floe,noun,flˈoʊ,C2,octanove,CC BY-SA 4.0
floodgates,noun,flˈʌdgˌeɪts,C2,octanove,CC BY-SA 4.0
fluctuate,verb,flˈʌktʃəwˌeɪt,C2,octanove,CC BY-SA 4.0
fluctuation,noun,flˌʌktʃuˈeɪʃən,C2,octanove,CC BY-SA 4.0
forfeiture,noun,fˈɔɹfətʃɚ,C2,octanove,CC BY-SA 4.0
forlorn,adjective,fɚlˈɔɹn,C2,octanove,CC BY-SA 4.0
forlornly,adverb,,C2,octanove,CC BY-SA 4.0
formidable,adjective,fˈɔɹmədəbəl,C2,octanove,CC BY-SA 4.0
formidably,adverb,fˈɔɹmədəbli,C2,octanove,CC BY-SA 4.0
fractious,adjective,fɹˈækʃəs,C2,octanove,CC BY-SA 4.0
frolic,verb,fɹˈɑlɪk,C2,octanove,CC BY-SA 4.0
fruition,noun,fɹuˈɪʃən,C2,octanove,CC BY-SA 4.0
gale,noun,gˈeɪl,C2,octanove,CC BY-SA 4.0
gambit,noun,gˈæmbɪt,C2,octanove,CC BY-SA 4.0
gauche,adjective,gˈoʊʃ,C2,octanove,CC BY-SA 4.0
genomic,adjective,,C2,octanove,CC BY-SA 4.0
genomically,adverb,,C2,octanove,CC BY-SA 4.0
glint,noun,glˈɪnt,C2,octanove,CC BY-SA 4.0
glint,verb,glˈɪnt,C2,octanove,CC BY-SA 4.0
glitz,noun,glˈɪts,C2,octanove,CC BY-SA 4.0
glitzy,adjective,glˈɪtsi,C2,octanove,CC BY-SA 4.0
glory in,verb,glˈɔɹi ɪn,C2,octanove,CC BY-SA 4.0
gout,noun,gˈaʊt,C2,octanove,CC BY-SA 4.0
graft,noun,gɹˈæft,C2,octanove,CC BY-SA 4.0
gravitate,verb,gɹˈævɪtˌeɪt,C2,octanove,CC BY-SA 4.0
gravitational,adjective,gɹˌævɪtˈeɪʃənəl,C2,octanove,CC BY-SA 4.0
gravitationally,adverb,gɹˌævətˈeɪʃnəli,C2,octanove,CC BY-SA 4.0
grievance,noun,gɹˈivəns,C2,octanove,CC BY-SA 4.0
grumble,verb,gɹˈʌmbəl,C2,octanove,CC BY-SA 4.0
habitation,noun,hˌæbətˈeɪʃən,C2,octanove,CC BY-SA 4.0
hamper,verb,hˈæmpɚ,C2,octanove,CC BY-SA 4.0
haphazard,adjective,hæphˈæzɚd,C2,octanove,CC BY-SA 4.0
haphazardly,adverb,hˈæfəzɚdli,C2,octanove,CC BY-SA 4.0
hapless,adjective,hˈæpləs,C2,octanove,CC BY-SA 4.0
happenstance,noun,hˈæpənstˌæns,C2,octanove,CC BY-SA 4.0
haughtily,adverb,hˈɔtɪli,C2,octanove,CC BY-SA 4.0
haughty,adjective,hˈɔti,C2,octanove,CC BY-SA 4.0
hauntingly,adverb,hˈɔntɪŋli,C2,octanove,CC BY-SA 4.0
haven,noun,hˈeɪvən,C2,octanove,CC BY-SA 4.0
hazard,verb,hˈæzɚd,C2,octanove,CC BY-SA 4.0
headmistress,noun,hˈɛdmˌɪstɹəs,C2,octanove,CC BY-SA 4.0
helm,noun,hˈɛlm,C2,octanove,CC BY-SA 4.0
herald,noun,hˈɛɹəld,C2,octanove,CC BY-SA 4.0
herald,verb,hˈɛɹəld,C2,octanove,CC BY-SA 4.0
hermetic,adjective,,C2,octanove,CC BY-SA 4.0
hermit,noun,hˈɝmət,C2,octanove,CC BY-SA 4.0
hinder,verb,hˈɪndɚ,C2,octanove,CC BY-SA 4.0
hindrance,noun,hˈɪndɹəns,C2,octanove,CC BY-SA 4.0
hindsight,noun,hˈaɪndsˌaɪt,C2,octanove,CC BY-SA 4.0
histrionic,adjective,hˌɪstɹiˈɑnɪk,C2,octanove,CC BY-SA 4.0
histrionically,adverb,,C2,octanove,CC BY-SA 4.0
hitch,verb,hˈɪtʃ,C2,octanove,CC BY-SA 4.0
hitherto,adverb,hˈɪðˌɝtˈu,C2,octanove,CC BY-SA 4.0
hoist,verb,hˈɔɪst,C2,octanove,CC BY-SA 4.0
homestead,noun,hˈoʊmstˌɛd,C2,octanove,CC BY-SA 4.0
hotelier,noun,hoʊtˈɛljɚ,C2,octanove,CC BY-SA 4.0
hover,verb,hˈʌvɚ,C2,octanove,CC BY-SA 4.0
huddle,noun,hˈʌdəl,C2,octanove,CC BY-SA 4.0
huddle,verb,hˈʌdəl,C2,octanove,CC BY-SA 4.0
hull,noun,hˈʌl,C2,octanove,CC BY-SA 4.0
hypnotherapy,noun,,C2,octanove,CC BY-SA 4.0
hypothesis,noun,haɪpˈɑθəsəs,C2,octanove,CC BY-SA 4.0
hypothesize,verb,haɪpˈɑθəsˌaɪz,C2,octanove,CC BY-SA 4.0
hypothetical,adjective,hˌaɪpəθˈɛtəkəl,C2,octanove,CC BY-SA 4.0
hysteria,noun,hɪstˈɛɹiə,C2,octanove,CC BY-SA 4.0
hysterical,adjective,hɪstˈɛɹɪkəl,C2,octanove,CC BY-SA 4.0
hysterically,adverb,hˌɪstˈɛɹɪkli,C2,octanove,CC BY-SA 4.0
idiomatic,adjective,ˌɪdiəmˈætɪk,C2,octanove,CC BY-SA 4.0
idiomatically,adverb,,C2,octanove,CC BY-SA 4.0
idiosyncrasy,noun,ˌɪdioʊsˈɪnkɹəsˌi,C2,octanove,CC BY-SA 4.0
idiosyncratic,adjective,ˌɪdioʊsˌɪnkɹˈætɪk,C2,octanove,CC BY-SA 4.0
idle,verb,ˈaɪdəl,C2,octanove,CC BY-SA 4.0
ignominious,adjective,ˌɪgnəmˈɪniəs,C2,octanove,CC BY-SA 4.0
ignominiously,adverb,,C2,octanove,CC BY-SA 4.0
impeccable,adjective,ˌɪmpˈɛkəbəl,C2,octanove,CC BY-SA 4.0
impeccably,adverb,ˌɪmpˈɛkəbli,C2,octanove,CC BY-SA 4.0
imperceptible,adjective,ˌɪmpɚsˈɛptɪbəl,C2,octanove,CC BY-SA 4.0
imperceptibly,adverb,ˌɪmpɚsˈɛptɪbli,C2,octanove,CC BY-SA 4.0
imposition,noun,ˌɪmpəzˈɪʃən,C2,octanove,CC BY-SA 4.0
impresario,noun,ˌɪmpɹɪsˈɑɹiˌoʊ,C2,octanove,CC BY-SA 4.0
impressionistic,adjective,ˌɪmpɹˌɛʃənˈɪstɪk,C2,octanove,CC BY-SA 4.0
impressionistically,adverb,,C2,octanove,CC BY-SA 4.0
improvisational,adjective,ˌɪmpɹɑvɪzˈeɪʃənəl,C2,octanove,CC BY-SA 4.0
inartistic,adjective,,C2,octanove,CC BY-SA 4.0
inchoate,adjective,ˌɪnkˈoʊət,C2,octanove,CC BY-SA 4.0
inchoately,adverb,,C2,octanove,CC BY-SA 4.0
incipient,adjective,ˌɪnsˈɪpiənt,C2,octanove,CC BY-SA 4.0
incise,verb,ˌɪnsˈaɪz,C2,octanove,CC BY-SA 4.0
incongruity,noun,ˌɪŋkɔŋɹˈuɪti,C2,octanove,CC BY-SA 4.0
incongruous,adjective,ˌɪŋkˈɔŋɹuəs,C2,octanove,CC BY-SA 4.0
incongruously,adverb,ˌɪŋkˈɔŋɹuəsli,C2,octanove,CC BY-SA 4.0
incumbent,adjective,ˌɪnkˈʌmbənt,C2,octanove,CC BY-SA 4.0
incumbent,noun,ˌɪnkˈʌmbənt,C2,octanove,CC BY-SA 4.0
indignant,adjective,ˌɪndˈɪgnənt,C2,octanove,CC BY-SA 4.0
indignantly,adverb,ˌɪndˈɪgnəntlˌi,C2,octanove,CC BY-SA 4.0
indiscrete,adjective,,C2,octanove,CC BY-SA 4.0
indiscretion,noun,ˌɪndɪskɹˈɛʃən,C2,octanove,CC BY-SA 4.0
individualism,noun,ˌɪndɪvɪdˈuəlˌɪzəm,C2,octanove,CC BY-SA 4.0
indolence,noun,,C2,octanove,CC BY-SA 4.0
indolent,adjective,ˈɪndələnt,C2,octanove,CC BY-SA 4.0
indolently,adverb,,C2,octanove,CC BY-SA 4.0
induce,verb,ˌɪndˈus,C2,octanove,CC BY-SA 4.0
inducement,noun,ˌɪndˈusmənt,C2,octanove,CC BY-SA 4.0
indulge,verb,ˌɪndˈʌldʒ,C2,octanove,CC BY-SA 4.0
indulgence,noun,ˌɪndˈʌldʒəns,C2,octanove,CC BY-SA 4.0
indulgently,adverb,,C2,octanove,CC BY-SA 4.0
inert,adjective,ˌɪnˈɝt,C2,octanove,CC BY-SA 4.0
inexorability,noun,,C2,octanove,CC BY-SA 4.0
inexorable,adjective,ˌɪnˈɛksɚəbəl,C2,octanove,CC BY-SA 4.0
inexorably,adverb,ˌɪnˈɛksɚəbli,C2,octanove,CC BY-SA 4.0
infallibility,noun,ˌɪnfˌælɪbˈɪlɪti,C2,octanove,CC BY-SA 4.0
infallible,adjective,ˌɪnfˈæləbəl,C2,octanove,CC BY-SA 4.0
infallibly,adverb,,C2,octanove,CC BY-SA 4.0
infernal,adjective,ˌɪnfˈɝnəl,C2,octanove,CC BY-SA 4.0
infernally,adverb,,C2,octanove,CC BY-SA 4.0
informant,noun,ˌɪnfˈɔɹmənt,C2,octanove,CC BY-SA 4.0
ingenuous,adjective,ˌɪndʒˈɛnjuəs,C2,octanove,CC BY-SA 4.0
ingenuously,adverb,,C2,octanove,CC BY-SA 4.0
ingrate,noun,,C2,octanove,CC BY-SA 4.0
ingratiate,verb,ˌɪŋgɹˈeɪʃiˌeɪt,C2,octanove,CC BY-SA 4.0
ingratiating,adjective,ˌɪŋgɹˈeɪʃiˌeɪtɪŋ,C2,octanove,CC BY-SA 4.0
ingratiatingly,adverb,,C2,octanove,CC BY-SA 4.0
innuendo,noun,ˌɪnjuˈɛndoʊ,C2,octanove,CC BY-SA 4.0
inscrutable,adjective,ˌɪnskɹˈutəbəl,C2,octanove,CC BY-SA 4.0
instantaneous,adjective,ˌɪnstəntˈæniəs,C2,octanove,CC BY-SA 4.0
instantaneously,adverb,ˌɪnstəntˈæniəsli,C2,octanove,CC BY-SA 4.0
insular,adjective,ˈɪnsəlɚ,C2,octanove,CC BY-SA 4.0
integration,noun,ˌɪntəgɹˈeɪʃən,C2,octanove,CC BY-SA 4.0
interlocking,adjective,ˈɪntɚlˌɑkɪŋ,C2,octanove,CC BY-SA 4.0
interlude,noun,ˈɪntɚlˌud,C2,octanove,CC BY-SA 4.0
intermediary,noun,ˌɪnɚmˈidiɛɹi,C2,octanove,CC BY-SA 4.0
interrogate,verb,ˌɪntˈɛɹəgˌeɪt,C2,octanove,CC BY-SA 4.0
interrogation,noun,ˌɪntˌɛɹəgˈeɪʃən,C2,octanove,CC BY-SA 4.0
interrogative,adjective,,C2,octanove,CC BY-SA 4.0
interrogatively,adverb,,C2,octanove,CC BY-SA 4.0
intersperse,verb,ˌɪntɚspˈɝs,C2,octanove,CC BY-SA 4.0
interweave,verb,ˌɪntɚwˈiv,C2,octanove,CC BY-SA 4.0
intrinsic,adjective,ˌɪntɹˈɪnsɪk,C2,octanove,CC BY-SA 4.0
intrinsically,adverb,ˌɪntɹˈɪnsɪkəli,C2,octanove,CC BY-SA 4.0
ironic,adjective,aɪɹˈɑnɪk,C2,octanove,CC BY-SA 4.0
irrelevancy,noun,ˌɪɹˈɛləvənsi,C2,octanove,CC BY-SA 4.0
irrevocable,adjective,ˌɪɹˈɛvəkəbəl,C2,octanove,CC BY-SA 4.0
irrevocably,adverb,ˌɪɹˈɛvəkəbli,C2,octanove,CC BY-SA 4.0
jargon,noun,dʒˈɑɹgən,C2,octanove,CC BY-SA 4.0
jarring,adjective,dʒˈɑɹɪŋ,C2,octanove,CC BY-SA 4.0
kinetic,adjective,kənˈɛtɪk,C2,octanove,CC BY-SA 4.0
kinetically,adverb,,C2,octanove,CC BY-SA 4.0
knack,noun,nˈæk,C2,octanove,CC BY-SA 4.0
lament,verb,ləmˈɛnt,C2,octanove,CC BY-SA 4.0
lamentation,noun,,C2,octanove,CC BY-SA 4.0
lark,noun,lˈɑɹk,C2,octanove,CC BY-SA 4.0
laryngitis,noun,lˌɑɹɪndʒˈaɪtəs,C2,octanove,CC BY-SA 4.0
lassitude,noun,,C2,octanove,CC BY-SA 4.0
laud,verb,lˈɔd,C2,octanove,CC BY-SA 4.0
laudatory,adjective,lˈɔdətˌɔɹi,C2,octanove,CC BY-SA 4.0
leaven,verb,lˈɛvən,C2,octanove,CC BY-SA 4.0
leavening,noun,lˈɛvənɪŋ,C2,octanove,CC BY-SA 4.0
legion,noun,lˈidʒən,C2,octanove,CC BY-SA 4.0
liaise,verb,,C2,octanove,CC BY-SA 4.0
locomotion,noun,lˌoʊkəmˈoʊʃən,C2,octanove,CC BY-SA 4.0
locomotive,noun,lˌoʊkəmˈoʊtɪv,C2,octanove,CC BY-SA 4.0
loiter,verb,lˈɔɪtɚ,C2,octanove,CC BY-SA 4.0
lurid,adjective,lˈʊɹəd,C2,octanove,CC BY-SA 4.0
luridly,adverb,,C2,octanove,CC BY-SA 4.0
lyrical,adjective,lˈɪɹɪkəl,C2,octanove,CC BY-SA 4.0
lyrically,adverb,lˈɪɹɪkli,C2,octanove,CC BY-SA 4.0
lyricist,noun,lˈɪɹɪsɪst,C2,octanove,CC BY-SA 4.0
maelstrom,noun,mˈeɪlstɹəm,C2,octanove,CC BY-SA 4.0
maggot,noun,mˈægət,C2,octanove,CC BY-SA 4.0
magnanimity,noun,,C2,octanove,CC BY-SA 4.0
magnanimous,adjective,mægnˈænəməs,C2,octanove,CC BY-SA 4.0
magnanimously,adverb,,C2,octanove,CC BY-SA 4.0
magnate,noun,mˈægnət,C2,octanove,CC BY-SA 4.0
magpie,noun,mˈægpˌaɪ,C2,octanove,CC BY-SA 4.0
malice,noun,mˈæləs,C2,octanove,CC BY-SA 4.0
malicious,adjective,məlˈɪʃəs,C2,octanove,CC BY-SA 4.0
maliciously,adverb,məlˈɪʃɪsli,C2,octanove,CC BY-SA 4.0
malleability,noun,mˌæliəbˈɪləti,C2,octanove,CC BY-SA 4.0
malleable,adjective,mˈæliəbəl,C2,octanove,CC BY-SA 4.0
maneuver,noun,mənˈuvɚ,C2,octanove,CC BY-SA 4.0
maneuver,verb,mənˈuvɚ,C2,octanove,CC BY-SA 4.0
mangle,verb,mˈæŋgəl,C2,octanove,CC BY-SA 4.0
mariner,noun,mˈɛɹənɚ,C2,octanove,CC BY-SA 4.0
marketability,noun,mˌɑɹkɪtəbˈɪlɪti,C2,octanove,CC BY-SA 4.0
marvel,noun,mˈɑɹvəl,C2,octanove,CC BY-SA 4.0
materialism,noun,mətˈɪɹiəlˌɪzəm,C2,octanove,CC BY-SA 4.0
materialistic,adjective,mətˌɪɹiəlˈɪstɪk,C2,octanove,CC BY-SA 4.0
materialization,noun,,C2,octanove,CC BY-SA 4.0
materialize,verb,mətˈɪɹiəlˌaɪz,C2,octanove,CC BY-SA 4.0
maverick,noun,mˈævɚɪk,C2,octanove,CC BY-SA 4.0
meager,adjective,mˈigɚ,C2,octanove,CC BY-SA 4.0
mediate,verb,mˈidiˌeɪt,C2,octanove,CC BY-SA 4.0
mediation,noun,mˌidiˈeɪʃən,C2,octanove,CC BY-SA 4.0
mediocrity,noun,mˌidiˈɑkɹəti,C2,octanove,CC BY-SA 4.0
melancholy,adjective,mˈɛlənkˌɑli,C2,octanove,CC BY-SA 4.0
melancholy,noun,mˈɛlənkˌɑli,C2,octanove,CC BY-SA 4.0
melodious,adjective,məlˈoʊdiəs,C2,octanove,CC BY-SA 4.0
melodiously,adverb,,C2,octanove,CC BY-SA 4.0
menace,noun,mˈɛnəs,C2,octanove,CC BY-SA 4.0
menacing,adjective,mˈɛnəsɪŋ,C2,octanove,CC BY-SA 4.0
menacingly,adverb,mˈɛnəsɪŋli,C2,octanove,CC BY-SA 4.0
menial,adjective,mˈiniəl,C2,octanove,CC BY-SA 4.0
mercantile,adjective,mˈɝkəntˌaɪl,C2,octanove,CC BY-SA 4.0
mercenary,noun,mˈɝsənˌɛɹi,C2,octanove,CC BY-SA 4.0
mere,adjective,mˈɪɹ,C2,octanove,CC BY-SA 4.0
merger,noun,mˈɝdʒɚ,C2,octanove,CC BY-SA 4.0
merit,noun,mˈɛɹət,C2,octanove,CC BY-SA 4.0
merit,verb,mˈɛɹət,C2,octanove,CC BY-SA 4.0
mesh,verb,mˈɛʃ,C2,octanove,CC BY-SA 4.0
mesmeric,adjective,,C2,octanove,CC BY-SA 4.0
metalled,adjective,,C2,octanove,CC BY-SA 4.0
meteorological,adjective,mˌitiˌɔɹəlˈɑdʒɪkəl,C2,octanove,CC BY-SA 4.0
meteorology,noun,mˌitiɚˈɑlədʒi,C2,octanove,CC BY-SA 4.0
methodological,adjective,mˌɛθədəlˈɑdʒɪkəl,C2,octanove,CC BY-SA 4.0
methodologically,adverb,,C2,octanove,CC BY-SA 4.0
methodology,noun,mˌɛθədˈɑlədʒi,C2,octanove,CC BY-SA 4.0
meticulous,adjective,mətˈɪkjələs,C2,octanove,CC BY-SA 4.0
meticulously,adverb,mətˈɪkjələsli,C2,octanove,CC BY-SA 4.0
midwifery,noun,mˈɪdwˌaɪfɚi,C2,octanove,CC BY-SA 4.0
mien,noun,mˈin,C2,octanove,CC BY-SA 4.0
milieu,noun,mɪljˈʊ,C2,octanove,CC BY-SA 4.0
minefield,noun,mˈaɪnfˌild,C2,octanove,CC BY-SA 4.0
minster,verb,mˈɪnstɚ,C2,octanove,CC BY-SA 4.0
misdemeanor,noun,mˌɪsdəmˈinɚ,C2,octanove,CC BY-SA 4.0
modernism,noun,mˈɑdɚnˌɪzəm,C2,octanove,CC BY-SA 4.0
mold,verb,mˈoʊld,C2,octanove,CC BY-SA 4.0
monastic,adjective,mənˈæstɪk,C2,octanove,CC BY-SA 4.0
moor,noun,mˈʊɹ,C2,octanove,CC BY-SA 4.0
moribund,adjective,mˈɔɹəbənd,C2,octanove,CC BY-SA 4.0
mottled,adjective,mˈɑtəld,C2,octanove,CC BY-SA 4.0
mull over,verb,mˈʌl ˈoʊvɚ,C2,octanove,CC BY-SA 4.0
mundanity,noun,,C2,octanove,CC BY-SA 4.0
munificence,noun,,C2,octanove,CC BY-SA 4.0
muscle-bound,adjective,,C2,octanove,CC BY-SA 4.0
mutinous,adjective,mjˈutənəs,C2,octanove,CC BY-SA 4.0
mutinously,adverb,,C2,octanove,CC BY-SA 4.0
myriad,adjective,mˈɪɹiəd,C2,octanove,CC BY-SA 4.0
mystique,noun,mɪstˈik,C2,octanove,CC BY-SA 4.0
nascent,adjective,nˈeɪsənt,C2,octanove,CC BY-SA 4.0
neophyte,noun,nˈiəfˌaɪt,C2,octanove,CC BY-SA 4.0
nigh,adverb,nˈaɪ,C2,octanove,CC BY-SA 4.0
nonchalant,adjective,nˌɑnʃəlˈɑnt,C2,octanove,CC BY-SA 4.0
nonchalantly,adverb,nˈɑnʃəlˈɑntli,C2,octanove,CC BY-SA 4.0
nostalgia,noun,nɔstˈældʒə,C2,octanove,CC BY-SA 4.0
nostalgic,adjective,nɔstˈældʒɪk,C2,octanove,CC BY-SA 4.0
nostalgically,adverb,,C2,octanove,CC BY-SA 4.0
notoriety,noun,nˌoʊtɚˈaɪəti,C2,octanove,CC BY-SA 4.0
notorious,adjective,noʊtˈɔɹiəs,C2,octanove,CC BY-SA 4.0
notoriously,adverb,noʊtˈɔɹiəsli,C2,octanove,CC BY-SA 4.0
oblique,adjective,əblˈik,C2,octanove,CC BY-SA 4.0
octogenarian,noun,ˌɑktədʒɪnˈɛɹiən,C2,octanove,CC BY-SA 4.0
opacity,noun,oʊpˈæsəti,C2,octanove,CC BY-SA 4.0
opaque,adjective,oʊpˈeɪk,C2,octanove,CC BY-SA 4.0
opulence,noun,ˈɑpjələns,C2,octanove,CC BY-SA 4.0
opulent,adjective,ˈɑpjələnt,C2,octanove,CC BY-SA 4.0
opulently,adverb,,C2,octanove,CC BY-SA 4.0
ordain,verb,ɔɹdˈeɪn,C2,octanove,CC BY-SA 4.0
ore,noun,ˈɔɹ,C2,octanove,CC BY-SA 4.0
ornate,adjective,ɔɹnˈeɪt,C2,octanove,CC BY-SA 4.0
ostensible,adjective,ɑstˈɛnsəbəl,C2,octanove,CC BY-SA 4.0
ostensibly,adverb,ɑstˈɛnsəbli,C2,octanove,CC BY-SA 4.0
outmoded,adjective,ˌaʊtmˈoʊdɪd,C2,octanove,CC BY-SA 4.0
outpatient,noun,ˈaʊtpˌeɪʃənt,C2,octanove,CC BY-SA 4.0
overlay,verb,ˈoʊvɚlˌeɪ,C2,octanove,CC BY-SA 4.0
painstaking,adjective,pˈeɪnstˌeɪkɪŋ,C2,octanove,CC BY-SA 4.0
painstakingly,adverb,pˈeɪnstˌeɪkɪŋli,C2,octanove,CC BY-SA 4.0
palatable,adjective,pˈælətəbəl,C2,octanove,CC BY-SA 4.0
palate,noun,pˈælət,C2,octanove,CC BY-SA 4.0
parable,noun,pˈɛɹəbəl,C2,octanove,CC BY-SA 4.0
paradoxical,adjective,pˌɛɹədˈɑksɪkəl,C2,octanove,CC BY-SA 4.0
paradoxically,adverb,pˌɛɹədˈɑksəkli,C2,octanove,CC BY-SA 4.0
paralysis,noun,pɚˈæləsəs,C2,octanove,CC BY-SA 4.0
paralyze,verb,pˈɛɹəlˌaɪz,C2,octanove,CC BY-SA 4.0
paralyzingly,adverb,,C2,octanove,CC BY-SA 4.0
parameter,noun,pɚˈæmətɚ,C2,octanove,CC BY-SA 4.0
paramount,adjective,pˈɛɹəmˌaʊnt,C2,octanove,CC BY-SA 4.0
parasitic,adjective,pˌɛɹəsˈɪtɪk,C2,octanove,CC BY-SA 4.0
parochial,adjective,pɚˈoʊkiəl,C2,octanove,CC BY-SA 4.0
patchily,adverb,,C2,octanove,CC BY-SA 4.0
patchy,adjective,pˈætʃi,C2,octanove,CC BY-SA 4.0
patronize,verb,pˈeɪtɹənˌaɪz,C2,octanove,CC BY-SA 4.0
patronizing,adjective,pˈeɪtɹənˌaɪzɪŋ,C2,octanove,CC BY-SA 4.0
patronizingly,adverb,,C2,octanove,CC BY-SA 4.0
pedestal,noun,pˈɛdəstəl,C2,octanove,CC BY-SA 4.0
pedestrian,adjective,pədˈɛstɹiən,C2,octanove,CC BY-SA 4.0
perch,noun,pˈɝtʃ,C2,octanove,CC BY-SA 4.0
perch,verb,pˈɝtʃ,C2,octanove,CC BY-SA 4.0
pervasive,adjective,pɚvˈeɪsɪv,C2,octanove,CC BY-SA 4.0
pervasiveness,noun,pɚvˈeɪsɪvnɪs,C2,octanove,CC BY-SA 4.0
perverse,adjective,pɚvˈɝs,C2,octanove,CC BY-SA 4.0
perversity,noun,pɚvˈɝsəti,C2,octanove,CC BY-SA 4.0
phantom,noun,fˈæntəm,C2,octanove,CC BY-SA 4.0
phase,noun,fˈeɪz,C2,octanove,CC BY-SA 4.0
philanthropic,adjective,fˌɪlənθɹˈɑpɪk,C2,octanove,CC BY-SA 4.0
philanthropically,adverb,,C2,octanove,CC BY-SA 4.0
philanthropist,noun,fəlˈænθɹəpəst,C2,octanove,CC BY-SA 4.0
philanthropy,noun,fɪlˈænθɹəpi,C2,octanove,CC BY-SA 4.0
philistine,noun,fˈɪləstˌin,C2,octanove,CC BY-SA 4.0
physiological,adjective,fˌɪziəlˈɑdʒɪkəl,C2,octanove,CC BY-SA 4.0
physiologically,adverb,fˌɪziəlˈɑdʒɪkli,C2,octanove,CC BY-SA 4.0
plane,noun,plˈeɪn,C2,octanove,CC BY-SA 4.0
pluck,noun,plˈʌk,C2,octanove,CC BY-SA 4.0
plum,adjective,plˈʌm,C2,octanove,CC BY-SA 4.0
plumage,noun,plˈumədʒ,C2,octanove,CC BY-SA 4.0
plume,noun,plˈum,C2,octanove,CC BY-SA 4.0
plutocrat,noun,plˈutəkɹˌæt,C2,octanove,CC BY-SA 4.0
poise,verb,pˈɔɪz,C2,octanove,CC BY-SA 4.0
polysyllabic,adjective,pˌɑlˌisɪlˈæbɪk,C2,octanove,CC BY-SA 4.0
ponderous,adjective,pˈɑndɚəs,C2,octanove,CC BY-SA 4.0
ponderously,adverb,,C2,octanove,CC BY-SA 4.0
porten,noun,,C2,octanove,CC BY-SA 4.0
portraiture,noun,,C2,octanove,CC BY-SA 4.0
posit,verb,pˈɑzət,C2,octanove,CC BY-SA 4.0
posterity,noun,pɑstˈɛɹəti,C2,octanove,CC BY-SA 4.0
postural,adjective,,C2,octanove,CC BY-SA 4.0
posture,verb,pˈɑstʃɚ,C2,octanove,CC BY-SA 4.0
posturing,noun,pˈɑstʃɚɪŋ,C2,octanove,CC BY-SA 4.0
practitioner,noun,pɹæktˈɪʃənɚ,C2,octanove,CC BY-SA 4.0
precocious,adjective,pɹɪkˈoʊʃəs,C2,octanove,CC BY-SA 4.0
precociously,adverb,,C2,octanove,CC BY-SA 4.0
preconception,noun,pɹikənsˈɛpʃən,C2,octanove,CC BY-SA 4.0
predecessor,noun,pɹˈɛdəsˌɛsɚ,C2,octanove,CC BY-SA 4.0
predilection,noun,pɹˌɛdəlˈɛkʃən,C2,octanove,CC BY-SA 4.0
preeminent,adjective,pɹiˈɛmənənt,C2,octanove,CC BY-SA 4.0
preoccupation,noun,pɹiˌɑkjəpˈeɪʃən,C2,octanove,CC BY-SA 4.0
preoccupy,verb,pɹiˈɑkjəpˌaɪ,C2,octanove,CC BY-SA 4.0
prescriptive,adjective,,C2,octanove,CC BY-SA 4.0
presentational,adjective,,C2,octanove,CC BY-SA 4.0
preservationist,noun,pɹˌɛzɚvˈeɪʃənɪst,C2,octanove,CC BY-SA 4.0
pressurization,noun,pɹˌɛʃɚɪzˈeɪʃən,C2,octanove,CC BY-SA 4.0
pressurize,verb,pɹˈɛʃɚˌaɪz,C2,octanove,CC BY-SA 4.0
presuppose,verb,pɹˌisəpˈoʊz,C2,octanove,CC BY-SA 4.0
presupposition,noun,pɹˌisəpəzˈɪʃən,C2,octanove,CC BY-SA 4.0
primeval,adjective,pɹaɪmˈivəl,C2,octanove,CC BY-SA 4.0
prise,verb,,C2,octanove,CC BY-SA 4.0
prissy,adjective,pɹˈɪsi,C2,octanove,CC BY-SA 4.0
procedural,adjective,pɹəsˈidʒɚəl,C2,octanove,CC BY-SA 4.0
procedural,noun,pɹəsˈidʒɚəl,C2,octanove,CC BY-SA 4.0
profitability,noun,pɹˌɑfɪtəbˈɪlɪti,C2,octanove,CC BY-SA 4.0
proliferate,verb,pɹoʊlˈɪfɚˌeɪt,C2,octanove,CC BY-SA 4.0
proliferation,noun,pɹˌoʊlɪfɚˈeɪʃən,C2,octanove,CC BY-SA 4.0
prolong,verb,pɹəlˈɔŋ,C2,octanove,CC BY-SA 4.0
promenade,noun,pɹˌɑmənˈeɪd,C2,octanove,CC BY-SA 4.0
promotable,adjective,,C2,octanove,CC BY-SA 4.0
prone,adjective,pɹˈoʊn,C2,octanove,CC BY-SA 4.0
proportional,adjective,pɹəpˈɔɹʃənəl,C2,octanove,CC BY-SA 4.0
proportionally,adverb,pɹəpˈɔɹʃənəli,C2,octanove,CC BY-SA 4.0
proposition,noun,pɹˌɑpəzˈɪʃən,C2,octanove,CC BY-SA 4.0
proprietary,adjective,pɹəpɹˈaɪətˌɛɹi,C2,octanove,CC BY-SA 4.0
proprietorial,adjective,,C2,octanove,CC BY-SA 4.0
proscribe,verb,pɹoʊskɹˈaɪb,C2,octanove,CC BY-SA 4.0
proscription,noun,pɹoʊskɹˈɪpʃən,C2,octanove,CC BY-SA 4.0
prostrate,adjective,pɹˈɑstɹeɪt,C2,octanove,CC BY-SA 4.0
prostrate,verb,pɹˈɑstɹeɪt,C2,octanove,CC BY-SA 4.0
protrude,verb,pɹoʊtɹˈud,C2,octanove,CC BY-SA 4.0
protrusion,noun,,C2,octanove,CC BY-SA 4.0
proverbial,adjective,pɹəvˈɝbiəl,C2,octanove,CC BY-SA 4.0
provincial,adjective,pɹəvˈɪnʃəl,C2,octanove,CC BY-SA 4.0
provocation,noun,pɹˌɑvəkˈeɪʃən,C2,octanove,CC BY-SA 4.0
proximal,adjective,pɹˈɑksəməl,C2,octanove,CC BY-SA 4.0
prurience,noun,,C2,octanove,CC BY-SA 4.0
prurient,adjective,pɹˈʊɹiənt,C2,octanove,CC BY-SA 4.0
punctual,adjective,pˈʌŋktʃuəl,C2,octanove,CC BY-SA 4.0
punctuality,noun,pˌʌŋktʃuˈælɪti,C2,octanove,CC BY-SA 4.0
punitive,adjective,pjˈunətɪv,C2,octanove,CC BY-SA 4.0
punitively,adverb,,C2,octanove,CC BY-SA 4.0
puritanical,adjective,pjˌʊɹətˈænɪkəl,C2,octanove,CC BY-SA 4.0
pyre,noun,pˈaɪɚ,C2,octanove,CC BY-SA 4.0
qualitative,adjective,kwˈɑlətˌeɪtɪv,C2,octanove,CC BY-SA 4.0
qualm,noun,,C2,octanove,CC BY-SA 4.0
quirk,verb,kwˈɝk,C2,octanove,CC BY-SA 4.0
quiver,noun,kwˈɪvɚ,C2,octanove,CC BY-SA 4.0
quiver,verb,kwˈɪvɚ,C2,octanove,CC BY-SA 4.0
rapture,noun,ɹˈæptʃɚ,C2,octanove,CC BY-SA 4.0
rapturous,adjective,ɹˈæptʃɚəs,C2,octanove,CC BY-SA 4.0
rapturously,adverb,,C2,octanove,CC BY-SA 4.0
ravish,verb,,C2,octanove,CC BY-SA 4.0
rebound,noun,ɹibˈaʊnd,C2,octanove,CC BY-SA 4.0
rebound,verb,ɹibˈaʊnd,C2,octanove,CC BY-SA 4.0
rebuke,noun,ɹibjˈuk,C2,octanove,CC BY-SA 4.0
rebuke,verb,ɹibjˈuk,C2,octanove,CC BY-SA 4.0
recitation,noun,ɹˌɛsətˈeɪʃən,C2,octanove,CC BY-SA 4.0
recluse,noun,ɹɪklˈus,C2,octanove,CC BY-SA 4.0
reclusive,adjective,ɹɪklˈusɪv,C2,octanove,CC BY-SA 4.0
reconcile,verb,ɹˈɛkənsˌaɪl,C2,octanove,CC BY-SA 4.0
reconciliation,noun,ɹˌɛkənsˌɪliˈeɪʃən,C2,octanove,CC BY-SA 4.0
recourse,noun,ɹˈikɔɹs,C2,octanove,CC BY-SA 4.0
recumbent,adjective,,C2,octanove,CC BY-SA 4.0
recuperate,verb,ɹɪkˈupɚˌeɪt,C2,octanove,CC BY-SA 4.0
recuperation,noun,ɹɪkˌupɚˈeɪʃən,C2,octanove,CC BY-SA 4.0
recuperative,adjective,ɹɪkˈupɚətɪv,C2,octanove,CC BY-SA 4.0
redundancy,noun,ɹɪdˈʌndənsi,C2,octanove,CC BY-SA 4.0
redundant,adjective,ɹɪdˈʌndənt,C2,octanove,CC BY-SA 4.0
redundantly,adverb,,C2,octanove,CC BY-SA 4.0
regulatory,adjective,ɹˈɛgjələtˌɔɹi,C2,octanove,CC BY-SA 4.0
reissue,verb,ɹiˈɪʃu,C2,octanove,CC BY-SA 4.0
relegate,verb,ɹˈɛləgˌeɪt,C2,octanove,CC BY-SA 4.0
relinquish,verb,ɹɪlˈɪŋkwɪʃ,C2,octanove,CC BY-SA 4.0
remit,verb,ɹimˈɪt,C2,octanove,CC BY-SA 4.0
remittance,noun,ɹimˈɪtəns,C2,octanove,CC BY-SA 4.0
remonstrance,noun,,C2,octanove,CC BY-SA 4.0
remonstrate,vern,,C2,octanove,CC BY-SA 4.0
remorseful,adjective,ɹɪmˈɔɹsfəl,C2,octanove,CC BY-SA 4.0
repose,noun,ɹipˈoʊz,C2,octanove,CC BY-SA 4.0
repose,verb,ɹipˈoʊz,C2,octanove,CC BY-SA 4.0
reproach,verb,ɹipɹˈoʊtʃ,C2,octanove,CC BY-SA 4.0
reptilian,adjective,ɹɛptˈɪljən,C2,octanove,CC BY-SA 4.0
repute,noun,ɹipjˈut,C2,octanove,CC BY-SA 4.0
requisition,noun,ɹˌɛkwəzˈɪʃən,C2,octanove,CC BY-SA 4.0
residual,adjective,ɹɪzˈɪdʒuəl,C2,octanove,CC BY-SA 4.0
residue,noun,ɹˈɛzədˌu,C2,octanove,CC BY-SA 4.0
resin,noun,ɹˈɛzən,C2,octanove,CC BY-SA 4.0
resound,verb,ɹˌisˈaʊnd,C2,octanove,CC BY-SA 4.0
resounding,adjective,ɹisˈaʊndɪŋ,C2,octanove,CC BY-SA 4.0
resoundingly,adverb,ɹɪzˈaʊndɪŋli,C2,octanove,CC BY-SA 4.0
resuscitate,verb,ɹɪsˈʌsɪtˌeɪt,C2,octanove,CC BY-SA 4.0
resuscitation,noun,ɹɪsˌʌsɪtˈeɪʃən,C2,octanove,CC BY-SA 4.0
retrospect,noun,ɹˈɛtɹəspˌɛkt,C2,octanove,CC BY-SA 4.0
retrospection,noun,,C2,octanove,CC BY-SA 4.0
retrospective,adjective,ɹˌɛtɹəspˈɛktɪv,C2,octanove,CC BY-SA 4.0
revelatory,adjective,ɹɪvˈɛlətˌɔɹi,C2,octanove,CC BY-SA 4.0
reverb,noun,ɹivˈɝb,C2,octanove,CC BY-SA 4.0
reverberate,verb,ɹɪvˈɝbɚət,C2,octanove,CC BY-SA 4.0
reverberation,noun,ɹivˌɝbɚˈeɪʃən,C2,octanove,CC BY-SA 4.0
revile,verb,ɹivˈaɪl,C2,octanove,CC BY-SA 4.0
revulsion,noun,ɹɪvˈʌlʃən,C2,octanove,CC BY-SA 4.0
rhetoric,noun,ɹˈɛtɚɪk,C2,octanove,CC BY-SA 4.0
rhetorical,adjective,ɹɪtˈɔɹɪkəl,C2,octanove,CC BY-SA 4.0
rhetorically,adverb,ɹətˈɔɹɪkli,C2,octanove,CC BY-SA 4.0
rickety,adjective,ɹˈɪkəti,C2,octanove,CC BY-SA 4.0
rife,adjective,ɹˈaɪf,C2,octanove,CC BY-SA 4.0
rift,noun,ɹˈɪft,C2,octanove,CC BY-SA 4.0
romp,verb,ɹˈɑmp,C2,octanove,CC BY-SA 4.0
romper,noun,,C2,octanove,CC BY-SA 4.0
ruminant,adjective,ɹˈumənənt,C2,octanove,CC BY-SA 4.0
ruminate,verb,ɹˈumɪnˌeɪt,C2,octanove,CC BY-SA 4.0
rumination,noun,ɹˌumɪnˈeɪʃən,C2,octanove,CC BY-SA 4.0
ruminative,adjective,,C2,octanove,CC BY-SA 4.0
salivary,adjective,,C2,octanove,CC BY-SA 4.0
sandwiched,adjective,sˈændwˌɪtʃt,C2,octanove,CC BY-SA 4.0
scavenger,noun,skˈævəndʒɚ,C2,octanove,CC BY-SA 4.0
scholarly,adjective,skˈɑlɚli,C2,octanove,CC BY-SA 4.0
scroll,noun,skɹˈoʊl,C2,octanove,CC BY-SA 4.0
secular,adjective,sˈɛkjəlɚ,C2,octanove,CC BY-SA 4.0
secularly,adverb,,C2,octanove,CC BY-SA 4.0
secure,verb,sɪkjˈʊɹ,C2,octanove,CC BY-SA 4.0
sedately,adverb,sɪdˈeɪtli,C2,octanove,CC BY-SA 4.0
seedy,adjective,sˈidi,C2,octanove,CC BY-SA 4.0
seismic,adjective,sˈaɪzmɪk,C2,octanove,CC BY-SA 4.0
selectivity,noun,sɪlˌɛktˈɪvəti,C2,octanove,CC BY-SA 4.0
self-aggrandizement,noun,sˈɛlfˈægɹəndˌaɪzmənt,C2,octanove,CC BY-SA 4.0
shamble,verb,ʃˈæmbəl,C2,octanove,CC BY-SA 4.0
sheaf,noun,ʃˈif,C2,octanove,CC BY-SA 4.0
shimmer,verb,ʃˈɪmɚ,C2,octanove,CC BY-SA 4.0
shoal,noun,,C2,octanove,CC BY-SA 4.0
side-step,verb,,C2,octanove,CC BY-SA 4.0
singe,verb,sˈɪndʒ,C2,octanove,CC BY-SA 4.0
skew,verb,skjˈu,C2,octanove,CC BY-SA 4.0
skim,verb,skˈɪm,C2,octanove,CC BY-SA 4.0
slab,noun,slˈæb,C2,octanove,CC BY-SA 4.0
slither,verb,slˈɪðɚ,C2,octanove,CC BY-SA 4.0
smattering,noun,smˈætɚɪŋ,C2,octanove,CC BY-SA 4.0
snippet,noun,snˈɪpət,C2,octanove,CC BY-SA 4.0
snobbery,noun,snˈɑbɚi,C2,octanove,CC BY-SA 4.0
solicit,verb,səlˈɪsɪt,C2,octanove,CC BY-SA 4.0
soliloquize,verb,səlˈɪləkwˌaɪz,C2,octanove,CC BY-SA 4.0
soliloquy,noun,səlˈɪləkwi,C2,octanove,CC BY-SA 4.0
solipsism,noun,,C2,octanove,CC BY-SA 4.0
solitariness,noun,sɑlətˈɛɹinɪs,C2,octanove,CC BY-SA 4.0
solitary,adjective,sˈɑlətˌɛɹi,C2,octanove,CC BY-SA 4.0
solitary,noun,sˈɑlətˌɛɹi,C2,octanove,CC BY-SA 4.0
solitude,noun,sˈɑlətˌud,C2,octanove,CC BY-SA 4.0
spatial,adjective,spˈeɪʃəl,C2,octanove,CC BY-SA 4.0
spatially,adverb,,C2,octanove,CC BY-SA 4.0
spire,noun,spˈaɪɹ,C2,octanove,CC BY-SA 4.0
splinter,verb,splˈɪntɚ,C2,octanove,CC BY-SA 4.0
spontaneity,noun,spˌɑntənˈiəti,C2,octanove,CC BY-SA 4.0
spurious,adjective,spjˈʊɹiəs,C2,octanove,CC BY-SA 4.0
spuriously,adverb,,C2,octanove,CC BY-SA 4.0
squint,verb,skwˈɪnt,C2,octanove,CC BY-SA 4.0
squirm,verb,skwˈɝm,C2,octanove,CC BY-SA 4.0
squirmy,adjective,,C2,octanove,CC BY-SA 4.0
stabilize,verb,stˈeɪbəlˌaɪz,C2,octanove,CC BY-SA 4.0
standing,noun,stˈændɪŋ,C2,octanove,CC BY-SA 4.0
sterility,noun,stɚˈɪlɪti,C2,octanove,CC BY-SA 4.0
stipulate,verb,stˈɪpjəlˌeɪt,C2,octanove,CC BY-SA 4.0
stipulation,noun,stˌɪpjəlˈeɪʃən,C2,octanove,CC BY-SA 4.0
stoicism,noun,stˈoʊəsˌɪzəm,C2,octanove,CC BY-SA 4.0
strait,noun,stɹˈeɪt,C2,octanove,CC BY-SA 4.0
stratosphere,noun,stɹˈætəsfˌɪɹ,C2,octanove,CC BY-SA 4.0
stringent,adjective,stɹˈɪndʒənt,C2,octanove,CC BY-SA 4.0
stringently,adverb,stɹˈɪndʒəntli,C2,octanove,CC BY-SA 4.0
stultify,verb,stˈʌltəfˌaɪ,C2,octanove,CC BY-SA 4.0
stultifyingly,adverb,,C2,octanove,CC BY-SA 4.0
subsidize,verb,sˈʌbsɪdˌaɪz,C2,octanove,CC BY-SA 4.0
subsidy,noun,sˈʌbsɪdi,C2,octanove,CC BY-SA 4.0
subsist,verb,səbsˈɪst,C2,octanove,CC BY-SA 4.0
subsistence,noun,səbsˈɪstəns,C2,octanove,CC BY-SA 4.0
substantiate,verb,səbstˈæntʃiˌeɪt,C2,octanove,CC BY-SA 4.0
succeed,verb,səksˈid,C2,octanove,CC BY-SA 4.0
succumb,verb,səkˈʌm,C2,octanove,CC BY-SA 4.0
suffuse,verb,səfjˈuz,C2,octanove,CC BY-SA 4.0
sulphur,noun,sˈʌlfɚ,C2,octanove,CC BY-SA 4.0
sulphuric,adjective,,C2,octanove,CC BY-SA 4.0
summarily,adverb,səmˈɛɹɪli,C2,octanove,CC BY-SA 4.0
superfluous,adjective,sˈupɚflwˌʌs,C2,octanove,CC BY-SA 4.0
superfluously,adverb,,C2,octanove,CC BY-SA 4.0
surge,noun,sˈɝdʒ,C2,octanove,CC BY-SA 4.0
surge,verb,sˈɝdʒ,C2,octanove,CC BY-SA 4.0
surrealism,noun,sɚˈilɪzəm,C2,octanove,CC BY-SA 4.0
surrealist,noun,,C2,octanove,CC BY-SA 4.0
surreptitious,adjective,sˌɝəptˈɪʃəs,C2,octanove,CC BY-SA 4.0
surreptitiously,adverb,sˌɝəptˈɪʃəsli,C2,octanove,CC BY-SA 4.0
swivel,verb,swˈɪvəl,C2,octanove,CC BY-SA 4.0
syllabic,adjective,səlˈæbɪk,C2,octanove,CC BY-SA 4.0
synthesis,noun,sˈɪnθəsəs,C2,octanove,CC BY-SA 4.0
tacit,adjective,tˈæsɪt,C2,octanove,CC BY-SA 4.0
tacitly,adverb,tˈæsɪtli,C2,octanove,CC BY-SA 4.0
taciturn,adjective,tˈæsɪtˌɝn,C2,octanove,CC BY-SA 4.0
taciturnity,noun,,C2,octanove,CC BY-SA 4.0
tactic,noun,tˈæktɪk,C2,octanove,CC BY-SA 4.0
tactical,adjective,tˈæktɪkəl,C2,octanove,CC BY-SA 4.0
tactically,adverb,tˈæktɪkəli,C2,octanove,CC BY-SA 4.0
tactile,adjective,tˈæktɪl,C2,octanove,CC BY-SA 4.0
tantalize,verb,tˈæntəlˌaɪz,C2,octanove,CC BY-SA 4.0
tantalizingly,adverb,tˈæntəlˌaɪzɪŋli,C2,octanove,CC BY-SA 4.0
tantamount,adjective,tˈæntəmˌaʊnt,C2,octanove,CC BY-SA 4.0
taste-maker,noun,,C2,octanove,CC BY-SA 4.0
tedium,noun,tˈidiəm,C2,octanove,CC BY-SA 4.0
teem,verb,tˈim,C2,octanove,CC BY-SA 4.0
telescopic,adjective,tˌɛləskˈɔpɪk,C2,octanove,CC BY-SA 4.0
telescopically,adverb,,C2,octanove,CC BY-SA 4.0
temper,verb,tˈɛmpɚ,C2,octanove,CC BY-SA 4.0
tenacious,adjective,tənˈeɪʃəs,C2,octanove,CC BY-SA 4.0
tenaciously,adverb,tənˈeɪʃəsli,C2,octanove,CC BY-SA 4.0
tenacity,noun,tənˈæsɪti,C2,octanove,CC BY-SA 4.0
testimonial,noun,tˌɛstəmˈoʊniəl,C2,octanove,CC BY-SA 4.0
tetchy,adjective,,C2,octanove,CC BY-SA 4.0
thicket,noun,θˈɪkɪt,C2,octanove,CC BY-SA 4.0
timidity,noun,təmˈɪdəti,C2,octanove,CC BY-SA 4.0
topographical,adjective,,C2,octanove,CC BY-SA 4.0
topographically,adverb,,C2,octanove,CC BY-SA 4.0
topography,noun,təpˈɑgɹəfi,C2,octanove,CC BY-SA 4.0
topple,verb,tˈɑpəl,C2,octanove,CC BY-SA 4.0
torrential,adjective,tɔɹˈɛnʃəl,C2,octanove,CC BY-SA 4.0
totemic,adjective,,C2,octanove,CC BY-SA 4.0
totter,verb,tˈɑtɚ,C2,octanove,CC BY-SA 4.0
tranquilize,verb,tɹˈæŋkwəlˌaɪz,C2,octanove,CC BY-SA 4.0
transmitter,noun,tɹænsmˈɪtɚ,C2,octanove,CC BY-SA 4.0
treacherous,adjective,tɹˈɛtʃɚəs,C2,octanove,CC BY-SA 4.0
treacherously,adverb,,C2,octanove,CC BY-SA 4.0
treachery,noun,tɹˈɛtʃɚi,C2,octanove,CC BY-SA 4.0
trifle,noun,tɹˈaɪfəl,C2,octanove,CC BY-SA 4.0
trifle,verb,tɹˈaɪfəl,C2,octanove,CC BY-SA 4.0
truism,noun,tɹˈuɪzəm,C2,octanove,CC BY-SA 4.0
turret,noun,tˈɝət,C2,octanove,CC BY-SA 4.0
unadulterated,adjective,ˌʌnədˈʌltɚˌeɪtɪd,C2,octanove,CC BY-SA 4.0
uncanny,adjective,ənkˈæni,C2,octanove,CC BY-SA 4.0
undemonstrative,adjective,,C2,octanove,CC BY-SA 4.0
undemonstratively,adverb,,C2,octanove,CC BY-SA 4.0
undiminishing,adjective,,C2,octanove,CC BY-SA 4.0
unencumbered,adjective,ˌʌnɛnkˈʌmbɚd,C2,octanove,CC BY-SA 4.0
unequivocal,adjective,ˌʌnɪkwˈɪvəkəl,C2,octanove,CC BY-SA 4.0
unequivocally,adverb,ˌʌnikwˈɪvəkəli,C2,octanove,CC BY-SA 4.0
unexceptional,adjective,,C2,octanove,CC BY-SA 4.0
unexceptionally,adverb,,C2,octanove,CC BY-SA 4.0
unexcused,adjective,,C2,octanove,CC BY-SA 4.0
unfeasible,adjective,ənfˈizəbəl,C2,octanove,CC BY-SA 4.0
unfeasibly,adverb,,C2,octanove,CC BY-SA 4.0
unharried,adjective,,C2,octanove,CC BY-SA 4.0
unmediated,adjective,,C2,octanove,CC BY-SA 4.0
unnerve,verb,ənˈɝv,C2,octanove,CC BY-SA 4.0
unnerving,adjective,ənˈɝvɪŋ,C2,octanove,CC BY-SA 4.0
unnervingly,adverb,,C2,octanove,CC BY-SA 4.0
unobtrusive,adjective,ˌʌnəbtɹˈusɪv,C2,octanove,CC BY-SA 4.0
unobtrusively,adverb,,C2,octanove,CC BY-SA 4.0
unobtrusiveness,noun,,C2,octanove,CC BY-SA 4.0
unpromising,adjective,ənpɹˈɔmɪsɪŋ,C2,octanove,CC BY-SA 4.0
unravel,verb,ənɹˈævəl,C2,octanove,CC BY-SA 4.0
unsurpassed,adjective,ˌʌnsɚpˈæst,C2,octanove,CC BY-SA 4.0
unsuspected,adjective,ˌʌnsəspˈɛktɪd,C2,octanove,CC BY-SA 4.0
utilitarian,adjective,jutˌɪlətˈɛɹiən,C2,octanove,CC BY-SA 4.0
utility,noun,jutˈɪləti,C2,octanove,CC BY-SA 4.0
utilization,noun,jˌutələzˈeɪʃən,C2,octanove,CC BY-SA 4.0
utilize,verb,jˈutəlˌaɪz,C2,octanove,CC BY-SA 4.0
utter,adjective,ˈʌtɚ,C2,octanove,CC BY-SA 4.0
utter,verb,ˈʌtɚ,C2,octanove,CC BY-SA 4.0
vandal,noun,vˈændəl,C2,octanove,CC BY-SA 4.0
vandalize,verb,vˈændəlˌaɪz,C2,octanove,CC BY-SA 4.0
venomous,adjective,vˈɛnəməs,C2,octanove,CC BY-SA 4.0
venomously,adverb,,C2,octanove,CC BY-SA 4.0
venture,noun,vˈɛntʃɚ,C2,octanove,CC BY-SA 4.0
verbatim,adjective,vɚbˈeɪtəm,C2,octanove,CC BY-SA 4.0
verbatim,adverb,vɚbˈeɪtəm,C2,octanove,CC BY-SA 4.0
verily,adverb,,C2,octanove,CC BY-SA 4.0
verisimilitude,noun,vˌɛɹəsəmˈɪlətˌud,C2,octanove,CC BY-SA 4.0
veritable,adjective,vˈɛɹɪtəbəl,C2,octanove,CC BY-SA 4.0
vermin,noun,vˈɝmɪn,C2,octanove,CC BY-SA 4.0
vestigial,adjective,vəstˈɪdʒiəl,C2,octanove,CC BY-SA 4.0
vestigially,adverb,,C2,octanove,CC BY-SA 4.0
vicinity,noun,vəsˈɪnəti,C2,octanove,CC BY-SA 4.0
vindicate,verb,vˈɪndəkeɪt,C2,octanove,CC BY-SA 4.0
vindication,noun,vɪndəkˈeɪʃən,C2,octanove,CC BY-SA 4.0
virginal,adjective,vˈɝdʒənəl,C2,octanove,CC BY-SA 4.0
virtuosity,noun,vɚtʃuˈɑsɪti,C2,octanove,CC BY-SA 4.0
virtuoso,noun,vɚtʃuˈoʊsoʊ,C2,octanove,CC BY-SA 4.0
vis-a-vis,preposition,vˈizəvi,C2,octanove,CC BY-SA 4.0
vocalist,noun,vˈoʊkəlɪst,C2,octanove,CC BY-SA 4.0
vocational,adjective,voʊkˈeɪʃənəl,C2,octanove,CC BY-SA 4.0
voracity,noun,vɚˈæsəti,C2,octanove,CC BY-SA 4.0
vortex,noun,vˈɔɹtɛks,C2,octanove,CC BY-SA 4.0
wallow,verb,wˈɑloʊ,C2,octanove,CC BY-SA 4.0
wane,verb,wˈeɪn,C2,octanove,CC BY-SA 4.0
wax,verb,wˈæks,C2,octanove,CC BY-SA 4.0
wayward,adjective,wˈeɪwɚd,C2,octanove,CC BY-SA 4.0
wheeze,verb,wˈiz,C2,octanove,CC BY-SA 4.0
whir,verb,,C2,octanove,CC BY-SA 4.0
whirlwind,noun,wˈɝlwˌɪnd,C2,octanove,CC BY-SA 4.0
wholly,adverb,hˈoʊli,C2,octanove,CC BY-SA 4.0
wistful,adjective,wˈɪstfəl,C2,octanove,CC BY-SA 4.0
wistfully,adverb,wˈɪstfəli,C2,octanove,CC BY-SA 4.0
wither,verb,wˈɪðɚ,C2,octanove,CC BY-SA 4.0
wordage,noun,,C2,octanove,CC BY-SA 4.0
wordsmith,noun,wˈɝdsmˌɪθ,C2,octanove,CC BY-SA 4.0
wrack,verb,ɹˈæk,C2,octanove,CC BY-SA 4.0
zoologist,noun,zoʊˈɑlədʒəst,C2,octanove,CC BY-SA 4.0
zoology,noun,zoʊˈɑlədʒi,C2,octanove,CC BY-SA 4.0
