lemma,pos,seedLevel,ipaUs,ipaUk
'm,be-verb,A1,əm,
're,be-verb,A1,,
's,be-verb,A1,ˈɛs,
a,determiner,A1,ˈeɪ,
a.m.,adverb,A1,,
about,adverb,A1,əˈbaʊt,ɐbˈaʊt
about,preposition,A1,əˈbaʊt,ɐbˈaʊt
above,adverb,A1,əˈbəv,əbˈʌv
above,preposition,A1,əˈbəv,əbˈʌv
action,noun,A1,ˈækʃən,ˈækʃən
activity,noun,A1,ækˈtɪvəti,æktˈɪvɪti
actor,noun,A1,ˈæktɝ,ˈæktɐ
add,verb,A1,ˈæd,ˈæd
address,noun,A1,ˈæˌdɹɛs,
afraid,adjective,A1,əˈfɹeɪd,ɐfɹˈeɪd
after,preposition,A1,ˈæftɝ,ˈɑːftɐ
afternoon,noun,A1,ˌæftɝˈnun,
again,adverb,A1,əˈɡeɪn,ɐɡˈɛn
age,noun,A1,ˈeɪdʒ,ˈeɪdʒ
ago,adverb,A1,əˈɡoʊ,ɐɡˈəʊ
agree,verb,A1,əˈɡɹi,ɐɡɹˈiː
airplane,noun,A1,ˈɛɹˌpɫeɪn,
airport,noun,A1,ˈɛɹˌpɔɹt,ˈeəpɔːt
album,noun,A1,ˈæɫbəm,ˈælbəm
all,determiner,A1,ˈɔɫ,ˈɔːl
all,pronoun,A1,ˈɔɫ,ˈɔːl
all right,adjective,A1,ˈɔɫ ˈɹaɪt,ˈɔːl ɹˈaɪt
all right,adverb,A1,ˈɔɫ ˈɹaɪt,ˈɔːl ɹˈaɪt
almost,adverb,A1,ˈɔɫˌmoʊst,ˈɔːlməʊst
alone,adverb,A1,əˈɫoʊn,ɐlˈəʊn
along,adverb,A1,əˈɫɔŋ,ɐlˈɒŋ
already,adverb,A1,ɔˈɹɛdi,ɔːlɹˈɛdi
also,adverb,A1,ˈɔɫsoʊ,ˈɒlsəʊ
always,adverb,A1,ˈɔɫˌweɪz,ˈɔːlweɪz
am,be-verb,A1,ˈæm,
an,determiner,A1,ˈæn,ˈɐn
and,conjunction,A1,ˈænd,ˈænd
angry,adjective,A1,ˈæŋɡɹi,ˈæŋɡɹi
animal,noun,A1,ˈænəməɫ,ˈænɪməl
another,determiner,A1,əˈnəðɝ,ɐnˈʌðɐ
answer,noun,A1,ˈænsɝ,ˈɑːnsɐ
answer,verb,A1,ˈænsɝ,ˈɑːnsɐ
any,determiner,A1,ˈɛni,ˈɛni
any,pronoun,A1,ˈɛni,ˈɛni
anybody,pronoun,A1,ˈɛnibədi,ˈɛnɪbˌɒdi
anyone,pronoun,A1,ˈɛniˌwən,ˈɛnɪwˌɒn
anything,pronoun,A1,ˈɛniˌθɪŋ,ˈɛnɪθˌɪŋ
apple,noun,A1,ˈæpəɫ,ˈæpəl
April,noun,A1,ˈeɪpɹəɫ,
apron,noun,A1,ˈeɪpɹən,ˈeɪpɹən
are,be-verb,A1,ˈɑɹ,
arm,noun,A1,ˈɑɹm,ˈɑːm
around,preposition,A1,ɝˈaʊn,ɐɹˈaʊnd
arrive,verb,A1,ɝˈaɪv,ɐɹˈaɪv
art,noun,A1,ˈɑɹt,ˈɑːt
article,noun,A1,ˈɑɹtəkəɫ,ˈɑːtɪkəl
as,preposition,A1,ˈæz,
ask,verb,A1,ˈæsk,ˈɑːsk
at,preposition,A1,ˈæt,ˈæt
August,noun,A1,ˈɑɡəst,
aunt,noun,A1,ˈænt,ˈɑːnt
autumn,noun,A1,ˈɔtəm,ˈɔːtʌm
awake,adjective,A1,əˈweɪk,ɐwˈeɪk
away,adverb,A1,əˈweɪ,ɐwˈeɪ
baby,noun,A1,ˈbeɪbi,bˈeɪbi
back,adverb,A1,ˈbæk,bˈæk
back,noun,A1,ˈbæk,bˈæk
bad,adjective,A1,ˈbæd,bˈæd
bag,noun,A1,ˈbæɡ,bˈæɡ
ball,noun,A1,ˈbɔɫ,bˈɔːl
banana,noun,A1,bəˈnænə,bɐnˈɑːnɐ
band,noun,A1,ˈbænd,bˈænd
bank,noun,A1,ˈbæŋk,bˈæŋk
bar,noun,A1,ˈbɑɹ,bˈɑː
baseball,noun,A1,ˈbeɪsˈbɔɫ,bˈeɪsbɔːl
basketball,noun,A1,ˈbæskətˌbɔɫ,bˈɑːskɪtbˌɔːl
bat,noun,A1,ˈbæt,bˈæt
bath,noun,A1,ˈbæθ,bˈɑːθ
bathroom,noun,A1,ˈbæˌθɹum,bˈɑːθɹuːm
be,be-verb,A1,ˈbi,bˈiː
beach,noun,A1,ˈbitʃ,bˈiːtʃ
bean,noun,A1,ˈbin,bˈiːn
bear,noun,A1,ˈbɛɹ,bˈeə
beautiful,adjective,A1,ˈbjutəfəɫ,bjˈuːtɪfəl
because,conjunction,A1,bɪˈkɑz,bɪkˈʌz
become,verb,A1,bɪˈkəm,bɪkˈʌm
bed,noun,A1,ˈbɛd,bˈɛd
bedroom,noun,A1,ˈbɛˌdɹum,bˈɛdɹuːm
bee,noun,A1,ˈbi,bˈiː
beef,noun,A1,ˈbif,bˈiːf
before,adverb,A1,ˌbiˈfɔɹ,bɪfˈɔː
before,preposition,A1,ˌbiˈfɔɹ,bɪfˈɔː
begin,verb,A1,bɪˈɡɪn,bɪɡˈɪn
behind,adverb,A1,bɪˈhaɪnd,bɪhˈaɪnd
behind,preposition,A1,bɪˈhaɪnd,bɪhˈaɪnd
believe,verb,A1,bɪˈɫiv,bɪlˈiːv
bell,noun,A1,ˈbɛɫ,bˈɛl
below,adverb,A1,biˈɫoʊ,bɪlˈəʊ
below,preposition,A1,biˈɫoʊ,bɪlˈəʊ
beside,preposition,A1,ˌbiˈsaɪd,bɪsˈaɪd
best,adjective,A1,ˈbɛst,bˈɛst
best,adverb,A1,ˈbɛst,bˈɛst
better,adjective,A1,ˈbɛtɝ,bˈɛtɐ
between,preposition,A1,bitˈwin,bɪtwˈiːn
bicycle,noun,A1,ˈbaɪsɪkəɫ,bˈaɪsɪkəl
big,adjective,A1,ˈbɪɡ,bˈɪɡ
bike,noun,A1,ˈbaɪk,bˈaɪk
bird,noun,A1,ˈbɝd,bˈɜːd
birth,noun,A1,ˈbɝθ,bˈɜːθ
birthday,noun,A1,ˈbɝθˌdeɪ,bˈɜːθdeɪ
biscuit,noun,A1,ˈbɪskət,bˈɪskɪt
black,adjective,A1,ˈbɫæk,blˈæk
black,noun,A1,ˈbɫæk,blˈæk
blank,adjective,A1,ˈbɫæŋk,blˈæŋk
block,noun,A1,ˈbɫɑk,blˈɒk
blow,verb,A1,ˈbɫoʊ,blˈəʊ
blue,adjective,A1,ˈbɫu,blˈuː
blue,noun,A1,ˈbɫu,blˈuː
board,noun,A1,ˈbɔɹd,bˈɔːd
boat,noun,A1,ˈboʊt,bˈəʊt
body,noun,A1,ˈbɑdi,bˈɒdi
bone,noun,A1,ˈboʊn,bˈəʊn
book,noun,A1,ˈbʊk,bˈʊk
bookstore,noun,A1,ˈbʊkˌstɔɹ,bˈʊkstɔː
boring,adjective,A1,ˈbɔɹɪŋ,bˈɔːɹɪŋ
borrow,verb,A1,ˈbɑˌɹoʊ,bˈɒɹəʊ
both,adverb,A1,ˈboʊθ,bˈəʊθ
both,determiner,A1,ˈboʊθ,bˈəʊθ
both,pronoun,A1,ˈboʊθ,bˈəʊθ
bottle,noun,A1,ˈbɑtəɫ,bˈɒtəl
bottom,noun,A1,ˈbɑtəm,bˈɒtəm
bowl,noun,A1,ˈboʊɫ,bˈəʊl
box,noun,A1,ˈbɑks,bˈɒks
boy,noun,A1,ˈbɔɪ,bˈɔɪ
boyfriend,noun,A1,ˈbɔɪˌfɹɛnd,bˈɔɪfɹɛnd
brain,noun,A1,ˈbɹeɪn,bɹˈeɪn
bread,noun,A1,ˈbɹɛd,bɹˈɛd
break,verb,A1,ˈbɹeɪk,bɹˈeɪk
breakfast,noun,A1,ˈbɹɛkfəst,bɹˈɛkfəst
breathe,verb,A1,ˈbɹið,bɹˈiːð
bridge,noun,A1,ˈbɹɪdʒ,bɹˈɪdʒ
bright,adjective,A1,ˈbɹaɪt,bɹˈaɪt
bring,verb,A1,ˈbɹɪŋ,bɹˈɪŋ
broken,adjective,A1,ˈbɹoʊkən,bɹˈəʊkən
brother,noun,A1,ˈbɹəðɝ,bɹˈʌðɐ
brown,adjective,A1,ˈbɹaʊn,bɹˈaʊn
brush,noun,A1,ˈbɹəʃ,bɹˈʌʃ
brush,verb,A1,ˈbɹəʃ,bɹˈʌʃ
bucket,noun,A1,ˈbəkət,bˈʌkɪt
build,verb,A1,ˈbɪɫd,bˈɪld
building,noun,A1,ˈbɪɫdɪŋ,bˈɪldɪŋ
burger,noun,A1,ˈbɝɡɝ,bˈɜːɡɐ
bus,noun,A1,ˈbəs,bˈʌs
business,noun,A1,ˈbɪznəs,bˈɪznəs
busy,adjective,A1,ˈbɪzi,bˈɪzi
but,conjunction,A1,ˈbət,bˈʌt
butter,noun,A1,ˈbətɝ,bˈʌtɐ
butterfly,noun,A1,ˈbətɝˌfɫaɪ,bˈʌtəflˌaɪ
button,noun,A1,ˈbətən,bˈʌtən
buy,verb,A1,ˈbaɪ,bˈaɪ
by,preposition,A1,ˈbaɪ,bˈaɪ
bye,noun,A1,ˈbaɪ,bˈaɪ
cafe,noun,A1,kæˈfeɪ,
cake,noun,A1,ˈkeɪk,kˈeɪk
call,noun,A1,ˈkɔɫ,kˈɔːl
camera,noun,A1,ˈkæmɝə,kˈæmɹɐ
camp,noun,A1,ˈkæmp,kˈæmp
can,modal auxiliary,A1,ˈkæn,kˈæn
candy,noun,A1,ˈkændi,kˈændi
cap,noun,A1,ˈkæp,kˈæp
car,noun,A1,ˈkɑɹ,kˈɑː
card,noun,A1,ˈkɑɹd,kˈɑːd
care,noun,A1,ˈkɛɹ,kˈeə
careful,adjective,A1,ˈkɛɹfəɫ,kˈeəfəl
carefully,adverb,A1,ˈkɛɹfəɫi,kˈeəfəli
carry,verb,A1,ˈkæɹi,kˈæɹi
cartoon,noun,A1,kɑɹˈtun,kɑːtˈuːn
case,noun,A1,ˈkeɪs,kˈeɪs
cat,noun,A1,ˈkæt,kˈæt
catch,noun,A1,ˈkætʃ,kˈætʃ
catch,verb,A1,ˈkætʃ,kˈætʃ
CD,noun,A1,ˌsiˈdi,
CD player,noun,A1,ˌsiˈdi ˈpɫeɪɝ,
celebrate,verb,A1,ˈsɛɫəˌbɹeɪt,sˈɛləbɹˌeɪt
celebration,noun,A1,ˌsɛɫəˈbɹeɪʃən,sˌɛləbɹˈeɪʃən
chair,noun,A1,ˈtʃɛɹ,tʃˈeə
change,noun,A1,ˈtʃeɪndʒ,tʃˈeɪndʒ
change,verb,A1,ˈtʃeɪndʒ,tʃˈeɪndʒ
character,noun,A1,ˈkɛɹɪktɝ,kˈæɹɪktɐ
check,noun,A1,ˈtʃɛk,tʃˈɛk
cheese,noun,A1,ˈtʃiz,tʃˈiːz
chicken,noun,A1,ˈtʃɪkən,tʃˈɪkɪn
child,noun,A1,ˈtʃaɪɫd,tʃˈaɪld
chocolate,noun,A1,ˈtʃɔkɫət,tʃˈɒklət
choose,verb,A1,ˈtʃuz,tʃˈuːz
church,noun,A1,ˈtʃɝtʃ,tʃˈɜːtʃ
cinema,noun,A1,ˈsɪnəmə,sˈɪnəmɐ
circle,noun,A1,ˈsɝkəɫ,sˈɜːkəl
city,noun,A1,ˈsɪti,sˈɪti
class,noun,A1,ˈkɫæs,klˈɑːs
classmate,noun,A1,ˈkɫæsˌmeɪt,klˈɑːsmeɪt
classroom,noun,A1,ˈkɫæsˌɹum,klˈɑːsɹuːm
clean,adjective,A1,ˈkɫin,klˈiːn
clean,verb,A1,ˈkɫin,klˈiːn
clever,adjective,A1,ˈkɫɛvɝ,klˈɛvɐ
climb,noun,A1,ˈkɫaɪm,klˈaɪm
clock,noun,A1,ˈkɫɑk,klˈɒk
close,adjective,A1,ˈkɫoʊs,
close,verb,A1,ˈkɫoʊs,
closed,adjective,A1,ˈkɫoʊzd,klˈəʊzd
cloth,noun,A1,ˈkɫɔθ,klˈɒθ
clothes,noun,A1,ˈkɫoʊðz,klˈəʊðz
cloud,noun,A1,ˈkɫaʊd,klˈaʊd
cloudy,adjective,A1,ˈkɫaʊdi,klˈaʊdi
club,noun,A1,ˈkɫəb,klˈʌb
coach,noun,A1,ˈkoʊtʃ,kˈəʊtʃ
coat,noun,A1,ˈkoʊt,kˈəʊt
code,noun,A1,ˈkoʊd,kˈəʊd
coffee,noun,A1,ˈkɑfi,kˈɒfi
coke,noun,A1,ˈkoʊk,kˈəʊk
cold,adjective,A1,ˈkoʊɫd,kˈəʊld
cold,noun,A1,ˈkoʊɫd,kˈəʊld
collect,verb,A1,kəˈɫɛkt,
collection,noun,A1,kəˈɫɛkʃən,kəlˈɛkʃən
college,noun,A1,ˈkɑɫɪdʒ,kˈɒlɪdʒ
color,noun,A1,ˈkəɫɝ,
color,verb,A1,ˈkəɫɝ,
come,verb,A1,ˈkəm,kˈʌm
computer,noun,A1,kəmˈpjutɝ,kəmpjˈuːtɐ
concert,noun,A1,ˈkɑnsɝt,
contest,noun,A1,ˈkɑntɛst,
conversation,noun,A1,ˌkɑnvɝˈseɪʃən,kɒnvəsˈeɪʃən
cook,noun,A1,ˈkʊk,kˈʊk
cook,verb,A1,ˈkʊk,kˈʊk
cookie,noun,A1,ˈkʊki,kˈʊki
cool,adjective,A1,ˈkuɫ,kˈuːl
cop,noun,A1,ˈkɑp,kˈɒp
copy,noun,A1,ˈkɑpi,kˈɒpi
corn,noun,A1,ˈkɔɹn,kˈɔːn
corner,noun,A1,ˈkɔɹnɝ,kˈɔːnɐ
correct,adjective,A1,kɝˈɛkt,kəɹˈɛkt
couch,noun,A1,ˈkaʊtʃ,kˈaʊtʃ
could,modal auxiliary,A1,ˈkʊd,kˈʊd
course,noun,A1,ˈkɔɹs,kˈɔːs
cousin,noun,A1,ˈkəzən,kˈʌzən
cover,noun,A1,ˈkəvɝ,kˈʌvɐ
cow,noun,A1,ˈkaʊ,kˈaʊ
cream,noun,A1,ˈkɹim,kɹˈiːm
credit card,noun,A1,ˈkɹɛdət ˈkɑɹd,kɹˈɛdɪt kˈɑːd
cry,noun,A1,ˈkɹaɪ,kɹˈaɪ
culture,noun,A1,ˈkəɫtʃɝ,kˈʌltʃɐ
cup,noun,A1,ˈkəp,kˈʌp
cut,verb,A1,ˈkət,kˈʌt
cute,adjective,A1,ˈkjut,kjˈuːt
dad,noun,A1,ˈdæd,dˈæd
daddy,noun,A1,ˈdædi,dˈædi
dance,noun,A1,ˈdæns,dˈɑːns
dance,verb,A1,ˈdæns,dˈɑːns
dancing,noun,A1,ˈdænsɪŋ,dˈɑːnsɪŋ
dark,adjective,A1,ˈdɑɹk,dˈɑːk
date,noun,A1,ˈdeɪt,dˈeɪt
daughter,noun,A1,ˈdɔtɝ,dˈɔːtɐ
day,noun,A1,ˈdeɪ,dˈeɪ
dear,adjective,A1,ˈdɪɹ,dˈiə
December,noun,A1,dɪˈsɛmbɝ,
delicious,adjective,A1,dɪˈɫɪʃəs,dɪlˈɪʃəs
describe,verb,A1,dɪsˈkɹaɪb,dɪskɹˈaɪb
design,noun,A1,dɪˈzaɪn,dɪzˈaɪn
desk,noun,A1,ˈdɛsk,dˈɛsk
dictionary,noun,A1,ˈdɪkʃəˌnɛɹi,dˈɪkʃənəɹi
did,do-verb,A1,ˈdɪd,dˈɪd
difference,noun,A1,ˈdɪfɝəns,dˈɪfɹəns
different,adjective,A1,ˈdɪfɝənt,dˈɪfɹənt
difficult,adjective,A1,ˈdɪfəkəɫt,dˈɪfɪkəlt
dig,noun,A1,ˈdɪɡ,dˈɪɡ
dining room,noun,A1,ˈdaɪnɪŋ ˈɹum,dˈaɪnɪŋ ɹˈuːm
dinner,noun,A1,ˈdɪnɝ,dˈɪnɐ
dirty,adjective,A1,ˈdɝti,dˈɜːti
discuss,verb,A1,dɪˈskəs,dɪskˈʌs
dish,noun,A1,ˈdɪʃ,dˈɪʃ
do,do-verb,A1,ˈdu,
doctor,noun,A1,ˈdɑktɝ,dˈɒktɐ
does,do-verb,A1,ˈdəz,
dog,noun,A1,ˈdɔɡ,dˈɒɡ
doing,do-verb,A1,ˈduɪŋ,dˈuːɪŋ
doll,noun,A1,ˈdɑɫ,dˈɒl
dollar,noun,A1,ˈdɑɫɝ,dˈɒlɐ
door,noun,A1,ˈdɔɹ,dˈɔː
down,adverb,A1,ˈdaʊn,dˈaʊn
drama,noun,A1,ˈdɹɑmə,dɹˈɑːmɐ
draw,verb,A1,ˈdɹɔ,dɹˈɔː
dream,noun,A1,ˈdɹim,dɹˈiːm
dress,noun,A1,ˈdɹɛs,dɹˈɛs
drink,noun,A1,ˈdɹɪŋk,dɹˈɪŋk
drink,verb,A1,ˈdɹɪŋk,dɹˈɪŋk
drive,noun,A1,ˈdɹaɪv,dɹˈaɪv
driver,noun,A1,ˈdɹaɪvɝ,dɹˈaɪvɐ
drop,verb,A1,ˈdɹɑp,dɹˈɒp
drum,noun,A1,ˈdɹəm,dɹˈʌm
dry,adjective,A1,ˈdɹaɪ,dɹˈaɪ
due,adjective,A1,ˈdju,djˈuː
DVD,noun,A1,ˌdiˌviˈdi,
each,determiner,A1,ˈitʃ,ˈiːtʃ
each,pronoun,A1,ˈitʃ,ˈiːtʃ
each other,pronoun,A1,ˈitʃ ˈəðɝ,ˈiːtʃ ˈʌðɐ
ear,noun,A1,ˈiɹ,ˈiə
early,adverb,A1,ˈɝɫi,ˈɜːli
easy,adjective,A1,ˈizi,ˈiːzi
eat,verb,A1,ˈit,ˈiːt
egg,noun,A1,ˈɛɡ,ˈɛɡ
eight,number,A1,ˈeɪt,ˈeɪt
eighteen,number,A1,ˈeɪˈtin,eɪtˈiːn
eighty,number,A1,ˈeɪti,ˈeɪti
either,adverb,A1,ˈaɪðɝ,ˈaɪðɐ
elementary,adjective,A1,ˌɛɫəˈmɛntɝɹi,ˌɛlɪmˈɛntəɹi
eleven,number,A1,ˈiɫɛvən,ɪlˈɛvən
else,adverb,A1,ˈɛɫs,ˈɛls
email,noun,A1,iˈmeɪɫ,
end,noun,A1,ˈɛnd,ˈɛnd
engineer,noun,A1,ˈɛndʒəˈnɪɹ,ˌɛndʒɪnˈiə
enjoy,verb,A1,ˌɛnˈdʒɔɪ,ɛndʒˈɔɪ
evening,noun,A1,ˈivnɪŋ,
event,noun,A1,iˈvɛnt,ɪvˈɛnt
every,determiner,A1,ˈɛvɝi,ˈɛvɹi
everybody,pronoun,A1,ˈɛvɹiˌbɑdi,ˈɛvɹɪbˌɒdi
everyday,adjective,A1,ˈɛvɹiˈdeɪ,ˈɛvɹɪdˌeɪ
everyone,pronoun,A1,ˈɛvɹiˌwən,ˈɛvɹɪwˌɒn
everything,pronoun,A1,ˈɛvɹiˌθɪŋ,ˈɛvɹɪθˌɪŋ
everywhere,adverb,A1,ˈɛvɹiˌwɛɹ,ˈɛvɹɪwˌeə
example,noun,A1,ɪɡˈzæmpəɫ,ɛɡzˈɑːmpəl
excellent,adjective,A1,ˈɛksəɫənt,ˈɛksələnt
excited,adjective,A1,ɪkˈsaɪtəd,ɛksˈaɪtɪd
exciting,adjective,A1,ɪkˈsaɪtɪŋ,ɛksˈaɪtɪŋ
excuse,noun,A1,ɪkˈskjus,
exercise,verb,A1,ˈɛksɝˌsaɪz,ˈɛksəsˌaɪz
expensive,adjective,A1,ɪkˈspɛnsɪv,ɛkspˈɛnsɪv
eye,noun,A1,ˈaɪ,ˈaɪ
face,noun,A1,ˈfeɪs,fˈeɪs
factory,noun,A1,ˈfæktɝi,fˈæktəɹˌi
fair,adjective,A1,ˈfɛɹ,fˈeə
fairy,noun,A1,ˈfɛɹi,fˈeəɹi
false,adjective,A1,ˈfɔɫs,fˈɒls
family,noun,A1,ˈfæməɫi,fˈæmɪli
famous,adjective,A1,ˈfeɪməs,fˈeɪməs
fan,noun,A1,ˈfæn,fˈæn
farm,noun,A1,ˈfɑɹm,fˈɑːm
farmer,noun,A1,ˈfɑɹmɝ,fˈɑːmɐ
fast,adjective,A1,ˈfæst,fˈɑːst
fast,adverb,A1,ˈfæst,fˈɑːst
fat,adjective,A1,ˈfæt,fˈæt
father,noun,A1,ˈfɑðɝ,fˈɑːðɐ
favorite,adjective,A1,ˈfeɪvɝɪt,fˈeɪvəɹɪt
favorite,noun,A1,ˈfeɪvɝɪt,fˈeɪvəɹɪt
February,noun,A1,ˈfɛbjəˌwɛɹi,
feed,noun,A1,ˈfid,fˈiːd
feel,verb,A1,ˈfiɫ,fˈiːl
feeling,noun,A1,ˈfiɫɪŋ,fˈiːlɪŋ
festival,noun,A1,ˈfɛstəvəɫ,fˈɛstɪvəl
fever,noun,A1,ˈfivɝ,fˈiːvɐ
field,noun,A1,ˈfiɫd,fˈiːld
fifteen,number,A1,ˈfɪfˈtin,fɪftˈiːn
fifty,number,A1,ˈfɪfti,fˈɪfti
fight,noun,A1,ˈfaɪt,fˈaɪt
file,noun,A1,ˈfaɪɫ,
fill,verb,A1,ˈfɪɫ,fˈɪl
find,verb,A1,ˈfaɪnd,fˈaɪnd
fine,adjective,A1,ˈfaɪn,
finish,noun,A1,ˈfɪnɪʃ,
finish,verb,A1,ˈfɪnɪʃ,
fire,noun,A1,ˈfaɪɝ,fˈaɪə
first,adjective,A1,ˈfɝst,fˈɜːst
first,adverb,A1,ˈfɝst,fˈɜːst
fish,noun,A1,ˈfɪʃ,fˈɪʃ
fishing,noun,A1,ˈfɪʃɪŋ,fˈɪʃɪŋ
five,number,A1,ˈfaɪv,fˈaɪv
flag,noun,A1,ˈfɫæɡ,flˈæɡ
flat,noun,A1,ˈfɫæt,flˈæt
floor,noun,A1,ˈfɫɔɹ,flˈɔː
flower,noun,A1,ˈfɫaʊɝ,
fly,noun,A1,ˈfɫaɪ,flˈaɪ
fly,verb,A1,ˈfɫaɪ,flˈaɪ
focus,verb,A1,ˈfoʊkəs,fˈəʊkəs
foggy,adjective,A1,ˈfɑɡi,fˈɒɡi
following,adjective,A1,ˈfɑɫoʊɪŋ,fˈɒləʊɪŋ
food,noun,A1,ˈfud,fˈuːd
football,noun,A1,ˈfʊtˌbɔɫ,fˈʊtbɔːl
for,preposition,A1,ˈfɔɹ,fˈɔː
foreign,adjective,A1,ˈfɑɹən,fˈɒɹən
foreigner,noun,A1,ˈfɑɹənɝ,fˈɒɹənɐ
forget,verb,A1,fɝˈɡɛt,fəɡˈɛt
form,noun,A1,ˈfɔɹm,fˈɔːm
forty,number,A1,ˈfɔɹti,fˈɔːti
four,number,A1,ˈfɔɹ,fˈɔː
fourteen,number,A1,ˈfɔɹˈtin,fɔːtˈiːn
free,adjective,A1,ˈfɹi,fɹˈiː
Friday,noun,A1,ˈfɹaɪˌdeɪ,
friend,noun,A1,ˈfɹɛnd,fɹˈɛnd
frog,noun,A1,ˈfɹɑɡ,fɹˈɒɡ
from,preposition,A1,ˈfɹəm,fɹˈɒm
front,adjective,A1,ˈfɹənt,fɹˈʌnt
fruit,noun,A1,ˈfɹut,fɹˈuːt
full,adjective,A1,ˈfʊɫ,fˈʊl
fun,adjective,A1,ˈfən,fˈʌn
fun,noun,A1,ˈfən,fˈʌn
funny,adjective,A1,ˈfəni,fˈʌni
future,noun,A1,ˈfjutʃɝ,fjˈuːtʃɐ
game,noun,A1,ˈɡeɪm,ɡˈeɪm
garbage,noun,A1,ˈɡɑɹbɪdʒ,ɡˈɑːbɪdʒ
garden,noun,A1,ˈɡɑɹdən,ɡˈɑːdən
get,verb,A1,ˈɡɛt,ɡˈɛt
ghost,noun,A1,ˈɡoʊst,ɡˈəʊst
gift,noun,A1,ˈɡɪft,ɡˈɪft
girl,noun,A1,ˈɡɝɫ,ɡˈɜːl
girlfriend,noun,A1,ˈɡɝɫˌfɹɛnd,ɡˈɜːlfɹɛnd
give,verb,A1,ˈɡɪv,ɡˈɪv
glad,adjective,A1,ˈɡɫæd,ɡlˈæd
glass,noun,A1,ˈɡɫæs,ɡlˈɑːs
glasses,noun,A1,ˈɡɫæsəz,ɡlˈɑːsɪz
go,verb,A1,ˈɡoʊ,ɡˈəʊ
goal,noun,A1,ˈɡoʊɫ,ɡˈəʊl
gold,adjective,A1,ˈɡoʊɫd,ɡˈəʊld
good,adjective,A1,ˈɡʊd,ɡˈʊd
good afternoon,interjection,A1,ˈɡʊd ˌæftɝˈnun,
good morning,interjection,A1,ˈɡʊd ˈmɔɹnɪŋ,ɡˈʊd mˈɔːnɪŋ
good night,interjection,A1,ˈɡʊd ˈnaɪt,ɡˈʊd nˈaɪt
grade,noun,A1,ˈɡɹeɪd,ɡɹˈeɪd
grammar,noun,A1,ˈɡɹæmɝ,ɡɹˈæmɐ
grandfather,noun,A1,ˈɡɹænˌfɑðɝ,ɡɹˈændfɑːðɐ
grandma,noun,A1,ˈɡɹændmɑ,ɡɹˈændmɑː
grandmother,noun,A1,ˈɡɹændˌməðɝ,ɡɹˈændmʌðɐ
grandpa,noun,A1,ˈɡɹændˌpɑ,ɡɹˈændpɑː
grandparent,noun,A1,ˈɡɹændˌpɛɹənt,ɡɹˈændpeəɹənt
grape,noun,A1,ˈɡɹeɪp,ɡɹˈeɪp
grass,noun,A1,ˈɡɹæs,ɡɹˈɑːs
gray,adjective,A1,ˈɡɹeɪ,ɡɹˈeɪ
gray,noun,A1,ˈɡɹeɪ,ɡɹˈeɪ
great,adjective,A1,ˈɡɹeɪt,ɡɹˈeɪt
green,adjective,A1,ˈɡɹin,ɡɹˈiːn
greet,verb,A1,ˈɡɹit,ɡɹˈiːt
ground,noun,A1,ˈɡɹaʊnd,ɡɹˈaʊnd
group,noun,A1,ˈɡɹup,ɡɹˈuːp
grow,verb,A1,ˈɡɹoʊ,ɡɹˈəʊ
guess,verb,A1,ˈɡɛs,ɡˈɛs
guest,noun,A1,ˈɡɛst,ɡˈɛst
guitar,noun,A1,ɡɪˈtɑɹ,ɡɪtˈɑː
guy,noun,A1,ˈɡaɪ,ɡˈaɪ
habit,noun,A1,ˈhæbət,hˈæbɪt
had,have-verb,A1,ˈhæd,hˈæd
hair,noun,A1,ˈhɛɹ,hˈeə
haircut,noun,A1,ˈhɛɹˌkət,hˈeəkʌt
half,noun,A1,ˈhæf,hˈɑːf
hall,noun,A1,ˈhɔɫ,hˈɔːl
hamburger,noun,A1,ˈhæmbɝɡɝ,hˈæmbɜːɡɐ
hand,noun,A1,ˈhænd,hˈænd
handsome,adjective,A1,ˈhænsəm,hˈændsʌm
happen,verb,A1,ˈhæpən,hˈæpən
happy,adjective,A1,ˈhæpi,hˈæpi
hard,adjective,A1,ˈhɑɹd,hˈɑːd
hard,adverb,A1,ˈhɑɹd,hˈɑːd
has,have-verb,A1,ˈhæz,hˈæz
hat,noun,A1,ˈhæt,hˈæt
have,have-verb,A1,ˈhæv,
have to,modal auxiliary,A1,ˈhæv ˈtu,
he,pronoun,A1,ˈhi,
head,noun,A1,ˈhɛd,hˈɛd
headache,noun,A1,ˈhɛˌdeɪk,hˈɛdeɪk
health,noun,A1,ˈhɛɫθ,hˈɛlθ
healthy,adjective,A1,ˈhɛɫθi,hˈɛlθi
hear,verb,A1,ˈhiɹ,hˈiə
heart,noun,A1,ˈhɑɹt,hˈɑːt
heavy,adjective,A1,ˈhɛvi,hˈɛvi
hello,noun,A1,həˈɫoʊ,həlˈəʊ
help,verb,A1,ˈhɛɫp,hˈɛlp
her,determiner,A1,ˈhɝ,hˈɜː
her,pronoun,A1,ˈhɝ,hˈɜː
here,adverb,A1,ˈhiɹ,hˈiə
hers,pronoun,A1,ˈhɝz,hˈɜːz
hi,interjection,A1,ˈhaɪ,hˈaɪ
hide,verb,A1,ˈhaɪd,hˈaɪd
high,adjective,A1,ˈhaɪ,hˈaɪ
hill,noun,A1,ˈhɪɫ,hˈɪl
him,pronoun,A1,ˈhɪm,hˈɪm
his,determiner,A1,ˈhɪz,hˈɪz
his,pronoun,A1,ˈhɪz,hˈɪz
history,noun,A1,ˈhɪstɝi,hˈɪstəɹˌi
hobby,noun,A1,ˈhɑbi,hˈɒbi
hold,noun,A1,ˈhoʊɫd,hˈəʊld
hole,noun,A1,ˈhoʊɫ,hˈəʊl
holiday,noun,A1,ˈhɑɫəˌdeɪ,hˈɒlɪdˌeɪ
home,noun,A1,ˈhoʊm,hˈəʊm
hometown,noun,A1,ˈhoʊmˌtaʊn,hˈəʊmtaʊn
homework,noun,A1,ˈhoʊmˌwɝk,hˈəʊmwɜːk
hope,noun,A1,ˈhoʊp,hˈəʊp
horse,noun,A1,ˈhɔɹs,hˈɔːs
hospital,noun,A1,ˈhɑˌspɪtəɫ,hˈɒspɪtəl
hot,adjective,A1,ˈhɑt,hˈɒt
hotel,noun,A1,hoʊˈtɛɫ,həʊtˈɛl
hour,noun,A1,ˈaʊɝ,ˈaʊə
house,noun,A1,ˈhaʊs,
how,adverb,A1,ˈhaʊ,hˈaʊ
hungry,adjective,A1,ˈhəŋɡɹi,hˈʌŋɡɹi
hurry,noun,A1,ˈhɝi,hˈʌɹi
hurt,verb,A1,ˈhɝt,hˈɜːt
husband,noun,A1,ˈhəzbənd,hˈʌsbənd
I,pronoun,A1,ˈaɪ,
ice,noun,A1,ˈaɪs,ˈaɪs
ice cream,noun,A1,ˈaɪs ˈkɹim,ˈaɪs kɹˈiːm
idea,noun,A1,aɪˈdiə,aɪdˈiə
ideal,adjective,A1,aɪˈdiɫ,aɪdˈiəl
if,conjunction,A1,ˈɪf,ˈɪf
imagine,verb,A1,ˌɪˈmædʒən,ɪmˈædʒɪn
important,adjective,A1,ˌɪmˈpɔɹtənt,ɪmpˈɔːtənt
in,preposition,A1,ˈɪn,ˈɪn
information,noun,A1,ˌɪnfɝˈmeɪʃən,ˌɪnfəmˈeɪʃən
inside,preposition,A1,ˈɪnˌsaɪd,
interested,adjective,A1,ˈɪntɝəstəd,ˈɪntɹəstɪd
interesting,adjective,A1,ˈɪntɝəstɪŋ,ˈɪntɹəstɪŋ
Internet,noun,A1,ˈɪntɝˌnɛt,ˈɪntənˌɛt
interview,noun,A1,ˈɪntɝvˌju,ˈɪntəvjˌuː
interviewer,noun,A1,ˈɪntɝvˌjuɝ,ˈɪntəvjˌuːɐ
into,preposition,A1,ˈɪntu,ˈɪntʊ
introduce,verb,A1,ˌɪntɹəˈdus,ˌɪntɹədjˈuːs
is,be-verb,A1,ˈɪz,ˈɪz
island,noun,A1,ˈaɪɫənd,ˈaɪlənd
it,pronoun,A1,ˈɪt,ˈɪt
item,noun,A1,ˈaɪtəm,ˈaɪtəm
its,determiner,A1,ˈɪts,ˈɪts
its,pronoun,A1,ˈɪts,ˈɪts
jacket,noun,A1,ˈdʒækət,dʒˈækɪt
January,noun,A1,ˈdʒænjuˌɛɹi,
jeans,noun,A1,ˈdʒinz,dʒˈiːnz
jet,noun,A1,ˈdʒɛt,dʒˈɛt
jewelry,noun,A1,ˈdʒuəɫɹi,dʒˈuːəlɹi
job,noun,A1,ˈdʒɑb,
join,verb,A1,ˈdʒɔɪn,dʒˈɔɪn
judge,verb,A1,ˈdʒədʒ,dʒˈʌdʒ
juice,noun,A1,ˈdʒus,dʒˈuːs
July,noun,A1,ˌdʒuˈɫaɪ,
jump,verb,A1,ˈdʒəmp,dʒˈʌmp
June,noun,A1,ˈdʒun,
just,adverb,A1,ˈdʒəst,dʒˈʌst
keep,verb,A1,ˈkip,kˈiːp
key,adjective,A1,ˈki,kˈiː
key,noun,A1,ˈki,kˈiː
kick,noun,A1,ˈkɪk,kˈɪk
kick,verb,A1,ˈkɪk,kˈɪk
kid,noun,A1,ˈkɪd,kˈɪd
kill,verb,A1,ˈkɪɫ,kˈɪl
kind,noun,A1,ˈkaɪnd,kˈaɪnd
king,noun,A1,ˈkɪŋ,kˈɪŋ
kiss,noun,A1,ˈkɪs,kˈɪs
kitchen,noun,A1,ˈkɪtʃən,kˈɪtʃən
kite,noun,A1,ˈkaɪt,kˈaɪt
knee,noun,A1,ˈni,nˈiː
knife,noun,A1,ˈnaɪf,nˈaɪf
know,verb,A1,ˈnoʊ,nˈəʊ
lady,noun,A1,ˈɫeɪdi,lˈeɪdi
language,noun,A1,ˈɫæŋɡwədʒ,lˈæŋɡwɪdʒ
large,adjective,A1,ˈɫɑɹdʒ,lˈɑːdʒ
last name,noun,A1,ˈɫæs ˈneɪm,lˈɑːst nˈeɪm
late,adjective,A1,ˈɫeɪt,lˈeɪt
late,adverb,A1,ˈɫeɪt,lˈeɪt
later,adverb,A1,ˈɫeɪtɝ,lˈeɪtɐ
laugh,verb,A1,ˈɫæf,lˈɑːf
lazy,adjective,A1,ˈɫeɪzi,lˈeɪzi
leader,noun,A1,ˈɫidɝ,lˈiːdɐ
leaf,noun,A1,ˈɫif,lˈiːf
learn,verb,A1,ˈɫɝn,lˈɜːn
leave,verb,A1,ˈɫiv,lˈiːv
left,adjective,A1,ˈɫɛft,lˈɛft
leg,noun,A1,ˈɫɛɡ,lˈɛɡ
lesson,noun,A1,ˈɫɛsən,lˈɛsən
let,verb,A1,ˈɫɛt,lˈɛt
letter,noun,A1,ˈɫɛtɝ,lˈɛtɐ
library,noun,A1,ˈɫaɪbɹɛˌɹi,lˈaɪbɹəɹi
life,noun,A1,ˈɫaɪf,lˈaɪf
light,adjective,A1,ˈɫaɪt,lˈaɪt
light,noun,A1,ˈɫaɪt,lˈaɪt
like,preposition,A1,ˈɫaɪk,lˈaɪk
like,verb,A1,ˈɫaɪk,lˈaɪk
lily,noun,A1,ˈɫɪɫi,lˈɪli
line,noun,A1,ˈɫaɪn,lˈaɪn
lion,noun,A1,ˈɫaɪən,lˈaɪən
list,noun,A1,ˈɫɪst,lˈɪst
listen,verb,A1,ˈɫɪsən,lˈɪsən
little,adjective,A1,ˈɫɪtəɫ,lˈɪtəl
little,adverb,A1,ˈɫɪtəɫ,lˈɪtəl
live,verb,A1,ˈɫaɪv,
living,adjective,A1,ˈɫɪvɪŋ,lˈɪvɪŋ
living room,noun,A1,ˈɫɪvɪŋ ˈɹum,lˈɪvɪŋ ɹˈuːm
lonely,adjective,A1,ˈɫoʊnɫi,lˈəʊnli
long,adjective,A1,ˈɫɔŋ,lˈɒŋ
look,noun,A1,ˈɫʊk,lˈʊk
look,verb,A1,ˈɫʊk,lˈʊk
lot,adverb,A1,ˈɫɑt,lˈɒt
lot,pronoun,A1,ˈɫɑt,lˈɒt
love,noun,A1,ˈɫəv,lˈʌv
love,verb,A1,ˈɫəv,lˈʌv
lovely,adjective,A1,ˈɫəvɫi,lˈʌvli
luck,noun,A1,ˈɫək,lˈʌk
lucky,adjective,A1,ˈɫəki,lˈʌki
lunch,noun,A1,ˈɫəntʃ,lˈʌntʃ
machine,noun,A1,məˈʃin,məʃˈiːn
magazine,noun,A1,ˈmæɡəˌzin,mˌæɡɐzˈiːn
mail,noun,A1,ˈmeɪɫ,mˈeɪl
make,verb,A1,ˈmeɪk,mˈeɪk
man,noun,A1,ˈmæn,mˈæn
many,determiner,A1,ˈmɛni,mˈɛni
many,pronoun,A1,ˈmɛni,mˈɛni
map,noun,A1,ˈmæp,mˈæp
March,noun,A1,ˈmɑɹtʃ,mˈɑːtʃ
match,noun,A1,ˈmætʃ,mˈætʃ
math,noun,A1,ˈmæθ,mˈæθ
matter,noun,A1,ˈmætɝ,mˈætɐ
may,modal auxiliary,A1,ˈmeɪ,mˈeɪ
May,noun,A1,ˈmeɪ,mˈeɪ
maybe,adverb,A1,ˈmeɪbi,mˈeɪbiː
me,pronoun,A1,ˈmi,mˈiː
meal,noun,A1,ˈmiɫ,mˈiːl
mean,verb,A1,ˈmin,mˈiːn
meat,noun,A1,ˈmit,mˈiːt
medicine,noun,A1,ˈmɛdəsən,mˈɛdsən
meet,verb,A1,ˈmit,mˈiːt
meeting,noun,A1,ˈmitɪŋ,mˈiːtɪŋ
memory,noun,A1,ˈmɛmɝi,mˈɛməɹˌi
merry,adjective,A1,ˈmɛɹi,mˈɛɹi
message,noun,A1,ˈmɛsədʒ,mˈɛsɪdʒ
middle,adjective,A1,ˈmɪdəɫ,mˈɪdəl
milk,noun,A1,ˈmɪɫk,mˈɪlk
mind,noun,A1,ˈmaɪnd,mˈaɪnd
mine,pronoun,A1,ˈmaɪn,mˈaɪn
minute,noun,A1,ˈmɪnət,
miss,verb,A1,ˈmɪs,mˈɪs
Miss,noun,A1,ˈmɪs,mˈɪs
mobile,noun,A1,ˈmoʊbəɫ,
mobile phone,noun,A1,ˈmoʊbəɫ ˈfoʊn,
mom,noun,A1,ˈmɑm,mˈɒm
moment,noun,A1,ˈmoʊmənt,mˈəʊmənt
mommy,noun,A1,ˈmɑmi,mˈɒmi
Monday,noun,A1,ˈmənˌdeɪ,
money,noun,A1,ˈməni,mˈʌni
monkey,noun,A1,ˈməŋki,mˈʌnki
month,noun,A1,ˈmənθ,mˈʌnθ
moon,noun,A1,ˈmun,mˈuːn
more,determiner,A1,ˈmɔɹ,mˈɔː
more,pronoun,A1,ˈmɔɹ,mˈɔː
morning,noun,A1,ˈmɔɹnɪŋ,mˈɔːnɪŋ
most,determiner,A1,ˈmoʊs,mˈəʊst
mother,noun,A1,ˈməðɝ,
mountain,noun,A1,ˈmaʊntən,mˈaʊntɪn
mouse,noun,A1,ˈmaʊs,
mouth,noun,A1,ˈmaʊθ,
move,noun,A1,ˈmuv,mˈuːv
movie,noun,A1,ˈmuvi,mˈuːvi
Mr.,noun,A1,ˈmɪstɝ,
Mrs.,noun,A1,ˈmɪsɪz,
much,adverb,A1,ˈmətʃ,mˈʌtʃ
much,determiner,A1,ˈmətʃ,mˈʌtʃ
much,pronoun,A1,ˈmətʃ,mˈʌtʃ
mum,noun,A1,ˈməm,mˈʌm
music,noun,A1,ˈmjuzɪk,mjˈuːzɪk
musician,noun,A1,mjuˈzɪʃən,mjuːzˈɪʃən
must,modal auxiliary,A1,ˈməst,mˈʌst
my,determiner,A1,ˈmaɪ,mˈaɪ
name,noun,A1,ˈneɪm,nˈeɪm
nationality,noun,A1,ˌnæʃəˈnæɫəti,nˌæʃənˈælɪti
near,preposition,A1,ˈnɪɹ,nˈiə
neck,noun,A1,ˈnɛk,nˈɛk
need,modal auxiliary,A1,ˈnid,nˈiːd
neighbor,noun,A1,ˈneɪbɝ,
never,adverb,A1,ˈnɛvɝ,nˈɛvɐ
new,adjective,A1,ˈnju,njˈuː
news,noun,A1,ˈnjuz,njˈuːz
newspaper,noun,A1,ˈnuzˌpeɪpɝ,njˈuːzpeɪpɐ
nice,adjective,A1,ˈnaɪs,
night,noun,A1,ˈnaɪt,nˈaɪt
nine,number,A1,ˈnaɪn,nˈaɪn
nineteen,number,A1,ˈnaɪnˈtin,naɪntˈiːn
ninety,number,A1,ˈnaɪnti,nˈaɪnti
no,adverb,A1,ˈnoʊ,
no,determiner,A1,ˈnoʊ,
noise,noun,A1,ˈnɔɪz,nˈɔɪz
nose,noun,A1,ˈnoʊz,nˈəʊz
not,adverb,A1,ˈnɑt,nˈɒt
note,noun,A1,ˈnoʊt,nˈəʊt
note,verb,A1,ˈnoʊt,nˈəʊt
notebook,noun,A1,ˈnoʊtˌbʊk,nˈəʊtbʊk
nothing,pronoun,A1,ˈnəθɪŋ,nˈʌθɪŋ
November,noun,A1,noʊˈvɛmbɝ,
now,adverb,A1,ˈnaʊ,nˈaʊ
number,noun,A1,ˈnəmbɝ,
nurse,noun,A1,ˈnɝs,nˈɜːs
o'clock,adverb,A1,əˈkɫɑk,əklˈɒk
October,noun,A1,ɑkˈtoʊbɝ,
of,preposition,A1,ˈəv,ˈɒv
off,adjective,A1,ˈɔf,ˈɒf
office,noun,A1,ˈɔfɪs,ˈɒfɪs
officer,noun,A1,ˈɔfəsɝ,ˈɒfɪsɐ
often,adverb,A1,ˈɔfən,ˈɒfən
OK,adjective,A1,ˈoʊˈkeɪ,
OK,adverb,A1,ˈoʊˈkeɪ,
old,adjective,A1,ˈoʊɫd,ˈəʊld
Olympics,noun,A1,oʊˈɫɪmpɪks,
on,preposition,A1,ˈɑn,ˈɒn
once,adverb,A1,ˈwəns,wˈɒns
one,determiner,A1,ˈwən,wˈɒn
one,number,A1,ˈwən,wˈɒn
only,adjective,A1,ˈoʊnɫi,ˈəʊnli
only,adverb,A1,ˈoʊnɫi,ˈəʊnli
open,adjective,A1,ˈoʊpən,ˈəʊpən
open,verb,A1,ˈoʊpən,ˈəʊpən
opera,noun,A1,ˈɑpɹə,ˈɒpəɹɐ
or,conjunction,A1,ˈɔɹ,ˈɔː
orange,adjective,A1,ˈɔɹəndʒ,ˈɒɹɪndʒ
orange,noun,A1,ˈɔɹəndʒ,ˈɒɹɪndʒ
order,noun,A1,ˈɔɹdɝ,ˈɔːdɐ
other,determiner,A1,ˈəðɝ,ˈʌðɐ
our,determiner,A1,ˈaʊɝ,ˈaʊə
ours,pronoun,A1,ˈaʊɝz,ˈaʊəz
out,adverb,A1,ˈaʊt,ˈaʊt
outside,adverb,A1,ˈaʊtˈsaɪd,
over,preposition,A1,ˈoʊvɝ,ˈəʊvɐ
own,adjective,A1,ˈoʊn,ˈəʊn
owner,noun,A1,ˈoʊnɝ,ˈəʊnɐ
p.m.,adverb,A1,,
page,noun,A1,ˈpeɪdʒ,pˈeɪdʒ
paint,noun,A1,ˈpeɪnt,pˈeɪnt
paint,verb,A1,ˈpeɪnt,pˈeɪnt
painting,noun,A1,ˈpeɪntɪŋ,pˈeɪntɪŋ
pair,noun,A1,ˈpɛɹ,pˈeə
palace,noun,A1,ˈpæɫəs,pˈælɪs
pants,noun,A1,ˈpænts,pˈɑːnts
paper,noun,A1,ˈpeɪpɝ,pˈeɪpɐ
paragraph,noun,A1,ˈpæɹəˌɡɹæf,pˈæɹəɡɹˌæf
pardon,noun,A1,ˈpɑɹdən,pˈɑːdən
parent,noun,A1,ˈpɛɹənt,pˈeəɹənt
park,noun,A1,ˈpɑɹk,pˈɑːk
partner,noun,A1,ˈpɑɹtnɝ,pˈɑːtnɐ
party,noun,A1,ˈpɑɹti,pˈɑːti
past,adverb,A1,ˈpæst,pˈɑːst
past,preposition,A1,ˈpæst,pˈɑːst
pay,noun,A1,ˈpeɪ,pˈeɪ
pay,verb,A1,ˈpeɪ,pˈeɪ
peace,noun,A1,ˈpis,pˈiːs
pen,noun,A1,ˈpɛn,pˈɛn
pencil,noun,A1,ˈpɛnsəɫ,pˈɛnsəl
people,noun,A1,ˈpipəɫ,pˈiːpəl
period,noun,A1,ˈpɪɹiəd,pˈiəɹɪəd
person,noun,A1,ˈpɝsən,pˈɜːsən
personal,adjective,A1,ˈpɝsɪnəɫ,pˈɜːsənəl
pet,noun,A1,ˈpɛt,pˈɛt
phone,noun,A1,ˈfoʊn,fˈəʊn
phone,verb,A1,ˈfoʊn,fˈəʊn
photo,noun,A1,ˈfoʊˌtoʊ,fˈəʊtəʊ
piano,noun,A1,piˈænə,pɪˈænəʊ
pick,verb,A1,ˈpɪk,pˈɪk
picnic,noun,A1,ˈpɪkˌnɪk,pˈɪknɪk
picture,noun,A1,ˈpɪktʃɝ,pˈɪktʃɐ
piece,noun,A1,ˈpis,pˈiːs
pig,noun,A1,ˈpɪɡ,pˈɪɡ
pink,adjective,A1,ˈpɪŋk,pˈɪŋk
pizza,noun,A1,ˈpitsə,pˈiːtsɐ
place,noun,A1,ˈpɫeɪs,plˈeɪs
plan,noun,A1,ˈpɫæn,plˈæn
plane,noun,A1,ˈpɫeɪn,plˈeɪn
play,noun,A1,ˈpɫeɪ,plˈeɪ
play,verb,A1,ˈpɫeɪ,plˈeɪ
player,noun,A1,ˈpɫeɪɝ,plˈeɪɐ
please,adverb,A1,ˈpɫiz,plˈiːz
pleasure,noun,A1,ˈpɫɛʒɝ,plˈɛʒɐ
pocket,noun,A1,ˈpɑkət,pˈɒkɪt
poem,noun,A1,ˈpoʊəm,pˈəʊɪm
point,noun,A1,ˈpɔɪnt,pˈɔɪnt
pollution,noun,A1,pəˈɫuʃən,pəlˈuːʃən
pool,noun,A1,ˈpuɫ,pˈuːl
poor,adjective,A1,ˈpuɹ,pˈɔː
pop,noun,A1,ˈpɑp,pˈɒp
post,noun,A1,ˈpoʊst,pˈəʊst
poster,noun,A1,ˈpoʊstɝ,pˈəʊstɐ
potato,noun,A1,pəˈteɪˌtoʊ,pətˈeɪtəʊ
practice,noun,A1,ˈpɹæktəs,pɹˈæktɪs
practice,verb,A1,ˈpɹæktəs,pɹˈæktɪs
pray,verb,A1,ˈpɹeɪ,pɹˈeɪ
present,noun,A1,ˈpɹɛzənt,
pretty,adjective,A1,ˈpɹɪti,pɹˈɪti
price,noun,A1,ˈpɹaɪs,pɹˈaɪs
prince,noun,A1,ˈpɹɪns,pɹˈɪns
princess,noun,A1,ˈpɹɪnsɛs,
problem,noun,A1,ˈpɹɑbɫəm,pɹˈɒbləm
program,noun,A1,ˈpɹoʊˌɡɹæm,pɹˈəʊɡɹæm
purple,noun,A1,ˈpɝpəɫ,pˈɜːpəl
push,verb,A1,ˈpʊʃ,pˈʊʃ
put,verb,A1,ˈpʊt,
quarter,noun,A1,ˈkwɔɹtɝ,kwˈɔːtɐ
question,noun,A1,ˈkwɛstʃən,kwˈɛstʃən
quickly,adverb,A1,ˈkwɪkɫi,kwˈɪkli
quiet,adjective,A1,ˈkwaɪət,kwˈaɪət
rabbit,noun,A1,ˈɹæbət,ɹˈæbɪt
radio,noun,A1,ˈɹeɪdiˌoʊ,ɹˈeɪdɪˌəʊ
rain,noun,A1,ˈɹeɪn,ɹˈeɪn
rain,verb,A1,ˈɹeɪn,ɹˈeɪn
rainy,adjective,A1,ˈɹeɪni,ɹˈeɪni
rat,noun,A1,ˈɹæt,ɹˈæt
read,verb,A1,ˈɹɛd,
reader,noun,A1,ˈɹidɝ,ɹˈiːdɐ
reading,noun,A1,ˈɹɛdɪŋ,
ready,adjective,A1,ˈɹɛdi,ɹˈɛdi
real,adjective,A1,ˈɹiɫ,
real,adverb,A1,ˈɹiɫ,
really,adverb,A1,ˈɹiɫi,ɹˈiəli
reason,noun,A1,ˈɹizən,ɹˈiːzən
red,adjective,A1,ˈɹɛd,ɹˈɛd
remember,verb,A1,ɹiˈmɛmbɝ,ɹɪmˈɛmbɐ
repeat,verb,A1,ɹiˈpit,ɹɪpˈiːt
reporter,noun,A1,ɹɪˈpɔɹtɝ,ɹɪpˈɔːtɐ
restaurant,noun,A1,ˈɹɛsˌtɹɑnt,ɹˈɛstɹɒnt
result,noun,A1,ɹiˈzəɫt,ɹɪzˈʌlt
review,noun,A1,ˌɹivˈju,
ribbon,noun,A1,ˈɹɪbən,ɹˈɪbən
rice,noun,A1,ˈɹaɪs,ɹˈaɪs
rich,adjective,A1,ˈɹɪtʃ,ɹˈɪtʃ
ride,noun,A1,ˈɹaɪd,ɹˈaɪd
ride,verb,A1,ˈɹaɪd,ɹˈaɪd
right,adjective,A1,ˈɹaɪt,ɹˈaɪt
right,adverb,A1,ˈɹaɪt,ɹˈaɪt
ring,verb,A1,ˈɹɪŋ,ɹˈɪŋ
river,noun,A1,ˈɹɪvɝ,
role,noun,A1,ˈɹoʊɫ,ɹˈəʊl
room,noun,A1,ˈɹum,ɹˈuːm
rose,noun,A1,ˈɹoʊz,
row,noun,A1,ˈɹoʊ,
rude,adjective,A1,ˈɹud,ɹˈuːd
rule,noun,A1,ˈɹuɫ,ɹˈuːl
ruler,noun,A1,ˈɹuɫɝ,ɹˈuːlɐ
run,noun,A1,ˈɹən,ɹˈʌn
run,verb,A1,ˈɹən,ɹˈʌn
sad,adjective,A1,ˈsæd,sˈæd
sailor,noun,A1,ˈseɪɫɝ,sˈeɪlɐ
salad,noun,A1,ˈsæɫəd,sˈæləd
sale,noun,A1,ˈseɪɫ,sˈeɪl
same,adjective,A1,ˈseɪm,sˈeɪm
same,adverb,A1,ˈseɪm,sˈeɪm
same,pronoun,A1,ˈseɪm,sˈeɪm
sandwich,noun,A1,ˈsæmwɪtʃ,sˈændwɪtʃ
Saturday,noun,A1,ˈsæˌtɪˌdeɪ,
save,verb,A1,ˈseɪv,sˈeɪv
saw,noun,A1,ˈsɔ,sˈɔː
say,verb,A1,ˈseɪ,sˈeɪ
school,noun,A1,ˈskuɫ,skˈuːl
science,noun,A1,ˈsaɪəns,sˈaɪəns
scientist,noun,A1,ˈsaɪəntɪst,sˈaɪəntɪst
sea,noun,A1,ˈsi,sˈiː
seat,noun,A1,ˈsit,sˈiːt
second,adjective,A1,ˈsɛkənd,
section,noun,A1,ˈsɛkʃən,sˈɛkʃən
see,verb,A1,ˈsi,sˈiː
self,noun,A1,ˈsɛɫf,sˈɛlf
sell,verb,A1,ˈsɛɫ,sˈɛl
sentence,noun,A1,ˈsɛntəns,sˈɛntəns
September,noun,A1,sɛpˈtɛmbɝ,
set,verb,A1,ˈsɛt,sˈɛt
seven,number,A1,ˈsɛvən,sˈɛvən
seventeen,number,A1,ˈsɛvənˈtin,sˌɛvəntˈiːn
seventy,number,A1,ˈsɛvəni,sˈɛvənti
shake,noun,A1,ˈʃeɪk,ʃˈeɪk
share,verb,A1,ˈʃɛɹ,ʃˈeə
she,pronoun,A1,ˈʃi,ʃˈiː
sheep,noun,A1,ˈʃip,ʃˈiːp
shelf,noun,A1,ˈʃɛɫf,ʃˈɛlf
ship,noun,A1,ˈʃɪp,ʃˈɪp
shirt,noun,A1,ˈʃɝt,ʃˈɜːt
shoe,noun,A1,ˈʃu,ʃˈuː
shop,noun,A1,ˈʃɑp,ʃˈɒp
shopping,noun,A1,ˈʃɑpɪŋ,ʃˈɒpɪŋ
short,adjective,A1,ˈʃɔɹt,ʃˈɔːt
short,adverb,A1,ˈʃɔɹt,ʃˈɔːt
should,modal auxiliary,A1,ˈʃʊd,ʃˈʊd
shoulder,noun,A1,ˈʃoʊɫdɝ,ʃˈəʊldɐ
show,verb,A1,ˈʃoʊ,ʃˈəʊ
shower,noun,A1,ˈʃaʊɝ,
shy,adjective,A1,ˈʃaɪ,ʃˈaɪ
sick,adjective,A1,ˈsɪk,sˈɪk
side,noun,A1,ˈsaɪd,sˈaɪd
sight,noun,A1,ˈsaɪt,sˈaɪt
sign,noun,A1,ˈsaɪn,sˈaɪn
sing,verb,A1,ˈsɪŋ,sˈɪŋ
singer,noun,A1,ˈsɪŋɝ,
sir,noun,A1,ˈsɝ,sˈɜː
sister,noun,A1,ˈsɪstɝ,sˈɪstɐ
sit,verb,A1,ˈsɪt,sˈɪt
site,noun,A1,ˈsaɪt,sˈaɪt
six,number,A1,ˈsɪks,sˈɪks
sixteen,number,A1,ˈsɪkˈstin,sɪkstˈiːn
sixty,number,A1,ˈsɪksti,sˈɪksti
size,noun,A1,ˈsaɪz,sˈaɪz
skill,noun,A1,ˈskɪɫ,skˈɪl
skirt,noun,A1,ˈskɝt,skˈɜːt
sky,noun,A1,ˈskaɪ,skˈaɪ
sleep,verb,A1,ˈsɫip,slˈiːp
slow,adjective,A1,ˈsɫoʊ,slˈəʊ
small,adjective,A1,ˈsmɔɫ,smˈɔːl
smart,adjective,A1,ˈsmɑɹt,smˈɑːt
smell,noun,A1,ˈsmɛɫ,smˈɛl
smile,noun,A1,ˈsmaɪɫ,smˈaɪl
smith,noun,A1,ˈsmɪθ,smˈɪθ
smoke,noun,A1,ˈsmoʊk,smˈəʊk
smoking,noun,A1,ˈsmoʊkɪŋ,smˈəʊkɪŋ
snake,noun,A1,ˈsneɪk,snˈeɪk
snow,noun,A1,ˈsnoʊ,snˈəʊ
snowy,adjective,A1,ˈsnoʊi,snˈəʊi
so,conjunction,A1,ˈsoʊ,sˈəʊ
soccer,noun,A1,ˈsɑkɝ,sˈɒkɐ
social,adjective,A1,ˈsoʊʃəɫ,sˈəʊʃəl
sofa,noun,A1,ˈsoʊfə,sˈəʊfɐ
solve,verb,A1,ˈsɑɫv,sˈɒlv
some,determiner,A1,ˈsəm,sˈʌm
some,pronoun,A1,ˈsəm,sˈʌm
someone,pronoun,A1,ˈsəmˌwən,sˈʌmwɒn
something,pronoun,A1,ˈsəmθɪŋ,sˈʌmθɪŋ
son,noun,A1,ˈsən,sˈʌn
song,noun,A1,ˈsɔŋ,sˈɒŋ
soon,adverb,A1,ˈsun,sˈuːn
sorry,adjective,A1,ˈsɑɹi,sˈɒɹi
soup,noun,A1,ˈsup,sˈuːp
speak,verb,A1,ˈspik,spˈiːk
special,adjective,A1,ˈspɛʃəɫ,spˈɛʃəl
speech,noun,A1,ˈspitʃ,spˈiːtʃ
spell,noun,A1,ˈspɛɫ,spˈɛl
spend,verb,A1,ˈspɛnd,spˈɛnd
sport,noun,A1,ˈspɔɹt,spˈɔːt
spot,noun,A1,ˈspɑt,spˈɒt
spring,noun,A1,ˈspɹɪŋ,spɹˈɪŋ
spy,noun,A1,ˈspaɪ,spˈaɪ
stage,noun,A1,ˈsteɪdʒ,stˈeɪdʒ
stand,noun,A1,ˈstænd,stˈænd
star,noun,A1,ˈstɑɹ,stˈɑː
start,noun,A1,ˈstɑɹt,stˈɑːt
start,verb,A1,ˈstɑɹt,stˈɑːt
station,noun,A1,ˈsteɪʃən,stˈeɪʃən
stay,verb,A1,ˈsteɪ,stˈeɪ
step,verb,A1,ˈstɛp,stˈɛp
still,adjective,A1,ˈstɪɫ,stˈɪl
stone,noun,A1,ˈstoʊn,stˈəʊn
stop,noun,A1,ˈstɑp,stˈɒp
stop,verb,A1,ˈstɑp,stˈɒp
store,noun,A1,ˈstɔɹ,stˈɔː
story,noun,A1,ˈstɔɹi,stˈɔːɹi
straight,adverb,A1,ˈstɹeɪt,stɹˈeɪt
strange,adjective,A1,ˈstɹeɪndʒ,stɹˈeɪndʒ
street,noun,A1,ˈstɹit,stɹˈiːt
strict,adjective,A1,ˈstɹɪkt,stɹˈɪkt
strong,adjective,A1,ˈstɹɔŋ,stɹˈɒŋ
student,noun,A1,ˈstudənt,stjˈuːdənt
study,verb,A1,ˈstədi,stˈʌdi
subject,noun,A1,ˈsəbdʒɪkt,
subway,noun,A1,ˈsəbˌweɪ,sˈʌbweɪ
successful,adjective,A1,səkˈsɛsfəɫ,səksˈɛsfəl
sugar,noun,A1,ˈʃʊɡɝ,ʃˈʊɡɐ
suggestion,noun,A1,səˈdʒɛstʃən,sədʒˈɛstʃən
sum,noun,A1,ˈsəm,sˈʌm
summer,noun,A1,ˈsəmɝ,sˈʌmɐ
sun,noun,A1,ˈsən,sˈʌn
Sunday,noun,A1,ˈsənˌdeɪ,
sunny,adjective,A1,ˈsəni,sˈʌni
sunshine,noun,A1,ˈsənˌʃaɪn,sˈʌnʃaɪn
super,adjective,A1,ˈsupɝ,sˈuːpɐ
supermarket,noun,A1,ˈsupɝˌmɑɹkɪt,sˈuːpəmˌɑːkɪt
sure,adjective,A1,ˈʃʊɹ,ʃˈɔː
surf,noun,A1,ˈsɝf,sˈɜːf
surprise,noun,A1,səˈpɹaɪz,səpɹˈaɪz
survey,noun,A1,ˈsɝˌveɪ,
sweet,adjective,A1,ˈswit,swˈiːt
swim,noun,A1,ˈswɪm,swˈɪm
swim,verb,A1,ˈswɪm,swˈɪm
swimming,noun,A1,ˈswɪmɪŋ,swˈɪmɪŋ
swimming pool,noun,A1,ˈswɪmɪŋ ˈpuɫ,swˈɪmɪŋ pˈuːl
T-shirt,noun,A1,ˈtiˌsɝt,
table,noun,A1,ˈteɪbəɫ,tˈeɪbəl
take,verb,A1,ˈteɪk,tˈeɪk
talk,verb,A1,ˈtɔk,tˈɔːk
tall,adjective,A1,ˈtɔɫ,tˈɔːl
taxi,noun,A1,ˈtæksi,tˈæksi
tea,noun,A1,ˈti,tˈiː
teach,verb,A1,ˈtitʃ,tˈiːtʃ
teacher,noun,A1,ˈtitʃɝ,tˈiːtʃɐ
team,noun,A1,ˈtim,tˈiːm
technology,noun,A1,tɛkˈnɑɫədʒi,tɛknˈɒlədʒi
telephone,noun,A1,ˈtɛɫəˌfoʊn,tˈɛlɪfˌəʊn
television,noun,A1,ˈtɛɫəˌvɪʒən,tˈɛlɪvˌɪʒən
tell,verb,A1,ˈtɛɫ,tˈɛl
temple,noun,A1,ˈtɛmpəɫ,tˈɛmpəl
ten,number,A1,ˈtɛn,tˈɛn
tennis,noun,A1,ˈtɛnəs,tˈɛnɪs
terrible,adjective,A1,ˈtɛɹəbəɫ,tˈɛɹəbəl
test,noun,A1,ˈtɛst,tˈɛst
than,conjunction,A1,ˈðæn,ðˈɐn
than,preposition,A1,ˈðæn,ðˈɐn
thank,verb,A1,ˈθæŋk,θˈæŋk
thanks,noun,A1,ˈθæŋks,θˈæŋks
that,conjunction,A1,ˈðæt,ðˈæt
that,determiner,A1,ˈðæt,ðˈæt
that,pronoun,A1,ˈðæt,ðˈæt
the,determiner,A1,ˈðə,ðə
theater,noun,A1,ˈθiətɝ,θˈiətɐ
their,determiner,A1,ˈðɛɹ,ðˈeə
them,pronoun,A1,ˈðɛm,ðˈɛm
then,adverb,A1,ˈðɛn,ðˈɛn
there,adverb,A1,ˈðɛɹ,ðˈeə
these,determiner,A1,ˈðiz,ðˈiːz
these,pronoun,A1,ˈðiz,ðˈiːz
they,pronoun,A1,ˈðeɪ,ðˈeɪ
thick,adjective,A1,ˈθɪk,θˈɪk
thin,adjective,A1,ˈθɪn,θˈɪn
thing,noun,A1,ˈθɪŋ,θˈɪŋ
think,verb,A1,ˈθɪŋk,θˈɪŋk
thirteen,number,A1,ˈθɝˈtin,θɜːtˈiːn
thirty,number,A1,ˈθɝˌdi,θˈɜːti
this,determiner,A1,ˈðɪs,ðˈɪs
this,pronoun,A1,ˈðɪs,ðˈɪs
those,determiner,A1,ˈðoʊz,ðˈəʊz
those,pronoun,A1,ˈðoʊz,ðˈəʊz
three,number,A1,ˈθɹi,θɹˈiː
through,preposition,A1,ˈθɹu,θɹˈuː
throw,noun,A1,ˈθɹoʊ,θɹˈəʊ
Thursday,noun,A1,ˈθɝzˌdeɪ,
ticket,noun,A1,ˈtɪkət,tˈɪkɪt
tiger,noun,A1,ˈtaɪɡɝ,tˈaɪɡɐ
tight,adjective,A1,ˈtaɪt,tˈaɪt
time,noun,A1,ˈtaɪm,tˈaɪm
tired,adjective,A1,ˈtaɪɝd,tˈaɪəd
to,infinitive-to,A1,ˈtu,tˈuː
to,preposition,A1,ˈtu,tˈuː
today,adverb,A1,təˈdeɪ,tədˈeɪ
today,noun,A1,təˈdeɪ,tədˈeɪ
together,adverb,A1,təˈɡɛðɝ,təɡˈɛðɐ
toilet,noun,A1,ˈtɔɪɫət,tˈɔɪlət
tomato,noun,A1,təˈmɑˌtoʊ,təmˈɑːtəʊ
tomorrow,adverb,A1,təˈmɑˌɹoʊ,təmˈɒɹəʊ
tomorrow,noun,A1,təˈmɑˌɹoʊ,təmˈɒɹəʊ
tonight,adverb,A1,təˈnaɪt,tənˈaɪt
too,adverb,A1,ˈtu,tˈuː
tool,noun,A1,ˈtuɫ,tˈuːl
tooth,noun,A1,ˈtuθ,tˈuːθ
top,noun,A1,ˈtɑp,tˈɒp
topic,noun,A1,ˈtɑpɪk,tˈɒpɪk
touch,noun,A1,ˈtətʃ,tˈʌtʃ
towel,noun,A1,ˈtaʊəɫ,tˈaʊəl
tower,noun,A1,ˈtaʊɝ,
town,noun,A1,ˈtaʊn,tˈaʊn
toy,noun,A1,ˈtɔɪ,tˈɔɪ
train,noun,A1,ˈtɹeɪn,tɹˈeɪn
travel,verb,A1,ˈtɹævəɫ,tɹˈævəl
tree,noun,A1,ˈtɹi,tɹˈiː
trip,noun,A1,ˈtɹɪp,tɹˈɪp
trousers,noun,A1,ˈtɹaʊzɝz,tɹˈaʊsəz
truck,noun,A1,ˈtɹək,tɹˈʌk
true,adjective,A1,ˈtɹu,tɹˈuː
try,noun,A1,ˈtɹaɪ,tɹˈaɪ
tube,noun,A1,ˈtjub,tjˈuːb
Tuesday,noun,A1,ˈtjuzˌdeɪ,
turkey,noun,A1,ˈtɝki,tˈɜːki
turn,noun,A1,ˈtɝn,tˈɜːn
turn,verb,A1,ˈtɝn,tˈɜːn
TV,noun,A1,ˈtiˈvi,
twelve,number,A1,ˈtwɛɫv,twˈɛlv
twenty,number,A1,ˈtwɛni,twˈɛnti
two,number,A1,ˈtu,tˈuː
type,noun,A1,ˈtaɪp,tˈaɪp
ugly,adjective,A1,ˈəɡɫi,ˈʌɡli
umbrella,noun,A1,ˈəmˌbɹɛɫə,ʌmbɹˈɛlɐ
uncle,noun,A1,ˈəŋkəɫ,ˈʌŋkəl
under,preposition,A1,ˈəndɝ,ˈʌndɐ
underline,noun,A1,ˈəndɝˌɫaɪn,
until,preposition,A1,ənˈtɪɫ,ʌntˈɪl
up,preposition,A1,ˈəp,ˈʌp
us,pronoun,A1,ˈəs,ˈʌs
use,verb,A1,ˈjus,
usually,adverb,A1,ˈjuʒəɫi,jˈuːʒuːəli
vacation,noun,A1,veɪˈkeɪʃən,veɪkˈeɪʃən
vase,noun,A1,ˈvɑz,vˈɑːz
vegetable,noun,A1,ˈvɛdʒtəbəɫ,vˈɛdʒɪtəbəl
very,adverb,A1,ˈvɛɹi,vˈɛɹi
video,noun,A1,ˈvɪdioʊ,vˈɪdɪəʊ
visit,noun,A1,ˈvɪzɪt,vˈɪzɪt
visit,verb,A1,ˈvɪzɪt,vˈɪzɪt
volleyball,noun,A1,ˈvɑɫiˌbɔɫ,vˈɒlɪbˌɔːl
vote,noun,A1,ˈvoʊt,vˈəʊt
wait,verb,A1,ˈweɪt,wˈeɪt
waiter,noun,A1,ˈweɪtɝ,wˈeɪtɐ
waitress,noun,A1,ˈweɪtɹəs,wˈeɪtɹəs
wake,noun,A1,ˈweɪk,wˈeɪk
walk,noun,A1,ˈwɑk,wˈɔːk
walk,verb,A1,ˈwɑk,wˈɔːk
wall,noun,A1,ˈwɔɫ,wˈɔːl
want,verb,A1,ˈwɑnt,wˈɒnt
war,noun,A1,ˈwɔɹ,wˈɔː
warm,adjective,A1,ˈwɔɹm,wˈɔːm
was,be-verb,A1,ˈwɑz,wˈɒz
wash,noun,A1,ˈwɑʃ,wˈɒʃ
wash,verb,A1,ˈwɑʃ,wˈɒʃ
watch,noun,A1,ˈwɑtʃ,wˈɒtʃ
watch,verb,A1,ˈwɑtʃ,wˈɒtʃ
water,noun,A1,ˈwɔtɝ,wˈɔːtɐ
way,noun,A1,ˈweɪ,wˈeɪ
we,pronoun,A1,ˈwi,wˈiː
wear,verb,A1,ˈwɛɹ,
weather,noun,A1,ˈwɛðɝ,wˈɛðɐ
Wednesday,noun,A1,ˈwɛnzˌdeɪ,
week,noun,A1,ˈwik,wˈiːk
weekend,noun,A1,ˈwiˌkɛnd,wiːkˈɛnd
welcome,interjection,A1,ˈwɛɫkəm,wˈɛlkʌm
welcome,verb,A1,ˈwɛɫkəm,wˈɛlkʌm
well,adjective,A1,ˈwɛɫ,wˈɛl
well,adverb,A1,ˈwɛɫ,wˈɛl
were,be-verb,A1,ˈwɝ,wˈɜː
what,determiner,A1,ˈhwət,wˈɒt
what,pronoun,A1,ˈhwət,wˈɒt
wheel,noun,A1,ˈhwiɫ,wˈiːl
when,adverb,A1,ˈhwɛn,wˈɛn
when,conjunction,A1,ˈhwɛn,wˈɛn
where,adverb,A1,ˈhwɛɹ,wˈeə
where,conjunction,A1,ˈhwɛɹ,wˈeə
which,determiner,A1,ˈhwɪtʃ,wˈɪtʃ
which,pronoun,A1,ˈhwɪtʃ,wˈɪtʃ
white,adjective,A1,ˈhwaɪt,wˈaɪt
white,noun,A1,ˈhwaɪt,wˈaɪt
who,pronoun,A1,ˈhu,hˈuː
whose,determiner,A1,ˈhuz,hˈuːz
whose,pronoun,A1,ˈhuz,hˈuːz
why,adverb,A1,ˈhwaɪ,wˈaɪ
wife,noun,A1,ˈwaɪf,wˈaɪf
will,modal auxiliary,A1,ˈwɪɫ,wˈɪl
win,verb,A1,ˈwɪn,wˈɪn
wind,noun,A1,ˈwaɪnd,
window,noun,A1,ˈwɪndoʊ,wˈɪndəʊ
winter,noun,A1,ˈwɪntɝ,wˈɪntɐ
wish,noun,A1,ˈwɪʃ,wˈɪʃ
with,preposition,A1,ˈwɪð,wˈɪð
woman,noun,A1,ˈwʊmən,wˈʊmən
wonderful,adjective,A1,ˈwəndɝfəɫ,wˈʌndəfəl
word,noun,A1,ˈwɝd,wˈɜːd
work,noun,A1,ˈwɝk,wˈɜːk
work,verb,A1,ˈwɝk,wˈɜːk
worker,noun,A1,ˈwɝkɝ,wˈɜːkɐ
world,noun,A1,ˈwɝɫd,wˈɜːld
worry,noun,A1,ˈwɝi,wˈʌɹi
would,modal auxiliary,A1,ˈwʊd,wˈʊd
write,verb,A1,ˈɹaɪt,ɹˈaɪt
writer,noun,A1,ˈɹaɪtɝ,ɹˈaɪtɐ
wrong,adjective,A1,ˈɹɔŋ,ɹˈɒŋ
yard,noun,A1,ˈjɑɹd,jˈɑːd
year,noun,A1,ˈjɪɹ,jˈiə
yellow,adjective,A1,ˈjɛɫoʊ,jˈɛləʊ
yellow,noun,A1,ˈjɛɫoʊ,jˈɛləʊ
yes,adverb,A1,ˈjɛs,jˈɛs
yesterday,adverb,A1,ˈjɛstɝˌdeɪ,jˈɛstədˌeɪ
yet,adverb,A1,ˈjɛt,jˈɛt
yogurt,noun,A1,ˈjoʊɡɝt,jˈɒɡɜːt
you,pronoun,A1,ˈju,jˈuː
young,adjective,A1,ˈjəŋ,jˈʌŋ
your,determiner,A1,ˈjɔɹ,jˈɔː
yours,pronoun,A1,ˈjɔɹz,jˈɔːz
yourself,pronoun,A1,ˈjɔɹsɛɫf,jɔːsˈɛlf
zoo,noun,A1,ˈzu,zˈuː
ability,noun,A2,əˈbɪɫəˌti,ɐbˈɪlətˌi
abroad,adverb,A2,əˈbɹɔd,ɐbɹˈɔːd
accept,verb,A2,ækˈsɛpt,ɐksˈɛpt
acceptable,adjective,A2,ækˈsɛptəbəɫ,ɐksˈɛptəbəl
accident,noun,A2,ˈæksədənt,ˈæksɪdənt
account,noun,A2,əˈkaʊnt,ɐkˈaʊnt
achieve,verb,A2,əˈtʃiv,ɐtʃˈiːv
across,adverb,A2,əˈkɹɔs,əkɹˈɒs
across,preposition,A2,əˈkɹɔs,əkɹˈɒs
act,noun,A2,ˈækt,ˈækt
actually,adverb,A2,ˈækˌtʃuəɫi,ˈæktʃuːəli
addition,noun,A2,əˈdɪʃən,ɐdˈɪʃən
additional,adjective,A2,əˈdɪʃənəɫ,ɐdˈɪʃənəl
adjective,noun,A2,ˈædʒɪktɪv,ˈædʒɪktˌɪv
adjust,verb,A2,əˈdʒəst,ɐdʒˈʌst
admire,verb,A2,ædˈmaɪɹ,ɐdmˈaɪə
admit,verb,A2,ədˈmɪt,ɐdmˈɪt
adult,adjective,A2,ˈædəɫt,ˈædʌlt
adult,noun,A2,ˈædəɫt,ˈædʌlt
advanced,adjective,A2,ədˈvænst,ɐdvˈænst
advantage,noun,A2,ædˈvæntɪdʒ,ɐdvˈɑːntɪdʒ
adventure,noun,A2,ædˈvɛntʃɝ,ɐdvˈɛntʃɐ
advertisement,noun,A2,ˌædvɝˈtaɪzmənt,ɐdvˈɜːtɪsmənt
advertising,noun,A2,ˈædvɝˌtaɪzɪŋ,ˈædvətˌaɪzɪŋ
advice,noun,A2,ædˈvaɪs,ɐdvˈaɪs
advise,verb,A2,ædˈvaɪz,ɐdvˈaɪz
affair,noun,A2,əˈfɛɹ,ɐfˈeə
after,adverb,A2,ˈæftɝ,ˈɑːftɐ
against,preposition,A2,əˈɡeɪnst,ɐɡˈɛnst
aged,adjective,A2,ˈeɪdʒd,
agency,noun,A2,ˈeɪdʒənsi,ˈeɪdʒənsi
agent,noun,A2,ˈeɪdʒənt,ˈeɪdʒənt
ahead,adverb,A2,əˈhɛd,ɐhˈɛd
air,noun,A2,ˈɛɹ,ˈeə
aisle,noun,A2,ˈaɪəɫ,ˈaɪəl
alarm,noun,A2,əˈɫɑɹm,ɐlˈɑːm
alarm clock,noun,A2,əˈɫɑɹm ˈkɫɑk,ɐlˈɑːm klˈɒk
alive,adjective,A2,əˈɫaɪv,ɐlˈaɪv
all,adverb,A2,ˈɔɫ,ˈɔːl
allow,verb,A2,əˈɫaʊ,ɐlˈaʊ
alone,adjective,A2,əˈɫoʊn,ɐlˈəʊn
along,preposition,A2,əˈɫɔŋ,ɐlˈɒŋ
alright,adjective,A2,ˌɔɫˈɹaɪt,ɔːlɹˈaɪt
alright,adverb,A2,ˌɔɫˈɹaɪt,ɔːlɹˈaɪt
although,conjunction,A2,ˌɔɫˈðoʊ,ɒlðˈəʊ
ambition,noun,A2,æmˈbɪʃən,æmbˈɪʃən
among,preposition,A2,əˈməŋ,ɐmˈʌŋ
amused,adjective,A2,əmˈjuzd,ɐmjˈuːsd
amusement,noun,A2,əmˈjuzmənt,ɐmjˈuːsmənt
ancestor,noun,A2,ˈænˌsɛstɝ,ˈænsɛstɐ
ancient,adjective,A2,ˈeɪnʃənt,ˈeɪnʃənt
angel,noun,A2,ˈeɪndʒəɫ,ˈeɪndʒəl
angrily,adverb,A2,ˈæŋɡɹəɫi,ˈæŋɡɹɪli
ankle,noun,A2,ˈæŋkəɫ,ˈæŋkəl
anniversary,noun,A2,ˌænəˈvɝsɝi,ˌænɪvˈɜːsəɹˌi
annoy,verb,A2,əˈnɔɪ,ɐnˈɔɪ
annoying,adjective,A2,əˈnɔɪɪŋ,ɐnˈɔɪɪŋ
another,pronoun,A2,əˈnəðɝ,ɐnˈʌðɐ
anxious,adjective,A2,ˈæŋkʃəs,ˈæŋʃəs
anymore,adverb,A2,ˌɛniˈmɔɹ,ˌɛnɪmˈɔː
anyway,adverb,A2,ˈɛniˌweɪ,ˈɛnɪwˌeɪ
anywhere,adverb,A2,ˈɛniˌwɛɹ,ˈɛnɪwˌeə
apart,adverb,A2,əˈpɑɹt,ɐpˈɑːt
apartment,noun,A2,əˈpɑɹtmənt,ɐpˈɑːtmənt
apologize,verb,A2,əˈpɑɫəˌdʒaɪz,
apparently,adverb,A2,əˈpɛɹəntɫi,ɐpˈæɹəntli
appear,verb,A2,əˈpɪɹ,ɐpˈiə
appearance,noun,A2,əˈpɪɹəns,ɐpˈiəɹəns
apply,verb,A2,əˈpɫaɪ,
appointment,noun,A2,əˈpɔɪntmənt,ɐpˈɔɪntmənt
appreciate,verb,A2,əˈpɹiʃiˌeɪt,ɐpɹˈiːʃɪˌeɪt
appropriate,adjective,A2,əˈpɹoʊpɹiˌeɪt,
architecture,noun,A2,ˈɑɹkəˌtɛktʃɝ,ˈɑːkɪtˌɛktʃɐ
area,noun,A2,ˈɛɹiə,ˈeəɹiə
argue,verb,A2,ˈɑɹɡju,ˈɑːɡjuː
argument,noun,A2,ˈɑɹɡjəmənt,ˈɑːɡjuːmənt
armchair,noun,A2,ˈɑɹmˌtʃɛɹ,ˈɑːmtʃeə
armed,adjective,A2,ˈɑɹmd,ˈɑːmd
around,adverb,A2,ɝˈaʊn,ɐɹˈaʊnd
artificial,adjective,A2,ˌɑɹtəˈfɪʃəɫ,ˌɑːtɪfˈɪʃəl
as,conjunction,A2,ˈæz,
asleep,adjective,A2,əˈsɫip,ɐslˈiːp
assistant,adjective,A2,əˈsɪstənt,ɐsˈɪstənt
association,noun,A2,əˌsoʊsiˈeɪʃən,ɐsˈəʊsɪˈeɪʃən
astronaut,noun,A2,ˈæstɹəˌnɑt,ˈæstɹənˌɔːt
athlete,noun,A2,ˈæθˌɫit,ˈæθliːt
atom,noun,A2,ˈætəm,ˈætəm
attack,noun,A2,əˈtæk,ɐtˈæk
attack,verb,A2,əˈtæk,ɐtˈæk
attempt,noun,A2,əˈtɛmpt,ɐtˈɛmpt
attention,noun,A2,əˈtɛnʃən,ɐtˈɛnʃən
attitude,noun,A2,ˈætəˌtud,ˈætɪtjˌuːd
attractive,adjective,A2,əˈtɹæktɪv,ɐtɹˈæktɪv
audience,noun,A2,ˈɑdiəns,ˈɔːdiəns
audio,adjective,A2,ˈɑdiˌoʊ,ˈɔːdɪˌəʊ
author,noun,A2,ˈɔθɝ,ˈɔːθɐ
automatic,adjective,A2,ˌɔtəˈmætɪk,ˌɔːtəmˈætɪk
automatically,adverb,A2,ˌɔtəˈmætɪkɫi,ˌɔːtəmˈætɪkli
average,adjective,A2,ˈævɝɪdʒ,ˈævɹɪdʒ
average,noun,A2,ˈævɝɪdʒ,ˈævɹɪdʒ
avoid,verb,A2,əˈvɔɪd,ɐvˈɔɪd
award,noun,A2,əˈwɔɹd,ɐwˈɔːd
awful,adjective,A2,ˈɑfəɫ,ˈɔːfəl
back,adjective,A2,ˈbæk,bˈæk
background,noun,A2,ˈbækˌɡɹaʊnd,bˈækɡɹaʊnd
badly,adverb,A2,ˈbædɫi,bˈædli
badminton,noun,A2,ˈbædˌmɪntən,bˈædmɪntən
bake,verb,A2,ˈbeɪk,bˈeɪk
balcony,noun,A2,ˈbæɫkəni,bˈælkəni
balloon,noun,A2,bəˈɫun,bəlˈuːn
bank,verb,A2,ˈbæŋk,bˈæŋk
banking,noun,A2,ˈbæŋkɪŋ,bˈæŋkɪŋ
barbecue,noun,A2,ˈbɑɹbɪkˌju,bˈɑːbɪkjˌuː
barber,noun,A2,ˈbɑɹbɝ,bˈɑːbɐ
bargain,noun,A2,ˈbɑɹɡən,bˈɑːɡɪn
base,noun,A2,ˈbeɪs,bˈeɪs
basic,adjective,A2,ˈbeɪsɪk,bˈeɪsɪk
basically,adverb,A2,ˈbeɪsɪkɫi,bˈeɪsɪkli
basket,noun,A2,ˈbæskət,bˈɑːskɪt
batch,noun,A2,ˈbætʃ,bˈætʃ
battery,noun,A2,ˈbætɝi,bˈætəɹi
bay,noun,A2,ˈbeɪ,bˈeɪ
bear,verb,A2,ˈbɛɹ,bˈeə
beauty,noun,A2,ˈbjuti,bjˈuːti
been,be-verb,A2,ˈbɪn,bˈiːn
beer,noun,A2,ˈbɪɹ,bˈiə
before,conjunction,A2,ˌbiˈfɔɹ,bɪfˈɔː
beg,verb,A2,ˈbɛɡ,bˈɛɡ
beginner,noun,A2,bɪˈɡɪnɝ,bɪɡˈɪnɐ
beginning,noun,A2,bɪˈɡɪnɪŋ,bɪɡˈɪnɪŋ
behavior,noun,A2,bɪˈheɪvjɝ,bɪhˈeɪvjɐ
being,noun,A2,ˈbiɪŋ,bˈiːɪŋ
belly,noun,A2,ˈbɛɫi,bˈɛli
belong,verb,A2,bɪˈɫɔŋ,bɪlˈɒŋ
belt,noun,A2,ˈbɛɫt,bˈɛlt
bench,noun,A2,ˈbɛntʃ,bˈɛntʃ
bend,verb,A2,ˈbɛnd,bˈɛnd
besides,adverb,A2,ˌbiˈsaɪdz,bɪsˈaɪdz
better,adverb,A2,ˈbɛtɝ,bˈɛtɐ
beyond,preposition,A2,ˌbiˈɔnd,bɪjˈɒnd
bill,noun,A2,ˈbɪɫ,bˈɪl
bit,noun,A2,ˈbɪt,bˈɪt
bite,noun,A2,ˈbaɪt,bˈaɪt
blackboard,noun,A2,ˈbɫækˌbɔɹd,blˈækbɔːd
blame,verb,A2,ˈbɫeɪm,blˈeɪm
blanket,noun,A2,ˈbɫæŋkət,blˈæŋkɪt
blonde,adjective,A2,ˈbɫɑnd,blˈɒnd
blood,noun,A2,ˈbɫəd,blˈʌd
bloom,noun,A2,ˈbɫum,blˈuːm
blow,noun,A2,ˈbɫoʊ,blˈəʊ
board game,noun,A2,ˈbɔɹd ˈɡeɪm,bˈɔːd ɡˈeɪm
boil,verb,A2,ˈbɔɪɫ,bˈɔɪl
boiled,adjective,A2,ˈbɔɪɫd,bˈɔɪld
bonus,noun,A2,ˈboʊnəs,bˈəʊnəs
bookcase,noun,A2,ˈbʊkˌkeɪs,bˈʊkkeɪs
bookshelf,noun,A2,ˈbʊkˌʃɛɫf,bˈʊkʃɛlf
bookshop,noun,A2,ˈbʊkˌʃɑp,bˈʊkʃɒp
bored,adjective,A2,ˈbɔɹd,bˈɔːd
boss,noun,A2,ˈbɑs,bˈɒs
bother,verb,A2,ˈbɑðɝ,bˈɒðɐ
bra,noun,A2,ˈbɹɑ,bɹˈɑː
brainstorm,noun,A2,ˈbɹeɪnˌstɔɹm,bɹˈeɪnstɔːm
brake,noun,A2,ˈbɹeɪk,bɹˈeɪk
branch,noun,A2,ˈbɹæntʃ,bɹˈɑːntʃ
brand,noun,A2,ˈbɹænd,bɹˈænd
brave,adjective,A2,ˈbɹeɪv,bɹˈeɪv
break,noun,A2,ˈbɹeɪk,bɹˈeɪk
breeze,noun,A2,ˈbɹiz,bɹˈiːz
bride,noun,A2,ˈbɹaɪd,bɹˈaɪd
brilliant,adjective,A2,ˈbɹɪɫjənt,bɹˈɪlɪənt
brown,noun,A2,ˈbɹaʊn,bɹˈaʊn
budget,noun,A2,ˈbədʒɪt,bˈʌdʒɪt
bug,noun,A2,ˈbəɡ,bˈʌɡ
bulb,noun,A2,ˈbəɫb,bˈʌlb
burn,noun,A2,ˈbɝn,bˈɜːn
bury,verb,A2,ˈbɛɹi,bˈɛɹi
bus station,noun,A2,ˈbəs ˈsteɪʃən,bˈʌs stˈeɪʃən
bus stop,noun,A2,ˈbəs ˈstɑp,bˈʌs stˈɒp
bush,noun,A2,ˈbʊʃ,bˈʊʃ
businessman,noun,A2,ˈbɪznəsˌmæn,bˈɪznəsmən
businesswoman,noun,A2,ˈbɪznɪˌswʊmən,bˈɪznəswˌʊmən
cab,noun,A2,ˈkæb,kˈæb
cafeteria,noun,A2,ˌkæfəˈtɪɹiə,kˌæfɪtˈiəɹɪɐ
calendar,noun,A2,ˈkæɫəndɝ,kˈæləndɐ
call,verb,A2,ˈkɔɫ,kˈɔːl
camp,verb,A2,ˈkæmp,kˈæmp
camping,noun,A2,ˈkæmpɪŋ,kˈæmpɪŋ
campus,noun,A2,ˈkæmpəs,kˈæmpəs
can,noun,A2,ˈkæn,kˈæn
capital,noun,A2,ˈkæpətəɫ,kˈæpɪtəl
capital letter,noun,A2,ˈkæpətəɫ ˈɫɛtɝ,kˈæpɪtəl lˈɛtɐ
captain,noun,A2,ˈkæptən,kˈæptɪn
car park,noun,A2,ˈkɑɹ ˈpɑɹk,kˈɑː pˈɑːk
carrot,noun,A2,ˈkæɹət,kˈæɹət
cash,noun,A2,ˈkæʃ,kˈæʃ
cassette,noun,A2,kəˈsɛt,kɐsˈɛt
castle,noun,A2,ˈkæsəɫ,kˈɑːsəl
cause,verb,A2,ˈkɑz,kˈɔːz
cent,noun,A2,ˈsɛnt,sˈɛnt
center,noun,A2,ˈsɛnɝ,sˈɛntɐ
centimeter,noun,A2,ˈsɛntəˌmitɝ,
century,noun,A2,ˈsɛntʃɝi,sˈɛntʃəɹi
cereal,noun,A2,ˈsɪɹiəɫ,sˈiəɹɪəl
certain,adjective,A2,ˈsɝtən,sˈɜːtən
certainly,adverb,A2,ˈsɝtənɫi,sˈɜːtənli
chain,noun,A2,ˈtʃeɪn,tʃˈeɪn
chairman,noun,A2,ˈtʃɛɹmən,tʃˈeəmən
challenge,noun,A2,ˈtʃæɫəndʒ,tʃˈælɪndʒ
champagne,noun,A2,ʃæmˈpeɪn,ʃæmpˈeɪn
championship,noun,A2,ˈtʃæmpiənˌʃɪp,tʃˈæmpiənʃˌɪp
chance,noun,A2,ˈtʃæns,tʃˈɑːns
chapter,noun,A2,ˈtʃæptɝ,tʃˈæptɐ
chart,noun,A2,ˈtʃɑɹt,tʃˈɑːt
chat,verb,A2,ˈtʃæt,tʃˈæt
cheap,adjective,A2,ˈtʃip,tʃˈiːp
check,verb,A2,ˈtʃɛk,tʃˈɛk
cheek,noun,A2,ˈtʃik,tʃˈiːk
cheer,verb,A2,ˈtʃɪɹ,tʃˈiə
chef,noun,A2,ˈʃɛf,ʃˈɛf
chemical,adjective,A2,ˈkɛməkəɫ,kˈɛmɪkəl
cheque,noun,A2,ˈtʃɛk,tʃˈɛk
chess,noun,A2,ˈtʃɛs,tʃˈɛs
chest,noun,A2,ˈtʃɛst,tʃˈɛst
childhood,noun,A2,ˈtʃaɪɫdˌhʊd,tʃˈaɪldhʊd
chili,noun,A2,ˈtʃɪɫi,
chimpanzee,noun,A2,tʃɪmˈpænzi,tʃˌɪmpɐnzˈiː
chin,noun,A2,ˈtʃɪn,tʃˈɪn
chirp,noun,A2,ˈtʃɝp,tʃˈɜːp
choice,noun,A2,ˈtʃɔɪs,tʃˈɔɪs
cigarette,noun,A2,ˌsɪɡɝˈɛt,sˌɪɡəɹˈɛt
citizen,noun,A2,ˈsɪtəzən,sˈɪtɪzən
claim,verb,A2,ˈkɫeɪm,klˈeɪm
classic,adjective,A2,ˈkɫæsɪk,klˈæsɪk
classical music,noun,A2,ˈkɫæsɪkəɫ ˈmjuzɪk,klˈæsɪkəl mjˈuːzɪk
cleaner,noun,A2,ˈkɫinɝ,klˈiːnɐ
clear,adjective,A2,ˈkɫɪɹ,klˈiə
clearly,adverb,A2,ˈkɫɪɹɫi,klˈiəli
clerk,noun,A2,ˈkɫɝk,klˈɑːk
click,verb,A2,ˈkɫɪk,klˈɪk
climb,verb,A2,ˈkɫaɪm,klˈaɪm
climbing,noun,A2,ˈkɫaɪmɪŋ,klˈaɪmɪŋ
clone,verb,A2,ˈkɫoʊn,klˈəʊn
clown,noun,A2,ˈkɫaʊn,klˈaʊn
clue,noun,A2,ˈkɫu,klˈuː
coast,noun,A2,ˈkoʊst,kˈəʊst
coin,noun,A2,ˈkɔɪn,kˈɔɪn
cola,noun,A2,ˈkoʊɫə,kˈəʊlɐ
colorful,adjective,A2,ˈkəɫɝfəɫ,
column,noun,A2,ˈkɑɫəm,kˈɒlʌm
comb,noun,A2,ˈkoʊm,kˈəʊm
comfortable,adjective,A2,ˈkəmfɝtəbəɫ,kˈʌmftəbəl
comic,adjective,A2,ˈkɑmɪk,kˈɒmɪk
comic,noun,A2,ˈkɑmɪk,kˈɒmɪk
commitment,noun,A2,kəˈmɪtmənt,kəmˈɪtmənt
committee,noun,A2,kəˈmɪti,
common,adjective,A2,ˈkɑmən,kˈɒmən
communicate,verb,A2,kəmˈjunəˌkeɪt,kəmjˈuːnɪkˌeɪt
communication,noun,A2,kəmˌjunəˈkeɪʃən,kəmjˌuːnɪkˈeɪʃən
company,noun,A2,ˈkəmpəˌni,kˈʌmpəni
comparative,noun,A2,kəmˈpɛɹətɪv,kəmpˈæɹətˌɪv
compare,verb,A2,kəmˈpɛɹ,kəmpˈeə
competition,noun,A2,ˌkɑmpəˈtɪʃən,kˌɒmpətˈɪʃən
complain,verb,A2,kəmˈpɫeɪn,kəmplˈeɪn
complaint,noun,A2,kəmˈpɫeɪnt,kəmplˈeɪnt
complete,adjective,A2,kəmˈpɫit,kəmplˈiːt
composer,noun,A2,kəmˈpoʊzɝ,kəmpˈəʊzɐ
concentrate,verb,A2,ˈkɑnsənˌtɹeɪt,kˈɒnsəntɹˌeɪt
concern,noun,A2,kənˈsɝn,kənsˈɜːn
condition,noun,A2,kənˈdɪʃən,kəndˈɪʃən
confident,adjective,A2,ˈkɑnfədənt,kˈɒnfɪdənt
confuse,verb,A2,kənˈfjuz,kənfjˈuːz
confused,adjective,A2,kənˈfjuzd,kənfjˈuːzd
consequence,noun,A2,ˈkɑnsəkwəns,kˈɒnsɪkwəns
consider,verb,A2,kənˈsɪdɝ,kənsˈɪdɐ
consist,verb,A2,kənˈsɪst,
contact,noun,A2,ˈkɑnˌtækt,
contact,verb,A2,ˈkɑnˌtækt,
container,noun,A2,kənˈteɪnɝ,kəntˈeɪnɐ
context,noun,A2,ˈkɑntɛkst,kˈɒntɛkst
continent,noun,A2,ˈkɑntənənt,kˈɒntɪnənt
continue,verb,A2,kənˈtɪnju,kəntˈɪnjuː
contrast,noun,A2,ˈkɑntɹæst,
control,noun,A2,kənˈtɹoʊɫ,kəntɹˈəʊl
convenience,noun,A2,kənˈvinjəns,kənvˈiːnɪəns
convenient,adjective,A2,kənˈvinjənt,kənvˈiːnɪənt
cooker,noun,A2,ˈkʊkɝ,kˈʊkɐ
cooking,noun,A2,ˈkʊkɪŋ,kˈʊkɪŋ
cooler,noun,A2,ˈkuɫɝ,kˈuːlɐ
copy,verb,A2,ˈkɑpi,kˈɒpi
correctly,adverb,A2,kɝˈɛktɫi,kəɹˈɛktli
cost,noun,A2,ˈkɑst,kˈɒst
cost,verb,A2,ˈkɑst,kˈɒst
count,verb,A2,ˈkaʊnt,kˈaʊnt
country,noun,A2,ˈkəntɹi,kˈʌntɹi
countryside,noun,A2,ˈkəntɹiˌsaɪd,kˈʌntɹɪsˌaɪd
couple,noun,A2,ˈkəpəɫ,kˈʌpəl
court,noun,A2,ˈkɔɹt,kˈɔːt
cover,verb,A2,ˈkəvɝ,kˈʌvɐ
crazy,adjective,A2,ˈkɹeɪzi,kɹˈeɪzi
cream,adjective,A2,ˈkɹim,kɹˈiːm
create,verb,A2,kɹiˈeɪt,kɹiːˈeɪt
creative,adjective,A2,kɹiˈeɪtɪv,kɹiːˈeɪtɪv
creativity,noun,A2,ˌkɹieɪˈtɪvəti,kɹiːˌeɪtˈɪvɪti
creature,noun,A2,ˈkɹitʃɝ,kɹˈiːtʃɐ
credit,noun,A2,ˈkɹɛdət,kɹˈɛdɪt
cricket,noun,A2,ˈkɹɪkət,kɹˈɪkɪt
crime,noun,A2,ˈkɹaɪm,kɹˈaɪm
crisp,noun,A2,ˈkɹɪsp,kɹˈɪsp
criticize,verb,A2,ˈkɹɪtɪˌsaɪz,
cross,noun,A2,ˈkɹɔs,kɹˈɒs
cross,verb,A2,ˈkɹɔs,kɹˈɒs
crowd,noun,A2,ˈkɹaʊd,kɹˈaʊd
crowded,adjective,A2,ˈkɹaʊdəd,kɹˈaʊdɪd
crown,noun,A2,ˈkɹaʊn,kɹˈaʊn
cruise,noun,A2,ˈkɹuz,kɹˈuːz
cry,verb,A2,ˈkɹaɪ,kɹˈaɪ
cupboard,noun,A2,ˈkəbɝd,kˈʌbəd
curry,noun,A2,ˈkəɹi,kˈʌɹi
curse,noun,A2,ˈkɝs,kˈɜːs
custom,noun,A2,ˈkəstəm,kˈʌstəm
customer,noun,A2,ˈkəstəmɝ,kˈʌstəmɐ
cycling,noun,A2,ˈsaɪkəɫɪŋ,sˈaɪklɪŋ
daily,adjective,A2,ˈdeɪɫi,dˈeɪli
daily,adverb,A2,ˈdeɪɫi,dˈeɪli
dam,noun,A2,ˈdæm,dˈæm
dancer,noun,A2,ˈdænsɝ,dˈɑːnsɐ
danger,noun,A2,ˈdeɪndʒɝ,dˈeɪndʒɐ
dangerous,adjective,A2,ˈdeɪndʒɝəs,dˈeɪndʒəɹəs
daylight,noun,A2,ˈdeɪˌɫaɪt,dˈeɪlaɪt
dead,adjective,A2,ˈdɛd,dˈɛd
deal,noun,A2,ˈdiɫ,dˈiːl
death,noun,A2,ˈdɛθ,dˈɛθ
debate,noun,A2,dəˈbeɪt,dɪbˈeɪt
decide,verb,A2,ˌdɪˈsaɪd,dɪsˈaɪd
deep,adverb,A2,ˈdip,dˈiːp
deeply,adverb,A2,ˈdipɫi,dˈiːpli
degree,noun,A2,dɪˈɡɹi,dɪɡɹˈiː
delay,noun,A2,dɪˈɫeɪ,dɪlˈeɪ
dentist,noun,A2,ˈdɛnɪst,dˈɛntɪst
department store,noun,A2,dɪˈpɑɹtmənt ˈstɔɹ,dɪpˈɑːtmənt stˈɔː
depend,verb,A2,dɪˈpɛnd,dɪpˈɛnd
description,noun,A2,dɪsˈkɹɪpʃən,dɪskɹˈɪpʃən
desert,noun,A2,ˈdɛzɝt,
dessert,noun,A2,dɪˈzɝt,dɪzˈɜːt
destroy,verb,A2,dɪˈstɹɔɪ,dɪstɹˈɔɪ
detail,noun,A2,ˈditeɪɫ,
develop,verb,A2,dɪˈvɛɫəp,dɪvˈɛləp
developed,adjective,A2,dɪˈvɛɫəpt,dɪvˈɛləpt
diamond,noun,A2,ˈdaɪmənd,dˈaɪəmənd
diary,noun,A2,ˈdaɪɝi,dˈaɪəɹi
die,verb,A2,ˈdaɪ,dˈaɪ
diet,noun,A2,ˈdaɪət,dˈaɪət
differently,adverb,A2,ˈdɪfɝˈɛntɫi,dˈɪfɹəntli
difficulty,noun,A2,ˈdɪfəkəɫti,dˈɪfɪkˌʌlti
digital camera,noun,A2,ˈdɪdʒətəɫ ˈkæmɝə,dˈɪdʒɪtəl kˈæmɹɐ
dinosaur,noun,A2,ˈdaɪnəˌsɔɹ,dˈaɪnəsˌɔː
direct,adjective,A2,daɪˈɹɛkt,daɪɹˈɛkt
direction,noun,A2,daɪˈɹɛkʃɪn,daɪɹˈɛkʃən
director,noun,A2,daɪˈɹɛktɝ,daɪɹˈɛktɐ
disadvantage,noun,A2,ˌdɪsədˈvænɪdʒ,dˌɪsɐdvˈɑːntɪdʒ
disagree,verb,A2,dɪsəˈɡɹi,dˌɪsɐɡɹˈiː
disappear,verb,A2,ˌdɪsəˈpiɹ,dˌɪsɐpˈiə
disappointed,adjective,A2,ˌdɪsəˈpɔɪnɪd,dˌɪsɐpˈɔɪntɪd
disappointing,adjective,A2,ˌdɪsəˈpɔɪnɪŋ,dˌɪsɐpˈɔɪntɪŋ
disco,noun,A2,ˈdɪskoʊ,dˈɪskəʊ
discover,verb,A2,dɪˈskəvɝ,dɪskˈʌvɐ
discussion,noun,A2,dɪˈskəʃən,dɪskˈʌʃən
dishonest,adjective,A2,dɪˈsɑnəst,dɪsˈɒnɪst
dislike,noun,A2,dɪˈsɫaɪk,dɪslˈaɪk
display,noun,A2,dɪsˈpɫeɪ,dɪsplˈeɪ
disturb,verb,A2,dɪˈstɝb,dɪstˈɜːb
divide,verb,A2,dɪˈvaɪd,dɪvˈaɪd
dizzy,adjective,A2,ˈdɪzi,dˈɪzi
done,do-verb,A2,ˈdən,dˈʌn
double,adjective,A2,ˈdəbəɫ,dˈʌbəl
doubt,noun,A2,ˈdaʊt,dˈaʊt
down,preposition,A2,ˈdaʊn,dˈaʊn
download,verb,A2,ˈdaʊnˌɫoʊd,dˈaʊnləʊd
downstairs,adverb,A2,ˈdaʊnˈstɛɹz,
downtown,adverb,A2,ˈdaʊnˈtaʊn,dˈaʊntaʊn
draw,noun,A2,ˈdɹɔ,dɹˈɔː
drawer,noun,A2,ˈdɹɔɹ,
drawing,noun,A2,ˈdɹɔɪŋ,dɹˈɔːɹɪŋ
dream,verb,A2,ˈdɹim,dɹˈiːm
dress,verb,A2,ˈdɹɛs,dɹˈɛs
dressed,adjective,A2,ˈdɹɛst,dɹˈɛst
drill,noun,A2,ˈdɹɪɫ,dɹˈɪl
drive,verb,A2,ˈdɹaɪv,dɹˈaɪv
driver's license,noun,A2,ˈdɹaɪvɝz ˈɫaɪsəns,
drop,noun,A2,ˈdɹɑp,dɹˈɒp
drug,noun,A2,ˈdɹəɡ,dɹˈʌɡ
drugstore,noun,A2,ˈdɹəɡˌstɔɹ,dɹˈʌɡstɔː
dry,verb,A2,ˈdɹaɪ,dɹˈaɪ
duck,noun,A2,ˈdək,dˈʌk
during,preposition,A2,ˈdɝɪŋ,djˈɔːɹɪŋ
dust,noun,A2,ˈdəst,dˈʌst
early,adjective,A2,ˈɝɫi,ˈɜːli
earn,verb,A2,ˈɝn,ˈɜːn
earring,noun,A2,ˈiɹɪŋ,ˈiəɹɪŋ
earth,noun,A2,ˈɝθ,ˈɜːθ
earthquake,noun,A2,ˈɝθˌkweɪk,ˈɜːθkweɪk
easily,adverb,A2,ˈizəɫi,ˈiːzɪli
east,adjective,A2,ˈist,ˈiːst
east,adverb,A2,ˈist,ˈiːst
east,noun,A2,ˈist,ˈiːst
editor,noun,A2,ˈɛdətɝ,ˈɛdɪtɐ
education,noun,A2,ˌɛdʒəˈkeɪʃən,ˌɛdʒuːkˈeɪʃən
educational,adjective,A2,ˌɛdʒəˈkeɪʃənəɫ,ˌɛdʒuːkˈeɪʃənəl
effect,noun,A2,ˈifɛkt,ɪfˈɛkt
effort,noun,A2,ˈɛfɝt,ˈɛfət
either,conjunction,A2,ˈaɪðɝ,ˈaɪðɐ
elderly,adjective,A2,ˈɛɫdɝɫi,ˈɛldəli
electric,adjective,A2,ɪˈɫɛktɹɪk,ɪlˈɛktɹɪk
elephant,noun,A2,ˈɛɫəfənt,ˈɛlɪfənt
elevator,noun,A2,ˈɛɫəˌveɪtɝ,ˈɛlɪvˌeɪtɐ
elsewhere,adverb,A2,ˈɛɫˌswɛɹ,ˈɛlsweə
email,verb,A2,iˈmeɪɫ,
embarrassing,adjective,A2,ɪmˈbɛɹəsɪŋ,ɛmbˈæɹəsɪŋ
emergency,noun,A2,ˈimɝdʒənsi,ɪmˈɜːdʒənsi
empty,adjective,A2,ˈɛmpti,ˈɛmpti
encourage,verb,A2,ɛnˈkɝɪdʒ,ɛnkˈʌɹɪdʒ
end,verb,A2,ˈɛnd,ˈɛnd
endangered,adjective,A2,ɛnˈdeɪndʒɝd,ɛndˈeɪndʒəd
ending,noun,A2,ˈɛndɪŋ,ˈɛndɪŋ
energetic,adjective,A2,ˌɛnɝˈdʒɛtɪk,ˌɛnədʒˈɛtɪk
enormous,adjective,A2,iˈnɔɹməs,ɪnˈɔːməs
enough,adverb,A2,iˈnəf,ɪnˈʌf
enough,determiner,A2,iˈnəf,ɪnˈʌf
enough,pronoun,A2,iˈnəf,ɪnˈʌf
enter,verb,A2,ˈɛnɝ,ˈɛntɐ
entertainment,noun,A2,ˌɛnɝˈteɪnmənt,ˌɛntətˈeɪnmənt
entrance,noun,A2,ˈɛntɹəns,
envelope,noun,A2,ˈɛnvəˌɫoʊp,
envy,noun,A2,ˈɛnvi,ˈɛnvi
episode,noun,A2,ˈɛpəˌsoʊd,ˈɛpɪsˌəʊd
error,noun,A2,ˈɛɹɝ,ˈɛɹɐ
escalator,noun,A2,ˈɛskəˌɫeɪtɝ,ˈɛskɐlˌeɪtɐ
escape,noun,A2,ɪˈskeɪp,ɛskˈeɪp
especially,adverb,A2,əˈspɛʃəɫi,ɪspˈɛʃəlˌi
essay,noun,A2,ˈɛˌseɪ,
establish,verb,A2,ɪˈstæbɫɪʃ,ɪstˈæblɪʃ
euro,noun,A2,ˈjuɹoʊ,jˈɔːɹəʊ
even,adverb,A2,ˈivɪn,ˈiːvən
ever,adverb,A2,ˈɛvɝ,ˈɛvɐ
evidence,noun,A2,ˈɛvədəns,ˈɛvɪdəns
exactly,adverb,A2,ɪɡˈzæktɫi,ɛɡzˈæktli
exam,noun,A2,ɪɡˈzæm,ɛɡzˈæm
except,conjunction,A2,ɪkˈsɛpt,ɛksˈɛpt
except,preposition,A2,ɪkˈsɛpt,ɛksˈɛpt
exchange,noun,A2,ɪksˈtʃeɪndʒ,ɛkstʃˈeɪndʒ
exercise,noun,A2,ˈɛksɝˌsaɪz,ˈɛksəsˌaɪz
exhibition,noun,A2,ˌɛksəˈbɪʃən,ɛksɪbˈɪʃən
exist,verb,A2,ɪɡˈzɪst,ɛɡzˈɪst
expect,verb,A2,ɪkˈspɛkt,ɛkspˈɛkt
experience,noun,A2,ɪkˈspɪɹiəns,ɛkspˈiəɹɪəns
expert,noun,A2,ˈɛkspɝt,ˈɛkspɜːt
explain,verb,A2,ɪksˈpɫeɪn,ɛksplˈeɪn
explanation,noun,A2,ˌɛkspɫəˈneɪʃən,ɛksplɐnˈeɪʃən
explore,verb,A2,ɪksˈpɫɔɹ,ɛksplˈɔː
express,noun,A2,ɪksˈpɹɛs,ɛkspɹˈɛs
expression,noun,A2,ɪksˈpɹɛʃən,ɛkspɹˈɛʃən
extra,adjective,A2,ˈɛkstɹə,ˈɛkstɹɐ
extra,adverb,A2,ˈɛkstɹə,ˈɛkstɹɐ
extremely,adverb,A2,ɛkˈstɹimɫi,ɛkstɹˈiːmli
face,verb,A2,ˈfeɪs,fˈeɪs
fact,noun,A2,ˈfækt,fˈækt
fail,verb,A2,ˈfeɪɫ,fˈeɪl
fairly,adverb,A2,ˈfɛɹɫi,fˈeəli
fall,verb,A2,ˈfɑɫ,fˈɔːl
familiar,adjective,A2,fəˈmɪɫjɝ,fəmˈɪliə
fancy,adjective,A2,ˈfænsi,fˈænsi
fantastic,adjective,A2,fænˈtæstɪk,fɑːntˈæstɪk
far,adverb,A2,ˈfɑɹ,fˈɑː
fare,noun,A2,ˈfɛɹ,fˈeə
fascinating,adjective,A2,ˈfæsəˌneɪtɪŋ,fˈæsɪnˌeɪtɪŋ
fashion,noun,A2,ˈfæʃən,fˈæʃən
fast food,noun,A2,ˈfæst ˈfud,fˈɑːst fˈuːd
fault,noun,A2,ˈfɔɫt,fˈɒlt
favor,noun,A2,ˈfeɪvɝ,fˈeɪvɐ
fear,noun,A2,ˈfɪɹ,fˈiə
feather,noun,A2,ˈfɛðɝ,fˈɛðɐ
feature,noun,A2,ˈfitʃɝ,fˈiːtʃɐ
fee,noun,A2,ˈfi,fˈiː
feel,noun,A2,ˈfiɫ,fˈiːl
female,adjective,A2,ˈfiˌmeɪɫ,fˈiːmeɪl
fence,noun,A2,ˈfɛns,fˈɛns
few,determiner,A2,ˈfju,fjˈuː
fiction,noun,A2,ˈfɪkʃən,fˈɪkʃən
fighter,noun,A2,ˈfaɪtɝ,fˈaɪtɐ
figure,noun,A2,ˈfɪɡjɝ,fˈɪɡɐ
figure,verb,A2,ˈfɪɡjɝ,fˈɪɡɐ
film,noun,A2,ˈfɪɫm,fˈɪlm
final,adjective,A2,ˈfaɪnəɫ,fˈaɪnəl
final,noun,A2,ˈfaɪnəɫ,fˈaɪnəl
finally,adverb,A2,ˈfaɪnəɫi,fˈaɪnəli
first name,noun,A2,ˈfɝst ˈneɪm,fˈɜːst nˈeɪm
fisherman,noun,A2,ˈfɪʃɝˌmæn,fˈɪʃəmən
fit,adjective,A2,ˈfɪt,fˈɪt
fix,noun,A2,ˈfɪks,fˈɪks
flea,noun,A2,ˈfɫi,flˈiː
flight,noun,A2,ˈfɫaɪt,flˈaɪt
float,noun,A2,ˈfɫoʊt,flˈəʊt
flood,noun,A2,ˈfɫəd,flˈʌd
flour,noun,A2,ˈfɫaʊɝ,flˈaʊə
fog,noun,A2,ˈfɑɡ,fˈɒɡ
folder,noun,A2,ˈfoʊɫdɝ,fˈəʊldɐ
follow,verb,A2,ˈfɑɫoʊ,fˈɒləʊ
fool,noun,A2,ˈfuɫ,fˈuːl
footballer,noun,A2,,fˈʊtbɔːlɐ
for,conjunction,A2,ˈfɔɹ,fˈɔː
forbid,verb,A2,fɝˈbɪd,fəbˈɪd
force,noun,A2,ˈfɔɹs,fˈɔːs
forest,noun,A2,ˈfɔɹəst,fˈɒɹɪst
forever,adverb,A2,fɝˈɛvɝ,fəɹˈɛvɐ
fork,noun,A2,ˈfɔɹk,fˈɔːk
fortunately,adverb,A2,ˈfɔɹtʃənətɫi,fˈɔːtʃənətli
fortune,noun,A2,ˈfɔɹtʃən,fˈɔːtʃuːn
forward,adverb,A2,ˈfɔɹwɝd,fˈɔːwəd
frame,noun,A2,ˈfɹeɪm,fɹˈeɪm
frank,adjective,A2,ˈfɹæŋk,fɹˈæŋk
free,adverb,A2,ˈfɹi,fɹˈiː
freedom,noun,A2,ˈfɹidəm,fɹˈiːdəm
freeze,verb,A2,ˈfɹiz,fɹˈiːz
fresh,adjective,A2,ˈfɹɛʃ,fɹˈɛʃ
fridge,noun,A2,ˈfɹɪdʒ,fɹˈɪdʒ
fried,adjective,A2,ˈfɹaɪd,fɹˈaɪd
friendship,noun,A2,ˈfɹɛndʃɪp,fɹˈɛndʃɪp
frighten,verb,A2,ˈfɹaɪtən,fɹˈaɪtən
frightened,adjective,A2,ˈfɹaɪtənd,fɹˈaɪtənd
frightening,adjective,A2,ˈfɹaɪtənɪŋ,fɹˈaɪtənɪŋ
front,noun,A2,ˈfɹənt,fɹˈʌnt
fry,noun,A2,ˈfɹaɪ,fɹˈaɪ
fully,adverb,A2,ˈfʊɫi,fˈʊli
function,verb,A2,ˈfəŋkʃən,fˈʌŋkʃən
furniture,noun,A2,ˈfɝnɪtʃɝ,fˈɜːnɪtʃɐ
further,adjective,A2,ˈfɝðɝ,fˈɜːðɐ
gallery,noun,A2,ˈɡæɫɝi,ɡˈæləɹi
garage,noun,A2,ɡɝˈɑʒ,ɡˈæɹɪdʒ
garlic,noun,A2,ˈɡɑɹɫɪk,ɡˈɑːlɪk
gas,noun,A2,ˈɡæs,ɡˈæs
gate,noun,A2,ˈɡeɪt,ɡˈeɪt
gather,verb,A2,ˈɡæðɝ,ɡˈæðɐ
gender,noun,A2,ˈdʒɛndɝ,dʒˈɛndɐ
generation,noun,A2,ˌdʒɛnɝˈeɪʃən,dʒˌɛnəɹˈeɪʃən
gentle,adjective,A2,ˈdʒɛnəɫ,dʒˈɛntəl
given,adjective,A2,ˈɡɪvən,ɡˈɪvən
globe,noun,A2,ˈɡɫoʊb,ɡlˈəʊb
glove,noun,A2,ˈɡɫəv,ɡlˈʌv
gold,noun,A2,ˈɡoʊɫd,ɡˈəʊld
golden,adjective,A2,ˈɡoʊɫdən,ɡˈəʊldən
golf,noun,A2,ˈɡɑɫf,ɡˈɒlf
good-looking,adjective,A2,ˈɡʊdˌɫʊkɪŋ,
government,noun,A2,ˈɡəvɝmənt,ɡˈʌvənmənt
grace,noun,A2,ˈɡɹeɪs,ɡɹˈeɪs
gradually,adverb,A2,ˈɡɹædʒuəɫi,ɡɹˈædʒuːəli
graduate,verb,A2,ˈɡɹædʒəˌweɪt,
gram,noun,A2,ˈɡɹæm,ɡɹˈæm
grandchild,noun,A2,ˈɡɹænˌtʃaɪɫd,ɡɹˈændtʃaɪld
granddad,noun,A2,ˈɡɹænˌdæd,ɡɹˈændæd
granddaughter,noun,A2,ˈɡɹænˌdɔtɝ,ɡɹˈændɔːtɐ
grandson,noun,A2,ˈɡɹændˌsən,ɡɹˈændsʌn
granny,noun,A2,ˈɡɹæni,ɡɹˈæni
grateful,adjective,A2,ˈɡɹeɪtfəɫ,ɡɹˈeɪtfəl
greatly,adverb,A2,ˈɡɹeɪtɫi,ɡɹˈeɪtli
greedy,adjective,A2,ˈɡɹidi,ɡɹˈiːdi
green,noun,A2,ˈɡɹin,ɡɹˈiːn
grilled,adjective,A2,ˈɡɹɪɫd,ɡɹˈɪld
grocery store,noun,A2,ˈɡɹoʊsɝi ˈstɔɹ,ɡɹˈəʊsəɹi stˈɔː
guard,noun,A2,ˈɡɑɹd,ɡˈɑːd
guidebook,noun,A2,ˈɡaɪdˌbʊk,ɡˈaɪdbʊk
gun,noun,A2,ˈɡən,ɡˈʌn
half,determiner,A2,ˈhæf,hˈɑːf
half,pronoun,A2,ˈhæf,hˈɑːf
half-price,adjective,A2,,
half-price,adverb,A2,,
ham,noun,A2,ˈhæm,hˈæm
hand,verb,A2,ˈhænd,hˈænd
handbag,noun,A2,ˈhændˌbæɡ,hˈændbæɡ
handicapped,adjective,A2,ˈhændiˌkæpt,hˈændɪkˌæpt
handle,noun,A2,ˈhændəɫ,hˈændəl
happily,adverb,A2,ˈhæpəɫi,hˈæpɪli
happiness,noun,A2,ˈhæpinəs,hˈæpɪnəs
hardly,adverb,A2,ˈhɑɹdɫi,hˈɑːdli
harm,verb,A2,ˈhɑɹm,hˈɑːm
harmful,adjective,A2,ˈhɑɹmfəɫ,hˈɑːmfəl
harmony,noun,A2,ˈhɑɹməni,hˈɑːməni
harvest,noun,A2,ˈhɑɹvəst,hˈɑːvɪst
hate,verb,A2,ˈheɪt,hˈeɪt
head,verb,A2,ˈhɛd,hˈɛd
headphone,noun,A2,ˈhɛdˌfoʊn,hˈɛdfəʊn
headteacher,noun,A2,,hˈɛdtiːtʃɐ
heat,noun,A2,ˈhit,hˈiːt
heating,noun,A2,ˈhitɪŋ,hˈiːtɪŋ
heavily,adverb,A2,ˈhɛvəɫi,hˈɛvili
help,noun,A2,ˈhɛɫp,hˈɛlp
helpful,adjective,A2,ˈhɛɫpfəɫ,hˈɛlpfəl
hero,noun,A2,ˈhiɹoʊ,hˈiəɹəʊ
herself,pronoun,A2,hɝˈsɛɫf,hɜːsˈɛlf
hey,interjection,A2,ˈheɪ,hˈeɪ
high,adverb,A2,ˈhaɪ,hˈaɪ
high school,noun,A2,ˈhaɪ ˈskuɫ,hˈaɪ skˈuːl
highway,noun,A2,ˈhaɪˌweɪ,hˈaɪweɪ
hike,noun,A2,ˈhaɪk,hˈaɪk
hiking,noun,A2,ˈhaɪkɪŋ,hˈaɪkɪŋ
himself,pronoun,A2,hɪmˈsɛɫf,hɪmsˈɛlf
hip hop,noun,A2,ˈhɪp ˈhɑp,hˈɪp hˈɒp
hit,verb,A2,ˈhɪt,hˈɪt
hockey,noun,A2,ˈhɑki,hˈɒki
hold,verb,A2,ˈhoʊɫd,hˈəʊld
home,adverb,A2,ˈhoʊm,hˈəʊm
honey,noun,A2,ˈhəni,hˈʌni
honor,noun,A2,ˈɑnɝ,ˈɒnɐ
horror,noun,A2,ˈhɔɹɝ,hˈɒɹɐ
host,noun,A2,ˈhoʊst,hˈəʊst
however,adverb,A2,ˌhaʊˈɛvɝ,haʊˈɛvɐ
hug,verb,A2,ˈhəɡ,hˈʌɡ
human,adjective,A2,ˈhjumən,hjˈuːmən
hundred,number,A2,ˈhəndɝd,hˈʌndɹəd
hunter,noun,A2,ˈhəntɝ,hˈʌntɐ
hurry,verb,A2,ˈhɝi,hˈʌɹi
ID,noun,A2,ˈaɪˈdi,ˌaɪdˈiː
ID card,noun,A2,ˈaɪˈdi ˈkɑɹd,ˌaɪdˈiː kˈɑːd
ill,adjective,A2,ˈɪɫ,ˈɪl
illegal,adjective,A2,ˌɪˈɫiɡəɫ,ɪlˈiːɡəl
image,noun,A2,ˈɪmədʒ,ˈɪmɪdʒ
imagination,noun,A2,ˌɪˌmædʒəˈneɪʃən,ɪmˌædʒɪnˈeɪʃən
impact,noun,A2,ˈɪmpækt,
impatient,adjective,A2,ˌɪmˈpeɪʃənt,ɪmpˈeɪʃənt
importance,noun,A2,ˌɪmˈpɔɹtəns,ɪmpˈɔːtəns
importantly,adverb,A2,ˌɪmˈpɔɹtəntɫi,ɪmpˈɔːtəntli
impossible,adjective,A2,ˌɪmˈpɑsəbəɫ,ɪmpˈɒsəbəl
impress,verb,A2,ˈɪmˌpɹɛs,
improve,verb,A2,ˌɪmˈpɹuv,ɪmpɹˈuːv
in,adverb,A2,ˈɪn,ˈɪn
inch,noun,A2,ˈɪntʃ,ˈɪntʃ
include,verb,A2,ˌɪnˈkɫud,ɪnklˈuːd
increase,verb,A2,ˈɪnˌkɹis,
indeed,adverb,A2,ˌɪnˈdid,ˌɪndˈiːd
independence,noun,A2,ˌɪndɪˈpɛndəns,ˌɪndɪpˈɛndəns
indicate,verb,A2,ˈɪndəˌkeɪt,ˈɪndɪkˌeɪt
indoor,adjective,A2,ˈɪnˌdɔɹ,ˈɪndɔː
inexpensive,adjective,A2,ˌɪnɪkˈspɛnsɪv,ˌɪnɛkspˈɛnsɪv
influence,noun,A2,ˈɪnfɫuəns,ˈɪnfluːəns
injure,verb,A2,ˈɪndʒɝ,ˈɪndʒɐ
inner,adjective,A2,ˈɪnɝ,ˈɪnɐ
insect,noun,A2,ˈɪnˌsɛkt,ˈɪnsɛkt
inside,adverb,A2,ˈɪnˌsaɪd,
inspiration,noun,A2,ˌɪnspɝˈeɪʃən,ˌɪnspəɹˈeɪʃən
instant,adjective,A2,ˈɪnstənt,ˈɪnstənt
instead,adverb,A2,ˌɪnˈstɛd,ɪnstˈɛd
instrument,noun,A2,ˈɪnstɹəmənt,ˈɪnstɹəmənt
intelligence,noun,A2,ˌɪnˈtɛɫədʒəns,ɪntˈɛlɪdʒəns
intelligent,adjective,A2,ˌɪnˈtɛɫədʒənt,ɪntˈɛlɪdʒənt
interest,noun,A2,ˈɪntɝəst,ˈɪntɹəst
international,adjective,A2,ˌɪnɝˈnæʃənəɫ,ˌɪntənˈæʃənəl
invade,verb,A2,ˌɪnˈveɪd,ɪnvˈeɪd
invent,verb,A2,ˌɪnˈvɛnt,ɪnvˈɛnt
invention,noun,A2,ˌɪnˈvɛnʃən,ɪnvˈɛnʃən
invite,verb,A2,ˌɪnˈvaɪt,
issue,noun,A2,ˈɪʃu,ˈɪʃuː
IT,noun,A2,ˈɪt,ˈɪt
itself,pronoun,A2,ˌɪtˈsɛɫf,ɪtsˈɛlf
jam,noun,A2,ˈdʒæm,dʒˈæm
jelly,noun,A2,ˈdʒɛɫi,dʒˈɛli
joke,noun,A2,ˈdʒoʊk,dʒˈəʊk
journey,noun,A2,ˈdʒɝni,dʒˈɜːni
joy,noun,A2,ˈdʒɔɪ,dʒˈɔɪ
junior,adjective,A2,ˈdʒunjɝ,dʒˈuːnjɐ
junk,noun,A2,ˈdʒəŋk,dʒˈʌŋk
killer,noun,A2,ˈkɪɫɝ,kˈɪlɐ
kilo,noun,A2,ˈkɪˌɫoʊ,kˈiːləʊ
kilogram,noun,A2,ˈkɪɫəˌɡɹæm,kˈɪləɡɹˌæm
kilometer,noun,A2,ˈkɪɫəˌmitɝ,kɪlˈɒmɪtɐ
kind,adjective,A2,ˈkaɪnd,kˈaɪnd
kindly,adjective,A2,ˈkaɪndɫi,kˈaɪndli
kingdom,noun,A2,ˈkɪŋdəm,kˈɪŋdəm
kit,noun,A2,ˈkɪt,kˈɪt
knock,noun,A2,ˈnɑk,nˈɒk
knowledge,noun,A2,ˈnɑɫədʒ,nˈɒlɪdʒ
labor,noun,A2,ˈɫeɪbɝ,lˈeɪbɐ
lack,noun,A2,ˈɫæk,lˈæk
lake,noun,A2,ˈɫeɪk,lˈeɪk
lamp,noun,A2,ˈɫæmp,lˈæmp
land,verb,A2,ˈɫænd,lˈænd
landscape,noun,A2,ˈɫænˌskeɪp,lˈændskeɪp
lane,noun,A2,ˈɫeɪn,lˈeɪn
last,determiner,A2,ˈɫæs,lˈɑːst
last,pronoun,A2,ˈɫæs,lˈɑːst
latest,adjective,A2,ˈɫeɪtəst,lˈeɪtəst
latter,adverb,A2,ˈɫætɝ,lˈætɐ
latter,pronoun,A2,ˈɫætɝ,lˈætɐ
law,noun,A2,ˈɫɑ,lˈɔː
lawyer,noun,A2,ˈɫɔɪɝ,lˈɔɪɐ
laziness,noun,A2,ˈɫeɪzinəs,lˈeɪzɪnəs
lead,noun,A2,ˈɫɛd,
learner,noun,A2,ˈɫɝnɝ,lˈɜːnɐ
least,determiner,A2,ˈɫist,lˈiːst
leather,noun,A2,ˈɫɛðɝ,lˈɛðɐ
left,adverb,A2,ˈɫɛft,lˈɛft
left,noun,A2,ˈɫɛft,lˈɛft
left-hand,adjective,A2,ˌɫɛftˈhænd,
leisure,noun,A2,ˈɫɛʒɝ,lˈɛʒɐ
lemon,noun,A2,ˈɫɛmən,lˈɛmən
lemonade,noun,A2,ˈɫɛməˈneɪd,lˌɛmənˈeɪd
lend,verb,A2,ˈɫɛnd,lˈɛnd
less,adverb,A2,ˈɫɛs,lˈɛs
less,determiner,A2,ˈɫɛs,lˈɛs
less,pronoun,A2,ˈɫɛs,lˈɛs
level,noun,A2,ˈɫɛvəɫ,lˈɛvəl
liberty,noun,A2,ˈɫɪbɝˌti,lˈɪbəti
license,verb,A2,ˈɫaɪsəns,lˈaɪsəns
lie,verb,A2,ˈɫaɪ,lˈaɪ
lifestyle,noun,A2,ˈɫaɪfˌstaɪɫ,lˈaɪfstaɪl
likely,adjective,A2,ˈɫaɪkɫi,lˈaɪkli
lip,noun,A2,ˈɫɪp,lˈɪp
liter,noun,A2,ˈɫitɝ,
lively,adjective,A2,ˈɫaɪvɫi,lˈaɪvli
load,noun,A2,ˈɫoʊd,lˈəʊd
local,adjective,A2,ˈɫoʊkəɫ,lˈəʊkəl
lock,noun,A2,ˈɫɑk,lˈɒk
logical,adjective,A2,ˈɫɑdʒɪkəɫ,lˈɒdʒɪkəl
long,adverb,A2,ˈɫɔŋ,lˈɒŋ
loose,adjective,A2,ˈɫus,lˈuːs
lose,verb,A2,ˈɫuz,lˈuːz
lost,adjective,A2,ˈɫɔst,lˈɒst
lot,noun,A2,ˈɫɑt,lˈɒt
loudly,adverb,A2,ˈɫaʊdɫi,lˈaʊdli
lover,noun,A2,ˈɫəvɝ,lˈʌvɐ
low,adjective,A2,ˈɫoʊ,lˈəʊ
low,adverb,A2,ˈɫoʊ,lˈəʊ
luckily,adverb,A2,ˈɫəkəɫi,lˈʌkili
lunchtime,noun,A2,ˈɫəntʃˌtaɪm,lˈʌntʃtaɪm
lyric,adjective,A2,ˈɫɪɹɪk,lˈɪɹɪk
mad,adjective,A2,ˈmæd,mˈæd
magic,adjective,A2,ˈmædʒɪk,mˈædʒɪk
magic,noun,A2,ˈmædʒɪk,mˈædʒɪk
main course,noun,A2,ˈmeɪn ˈkɔɹs,mˈeɪn kˈɔːs
mainly,adverb,A2,ˈmeɪnɫi,mˈeɪnli
major,adjective,A2,ˈmeɪdʒɝ,mˈeɪdʒɐ
make-up,noun,A2,ˈmeɪˌkəp,
maker,noun,A2,ˈmeɪkɝ,mˈeɪkɐ
male,noun,A2,ˈmeɪɫ,mˈeɪl
mall,noun,A2,ˈmɔɫ,mˈæl
manage,verb,A2,ˈmænədʒ,mˈænɪdʒ
manager,noun,A2,ˈmænədʒɝ,mˈænɪdʒɐ
manner,noun,A2,ˈmænɝ,mˈænɐ
mark,noun,A2,ˈmɑɹk,mˈɑːk
mark,verb,A2,ˈmɑɹk,mˈɑːk
market,noun,A2,ˈmɑɹkət,mˈɑːkɪt
married,adjective,A2,ˈmɛɹid,mˈæɹɪd
marry,verb,A2,ˈmɛɹi,mˈæɹi
marvelous,adjective,A2,ˈmɑɹvəɫəs,
material,noun,A2,məˈtɪɹiəɫ,mətˈiəɹɪəl
matter,verb,A2,ˈmætɝ,mˈætɐ
max,noun,A2,ˈmæks,
mean,adjective,A2,ˈmin,mˈiːn
meaning,noun,A2,ˈminɪŋ,mˈiːnɪŋ
medal,noun,A2,ˈmɛdəɫ,mˈɛdəl
medical,adjective,A2,ˈmɛdəkəɫ,mˈɛdɪkəl
melon,noun,A2,ˈmɛɫən,mˈɛlən
member,noun,A2,ˈmɛmbɝ,mˈɛmbɐ
mention,noun,A2,ˈmɛnʃən,mˈɛnʃən
menu,noun,A2,ˈmɛnju,mˈɛnjuː
metal,noun,A2,ˈmɛtəɫ,mˈɛtəl
meter,noun,A2,ˈmitɝ,mˈiːtɐ
method,noun,A2,ˈmɛθəd,mˈɛθəd
midday,noun,A2,ˈmɪdˌdeɪ,mˌɪddˈeɪ
middle,noun,A2,ˈmɪdəɫ,mˈɪdəl
midnight,noun,A2,ˈmɪdˌnaɪt,mˈɪdnaɪt
might,modal auxiliary,A2,ˈmaɪt,mˈaɪt
military,adjective,A2,ˈmɪɫəˌtɛɹi,mˈɪlɪtəɹi
million,number,A2,ˈmɪɫjən,mˈɪliən
mind,verb,A2,ˈmaɪnd,mˈaɪnd
mineral water,noun,A2,ˈmɪnɝəɫ ˈwɔtɝ,mˈɪnəɹəl wˈɔːtɐ
mirror,noun,A2,ˈmɪɹɝ,mˈɪɹɐ
missing,adjective,A2,ˈmɪsɪŋ,mˈɪsɪŋ
mistake,noun,A2,mɪˈsteɪk,mɪstˈeɪk
mix,verb,A2,ˈmɪks,mˈɪks
mobile,adjective,A2,ˈmoʊbəɫ,
model,noun,A2,ˈmɑdəɫ,mˈɒdəl
modern,adjective,A2,ˈmɑdɝn,mˈɒdən
mood,noun,A2,ˈmud,mˈuːd
mosque,noun,A2,ˈmɑsk,mˈɒsk
most,adverb,A2,ˈmoʊs,mˈəʊst
most,pronoun,A2,ˈmoʊs,mˈəʊst
mostly,adverb,A2,ˈmoʊsɫi,mˈəʊstli
motorway,noun,A2,,mˈəʊtəwˌeɪ
move,verb,A2,ˈmuv,mˈuːv
MP3 player,noun,A2,,
Ms.,noun,A2,ˈmɪz,ˌɛmˈɛs
mug,noun,A2,ˈməɡ,mˈʌɡ
murder,noun,A2,ˈmɝdɝ,mˈɜːdɐ
museum,noun,A2,ˈmjuziəm,mjuːzˈiəm
mushroom,noun,A2,ˈməʃɹum,mˈʌʃɹuːm
musical,adjective,A2,ˈmjuzɪkəɫ,mjˈuːzɪkəl
myself,pronoun,A2,ˌmaɪˈsɛɫf,maɪsˈɛlf
mysterious,adjective,A2,mɪˈstɪɹiəs,mɪstˈiəɹɪəs
mystery,noun,A2,ˈmɪstɝi,mˈɪstəɹi
napkin,noun,A2,ˈnæpkɪn,nˈæpkɪn
nation,noun,A2,ˈneɪʃən,nˈeɪʃən
national,adjective,A2,ˈnæʃənəɫ,nˈæʃənəl
native,adjective,A2,ˈneɪtɪv,nˈeɪtɪv
natural,adjective,A2,ˈnætʃɝəɫ,nˈætʃəɹəl
nature,noun,A2,ˈneɪtʃɝ,nˈeɪtʃɐ
nearly,adverb,A2,ˈnɪɹɫi,nˈiəli
necessary,adjective,A2,ˈnɛsəˌsɛɹi,nˈɛsəsəɹi
need,verb,A2,ˈnid,nˈiːd
negative,adjective,A2,ˈnɛɡətɪv,nˈɛɡətˌɪv
nervous,adjective,A2,ˈnɝvəs,nˈɜːvəs
net,adjective,A2,ˈnɛt,nˈɛt
next,adverb,A2,ˈnɛks,nˈɛkst
next,determiner,A2,ˈnɛks,nˈɛkst
next to,preposition,A2,ˈnɛks ˈtu,nˈɛkst tˈuː
no one,pronoun,A2,ˈnoʊ ˈwən,
nobody,pronoun,A2,ˈnoʊˌbɑˌdi,nˈəʊbɒdˌi
noisy,adjective,A2,ˈnɔɪzi,nˈɔɪzi
noon,noun,A2,ˈnun,nˈuːn
normal,adjective,A2,ˈnɔɹməɫ,nˈɔːməl
north,adjective,A2,ˈnɔɹθ,nˈɔːθ
north,adverb,A2,ˈnɔɹθ,nˈɔːθ
north,noun,A2,ˈnɔɹθ,nˈɔːθ
notice,noun,A2,ˈnoʊtəs,nˈəʊtɪs
noun,noun,A2,ˈnaʊn,nˈaʊn
novel,noun,A2,ˈnɑvəɫ,nˈɒvəl
nowadays,adverb,A2,ˈnaʊəˌdeɪz,nˈaʊədˌeɪz
oak,noun,A2,ˈoʊk,ˈəʊk
occupation,noun,A2,ˌɑkjəˈpeɪʃən,ˌɒkjʊpˈeɪʃən
off,adverb,A2,ˈɔf,ˈɒf
offer,noun,A2,ˈɔfɝ,ˈɒfɐ
offer,verb,A2,ˈɔfɝ,ˈɒfɐ
official,adjective,A2,əˈfɪʃəɫ,əfˈɪʃəl
oil,noun,A2,ˈɔɪɫ,ˈɔɪl
olive oil,noun,A2,ˈɑɫəv ˈɔɪɫ,ˈɒlɪv ˈɔɪl
Olympic,adjective,A2,oʊˈɫɪmpɪk,
omelet,noun,A2,ˈɑmɫət,
on,adverb,A2,ˈɑn,ˈɒn
one,pronoun,A2,ˈwən,wˈɒn
onion,noun,A2,ˈənjən,ˈʌniən
online,adjective,A2,ˈɔnˌɫaɪn,ˈɒnlaɪn
online,adverb,A2,ˈɔnˌɫaɪn,ˈɒnlaɪn
operate,verb,A2,ˈɑpɝˌeɪt,ˈɒpəɹˌeɪt
opinion,noun,A2,əˈpɪnjən,əpˈɪniən
opportunity,noun,A2,ˌɑpɝˈtunəti,ɒpətjˈuːnɪti
oppose,verb,A2,əˈpoʊz,əpˈəʊz
opposite,adjective,A2,ˈɑpəzət,ˈɒpəsˌɪt
opposite,preposition,A2,ˈɑpəzət,ˈɒpəsˌɪt
order,verb,A2,ˈɔɹdɝ,ˈɔːdɐ
organize,verb,A2,ˈɔɹɡəˌnaɪz,
organized,adjective,A2,ˈɔɹɡəˌnaɪzd,
original,adjective,A2,ɝˈɪdʒənəɫ,əɹˈɪdʒɪnəl
orphan,noun,A2,ˈɔɹfən,ˈɔːfən
other,pronoun,A2,ˈəðɝ,ˈʌðɐ
ourselves,pronoun,A2,aʊɝˈsɛɫvz,aʊəsˈɛlvz
out of,preposition,A2,ˈaʊt ˈəv,ˈaʊt ˈɒv
outside,preposition,A2,ˈaʊtˈsaɪd,
oven,noun,A2,ˈəvən,ˈʌvən
over,adverb,A2,ˈoʊvɝ,ˈəʊvɐ
overseas,adverb,A2,ˈoʊvɝˈsiz,
overweight,adjective,A2,ˌoʊvɝˈweɪt,
own,pronoun,A2,ˈoʊn,ˈəʊn
pacific,adjective,A2,pəˈsɪfɪk,pɐsˈɪfɪk
pack,noun,A2,ˈpæk,pˈæk
pack,verb,A2,ˈpæk,pˈæk
painter,noun,A2,ˈpeɪntɝ,pˈeɪntɐ
pal,noun,A2,ˈpæɫ,pˈæl
pan,noun,A2,ˈpæn,
panic,noun,A2,ˈpænɪk,pˈænɪk
park,verb,A2,ˈpɑɹk,pˈɑːk
part,noun,A2,ˈpɑɹt,pˈɑːt
partly,adverb,A2,ˈpɑɹtɫi,pˈɑːtli
pass,noun,A2,ˈpæs,pˈɑːs
pass,verb,A2,ˈpæs,pˈɑːs
passage,noun,A2,ˈpæsədʒ,pˈæsɪdʒ
passenger,noun,A2,ˈpæsəndʒɝ,pˈæsɪndʒɐ
pasta,noun,A2,ˈpɑstə,pˈɑːstɐ
path,noun,A2,ˈpæθ,
patient,noun,A2,ˈpeɪʃənt,pˈeɪʃənt
PC,noun,A2,ˈpiˈsi,
pea,noun,A2,ˈpi,pˈiː
peaceful,adjective,A2,ˈpisfəɫ,pˈiːsfəl
pear,noun,A2,ˈpɛɹ,pˈeə
pence,noun,A2,ˈpɛns,pˈɛns
penfriend,noun,A2,,
pepper,noun,A2,ˈpɛpɝ,pˈɛpɐ
perfect,adjective,A2,ˈpɝˌfɪkt,
perfectly,adverb,A2,ˈpɝfəkɫi,pˈɜːfɛktlˌi
perform,verb,A2,pɝˈfɔɹm,pəfˈɔːm
performance,noun,A2,pɝˈfɔɹməns,pəfˈɔːməns
perfume,noun,A2,pɝfˈjum,
perhaps,adverb,A2,pɝˈhæps,pəhˈæps
permission,noun,A2,pɝˈmɪʃən,pəmˈɪʃən
personality,noun,A2,ˌpɝsəˈnæɫɪti,pˌɜːsənˈælɪti
petrol,noun,A2,ˈpɛtɹoʊɫ,pˈɛtɹəl
petrol station,noun,A2,ˈpɛtɹoʊɫ ˈsteɪʃən,pˈɛtɹəl stˈeɪʃən
photograph,noun,A2,ˈfoʊtəˌɡɹæf,fˈəʊtəɡɹˌæf
photographer,noun,A2,fəˈtɑɡɹəfɝ,fətˈɒɡɹəfɐ
photography,noun,A2,fəˈtɑɡɹəfi,fətˈɒɡɹəfˌi
physical,adjective,A2,ˈfɪzɪkəɫ,fˈɪzɪkəl
physically,adverb,A2,ˈfɪzɪkəɫi,fˈɪzɪkli
pile,noun,A2,ˈpaɪɫ,pˈaɪl
pilgrim,noun,A2,ˈpɪɫɡɹəm,pˈɪlɡɹɪm
pill,noun,A2,ˈpɪɫ,pˈɪl
pilot,noun,A2,ˈpaɪɫət,pˈaɪlət
pink,noun,A2,ˈpɪŋk,pˈɪŋk
pity,noun,A2,ˈpɪti,pˈɪti
planet,noun,A2,ˈpɫænət,plˈænɪt
plant,noun,A2,ˈpɫænt,plˈænt
plastic,adjective,A2,ˈpɫæstɪk,plˈɑːstɪk
plate,noun,A2,ˈpɫeɪt,plˈeɪt
playful,adjective,A2,ˈpɫeɪfəɫ,plˈeɪfəl
playground,noun,A2,ˈpɫeɪˌɡɹaʊn,plˈeɪɡɹaʊnd
pleasant,adjective,A2,ˈpɫɛzənt,plˈɛzənt
pleased,adjective,A2,ˈpɫizd,plˈiːzd
pleasing,adjective,A2,ˈpɫizɪŋ,plˈiːzɪŋ
plenty,noun,A2,ˈpɫɛni,plˈɛnti
plural,noun,A2,ˈpɫʊɹəɫ,plˈɔːɹəl
plus,preposition,A2,ˈpɫəs,plˈʌs
point,verb,A2,ˈpɔɪnt,pˈɔɪnt
police,noun,A2,pəˈɫis,pəlˈiːs
police officer,noun,A2,pəˈɫis ˈɔfəsɝ,pəlˈiːs ˈɒfɪsɐ
police station,noun,A2,pəˈɫis ˈsteɪʃən,pəlˈiːs stˈeɪʃən
policeman,noun,A2,pəˈɫismən,pəlˈiːsmən
policewoman,noun,A2,pəˈɫiˌswʊmən,pəlˈiːswʊmən
polite,adjective,A2,pəˈɫaɪt,pəlˈaɪt
political,adjective,A2,pəˈɫɪtəkəɫ,pəlˈɪtɪkəl
pollute,verb,A2,pəˈɫut,pəlˈuːt
popular,adjective,A2,ˈpɑpjəɫɝ,pˈɒpjʊlɐ
population,noun,A2,ˌpɑpjəˈɫeɪʃən,pˌɒpjʊlˈeɪʃən
portrait,noun,A2,ˈpɔɹtɹət,pˈɔːtɹeɪt
position,noun,A2,pəˈzɪʃən,pəzˈɪʃən
possible,adjective,A2,ˈpɑsəbəɫ,pˈɒsəbəl
possibly,adverb,A2,ˈpɑsəbɫi,pˈɒsəbli
post,verb,A2,ˈpoʊst,pˈəʊst
post office,noun,A2,ˈpoʊst ˈɔfɪs,pˈəʊst ˈɒfɪs
pour,verb,A2,ˈpɔɹ,pˈɔː
power,noun,A2,ˈpaʊɝ,pˈaʊɐ
powerful,adjective,A2,ˈpaʊɝfəɫ,pˈaʊəfəl
precise,adjective,A2,pɹiˈsaɪs,pɹɪsˈaɪs
predict,verb,A2,pɹiˈdɪkt,pɹɪdˈɪkt
prediction,noun,A2,pɹiˈdɪkʃən,pɹɪdˈɪkʃən
prefer,verb,A2,pɹəˈfɝ,pɹɪfˈɜː
prepare,verb,A2,pɹiˈpɛɹ,pɹɪpˈeə
pressure,noun,A2,ˈpɹɛʃɝ,pɹˈɛʃɐ
pretend,verb,A2,pɹiˈtɛnd,pɹɪtˈɛnd
pretty,adverb,A2,ˈpɹɪti,pɹˈɪti
prevent,verb,A2,pɹiˈvɛnt,pɹɪvˈɛnt
pride,noun,A2,ˈpɹaɪd,pɹˈaɪd
principal,adjective,A2,ˈpɹɪnsəpəɫ,pɹˈɪnsɪpəl
print,verb,A2,ˈpɹɪnt,pɹˈɪnt
printer,noun,A2,ˈpɹɪnɝ,pɹˈɪntɐ
private,adjective,A2,ˈpɹaɪvət,pɹˈaɪvət
pro,noun,A2,ˈpɹoʊ,pɹˈəʊ
probably,adverb,A2,ˈpɹɑbəˌbɫi,pɹˈɒbəbli
produce,verb,A2,ˈpɹoʊdus,
product,noun,A2,ˈpɹɑdəkt,pɹˈɒdʌkt
production,noun,A2,pɝˈdəkʃən,pɹədˈʌkʃən
professional,adjective,A2,pɹəˈfɛʃənəɫ,pɹəfˈɛʃənəl
progressive,adjective,A2,pɹəˈɡɹɛsɪv,pɹəɡɹˈɛsɪv
promise,noun,A2,ˈpɹɑməs,pɹˈɒmɪs
pronounce,verb,A2,pɹəˈnaʊns,pɹənˈaʊns
pronunciation,noun,A2,pɹəˌnənsiˈeɪʃən,pɹənˌʌnsɪˈeɪʃən
proper,adjective,A2,ˈpɹɑpɝ,pɹˈɒpɐ
provide,verb,A2,pɹəˈvaɪd,pɹəvˈaɪd
psychologist,noun,A2,saɪˈkɑɫədʒəst,saɪkˈɒlədʒˌɪst
public,noun,A2,ˈpəbɫɪk,pˈʌblɪk
publish,verb,A2,ˈpəbɫɪʃ,pˈʌblɪʃ
pull,verb,A2,ˈpʊɫ,pˈʊl
punctuation,noun,A2,ˌpəŋktʃuˈeɪʃən,pˌʌŋktʃuːˈeɪʃən
purple,adjective,A2,ˈpɝpəɫ,pˈɜːpəl
purpose,noun,A2,ˈpɝpəs,pˈɜːpəs
pursue,verb,A2,pɝˈsu,pəsjˈuː
quality,noun,A2,ˈkwɑɫəti,kwˈɒlɪti
queen,noun,A2,ˈkwin,kwˈiːn
quick,adjective,A2,ˈkwɪk,kwˈɪk
quietly,adverb,A2,ˈkwaɪətɫi,kwˈaɪətli
quit,verb,A2,ˈkwɪt,kwˈɪt
quite,adverb,A2,ˈkwaɪt,
quiz,noun,A2,ˈkwɪz,kwˈɪz
racket,noun,A2,ˈɹækɪt,ɹˈækɪt
raincoat,noun,A2,ˈɹeɪnˌkoʊt,ɹˈeɪnkəʊt
raise,verb,A2,ˈɹeɪz,ɹˈeɪz
range,noun,A2,ˈɹeɪndʒ,ɹˈeɪndʒ
rap,noun,A2,ˈɹæp,ɹˈæp
rate,noun,A2,ˈɹeɪt,ɹˈeɪt
rather,adverb,A2,ˈɹæðɝ,ɹˈɑːðɐ
rating,noun,A2,ˈɹeɪtɪŋ,ɹˈeɪtɪŋ
raw,adjective,A2,ˈɹɑ,ɹˈɔː
ray,noun,A2,ˈɹeɪ,ɹˈeɪ
reach,verb,A2,ˈɹitʃ,ɹˈiːtʃ
realize,verb,A2,ˈɹiəˌɫaɪz,
receipt,noun,A2,ɹiˈsit,ɹɪsˈiːt
receive,verb,A2,ɹəˈsiv,ɹɪsˈiːv
recent,adjective,A2,ˈɹisənt,ɹˈiːsənt
recently,adverb,A2,ˈɹisənɫi,ɹˈiːsəntli
receptionist,noun,A2,ɹiˈsɛpʃənɪst,ɹɪsˈɛpʃənˌɪst
record,verb,A2,ˈɹɛkɝd,
recycle,verb,A2,ɹiˈsaɪkəɫ,ɹɪsˈaɪkəl
red,noun,A2,ˈɹɛd,ɹˈɛd
refer,verb,A2,ɹəˈfɝ,ɹɪfˈɜː
reflect,verb,A2,ɹɪˈfɫɛkt,ɹɪflˈɛkt
refrigerator,noun,A2,ɹəˈfɹɪdʒɝˌeɪtɝ,ɹɪfɹˈɪdʒəɹˌeɪtɐ
regret,verb,A2,ɹəˈɡɹɛt,ɹɪɡɹˈɛt
regular,adjective,A2,ˈɹeɪɡjəɫɝ,ɹˈɛɡjuːlɐ
regularly,adverb,A2,ˈɹɛɡjəɫɝɫi,ɹˈɛɡjuːləli
relax,verb,A2,ɹiˈɫæks,ɹɪlˈæks
relaxed,adjective,A2,ɹiˈɫækst,ɹɪlˈækst
release,noun,A2,ɹiˈɫis,
remain,verb,A2,ɹiˈmeɪn,ɹɪmˈeɪn
remind,verb,A2,ɹiˈmaɪnd,ɹɪmˈaɪnd
remote,adjective,A2,ɹiˈmoʊt,ɹɪmˈəʊt
rent,noun,A2,ˈɹɛnt,ɹˈɛnt
rent,verb,A2,ˈɹɛnt,ɹˈɛnt
repair,noun,A2,ɹɪˈpɛɹ,
repair,verb,A2,ɹɪˈpɛɹ,
replace,verb,A2,ˌɹiˈpɫeɪs,ɹɪplˈeɪs
reply,noun,A2,ɹiˈpɫaɪ,ɹɪplˈaɪ
report,noun,A2,ɹiˈpɔɹt,
represent,verb,A2,ˌɹɛpɹɪˈzɛnt,
request,noun,A2,ɹiˈkwɛst,ɹɪkwˈɛst
research,noun,A2,ˈɹisɝtʃ,
response,noun,A2,ɹiˈspɑns,ɹɪspˈɒns
retire,verb,A2,ˌɹiˈtaɪɝ,ɹɪtˈaɪə
retired,adjective,A2,ɹiˈtaɪɝd,ɹɪtˈaɪəd
return,noun,A2,ɹiˈtɝn,
return,verb,A2,ɹiˈtɝn,
reunion,noun,A2,ɹiˈunjən,ɹˌiːjˈuːniən
reveal,verb,A2,ɹiˈviɫ,ɹɪvˈiːl
rhythm,noun,A2,ˈɹɪðəm,ɹˈɪðəm
right,noun,A2,ˈɹaɪt,ɹˈaɪt
right-hand,adjective,A2,ɹaɪtˈhænd,
ring,noun,A2,ˈɹɪŋ,ɹˈɪŋ
road,noun,A2,ˈɹoʊd,ɹˈəʊd
roast,verb,A2,ˈɹoʊst,ɹˈəʊst
rob,verb,A2,ˈɹɑb,ɹˈɒb
robbery,noun,A2,ˈɹɑbɝi,ɹˈɒbəɹi
robin,noun,A2,ˈɹɑbən,ɹˈɒbɪn
rock,noun,A2,ˈɹɑk,ɹˈɒk
roll,noun,A2,ˈɹoʊɫ,ɹˈəʊl
romance,noun,A2,ˈɹoʊmæns,
romantic,adjective,A2,ɹoʊˈmæntɪk,ɹəʊmˈæntɪk
roof,noun,A2,ˈɹuf,ɹˈuːf
root,noun,A2,ˈɹut,ɹˈuːt
rope,noun,A2,ˈɹoʊp,ɹˈəʊp
roughly,adverb,A2,ˈɹəfɫi,ɹˈʌfli
round,adverb,A2,ˈɹaʊnd,ɹˈaʊnd
roundabout,noun,A2,ˈɹaʊndəˌbaʊt,ɹˈaʊndɐbˌaʊt
royal,adjective,A2,ˈɹɔɪəɫ,ɹˈɔɪəl
rugby,noun,A2,ˈɹəɡbi,ɹˈʌɡbi
ruin,verb,A2,ˈɹuən,ɹˈuːɪn
rumor,noun,A2,ˈɹumɝ,
runner,noun,A2,ˈɹənɝ,ɹˈʌnɐ
running,noun,A2,ˈɹənɪŋ,ɹˈʌnɪŋ
rush,noun,A2,ˈɹəʃ,ɹˈʌʃ
sadly,adverb,A2,ˈsædɫi,sˈædli
safe,adjective,A2,ˈseɪf,sˈeɪf
sailing,noun,A2,ˈseɪɫɪŋ,sˈeɪlɪŋ
sake,noun,A2,ˈseɪk,
salt,noun,A2,ˈsɔɫt,sˈɒlt
sample,noun,A2,ˈsæmpəɫ,sˈɑːmpəl
sandy,adjective,A2,ˈsændi,sˈændi
satisfy,verb,A2,ˈsætəsˌfaɪ,sˈætɪsfˌaɪ
sauce,noun,A2,ˈsɔs,sˈɔːs
sausage,noun,A2,ˈsɔsədʒ,sˈɒsɪdʒ
scale,noun,A2,ˈskeɪɫ,skˈeɪl
scarf,noun,A2,ˈskɑɹf,skˈɑːf
scene,noun,A2,ˈsin,sˈiːn
scenery,noun,A2,ˈsinɝi,sˈiːnəɹi
schedule,noun,A2,ˈskɛdʒuɫ,ʃˈɛdjuːl
schoolchild,noun,A2,ˈskuɫˌtʃaɪɫd,skˈuːltʃaɪld
schoolwork,noun,A2,ˈskuɫˌwɝk,skˈuːlwɜːk
scientific,adjective,A2,ˌsaɪənˈtɪfɪk,saɪəntˈɪfɪk
scissors,noun,A2,ˈsɪzɝz,sˈɪsəz
scream,noun,A2,ˈskɹim,skɹˈiːm
screen,noun,A2,ˈskɹin,skɹˈiːn
screw,noun,A2,ˈskɹu,skɹˈuː
script,noun,A2,ˈskɹɪpt,skɹˈɪpt
seafood,noun,A2,ˈsiˌfud,sˈiːfuːd
search,noun,A2,ˈsɝtʃ,sˈɜːtʃ
seaside,noun,A2,ˈsiˌsaɪd,sˈiːsaɪd
second,noun,A2,ˈsɛkənd,
second,pronoun,A2,ˈsɛkənd,
secret,noun,A2,ˈsikɹət,
secretary,noun,A2,ˈsɛkɹəˌtɛɹi,sˈɛkɹətɹˌi
seed,noun,A2,ˈsid,sˈiːd
seek,verb,A2,ˈsik,sˈiːk
seem,verb,A2,ˈsim,sˈiːm
semester,noun,A2,səˈmɛstɝ,səmˈɛstɐ
send,verb,A2,ˈsɛnd,sˈɛnd
senior,adjective,A2,ˈsinjɝ,sˈiːnjɐ
senior,noun,A2,ˈsinjɝ,sˈiːnjɐ
sense,noun,A2,ˈsɛns,sˈɛns
separate,adjective,A2,ˈsɛpɝˌeɪt,
seriously,adverb,A2,ˈsɪɹiəsɫi,sˈiəɹɪəsli
serve,verb,A2,ˈsɝv,sˈɜːv
set,noun,A2,ˈsɛt,sˈɛt
several,determiner,A2,ˈsɛvɝəɫ,sˈɛvɹəl
several,pronoun,A2,ˈsɛvɝəɫ,sˈɛvɹəl
sew,verb,A2,ˈsoʊ,sˈəʊ
shade,noun,A2,ˈʃeɪd,ʃˈeɪd
shadow,noun,A2,ˈʃæˌdoʊ,ʃˈædəʊ
shall,modal auxiliary,A2,ˈʃæɫ,ʃˈæl
shampoo,noun,A2,ʃæmˈpu,ʃæmpˈuː
shape,noun,A2,ˈʃeɪp,ʃˈeɪp
share,noun,A2,ˈʃɛɹ,ʃˈeə
shell,noun,A2,ˈʃɛɫ,ʃˈɛl
shine,verb,A2,ˈʃaɪn,ʃˈaɪn
shock,noun,A2,ˈʃɑk,ʃˈɒk
shoot,verb,A2,ˈʃut,ʃˈuːt
shop assistant,noun,A2,ˈʃɑp əˈsɪstənt,ʃˈɒp ɐsˈɪstənt
shore,noun,A2,ˈʃɔɹ,ʃˈɔː
short,noun,A2,ˈʃɔɹt,ʃˈɔːt
shot,noun,A2,ˈʃɑt,ʃˈɒt
shout,noun,A2,ˈʃaʊt,ʃˈaʊt
show,noun,A2,ˈʃoʊ,ʃˈəʊ
shut,verb,A2,ˈʃət,ʃˈʌt
sightseeing,noun,A2,ˈsaɪtˈsiɪŋ,sˈaɪtsiːɪŋ
significant,adjective,A2,səɡˈnɪfɪkənt,sɪɡnˈɪfɪkənt
silence,noun,A2,ˈsaɪɫəns,sˈaɪləns
silently,adverb,A2,ˈsaɪɫəntɫi,sˈaɪləntli
silly,adjective,A2,ˈsɪɫi,sˈɪli
silver,adjective,A2,ˈsɪɫvɝ,sˈɪlvɐ
silver,noun,A2,ˈsɪɫvɝ,sˈɪlvɐ
similar,adjective,A2,ˈsɪməɫɝ,sˈɪmɪlɐ
simple,adjective,A2,ˈsɪmpəɫ,sˈɪmpəl
simply,adverb,A2,ˈsɪmpɫi,sˈɪmpli
since,preposition,A2,ˈsɪns,sˈɪns
singing,noun,A2,ˈsɪŋɪŋ,sˈɪŋɪŋ
single,adjective,A2,ˈsɪŋɡəɫ,sˈɪŋɡəl
singular,adjective,A2,ˈsɪŋɡjəɫɝ,sˈɪŋɡjʊlɐ
singular,noun,A2,ˈsɪŋɡjəɫɝ,sˈɪŋɡjʊlɐ
sink,noun,A2,ˈsɪŋk,sˈɪŋk
sitting room,noun,A2,ˈsɪtɪŋ ˈɹum,sˈɪtɪŋ ɹˈuːm
situation,noun,A2,ˌsɪtʃuˈeɪʃən,sˌɪtʃuːˈeɪʃən
skate,noun,A2,ˈskeɪt,skˈeɪt
skateboarding,noun,A2,ˈskeɪtˌbɔɹdɪŋ,skˈeɪtbɔːdɪŋ
skating,noun,A2,ˈskeɪtɪŋ,skˈeɪtɪŋ
ski,noun,A2,ˈski,skˈiː
skiing,noun,A2,ˈskiɪŋ,skˈiːɪŋ
slave,noun,A2,ˈsɫeɪv,slˈeɪv
sleepless,adjective,A2,ˈsɫipɫəs,slˈiːpləs
sleepy,adjective,A2,ˈsɫipi,slˈiːpi
slice,noun,A2,ˈsɫaɪs,slˈaɪs
slide,noun,A2,ˈsɫaɪd,slˈaɪd
slim,adjective,A2,ˈsɫɪm,slˈɪm
slowly,adverb,A2,ˈsɫoʊɫi,slˈəʊli
smoke,verb,A2,ˈsmoʊk,smˈəʊk
smooth,adjective,A2,ˈsmuð,smˈuːð
smoothly,adverb,A2,ˈsmuðɫi,smˈuːðli
snack,noun,A2,ˈsnæk,snˈæk
snow,verb,A2,ˈsnoʊ,snˈəʊ
snowboarding,noun,A2,,snˈəʊbɔːdɪŋ
so,adverb,A2,ˈsoʊ,sˈəʊ
soap,noun,A2,ˈsoʊp,sˈəʊp
society,noun,A2,səˈsaɪəti,səsˈaɪəti
sock,noun,A2,ˈsɑk,sˈɒk
soda,noun,A2,ˈsoʊdə,sˈəʊdɐ
soft,adjective,A2,ˈsɑft,sˈɒft
soft drink,noun,A2,ˈsɑft ˈdɹɪŋk,sˈɒft dɹˈɪŋk
softly,adverb,A2,ˈsɔfɫi,sˈɒftli
software,noun,A2,ˈsɔfˌwɛɹ,sˈɒftweə
soldier,noun,A2,ˈsoʊɫdʒɝ,sˈəʊldʒɐ
solution,noun,A2,səˈɫuʃən,səlˈuːʃən
somebody,pronoun,A2,ˈsəmˌbɑdi,sˈʌmbɒdi
someday,adverb,A2,ˈsəmˌdeɪ,sˈʌmdeɪ
somewhere,adverb,A2,ˈsəmˌwɛɹ,sˈʌmweə
sound,noun,A2,ˈsaʊnd,sˈaʊnd
sound,verb,A2,ˈsaʊnd,sˈaʊnd
source,noun,A2,ˈsɔɹs,sˈɔːs
south,adjective,A2,ˈsaʊθ,sˈaʊθ
south,adverb,A2,ˈsaʊθ,sˈaʊθ
south,noun,A2,ˈsaʊθ,sˈaʊθ
space,noun,A2,ˈspeɪs,spˈeɪs
spaceship,noun,A2,ˈspeɪsˌʃɪp,spˈeɪsʃɪp
spaghetti,noun,A2,spəˈɡɛti,spɐɡˈɛti
speaker,noun,A2,ˈspikɝ,spˈiːkɐ
specific,adjective,A2,spəˈsɪfɪk,spəsˈɪfɪk
speed,noun,A2,ˈspid,spˈiːd
spell,verb,A2,ˈspɛɫ,spˈɛl
spill,verb,A2,ˈspɪɫ,spˈɪl
splash,verb,A2,ˈspɫæʃ,splˈæʃ
split,adjective,A2,ˈspɫɪt,splˈɪt
spoon,noun,A2,ˈspun,spˈuːn
sports center,noun,A2,ˈspɔɹts ˈsɛnɝ,spˈɔːts sˈɛntɐ
spread,noun,A2,ˈspɹɛd,spɹˈɛd
square,adjective,A2,ˈskwɛɹ,skwˈeə
square,noun,A2,ˈskwɛɹ,skwˈeə
stadium,noun,A2,ˈsteɪdiəm,stˈeɪdiəm
staff,noun,A2,ˈstæf,stˈɑːf
stair,noun,A2,ˈstɛɹ,stˈeə
stamp,noun,A2,ˈstæmp,stˈæmp
stand,verb,A2,ˈstænd,stˈænd
state,noun,A2,ˈsteɪt,stˈeɪt
statement,noun,A2,ˈsteɪtmənt,stˈeɪtmənt
statue,noun,A2,ˈstæˌtʃu,stˈætʃuː
steak,noun,A2,ˈsteɪk,stˈeɪk
steal,verb,A2,ˈstiɫ,stˈiːl
step,noun,A2,ˈstɛp,stˈɛp
still,adverb,A2,ˈstɪɫ,stˈɪl
stomach,noun,A2,ˈstəmək,stˈʌmək
stomachache,noun,A2,,stˈʌməkˌeɪk
storm,noun,A2,ˈstɔɹm,stˈɔːm
stove,noun,A2,ˈstoʊv,stˈəʊv
straight,adjective,A2,ˈstɹeɪt,stɹˈeɪt
stranger,noun,A2,ˈstɹeɪndʒɝ,stɹˈeɪndʒɐ
strategy,noun,A2,ˈstɹætədʒi,stɹˈætədʒi
strength,noun,A2,ˈstɹɛŋkθ,stɹˈɛŋθ
strike,noun,A2,ˈstɹaɪk,stɹˈaɪk
string,noun,A2,ˈstɹɪŋ,stɹˈɪŋ
strongly,adverb,A2,ˈstɹɔŋɫi,stɹˈɒŋli
structure,noun,A2,ˈstɹəktʃɝ,stɹˈʌktʃɐ
study,noun,A2,ˈstədi,stˈʌdi
stuff,noun,A2,ˈstəf,stˈʌf
style,noun,A2,ˈstaɪɫ,stˈaɪl
succeed,verb,A2,səkˈsid,səksˈiːd
success,noun,A2,səkˈsɛs,səksˈɛs
successfully,adverb,A2,səkˈsɛsfəɫi,səksˈɛsfəli
such,determiner,A2,ˈsətʃ,sˈʌtʃ
such,pronoun,A2,ˈsətʃ,sˈʌtʃ
sudden,adjective,A2,ˈsədən,sˈʌdən
suggest,verb,A2,səˈdʒɛst,sədʒˈɛst
suit,noun,A2,ˈsut,sˈuːt
suit,verb,A2,ˈsut,sˈuːt
suitable,adjective,A2,ˈsutəbəɫ,sˈuːtəbəl
suitcase,noun,A2,ˈsutˌkeɪs,sˈuːtkeɪs
summary,noun,A2,ˈsəmɝi,sˈʌməɹi
sunflower,noun,A2,ˈsənˌfɫaʊɝ,sˈʌnflaʊɐ
sunglasses,noun,A2,ˈsənˌɡɫæsɪz,sˈʌŋɡlɑːsɪz
sunlight,noun,A2,ˈsənˌɫaɪt,sˈʌnlaɪt
superlative,noun,A2,sʊˈpɝɫətɪv,suːpˈɜːlətˌɪv
superstar,noun,A2,ˌsupɝˈstɑɹ,sˈuːpəstˌɑː
supper,noun,A2,ˈsəpɝ,sˈʌpɐ
support,noun,A2,səˈpɔɹt,səpˈɔːt
sure,adverb,A2,ˈʃʊɹ,ʃˈɔː
surf,verb,A2,ˈsɝf,sˈɜːf
surfing,noun,A2,ˈsɝfɪŋ,sˈɜːfɪŋ
surname,noun,A2,ˈsɝˌneɪm,sˈɜːneɪm
surprised,adjective,A2,səˈpɹaɪzd,səpɹˈaɪzd
surprising,adjective,A2,səˈpɹaɪzɪŋ,səpɹˈaɪzɪŋ
survive,verb,A2,sɝˈvaɪv,səvˈaɪv
swallow,verb,A2,ˈswɑɫoʊ,swˈɒləʊ
sweat,verb,A2,ˈswɛt,swˈɛt
sweater,noun,A2,ˈswɛtɝ,swˈɛtɐ
sweet,noun,A2,ˈswit,swˈiːt
sweetheart,noun,A2,ˈswitˌhɑɹt,swˈiːthɑːt
swimming costume,noun,A2,ˈswɪmɪŋ ˈkɑstum,swˈɪmɪŋ kˈɒstjuːm
swimsuit,noun,A2,ˈswɪmˌsut,swˈɪmsuːt
symbol,noun,A2,ˈsɪmbəɫ,sˈɪmbəl
symphony,noun,A2,ˈsɪmfəni,sˈɪmfənˌi
system,noun,A2,ˈsɪstəm,sˈɪstəm
table tennis,noun,A2,ˈteɪbəɫ ˈtɛnəs,tˈeɪbəl tˈɛnɪs
tablespoon,noun,A2,ˈteɪbəɫˌspun,tˈeɪbəlspˌuːn
talent,noun,A2,ˈtæɫənt,tˈælənt
tap,noun,A2,ˈtæp,tˈæp
tape,noun,A2,ˈteɪp,tˈeɪp
target,noun,A2,ˈtɑɹɡət,tˈɑːɡɪt
task,noun,A2,ˈtæsk,tˈɑːsk
tear,noun,A2,ˈtɛɹ,
teenage,adjective,A2,ˈtiˌneɪdʒ,tˈiːneɪdʒ
teenager,noun,A2,ˈtiˌneɪdʒɝ,tˈiːneɪdʒɐ
telephone,verb,A2,ˈtɛɫəˌfoʊn,tˈɛlɪfˌəʊn
temperature,noun,A2,ˈtɛmpɝətʃɝ,tˈɛmpɹɪtʃɐ
terrify,verb,A2,ˈtɛɹəˌfaɪ,tˈɛɹɪfˌaɪ
terrorist,adjective,A2,ˈtɛɹɝɪst,tˈɛɹəɹˌɪst
text,noun,A2,ˈtɛkst,tˈɛkst
text,verb,A2,ˈtɛkst,tˈɛkst
text message,noun,A2,ˈtɛkst ˈmɛsədʒ,tˈɛkst mˈɛsɪdʒ
textbook,noun,A2,ˈtɛkstˌbʊk,tˈɛkstbʊk
theirs,pronoun,A2,ˈðɛɹz,ðˈeəz
themselves,pronoun,A2,ðəmˈsɛɫvz,ðɛmsˈɛlvz
therefore,adverb,A2,ˈðɛɹˌfɔɹ,ðˈeəfɔː
thief,noun,A2,ˈθif,θˈiːf
third,adjective,A2,ˈθɝd,θˈɜːd
thirsty,adjective,A2,ˈθɝsti,θˈɜːsti
though,conjunction,A2,ˈðoʊ,ðˈəʊ
thought,noun,A2,ˈθɔt,θˈɔːt
thousand,number,A2,ˈθaʊzən,θˈaʊzənd
throw,verb,A2,ˈθɹoʊ,θɹˈəʊ
thunderstorm,noun,A2,ˈθəndɝˌstɔɹm,θˈʌndəstˌɔːm
tidy,adjective,A2,ˈtaɪdi,tˈaɪdi
tidy,verb,A2,ˈtaɪdi,tˈaɪdi
tie,noun,A2,ˈtaɪ,tˈaɪ
tights,noun,A2,ˈtaɪts,tˈaɪts
till,preposition,A2,ˈtɪɫ,tˈɪl
timetable,noun,A2,ˈtaɪmˌteɪbəɫ,tˈaɪmteɪbəl
tip,noun,A2,ˈtɪp,tˈɪp
title,noun,A2,ˈtaɪtəɫ,tˈaɪtəl
toast,noun,A2,ˈtoʊst,tˈəʊst
toe,noun,A2,ˈtoʊ,tˈəʊ
tone,noun,A2,ˈtoʊn,tˈəʊn
tonight,noun,A2,təˈnaɪt,tənˈaɪt
toothache,noun,A2,,tˈuːθeɪk
toothbrush,noun,A2,ˈtuθbɹəʃ,tˈuːθbɹʌʃ
tour,noun,A2,ˈtʊɹ,tˈɔː
tour guide,noun,A2,ˈtʊɹ ˈɡaɪd,tˈɔː ɡˈaɪd
tourist,noun,A2,ˈtʊɹəst,tˈɔːɹɪst
toward,preposition,A2,ˈtɔɹd,tʊwˈɔːd
track,noun,A2,ˈtɹæk,tɹˈæk
trade,noun,A2,ˈtɹeɪd,tɹˈeɪd
tradition,noun,A2,tɹəˈdɪʃən,tɹɐdˈɪʃən
traditional,adjective,A2,tɹəˈdɪʃənəɫ,tɹɐdˈɪʃənəl
traffic,noun,A2,ˈtɹæfɪk,tɹˈæfɪk
traffic light,noun,A2,ˈtɹæfɪk ˈɫaɪt,tɹˈæfɪk lˈaɪt
train,verb,A2,ˈtɹeɪn,tɹˈeɪn
training,noun,A2,ˈtɹeɪnɪŋ,tɹˈeɪnɪŋ
tram,noun,A2,ˈtɹæm,tɹˈæm
trap,noun,A2,ˈtɹæp,tɹˈæp
travel,noun,A2,ˈtɹævəɫ,tɹˈævəl
traveler,noun,A2,ˈtɹævəɫɝ,
treasure,noun,A2,ˈtɹɛʒɝ,tɹˈɛʒɐ
trick,noun,A2,ˈtɹɪk,tɹˈɪk
trouble,noun,A2,ˈtɹəbəɫ,tɹˈʌbəl
truly,adverb,A2,ˈtɹuɫi,tɹˈuːli
trust,verb,A2,ˈtɹəst,tɹˈʌst
truth,noun,A2,ˈtɹuθ,tɹˈuːθ
try,verb,A2,ˈtɹaɪ,tɹˈaɪ
tune,noun,A2,ˈtun,tjˈuːn
twice,adverb,A2,ˈtwaɪs,twˈaɪs
uncertain,adjective,A2,ənˈsɝtən,ʌnsˈɜːtən
uncomfortable,adjective,A2,ənˈkəmfɝtəbəɫ,ʌnkˈʌmftəbəl
understand,verb,A2,ˌəndɝˈstænd,ˌʌndəstˈænd
underwater,adjective,A2,ˈəndɝˌwɔtɝ,ˌʌndəwˈɔːtɐ
uneasy,adjective,A2,əˈnizi,ʌnˈiːzi
unfair,adjective,A2,ˈənˈfɛɹ,ʌnfˈeə
unforgettable,adjective,A2,ˌənfɝˈɡɛtəbəɫ,ʌnfəɡˈɛtəbəl
unfortunately,adverb,A2,ənˈfɔɹtʃənətɫi,ʌnfˈɔːtʃənətli
unhappy,adjective,A2,ənˈhæpi,ʌnhˈæpi
unhealthy,adjective,A2,ənˈhɛɫθi,ʌnhˈɛlθi
uniform,adjective,A2,ˈjunəˌfɔɹm,jˈuːnɪfˌɔːm
uniform,noun,A2,ˈjunəˌfɔɹm,jˈuːnɪfˌɔːm
unimportant,adjective,A2,ənɪmˈpɔɹtənt,ˌʌnɪmpˈɔːtənt
unit,noun,A2,ˈjunət,jˈuːnɪt
university,noun,A2,ˌjunəˈvɝsəti,jˌuːnɪvˈɜːsɪtˌi
unknown,adjective,A2,ənˈnoʊn,ʌnnˈəʊn
unlike,adjective,A2,ənˈɫaɪk,ʌnlˈaɪk
unnecessary,adjective,A2,ənˈnɛsəˌsɛɹi,ʌnnˈɛsəsəɹi
unpleasant,adjective,A2,ənˈpɫɛzənt,ʌnplˈɛzənt
unusual,adjective,A2,ənˈjuˌʒuəɫ,ʌnjˈuːʒuːəl
up,adverb,A2,ˈəp,ˈʌp
upon,preposition,A2,əˈpɑn,əpˈɒn
upset,adjective,A2,ˈəpˌsɛt,
upstairs,adverb,A2,əpˈstɛɹz,
use,noun,A2,ˈjus,
used,adjective,A2,ˈjuzd,
useful,adjective,A2,ˈjusfəɫ,jˈuːsfəl
usual,adjective,A2,ˈjuʒəwəɫ,jˈuːʒuːəl
valley,noun,A2,ˈvæɫi,vˈæli
value,noun,A2,ˈvæɫju,vˈæljuː
verb,noun,A2,ˈvɝb,vˈɜːb
video game,noun,A2,ˈvɪdioʊ ˈɡeɪm,vˈɪdɪəʊ ɡˈeɪm
view,noun,A2,ˈvju,vjˈuː
village,noun,A2,ˈvɪɫədʒ,vˈɪlɪdʒ
violent,adjective,A2,ˈvaɪəɫənt,vˈaɪələnt
violin,noun,A2,vaɪəˈɫɪn,vaɪəlˈɪn
visitor,noun,A2,ˈvɪzɪtɝ,vˈɪzɪtɐ
vocabulary,noun,A2,voʊˈkæbjəˌɫɛɹi,vəʊkˈæbjʊləɹi
voice,noun,A2,ˈvɔɪs,vˈɔɪs
walking,noun,A2,ˈwɔkɪŋ,wˈɔːkɪŋ
wallet,noun,A2,ˈwɔɫət,wˈɒlɪt
wander,verb,A2,ˈwɑndɝ,wˈɒndɐ
washing machine,noun,A2,ˈwɑʃɪŋ məˈʃin,wˈɒʃɪŋ məʃˈiːn
washing-up,noun,A2,,
wave,noun,A2,ˈweɪv,wˈeɪv
weak,adjective,A2,ˈwik,wˈiːk
wealth,noun,A2,ˈwɛɫθ,wˈɛlθ
web,noun,A2,ˈwɛb,wˈɛb
web page,noun,A2,ˈwɛb ˈpeɪdʒ,wˈɛb pˈeɪdʒ
website,noun,A2,ˈwɛbˌsaɪt,wˈɛbsaɪt
wedding,noun,A2,ˈwɛdɪŋ,wˈɛdɪŋ
weekday,noun,A2,ˈwikˌdeɪ,wˈiːkdeɪ
weekly,adjective,A2,ˈwikɫi,wˈiːkli
weekly,adverb,A2,ˈwikɫi,wˈiːkli
weep,noun,A2,ˈwip,wˈiːp
weigh,verb,A2,ˈweɪ,wˈeɪ
weight,noun,A2,ˈweɪt,wˈeɪt
well-known,adjective,A2,ˈwɛɫˈnoʊn,
west,adjective,A2,ˈwɛst,wˈɛst
west,adverb,A2,ˈwɛst,wˈɛst
west,noun,A2,ˈwɛst,wˈɛst
wet,adjective,A2,ˈwɛt,wˈɛt
whatever,determiner,A2,ˌhwəˈtɛvɝ,wɒtˈɛvɐ
wheelchair,noun,A2,ˈhwiɫˌtʃɛɹ,wˈiːltʃeə
while,conjunction,A2,ˈhwaɪɫ,wˈaɪl
whole,adjective,A2,ˈhoʊɫ,hˈəʊl
whom,pronoun,A2,ˈhum,hˈuːm
wide,adjective,A2,ˈwaɪd,wˈaɪd
wide,adverb,A2,ˈwaɪd,wˈaɪd
widely,adverb,A2,ˈwaɪdɫi,wˈaɪdli
wild,adjective,A2,ˈwaɪɫd,wˈaɪld
windy,adjective,A2,ˈwaɪndi,
wine,noun,A2,ˈwaɪn,wˈaɪn
winner,noun,A2,ˈwɪnɝ,wˈɪnɐ
wisdom,noun,A2,ˈwɪzdəm,wˈɪsdəm
wise,adjective,A2,ˈwaɪz,wˈaɪz
wish,verb,A2,ˈwɪʃ,wˈɪʃ
within,preposition,A2,wɪˈðɪn,wɪðˈɪn
without,preposition,A2,wɪˈðaʊt,wɪðˈaʊt
wonder,verb,A2,ˈwəndɝ,wˈʌndɐ
wood,noun,A2,ˈwʊd,wˈʊd
wooden,adjective,A2,ˈwʊdən,wˈʊdən
wool,noun,A2,ˈwʊɫ,wˈʊl
worldwide,adverb,A2,ˈwɝɫdˈwaɪd,wˈɜːldwaɪd
worried,adjective,A2,ˈwɝid,wˈʌɹɪd
worry,verb,A2,ˈwɝi,wˈʌɹi
worse,adjective,A2,ˈwɝs,wˈɜːs
worse,adverb,A2,ˈwɝs,wˈɜːs
worst,adjective,A2,ˈwɝst,wˈɜːst
writing,noun,A2,ˈɹaɪtɪŋ,ɹˈaɪtɪŋ
wrong,adverb,A2,ˈɹɔŋ,ɹˈɒŋ
yeah,adverb,A2,ˈjæ,jˈɛh
youth,noun,A2,ˈjuθ,jˈuːθ
zone,noun,A2,ˈzoʊn,zˈəʊn
abandon,verb,B1,əˈbændən,ɐbˈændən
able,adjective,B1,ˈeɪbəɫ,ˈeɪbəl
abnormal,adjective,B1,æbˈnɔɹməɫ,ɐbnˈɔːməl
aboard,adverb,B1,əˈbɔɹd,ɐbˈɔːd
aborigine,noun,B1,ˌæbɝˈɪdʒəni,ˌæbəɹˈɪdʒənˌi
above,adjective,B1,əˈbəv,əbˈʌv
absence,noun,B1,ˈæbsəns,ˈæbsəns
absent,adjective,B1,ˈæbsənt,
absolute,adjective,B1,ˈæbsəˌɫut,ˈæbsəlˌuːt
absolutely,adverb,B1,ˌæbsəˈɫutɫi,ˌæbsəlˈuːtli
absorb,verb,B1,əbˈzɔɹb,ɐbsˈɔːb
abstract,adjective,B1,ˈæbˌstɹækt,
abundance,noun,B1,əˈbəndəns,ɐbˈʌndəns
abundant,adjective,B1,əˈbəndənt,ɐbˈʌndənt
academic,adjective,B1,ˌækəˈdɛmɪk,ˌækədˈɛmɪk
academy,noun,B1,əˈkædəmi,ɐkˈædəmi
accent,noun,B1,ˈækˌsɛnt,
acceptance,noun,B1,ækˈsɛptəns,ɐksˈɛptəns
access,noun,B1,ˈækˌsɛs,ˈæksɛs
accessible,adjective,B1,ækˈsɛsəbəɫ,ɐksˈɛsəbəl
accessory,noun,B1,ækˈsɛsɝi,ɐksˈɛsəɹˌi
accidental,adjective,B1,ˌæksəˈdɛnəɫ,ˌæksɪdˈɛntəl
accidentally,adverb,B1,ˌæksəˈdɛnəɫi,ˌæksɪdˈɛntəli
accompany,verb,B1,əˈkəmpəni,ɐkˈʌmpəni
accomplish,verb,B1,əˈkɑmpɫɪʃ,ɐkˈɒmplɪʃ
according to,preposition,B1,əˈkɔɹdɪŋ ˈtu,ɐkˈɔːdɪŋ tˈuː
account,verb,B1,əˈkaʊnt,ɐkˈaʊnt
accountant,noun,B1,əˈkaʊntənt,ɐkˈaʊntənt
accuracy,noun,B1,ˈækjɝəsi,ˈækjʊɹəsi
accurate,adjective,B1,ˈækjɝət,ˈækjʊɹət
accurately,adverb,B1,ˈækjɝətɫi,ˈækjʊɹətli
accuse,verb,B1,əkˈjuz,ɐkjˈuːz
accustom,verb,B1,əˈkəstəm,ɐkˈʌstəm
ache,noun,B1,ˈeɪk,
achievement,noun,B1,əˈtʃivmənt,ɐtʃˈiːvmənt
acknowledge,verb,B1,ækˈnɑɫɪdʒ,ɐknˈɒlɪdʒ
acknowledgment,noun,B1,ækˈnɑɫɪdʒmənt,ɐknˈɒlɪdʒmənt
acquaintance,noun,B1,əˈkweɪntəns,ɐkwˈeɪntəns
acquire,verb,B1,əˈkwaɪɝ,ɐkwˈaɪə
act,verb,B1,ˈækt,ˈækt
active,adjective,B1,ˈæktɪv,ˈæktɪv
actress,noun,B1,ˈæktɹəs,ˈæktɹəs
ad,noun,B1,ˈæd,ˈæd
adapt,verb,B1,əˈdæpt,ɐdˈæpt
address,verb,B1,ˈæˌdɹɛs,
addressee,noun,B1,ˌædɹɛˈsi,ɐdɹˈɛsiː
administration,noun,B1,ædˌmɪnɪˈstɹeɪʃən,ɐdmˌɪnɪstɹˈeɪʃən
admiration,noun,B1,ˌædmɝˈeɪʃən,ˌædməɹˈeɪʃən
admission,noun,B1,ædˈmɪʃən,ɐdmˈɪʃən
adopt,verb,B1,əˈdɑpt,ɐdˈɒpt
adorable,adjective,B1,əˈdɔɹəbəɫ,ɐdˈɔːɹəbəl
advance,verb,B1,ədˈvæns,ɐdvˈæns
adverb,noun,B1,ˈædvɝb,ˈædvɜːb
adverbial,adjective,B1,ædˈvɝbiəɫ,
advert,noun,B1,ˈædvɝt,
advertise,verb,B1,ˈædvɝˌtaɪz,ˈædvətˌaɪz
adviser,noun,B1,ædˈvaɪzɝ,ɐdvˈaɪzɐ
aerobics,noun,B1,ɝˈoʊbɪks,eəɹˈəʊbɪks
affect,verb,B1,əˈfɛkt,
affection,noun,B1,əˈfɛkʃən,ɐfˈɛkʃən
afford,verb,B1,əˈfɔɹd,ɐfˈɔːd
after,conjunction,B1,ˈæftɝ,ˈɑːftɐ
afterward,adverb,B1,ˈæftɝwɝd,ˈɑːftəwəd
afterwards,adverb,B1,ˈæftɝwɝdz,ˈɑːftəwədz
agenda,noun,B1,əˈdʒɛndə,ɐdʒˈɛndɐ
aggressive,adjective,B1,əˈɡɹɛsɪv,ɐɡɹˈɛsɪv
agreement,noun,B1,əˈɡɹimənt,ɐɡɹˈiːmənt
agricultural,adjective,B1,ˌæɡɹəˈkəɫtʃɝəɫ,ˌæɡɹɪkˈʌltʃəɹəl
agriculture,noun,B1,ˈæɡɹɪˌkəɫtʃɝ,ˈæɡɹɪkˌʌltʃɐ
aid,noun,B1,ˈeɪd,ˈeɪd
aid,verb,B1,ˈeɪd,ˈeɪd
aim,noun,B1,ˈeɪm,ˈeɪm
air conditioning,noun,B1,ˈɛɹ kənˈdɪʃənɪŋ,ˈeə kəndˈɪʃənɪŋ
air force,noun,B1,ˈɛɹ ˈfɔɹs,ˈeə fˈɔːs
airline,noun,B1,ˈɛɹˌɫaɪn,ˈeəlaɪn
alarm,verb,B1,əˈɫɑɹm,ɐlˈɑːm
alcohol,noun,B1,ˈæɫkəˌhɑɫ,ˈælkəhˌɒl
alcoholic,adjective,B1,ˌæɫkəˈhɑɫɪk,ˌælkəhˈɒlɪk
alike,adjective,B1,əˈɫaɪk,ɐlˈaɪk
alike,adverb,B1,əˈɫaɪk,ɐlˈaɪk
allergic,adjective,B1,əˈɫɝdʒɪk,ɐlˈɜːdʒɪk
allowance,noun,B1,əˈɫaʊəns,ɐlˈaʊəns
aloud,adverb,B1,əˈɫaʊd,ɐlˈaʊd
alphabet,noun,B1,ˈæɫfəˌbɛt,ˈælfəbˌɛt
alternative,adjective,B1,ɔɫˈtɝnətɪv,ɔːltˈɜːnətˌɪv
alternative,noun,B1,ɔɫˈtɝnətɪv,ɔːltˈɜːnətˌɪv
altogether,adverb,B1,ˌɔɫtəˈɡɛðɝ,ˌɔːltəɡˈɛðɐ
amazed,adjective,B1,əˈmeɪzd,ɐmˈeɪzd
amazing,adjective,B1,əˈmeɪzɪŋ,ɐmˈeɪzɪŋ
ambitious,adjective,B1,æmˈbɪʃəs,æmbˈɪʃəs
ambulance,noun,B1,ˈæmbjəɫəns,ˈæmbjʊləns
amount,noun,B1,əˈmaʊnt,ɐmˈaʊnt
amusing,adjective,B1,əmˈjuzɪŋ,ɐmjˈuːsɪŋ
analysis,noun,B1,əˈnæɫəsəs,ɐnˈæləsˌɪs
analyze,verb,B1,ˈænəˌɫaɪz,
anger,noun,B1,ˈæŋɡɝ,ˈæŋɡɐ
angle,noun,B1,ˈæŋɡəɫ,ˈæŋɡəl
animated,adjective,B1,ˈænəˌmeɪtɪd,ˈænɪmˌeɪtɪd
animation,noun,B1,ˌænəˈmeɪʃən,ˌænɪmˈeɪʃən
announce,verb,B1,əˈnaʊns,ɐnˈaʊns
announcement,noun,B1,əˈnaʊnsmənt,ɐnˈaʊnsmənt
annoyance,noun,B1,əˈnɔɪəns,ɐnˈɔɪəns
annoyed,adjective,B1,əˈnɔɪd,ɐnˈɔɪd
annual,adjective,B1,ˈænjuəɫ,ˈænjuːəl
annually,adverb,B1,ˈænjuəɫi,ˈænjuːəli
ant,noun,B1,ˈænt,ˈænt
anti,adjective,B1,ˈænˌtaɪ,ˈænti
antique,noun,B1,ænˈtik,æntˈiːk
antonym,noun,B1,,ˈæntənˌɪm
anxiety,noun,B1,æŋˈzaɪəti,æŋzˈaɪəti
anxiously,adverb,B1,ˈæŋkʃəsɫi,ˈæŋʃəsli
anyhow,adverb,B1,ˈɛniˌhaʊ,ˈɛnɪhˌaʊ
ape,noun,B1,ˈeɪp,ˈeɪp
apology,noun,B1,əˈpɑɫəˌdʒi,ɐpˈɒlədʒi
apparent,adjective,B1,əˈpɛɹənt,ɐpˈæɹənt
appeal,noun,B1,əˈpiɫ,ɐpˈiːl
appetite,noun,B1,ˈæpəˌtaɪt,ˈæpɪtˌaɪt
applaud,verb,B1,əˈpɫɔd,ɐplˈɔːd
applause,noun,B1,əˈpɫɔz,ɐplˈɔːz
application,noun,B1,ˌæpɫəˈkeɪʃən,ˌæplɪkˈeɪʃən
appoint,verb,B1,əˈpɔɪnt,ɐpˈɔɪnt
appreciation,noun,B1,əˌpɹiʃiˈeɪʃən,ɐpɹˌiːʃɪˈeɪʃən
approach,noun,B1,əˈpɹoʊtʃ,ɐpɹˈəʊtʃ
approval,noun,B1,əˈpɹuvəɫ,ɐpɹˈuːvəl
approve,verb,B1,əˈpɹuv,ɐpɹˈuːv
approximately,adverb,B1,əˈpɹɑksəmətɫi,ɐpɹˈɒksɪmətlˌi
architect,noun,B1,ˈɑɹkəˌtɛkt,ˈɑːkɪtˌɛkt
arise,verb,B1,ɝˈaɪz,ɐɹˈaɪz
arithmetic,noun,B1,ˌɛɹɪθˈmɛtɪk,
arm,verb,B1,ˈɑɹm,ˈɑːm
army,noun,B1,ˈɑɹmi,ˈɑːmi
arrange,verb,B1,ɝˈeɪndʒ,ɐɹˈeɪndʒ
arrangement,noun,B1,ɝˈeɪndʒmənt,ɐɹˈeɪndʒmənt
arrest,noun,B1,ɝˈɛst,ɐɹˈɛst
arrest,verb,B1,ɝˈɛst,ɐɹˈɛst
arrival,noun,B1,ɝˈaɪvəɫ,ɐɹˈaɪvəl
arrow,noun,B1,ˈæɹoʊ,ˈæɹəʊ
artist,noun,B1,ˈɑɹtəst,ˈɑːtɪst
artistic,adjective,B1,ɑɹˈtɪstɪk,ɑːtˈɪstɪk
ashamed,adjective,B1,əˈʃeɪmd,ɐʃˈeɪmd
aside,adverb,B1,əˈsaɪd,ɐsˈaɪd
aspect,noun,B1,ˈæsˌpɛkt,ˈæspɛkt
aspirin,noun,B1,ˈæspɹɪn,ˈæspɹɪn
assign,verb,B1,əˈsaɪn,ɐsˈaɪn
assignment,noun,B1,əˈsaɪnmənt,ɐsˈaɪnmənt
assist,verb,B1,əˈsɪst,ɐsˈɪst
assistance,noun,B1,əˈsɪstəns,ɐsˈɪstəns
assistant,noun,B1,əˈsɪstənt,ɐsˈɪstənt
associate,verb,B1,əˈsoʊsiˌeɪt,
assume,verb,B1,əˈsum,ɐsˈuːm
astronomer,noun,B1,əˈstɹɑnəmɝ,ɐstɹˈɒnəmɐ
athletic,adjective,B1,æθˈɫɛtɪk,æθlˈɛtɪk
Atlantic,adjective,B1,ətˈɫænɪk,
atmosphere,noun,B1,ˈætməsˌfɪɹ,ˈætməsfˌiə
atomic,adjective,B1,əˈtɑmɪk,ɐtˈɒmɪk
attach,verb,B1,əˈtætʃ,ɐtˈætʃ
attachment,noun,B1,əˈtætʃmənt,ɐtˈætʃmənt
attain,verb,B1,əˈteɪn,ɐtˈeɪn
attempt,verb,B1,əˈtɛmpt,ɐtˈɛmpt
attend,verb,B1,əˈtɛnd,ɐtˈɛnd
attract,verb,B1,əˈtɹækt,ɐtɹˈækt
attraction,noun,B1,əˈtɹækʃən,ɐtɹˈækʃən
authority,noun,B1,əˈθɔɹəti,ɐθˈɒɹɪtˌi
auxiliary,adjective,B1,ɑɡˈzɪɫiɛɹi,ɔːksˈɪliəɹi
available,adjective,B1,əˈveɪɫəbəɫ,ɐvˈeɪləbəl
avenue,noun,B1,ˈævəˌnu,ˈævənjˌuː
award,verb,B1,əˈwɔɹd,ɐwˈɔːd
aware,adjective,B1,əˈwɛɹ,ɐwˈeə
awareness,noun,B1,əˈwɛɹnəs,ɐwˈeənəs
awesome,adjective,B1,ˈɑsəm,ˈɔːsʌm
awkward,adjective,B1,ˈɑkwɝd,ˈɔːkwəd
babysit,verb,B1,ˈbeɪbisɪt,bˈeɪbɪsˌɪt
babysitter,noun,B1,ˈbeɪbiˌsɪtɝ,bˈeɪbɪsˌɪtɐ
back,verb,B1,ˈbæk,bˈæk
backache,noun,B1,ˈbæˌkeɪk,bˈækeɪk
backpack,noun,B1,ˈbækˌpæk,bˈækpæk
backpacker,noun,B1,ˈbækˌpækɝ,bˈækpækɐ
backpacking,noun,B1,ˈbækˌpækɪŋ,bˈækpækɪŋ
bacon,noun,B1,ˈbeɪkən,bˈeɪkən
baggage,noun,B1,ˈbæɡədʒ,bˈæɡɪdʒ
baker,noun,B1,ˈbeɪkɝ,bˈeɪkɐ
bakery,noun,B1,ˈbeɪkɝi,bˈeɪkəɹi
balance,noun,B1,ˈbæɫəns,bˈæləns
bald,adjective,B1,ˈbɔɫd,bˈɔːld
bandage,noun,B1,ˈbændɪdʒ,bˈændɪdʒ
bang,noun,B1,ˈbæŋ,bˈæŋ
bang,verb,B1,ˈbæŋ,bˈæŋ
bank account,noun,B1,ˈbæŋk əˈkaʊnt,bˈæŋk ɐkˈaʊnt
bar,verb,B1,ˈbɑɹ,bˈɑː
barbecue,verb,B1,ˈbɑɹbɪkˌju,bˈɑːbɪkjˌuː
bare,adjective,B1,ˈbɛɹ,bˈeə
barely,adverb,B1,ˈbɛɹɫi,bˈeəli
bark,noun,B1,ˈbɑɹk,bˈɑːk
barman,noun,B1,ˈbɑɹmən,bˈɑːmən
barrel,noun,B1,ˈbæɹəɫ,bˈæɹəl
base,verb,B1,ˈbeɪs,bˈeɪs
basement,noun,B1,ˈbeɪsmənt,bˈeɪsmənt
basin,noun,B1,ˈbeɪsən,bˈeɪsən
basis,noun,B1,ˈbeɪsəs,bˈeɪsɪs
bat,verb,B1,ˈbæt,bˈæt
bathe,verb,B1,ˈbeɪð,bˈeɪð
battle,noun,B1,ˈbætəɫ,bˈætəl
beard,noun,B1,ˈbɪɹd,bˈiəd
beast,noun,B1,ˈbist,bˈiːst
beat,verb,B1,ˈbit,bˈiːt
beautifully,adverb,B1,ˈbjutəfɫi,bjˈuːtɪfəli
beaver,noun,B1,ˈbivɝ,bˈiːvɐ
because of,preposition,B1,bɪˈkɑz ˈəv,bɪkˈʌz ˈɒv
bedside,noun,B1,ˈbɛdˌsaɪd,bˈɛdsaɪd
behalf,noun,B1,bɪˈhæf,bɪhˈɑːf
behave,verb,B1,bɪˈheɪv,bɪhˈeɪv
belief,noun,B1,bɪˈɫif,bɪlˈiːf
beloved,adjective,B1,bɪˈɫəvd,
beneath,preposition,B1,bɪˈniθ,bɪnˈiːθ
benefit,noun,B1,ˈbɛnəfɪt,bˈɛnɪfˌɪt
bent,adjective,B1,ˈbɛnt,bˈɛnt
besides,preposition,B1,ˌbiˈsaɪdz,bɪsˈaɪdz
bet,verb,B1,ˈbɛt,bˈɛt
bilingual,adjective,B1,baɪˈɫɪŋɡwəɫ,baɪlˈɪŋɡwəl
bill,verb,B1,ˈbɪɫ,bˈɪl
bin,noun,B1,ˈbɪn,bˈɪn
biochemistry,noun,B1,ˌbaɪoʊˈkɛməstɹi,bˌaɪəʊkˈɛmɪstɹi
biography,noun,B1,baɪˈɑɡɹəfi,baɪˈɒɡɹəfi
biology,noun,B1,baɪˈɑɫədʒi,baɪˈɒlədʒi
bishop,noun,B1,ˈbɪʃəp,bˈɪʃəp
bite,verb,B1,ˈbaɪt,bˈaɪt
bitter,adjective,B1,ˈbɪtɝ,bˈɪtɐ
blame,noun,B1,ˈbɫeɪm,blˈeɪm
bleed,verb,B1,ˈbɫid,blˈiːd
blend,verb,B1,ˈbɫɛnd,blˈɛnd
bless,verb,B1,ˈbɫɛs,blˈɛs
blessing,noun,B1,ˈbɫɛsɪŋ,blˈɛsɪŋ
blind,adjective,B1,ˈbɫaɪnd,blˈaɪnd
block,verb,B1,ˈbɫɑk,blˈɒk
blog,noun,B1,ˈbɫɔɡ,blˈɒɡ
blogger,noun,B1,ˈbɫɔɡɝ,blˈɒɡɐ
blush,noun,B1,ˈbɫəʃ,blˈʌʃ
board,verb,B1,ˈbɔɹd,bˈɔːd
boast,verb,B1,ˈboʊst,bˈəʊst
bold,adjective,B1,ˈboʊɫd,bˈəʊld
boldly,adverb,B1,ˈboʊɫdɫi,bˈəʊldli
bomb,noun,B1,ˈbɑm,bˈɒm
bomb,verb,B1,ˈbɑm,bˈɒm
bond,noun,B1,ˈbɑnd,bˈɒnd
book,verb,B1,ˈbʊk,bˈʊk
booking,noun,B1,ˈbʊkɪŋ,bˈʊkɪŋ
boom,noun,B1,ˈbum,bˈuːm
boot,noun,B1,ˈbut,bˈuːt
border,noun,B1,ˈbɔɹdɝ,bˈɔːdɐ
bore,verb,B1,ˈbɔɹ,bˈɔː
boredom,noun,B1,ˈbɔɹdəm,bˈɔːdəm
bother,noun,B1,ˈbɑðɝ,bˈɒðɐ
bounce,verb,B1,ˈbaʊns,bˈaʊns
bound,adjective,B1,ˈbaʊnd,bˈaʊnd
bow,noun,B1,ˈbaʊ,
bowl,verb,B1,ˈboʊɫ,bˈəʊl
boxing,noun,B1,ˈbɑksɪŋ,bˈɒksɪŋ
bracelet,noun,B1,ˈbɹeɪsɫət,bɹˈeɪslət
brainstorming,noun,B1,ˈbɹeɪnˌstɔɹmɪŋ,bɹˈeɪnstɔːmɪŋ
branch,verb,B1,ˈbɹæntʃ,bɹˈɑːntʃ
brand-new,adjective,B1,ˈbɹændˌnu,
brass,noun,B1,ˈbɹæs,bɹˈɑːs
bravely,adverb,B1,ˈbɹeɪvɫi,bɹˈeɪvli
breakthrough,noun,B1,ˈbɹeɪkˌθɹu,bɹˈeɪkθɹuː
breast,noun,B1,ˈbɹɛst,bɹˈɛst
breath,noun,B1,ˈbɹɛθ,bɹˈɛθ
breathless,adjective,B1,ˈbɹɛθɫəs,bɹˈɛθləs
breed,verb,B1,ˈbɹid,bɹˈiːd
breeding,noun,B1,ˈbɹidɪŋ,bɹˈiːdɪŋ
brick,noun,B1,ˈbɹɪk,bɹˈɪk
brief,adjective,B1,ˈbɹif,bɹˈiːf
briefly,adverb,B1,ˈbɹifɫi,bɹˈiːfli
brightly,adverb,B1,ˈbɹaɪtɫi,bɹˈaɪtli
broad,adjective,B1,ˈbɹɔd,bɹˈɔːd
broadcast,noun,B1,ˈbɹɔdˌkæst,bɹˈɔːdkɑːst
broccoli,noun,B1,ˈbɹɑkəɫi,bɹˈɒkəlˌi
bronze,noun,B1,ˈbɹɑnz,bɹˈɒnz
brotherhood,noun,B1,ˈbɹəðɝˌhʊd,bɹˈʌðəhˌʊd
bubble,noun,B1,ˈbəbəɫ,bˈʌbəl
buddy,noun,B1,ˈbədi,bˈʌdi
builder,noun,B1,ˈbɪɫdɝ,bˈɪldɐ
bull,noun,B1,ˈbʊɫ,bˈʊl
bullet,noun,B1,ˈbʊɫət,bˈʊlɪt
bulletin,noun,B1,ˈbʊɫɪtən,bˈʊlɪtˌɪn
bump,verb,B1,ˈbəmp,bˈʌmp
bunch,noun,B1,ˈbəntʃ,bˈʌntʃ
burden,noun,B1,ˈbɝdən,bˈɜːdən
bureau,noun,B1,ˈbjʊɹoʊ,bjˈɔːɹəʊ
burglar,noun,B1,ˈbɝɡɫɝ,bˈɜːɡlɐ
burn,verb,B1,ˈbɝn,bˈɜːn
burning,adjective,B1,ˈbɝnɪŋ,bˈɜːnɪŋ
burst,verb,B1,ˈbɝst,bˈɜːst
bust,verb,B1,ˈbəst,bˈʌst
but,preposition,B1,ˈbət,bˈʌt
butcher,noun,B1,ˈbʊtʃɝ,bˈʊtʃɐ
buyer,noun,B1,ˈbaɪɝ,bˈaɪɐ
cabbage,noun,B1,ˈkæbədʒ,kˈæbɪdʒ
cabin,noun,B1,ˈkæbən,kˈæbɪn
cage,noun,B1,ˈkeɪdʒ,kˈeɪdʒ
calculate,verb,B1,ˈkæɫkjəˌɫeɪt,kˈælkjʊlˌeɪt
calculation,noun,B1,ˌkæɫkjəˈɫeɪʃən,kˌælkjʊlˈeɪʃən
calculator,noun,B1,ˈkæɫkjəˌɫeɪtɝ,kˈælkjʊlˌeɪtɐ
calf,noun,B1,ˈkæf,kˈɑːf
caller,noun,B1,ˈkɔɫɝ,kˈɔːlɐ
calm,adjective,B1,ˈkɑɫm,kˈɑːm
calmness,noun,B1,ˈkɑɫmnəs,kˈɑːmnəs
camel,noun,B1,ˈkæməɫ,kˈæməl
campsite,noun,B1,ˈkæmpˌsaɪt,kˈæmpsaɪt
canal,noun,B1,kəˈnæɫ,kənˈæl
cancel,verb,B1,ˈkænsəɫ,kˈænsəl
cancer,noun,B1,ˈkænsɝ,kˈænsɐ
candle,noun,B1,ˈkændəɫ,kˈændəl
canned,adjective,B1,ˈkænd,kˈænd
canteen,noun,B1,kænˈtin,kɑːntˈiːn
capable,adjective,B1,ˈkeɪpəbəɫ,kˈeɪpəbəl
capacity,noun,B1,kəˈpæsəti,kəpˈæsɪti
capsule,noun,B1,ˈkæpsəɫ,kˈæpsjuːl
capture,noun,B1,ˈkæptʃɝ,kˈæptʃɐ
capture,verb,B1,ˈkæptʃɝ,kˈæptʃɐ
care,verb,B1,ˈkɛɹ,kˈeə
career,noun,B1,kɝˈɪɹ,kəɹˈiə
careless,adjective,B1,ˈkɛɹɫəs,kˈeələs
carelessly,adverb,B1,ˈkɛɹɫəsɫi,kˈeələsli
carelessness,noun,B1,ˈkɛɹɫəsnəs,kˈeələsnəs
carpet,noun,B1,ˈkɑɹpət,
carriage,noun,B1,ˈkæɹɪdʒ,kˈæɹɪdʒ
carton,noun,B1,ˈkɑɹtən,kˈɑːtən
cashpoint,noun,B1,,
casual,adjective,B1,ˈkæʒəwəɫ,kˈæʒuːəl
categorize,verb,B1,ˈkætəɡɝˌaɪz,
category,noun,B1,ˈkætəˌɡɔɹi,kˈætɪɡəɹi
cattle,noun,B1,ˈkætəɫ,kˈætəl
caution,noun,B1,ˈkɑʃən,kˈɔːʃən
cautious,adjective,B1,ˈkɔʃəs,kˈɔːʃəs
cave,noun,B1,ˈkeɪv,
CD-ROM,noun,B1,,
celebrity,noun,B1,səˈɫɛbɹɪti,səlˈɛbɹɪti
cell,noun,B1,ˈsɛɫ,sˈɛl
central,adjective,B1,ˈsɛntɹəɫ,sˈɛntɹəl
central heating,noun,B1,ˈsɛntɹəɫ ˈhitɪŋ,sˈɛntɹəl hˈiːtɪŋ
ceremony,noun,B1,ˈsɛɹəˌmoʊni,sˈɛɹɪməni
certainty,noun,B1,ˈsɝtənti,sˈɜːtənti
challenging,adjective,B1,ˈtʃæɫəndʒɪŋ,tʃˈælɪndʒˌɪŋ
champion,noun,B1,ˈtʃæmpiən,tʃˈæmpiən
channel,noun,B1,ˈtʃænəɫ,tʃˈænəl
chaos,noun,B1,ˈkeɪɑs,kˈeɪɒs
characteristic,noun,B1,ˌkɛɹəktɝˈɪstɪk,kˌæɹɪktəɹˈɪstɪk
characterize,verb,B1,ˈkɛɹəktɝˌaɪz,
charge,noun,B1,ˈtʃɑɹdʒ,
charge,verb,B1,ˈtʃɑɹdʒ,
chariot,noun,B1,ˈtʃɛɹiət,tʃˈæɹiət
charity,noun,B1,ˈtʃɛɹɪti,tʃˈæɹɪti
charm,noun,B1,ˈtʃɑɹm,tʃˈɑːm
chase,noun,B1,ˈtʃeɪs,tʃˈeɪs
chat,noun,B1,ˈtʃæt,tʃˈæt
chat show,noun,B1,ˈtʃæt ˈʃoʊ,tʃˈæt ʃˈəʊ
check-in counter,noun,B1,,
check-in desk,noun,B1,,
checkout,noun,B1,ˈtʃɛˌkaʊt,tʃˈɛkaʊt
cheerful,adjective,B1,ˈtʃɪɹfəɫ,tʃˈiəfəl
chemical,noun,B1,ˈkɛməkəɫ,kˈɛmɪkəl
chemist,noun,B1,ˈkɛmɪst,kˈɛmɪst
chemistry,noun,B1,ˈkɛməstɹi,kˈɛmɪstɹi
cherish,verb,B1,ˈtʃɛɹɪʃ,tʃˈɛɹɪʃ
chest of drawers,noun,B1,ˈtʃɛst ˈəv ˈdɹɔɹz,
chewing gum,noun,B1,ˈtʃuɪŋ ˈɡəm,tʃjˈuːɪŋ ɡˈʌm
chief,adjective,B1,ˈtʃif,tʃˈiːf
choir,noun,B1,ˈkwaɪɝ,kwˈaɪə
choke,verb,B1,ˈtʃoʊk,tʃˈəʊk
Christian,adjective,B1,ˈkɹɪstʃən,kɹˈɪstʃən
chronological,adjective,B1,ˌkɹɑnəˈɫɑdʒɪkəɫ,kɹˌɒnəlˈɒdʒɪkəl
chuckle,noun,B1,ˈtʃəkəɫ,tʃˈʌkəl
circle,verb,B1,ˈsɝkəɫ,sˈɜːkəl
circular,adjective,B1,ˈsɝkjəɫɝ,sˈɜːkjʊlɐ
circus,noun,B1,ˈsɝkəs,sˈɜːkəs
citizenship,noun,B1,ˈsɪtɪzənˌʃɪp,sˈɪtɪzənʃˌɪp
civil,adjective,B1,ˈsɪvəɫ,sˈɪvəl
civilization,noun,B1,ˌsɪvəɫɪˈzeɪʃən,
claim,noun,B1,ˈkɫeɪm,klˈeɪm
classical,adjective,B1,ˈkɫæsɪkəɫ,klˈæsɪkəl
classify,verb,B1,ˈkɫæsəˌfaɪ,klˈæsɪfˌaɪ
clear,verb,B1,ˈkɫɪɹ,klˈiə
click,noun,B1,ˈkɫɪk,klˈɪk
cliff,noun,B1,ˈkɫɪf,klˈɪf
climate,noun,B1,ˈkɫaɪmət,klˈaɪmət
climber,noun,B1,ˈkɫaɪmɝ,klˈaɪmɐ
clinic,noun,B1,ˈkɫɪnɪk,klˈɪnɪk
clip,noun,B1,ˈkɫɪp,klˈɪp
closely,adverb,B1,ˈkɫoʊsɫi,klˈəʊsli
coal,noun,B1,ˈkoʊɫ,kˈəʊl
coast,verb,B1,ˈkoʊst,kˈəʊst
coastal,adjective,B1,ˈkoʊstəɫ,kˈəʊstəl
cod,noun,B1,ˈkɑd,kˈɒd
coffin,noun,B1,ˈkɔfɪn,kˈɒfɪn
collapse,noun,B1,kəˈɫæps,kəlˈæps
collar,noun,B1,ˈkɑɫɝ,kˈɒlɐ
columnist,noun,B1,ˈkɑɫəmnəst,kˈɒləmnˌɪst
combination,noun,B1,ˌkɑmbəˈneɪʃən,kˌɒmbɪnˈeɪʃən
combine,verb,B1,ˈkɑmbaɪn,
comedian,noun,B1,kəˈmidiən,kəmˈiːdiən
comedy,noun,B1,ˈkɑmədi,kˈɒmədi
comet,noun,B1,ˈkɑmət,kˈɒmɪt
comfort,noun,B1,ˈkəmfɝt,kˈʌmfət
comma,noun,B1,ˈkɑmə,kˈɒmɐ
command,noun,B1,kəˈmænd,kəmˈɑːnd
comment,noun,B1,ˈkɑmɛnt,kˈɒmɛnt
commercial,adjective,B1,kəˈmɝʃəɫ,kəmˈɜːʃəl
commit,verb,B1,kəˈmɪt,kəmˈɪt
common sense,noun,B1,ˈkɑmən ˈsɛns,kˈɒmən sˈɛns
commonly,adverb,B1,ˈkɑmənɫi,kˈɒmənli
companion,noun,B1,kəmˈpænjən,kəmpˈæniən
comparison,noun,B1,kəmˈpɛɹəsən,kəmpˈæɹɪsən
compete,verb,B1,kəmˈpit,kəmpˈiːt
competitive,adjective,B1,kəmˈpɛtətɪv,kəmpˈɛtɪtˌɪv
competitor,noun,B1,kəmˈpɛtətɝ,kəmpˈɛtɪtɐ
complement,noun,B1,ˈkɑmpɫəmənt,kˈɒmplɪmənt
complete,verb,B1,kəmˈpɫit,kəmplˈiːt
completely,adverb,B1,kəmˈpɫitɫi,kəmplˈiːtli
complex,adjective,B1,ˈkɑmpɫɛks,
complicate,verb,B1,ˈkɑmpɫəˌkeɪt,kˈɒmplɪkˌeɪt
complicated,adjective,B1,ˈkɑmpɫəˌkeɪtəd,kˈɒmplɪkˌeɪtɪd
compliment,noun,B1,ˈkɑmpɫəmɛnt,
compose,verb,B1,kəmˈpoʊz,kəmpˈəʊz
composition,noun,B1,ˌkɑmpəˈzɪʃən,kˌɒmpəzˈɪʃən
compound,noun,B1,ˈkɑmpaʊnd,
compromise,noun,B1,ˈkɑmpɹəˌmaɪz,kˈɒmpɹəmˌaɪz
concentration,noun,B1,ˌkɑnsənˈtɹeɪʃən,kˌɒnsəntɹˈeɪʃən
concept,noun,B1,ˈkɑnsɛpt,kˈɒnsɛpt
concerned,adjective,B1,kənˈsɝnd,kənsˈɜːnd
conclude,verb,B1,kənˈkɫud,kənklˈuːd
conclusion,noun,B1,kənˈkɫuʒən,kənklˈuːʒən
conduct,noun,B1,ˈkɑndəkt,
confidence,noun,B1,ˈkɑnfədəns,kˈɒnfɪdəns
confirm,verb,B1,kənˈfɝm,kənfˈɜːm
confirmation,noun,B1,ˌkɑnfɝˈmeɪʃən,kɒnfəmˈeɪʃən
conflict,noun,B1,ˈkɑnfɫɪkt,
confusing,adjective,B1,kənˈfjuzɪŋ,kənfjˈuːzɪŋ
confusion,noun,B1,kənˈfjuʒən,kənfjˈuːʒən
congratulate,verb,B1,kənˈɡɹætʃəˌɫeɪt,kənɡɹˈætʃʊlˌeɪt
connect,verb,B1,kəˈnɛkt,kənˈɛkt
connection,noun,B1,kəˈnɛkʃən,kənˈɛkʃən
conquer,verb,B1,ˈkɑŋkɝ,kˈɒnkɐ
conscious,adjective,B1,ˈkɑnʃəs,kˈɒnʃəs
consequently,adverb,B1,ˈkɑnsəˌkwɛntɫi,kˈɒnsɪkwəntli
conservation,noun,B1,ˌkɑnsɝˈveɪʃən,kˌɒnsəvˈeɪʃən
conservative,adjective,B1,kənˈsɝvətɪv,kənsˈɜːvətˌɪv
considerable,adjective,B1,kənˈsɪdɝəbəɫ,kənsˈɪdəɹəbəl
consideration,noun,B1,kənˌsɪdɝˈeɪʃən,kənsˌɪdəɹˈeɪʃən
consonant,noun,B1,ˈkɑnsənənt,kˈɒnsənənt
constantly,adverb,B1,ˈkɑnstəntɫi,kˈɒnstəntli
constitute,verb,B1,ˈkɑnstəˌtut,kˈɒnstɪtjˌuːt
constitution,noun,B1,ˌkɑnstəˈtuʃən,kˌɒnstɪtjˈuːʃən
construct,verb,B1,ˈkɑnstɹəkt,
construction,noun,B1,kənˈstɹəkʃən,kənstɹˈʌkʃən
consume,verb,B1,kənˈsum,kənsˈuːm
consumer,noun,B1,kənˈsumɝ,kənsˈuːmɐ
consumption,noun,B1,kənˈsəmpʃən,kənsˈʌmpʃən
contain,verb,B1,kənˈteɪn,kəntˈeɪn
content,noun,B1,ˈkɑntɛnt,
continual,adjective,B1,kənˈtɪnjuəɫ,kəntˈɪnjuːəl
continually,adverb,B1,kənˈtɪnjuəɫi,kəntˈɪnjuːəli
continuous,adjective,B1,kənˈtɪnjuəs,kəntˈɪnjuːəs
continuously,adverb,B1,kənˈtɪnjuəsɫi,kəntˈɪnjuːəsli
contrary,adjective,B1,ˈkɑntɹɛɹi,
contribute,verb,B1,kənˈtɹɪbjut,kˈɒntɹɪbjˌuːt
contribution,noun,B1,ˌkɑntɹəbˈjuʃən,kˌɒntɹɪbjˈuːʃən
control,verb,B1,kənˈtɹoʊɫ,kəntɹˈəʊl
controversial,adjective,B1,ˌkɑntɹəˈvɝʃəɫ,kˌɒntɹəvˈɜːʃəl
convey,verb,B1,kənˈveɪ,kənvˈeɪ
convince,verb,B1,kənˈvɪns,kənvˈɪns
copyright,noun,B1,ˈkɑpiˌɹaɪt,kˈɒpɪɹˌaɪt
correction,noun,B1,kɝˈɛkʃən,kəɹˈɛkʃən
cotton,noun,B1,ˈkɑtən,kˈɒtən
cough,verb,B1,ˈkɑf,kˈɒf
council,noun,B1,ˈkaʊnsəɫ,kˈaʊnsəl
counseling,noun,B1,ˈkaʊnsəɫɪŋ,
count,noun,B1,ˈkaʊnt,kˈaʊnt
counter,verb,B1,ˈkaʊntɝ,kˈaʊntɐ
countless,adjective,B1,ˈkaʊntɫəs,kˈaʊntləs
county,noun,B1,ˈkaʊni,kˈaʊnti
courage,noun,B1,ˈkɝədʒ,kˈʌɹɪdʒ
courageous,adjective,B1,kɝˈeɪdʒəs,kʌɹˈeɪdʒəs
courgette,noun,B1,,kɜːdʒˈɛt
craft,noun,B1,ˈkɹæft,kɹˈɑːft
crash,noun,B1,ˈkɹæʃ,kɹˈæʃ
crash,verb,B1,ˈkɹæʃ,kɹˈæʃ
creator,noun,B1,kɹiˈeɪtɝ,kɹiːˈeɪtɐ
criminal,noun,B1,ˈkɹɪmənəɫ,kɹˈɪmɪnəl
crisis,noun,B1,ˈkɹaɪsəs,kɹˈaɪsɪs
critic,noun,B1,ˈkɹɪtɪk,kɹˈɪtɪk
critical,adjective,B1,ˈkɹɪtɪkəɫ,kɹˈɪtɪkəl
crop,noun,B1,ˈkɹɑp,kɹˈɒp
crossing,noun,B1,ˈkɹɔsɪŋ,kɹˈɒsɪŋ
crossroads,noun,B1,ˈkɹɔsˌɹoʊdz,kɹˈɒsɹəʊdz
crow,noun,B1,ˈkɹoʊ,kɹˈəʊ
cruel,adjective,B1,ˈkɹuəɫ,kɹˈuːəl
crush,noun,B1,ˈkɹəʃ,kɹˈʌʃ
cucumber,noun,B1,ˈkjukəmbɝ,kjˈuːkʌmbɐ
cultivate,verb,B1,ˈkəɫtəˌveɪt,kˈʌltɪvˌeɪt
cultural,adjective,B1,ˈkəɫtʃɝəɫ,kˈʌltʃəɹəl
cure,noun,B1,ˈkjʊɹ,kjˈɔː
curiosity,noun,B1,ˌkjʊɹiˈɑsəti,kjˌʊɹɪˈɒsɪti
curious,adjective,B1,ˈkjʊɹiəs,kjˈʊɹɪəs
curiously,adverb,B1,ˈkjʊɹiəsɫi,kjˈʊɹɪəsli
curly,adjective,B1,ˈkɝɫi,kˈɜːli
currency,noun,B1,ˈkɝənsi,kˈʌɹənsi
current,adjective,B1,ˈkɑɹənt,kˈʌɹənt
currently,adverb,B1,ˈkɝəntɫi,kˈʌɹəntli
curriculum,noun,B1,kɝˈɪkjəɫəm,kʌɹˈɪkjʊləm
curtain,noun,B1,ˈkɝtən,kˈɜːtən
curve,noun,B1,ˈkɝv,kˈɜːv
cushion,noun,B1,ˈkʊʃən,kˈʊʃən
customs,noun,B1,ˈkəstəmz,kˈʌstəmz
cut,noun,B1,ˈkət,kˈʌt
CV,noun,B1,ˌsiˈvi,
cycle,noun,B1,ˈsaɪkəɫ,sˈaɪkəl
cycle,verb,B1,ˈsaɪkəɫ,sˈaɪkəl
daisy,noun,B1,ˈdeɪzi,dˈeɪzi
damage,noun,B1,ˈdæmədʒ,dˈæmɪdʒ
damage,verb,B1,ˈdæmədʒ,dˈæmɪdʒ
damaged,adjective,B1,ˈdæmədʒd,dˈæmɪdʒd
damp,adjective,B1,ˈdæmp,dˈæmp
dangerously,adverb,B1,ˈdeɪndʒɝəsɫi,dˈeɪndʒəɹəsli
dare,verb,B1,ˈdɛɹ,dˈeə
darkness,noun,B1,ˈdɑɹknəs,dˈɑːknəs
date,verb,B1,ˈdeɪt,dˈeɪt
dating,noun,B1,ˈdeɪtɪŋ,dˈeɪtɪŋ
daze,noun,B1,ˈdeɪz,dˈeɪz
dazzle,noun,B1,ˈdæzəɫ,dˈæzəl
deadline,noun,B1,ˈdɛdˌɫaɪn,dˈɛdlaɪn
deadly,adjective,B1,ˈdɛdɫi,dˈɛdli
deaf,adjective,B1,ˈdɛf,dˈɛf
deal,verb,B1,ˈdiɫ,dˈiːl
dealer,noun,B1,ˈdiɫɝ,dˈiːlɐ
debris,noun,B1,dəˈbɹi,dˈɛbɹiː
debt,noun,B1,ˈdɛt,dˈɛt
decision,noun,B1,dɪˈsɪʒən,dɪsˈɪʒən
declaration,noun,B1,ˌdɛkɫɝˈeɪʃən,dˌɛkləɹˈeɪʃən
declare,verb,B1,dɪˈkɫɛɹ,dɪklˈeə
decline,noun,B1,dɪˈkɫaɪn,dɪklˈaɪn
decrease,noun,B1,ˈdiˌkɹis,
decrease,verb,B1,ˈdiˌkɹis,
dedicate,verb,B1,ˈdɛdəˌkeɪt,dˈɛdɪkˌeɪt
deed,noun,B1,ˈdid,dˈiːd
defeat,verb,B1,dɪˈfit,dɪfˈiːt
defend,verb,B1,dɪˈfɛnd,dɪfˈɛnd
defender,noun,B1,dɪˈfɛndɝ,dɪfˈɛndɐ
defense,noun,B1,dɪˈfɛns,
deficiency,noun,B1,dɪˈfɪʃənsi,dɪfˈɪʃənsi
define,verb,B1,dɪˈfaɪn,dɪfˈaɪn
definite,adjective,B1,ˈdɛfənət,dˈɛfɪnət
definite article,noun,B1,ˈdɛfənət ˈɑɹtəkəɫ,dˈɛfɪnət ˈɑːtɪkəl
definitely,adverb,B1,ˈdɛfənətɫi,dˈɛfɪnətli
definition,noun,B1,ˌdɛfəˈnɪʃən,dˌɛfɪnˈɪʃən
delay,verb,B1,dɪˈɫeɪ,dɪlˈeɪ
delete,verb,B1,dɪˈɫit,dɪlˈiːt
delicate,adjective,B1,ˈdɛɫəkət,dˈɛlɪkət
delight,noun,B1,dɪˈɫaɪt,dɪlˈaɪt
delighted,adjective,B1,dɪˈɫaɪtəd,dɪlˈaɪtɪd
delightful,adjective,B1,dɪˈɫaɪtfəɫ,dɪlˈaɪtfəl
deliver,verb,B1,dɪˈɫɪvɝ,dɪlˈɪvɐ
delivery,noun,B1,dɪˈɫɪvɝi,dɪlˈɪvəɹi
demand,noun,B1,dɪˈmænd,dɪmˈɑːnd
demand,verb,B1,dɪˈmænd,dɪmˈɑːnd
democracy,noun,B1,dɪˈmɑkɹəsi,dɪmˈɒkɹəsi
democratic,adjective,B1,ˌdɛməˈkɹætɪk,dˌɛməkɹˈætɪk
demonstrate,verb,B1,ˈdɛmənˌstɹeɪt,dˈɛmənstɹˌeɪt
demonstration,noun,B1,ˌdɛmənˈstɹeɪʃən,dˌɛmənstɹˈeɪʃən
deny,verb,B1,dɪˈnaɪ,dɪnˈaɪ
depart,verb,B1,dɪˈpɑɹt,dɪpˈɑːt
department,noun,B1,dɪˈpɑɹtmənt,dɪpˈɑːtmənt
departure,noun,B1,dɪˈpɑɹtʃɝ,dɪpˈɑːtʃɐ
dependent,adjective,B1,dɪˈpɛndənt,dɪpˈɛndənt
deposit,noun,B1,dəˈpɑzɪt,dɪpˈɒsɪt
depressed,adjective,B1,dɪˈpɹɛst,dɪpɹˈɛst
depressing,adjective,B1,dɪˈpɹɛsɪŋ,dɪpɹˈɛsɪŋ
depression,noun,B1,dɪˈpɹɛʃən,dɪpɹˈɛʃən
deprive,verb,B1,dɪˈpɹaɪv,dɪpɹˈaɪv
depth,noun,B1,ˈdɛpθ,dˈɛpθ
derive,verb,B1,dɝˈaɪv,dɪɹˈaɪv
deserve,verb,B1,dɪˈzɝv,dɪzˈɜːv
design,verb,B1,dɪˈzaɪn,dɪzˈaɪn
designer,noun,B1,dɪˈzaɪnɝ,dɪzˈaɪnɐ
desire,noun,B1,dɪˈzaɪɝ,dɪzˈaɪə
despair,noun,B1,dɪˈspɛɹ,dɪspˈeə
desperate,adjective,B1,ˈdɛspɝɪt,dˈɛspəɹət
despite,preposition,B1,dɪˈspaɪt,dɪspˈaɪt
destination,noun,B1,ˌdɛstəˈneɪʃən,dˌɛstɪnˈeɪʃən
destruction,noun,B1,dɪˈstɹəkʃən,dɪstɹˈʌkʃən
destructive,adjective,B1,dɪˈstɹəktɪv,dɪstɹˈʌktɪv
detective,noun,B1,dɪˈtɛktɪv,dɪtˈɛktɪv
determination,noun,B1,dɪˌtɝməˈneɪʃən,dɪtˌɜːmɪnˈeɪʃən
determine,verb,B1,dəˈtɝmən,dɪtˈɜːmɪn
devastate,verb,B1,ˈdɛvəˌsteɪt,dˈɛvəstˌeɪt
devastating,adjective,B1,ˈdɛvəˌsteɪtɪŋ,dˈɛvəstˌeɪtɪŋ
development,noun,B1,dɪˈvɛɫəpmənt,dɪvˈɛləpmənt
device,noun,B1,dɪˈvaɪs,dɪvˈaɪs
devotion,noun,B1,dɪˈvoʊʃən,dɪvˈəʊʃən
diagram,noun,B1,ˈdaɪəˌɡɹæm,dˈaɪəɡɹˌæm
dial,noun,B1,ˈdaɪəɫ,dˈaɪəl
dial,verb,B1,ˈdaɪəɫ,dˈaɪəl
dialog,noun,B1,ˈdaɪəɫɔɡ,dˈaɪəlɒɡ
diameter,noun,B1,daɪˈæmətɝ,daɪˈæmɪtɐ
diaper,noun,B1,ˈdaɪpɝ,dˈaɪpɐ
differ,verb,B1,ˈdɪfɝ,dˈɪfɐ
dig,verb,B1,ˈdɪɡ,dˈɪɡ
digital,adjective,B1,ˈdɪdʒətəɫ,dˈɪdʒɪtəl
diligence,noun,B1,ˈdɪɫədʒəns,dˈɪlɪdʒəns
diligent,adjective,B1,ˈdɪɫɪdʒənt,dˈɪlɪdʒənt
dioxide,noun,B1,daɪˈɑkˌsaɪd,daɪˈɒksaɪd
direct,verb,B1,daɪˈɹɛkt,daɪɹˈɛkt
directly,adverb,B1,daɪˈɹɛkɫi,daɪɹˈɛktli
dirt,noun,B1,ˈdɝt,dˈɜːt
disability,noun,B1,ˌdɪsəˈbɪɫɪti,dˌɪsɐbˈɪlətˌi
disable,verb,B1,dɪˈseɪbəɫ,dˌɪsˈeɪbəl
disabled,adjective,B1,dɪˈseɪbəɫd,dˌɪsˈeɪbəld
disagreement,noun,B1,dɪsəˈɡɹimənt,dˌɪsɐɡɹˈiːmənt
disappoint,verb,B1,ˌdɪsəˈpɔɪnt,dˌɪsɐpˈɔɪnt
disappointment,noun,B1,ˌdɪsəˈpɔɪntmənt,dˌɪsɐpˈɔɪntmənt
disaster,noun,B1,dɪˈzæstɝ,dˌɪsˈɑːstɐ
disastrous,adjective,B1,dɪˈzæstɹəs,dˌɪsˈæstɹəs
disc jockey,noun,B1,ˈdɪsk ˈdʒɑki,dˈɪsk dʒˈɒki
discomfort,noun,B1,dɪˈskəmfɝt,dɪskˈʌmfət
discount,noun,B1,ˈdɪskaʊnt,
discourage,verb,B1,dɪˈskɝɪdʒ,dɪskˈʌɹɪdʒ
discovery,noun,B1,ˌdɪsˈkəvɹi,dɪskˈʌvəɹi
discrimination,noun,B1,dɪsˌkɹɪməˈneɪʃən,dɪskɹˌɪmɪnˈeɪʃən
disease,noun,B1,dɪˈziz,dɪzˈiːz
disgusting,adjective,B1,dɪsˈɡəstɪŋ,dɪsɡˈʌstɪŋ
dishwasher,noun,B1,ˈdɪʃˌwɑʃɝ,dˈɪʃwɒʃɐ
disk,noun,B1,ˈdɪsk,dˈɪsk
dislike,verb,B1,dɪˈsɫaɪk,dɪslˈaɪk
display,verb,B1,dɪsˈpɫeɪ,dɪsplˈeɪ
dissolve,verb,B1,dɪˈzɑɫv,dɪsˈɒlv
distance,noun,B1,ˈdɪstəns,dˈɪstəns
distant,adjective,B1,ˈdɪstənt,dˈɪstənt
distinction,noun,B1,dɪˈstɪŋkʃən,dɪstˈɪŋkʃən
distinctly,adverb,B1,dɪˈstɪŋktɫi,dɪstˈɪŋktli
distinguish,verb,B1,dɪˈstɪŋɡwɪʃ,dɪstˈɪŋɡwɪʃ
distribute,verb,B1,dɪˈstɹɪbjut,dˈɪstɹɪbjˌuːt
distribution,noun,B1,ˌdɪstɹəbˈjuʃən,dˌɪstɹɪbjˈuːʃən
district,noun,B1,ˈdɪstɹɪkt,dˈɪstɹɪkt
disturbance,noun,B1,dɪˈstɝbəns,dɪstˈɜːbəns
dive,noun,B1,ˈdaɪv,dˈaɪv
dive,verb,B1,ˈdaɪv,dˈaɪv
diver,noun,B1,ˈdaɪvɝ,dˈaɪvɐ
diverse,adjective,B1,daɪˈvɝs,daɪvˈɜːs
divide,noun,B1,dɪˈvaɪd,dɪvˈaɪd
divine,adjective,B1,dɪˈvaɪn,dɪvˈaɪn
diving,noun,B1,ˈdaɪvɪŋ,dˈaɪvɪŋ
divorced,adjective,B1,dɪˈvɔɹst,dɪvˈɔːst
DJ,noun,B1,ˈdiˈdʒeɪ,
doc,noun,B1,ˈdɑk,dˈɒk
document,noun,B1,ˈdɑkjəmɛnt,
documentary,noun,B1,ˌdɑkjəˈmɛnɝi,dˌɒkjuːmˈɛntəɹi
dolphin,noun,B1,ˈdɑɫfən,dˈɒlfɪn
dot,noun,B1,ˈdɑt,dˈɒt
downstairs,adjective,B1,ˈdaʊnˈstɛɹz,
downward,adjective,B1,ˈdaʊnwɝd,dˈaʊnwəd
doze,noun,B1,ˈdoʊz,dˈəʊz
dozen,determiner,B1,ˈdəzən,dˈʌzən
dozen,noun,B1,ˈdəzən,dˈʌzən
drag,verb,B1,ˈdɹæɡ,dɹˈæɡ
dramatic,adjective,B1,dɹəˈmætɪk,dɹəmˈætɪk
drown,verb,B1,ˈdɹaʊn,dɹˈaʊn
drunk,adjective,B1,ˈdɹəŋk,dɹˈʌŋk
dude,noun,B1,ˈdud,djˈuːd
dull,adjective,B1,ˈdəɫ,dˈʌl
dump,noun,B1,ˈdəmp,dˈʌmp
dump,verb,B1,ˈdəmp,dˈʌmp
dustbin,noun,B1,ˈdəstbɪn,dˈʌstbɪn
dusty,adjective,B1,ˈdəsti,dˈʌsti
duty,noun,B1,ˈdjuti,djˈuːti
duty-free,adjective,B1,,
duvet,noun,B1,,dˈuːveɪ
dynasty,noun,B1,ˈdaɪnəsti,dˈɪnɐsti
eager,adjective,B1,ˈiɡɝ,ˈiːɡɐ
eagerness,noun,B1,ˈiɡɝnəs,ˈiːɡənəs
earache,noun,B1,,ˈiəɹeɪk
earnest,adjective,B1,ˈɝnɪst,ˈɜːnəst
eastern,adjective,B1,ˈistɝn,ˈiːstən
easygoing,adjective,B1,ˈiziˈɡoʊɪŋ,iːzˈɪɡəʊɪŋ
eco,noun,B1,ˈɛkoʊ,
ecological,adjective,B1,ɛkəˈɫɑdʒɪkəɫ,ˌɛkəlˈɒdʒɪkəl
ecology,noun,B1,iˈkɑɫədʒi,ɛkˈɒlədʒi
economic,adjective,B1,ˌɛkəˈnɑmɪk,ˌiːkənˈɒmɪk
economics,noun,B1,ˌɛkəˈnɑmɪks,ˌiːkənˈɒmɪks
economy,noun,B1,iˈkɑnəmi,ɪkˈɒnəmi
ecosystem,noun,B1,ˈikoʊˌsɪstəm,ˈiːkəʊsˌɪstəm
ecstasy,noun,B1,ˈɛkstəsi,ˈɛkstəsi
edge,noun,B1,ˈɛdʒ,ˈɛdʒ
edition,noun,B1,əˈdɪʃən,ɪdˈɪʃən
educate,verb,B1,ˈɛdʒəˌkeɪt,ˈɛdʒuːkˌeɪt
effective,adjective,B1,ˈifɛktɪv,ɪfˈɛktɪv
efficiency,noun,B1,ɪˈfɪʃənsi,ɪfˈɪʃənsi
efficient,adjective,B1,ɪˈfɪʃənt,ɪfˈɪʃənt
either,determiner,B1,ˈaɪðɝ,ˈaɪðɐ
either,pronoun,B1,ˈaɪðɝ,ˈaɪðɐ
elbow,noun,B1,ˈɛɫˌboʊ,ˈɛlbəʊ
election,noun,B1,ɪˈɫɛkʃən,ɪlˈɛkʃən
electrical,adjective,B1,ɪˈɫɛktɹɪkəɫ,ɪlˈɛktɹɪkəl
electricity,noun,B1,ɪˌɫɛkˈtɹɪsəti,ɪlɛktɹˈɪsɪtˌi
electron,noun,B1,ˌɪˈɫɛktɹɑn,ɪlˈɛktɹɒn
electronic,adjective,B1,ˌɪˌɫɛkˈtɹɑnɪk,ˌɛlɪktɹˈɒnɪk
element,noun,B1,ˈɛɫəmənt,ˈɛlɪmənt
eliminate,verb,B1,ɪˈɫɪməˌneɪt,ɪlˈɪmɪnˌeɪt
embarrass,verb,B1,ɪmˈbɛɹəs,ɛmbˈæɹəs
embarrassed,adjective,B1,ɪmˈbɛɹəst,ɛmbˈæɹəst
embarrassment,noun,B1,ɪmˈbɛɹəsmənt,ɛmbˈæɹəsmənt
emerge,verb,B1,ˈimɝdʒ,ɪmˈɜːdʒ
emotion,noun,B1,ˈiˌmoʊʃən,ɪmˈəʊʃən
emotional,adjective,B1,ˈiˌmoʊʃənəɫ,ɪmˈəʊʃənəl
emotionally,adverb,B1,ˈiˌmoʊʃnəɫi,ɪmˈəʊʃənəli
emperor,noun,B1,ˈɛmpɝɝ,ˈɛmpəɹɐ
emphasis,noun,B1,ˈɛmfəsəs,ˈɛmfəsˌɪs
emphasize,verb,B1,ˈɛmfəˌsaɪz,
empire,noun,B1,ˈɛmpaɪɝ,ˈɛmpaɪə
employment,noun,B1,ɛmˈpɫɔɪmənt,ɛmplˈɔɪmənt
enable,verb,B1,ɛˈneɪbəɫ,ɛnˈeɪbəl
enclose,verb,B1,ɪnˈkɫoʊz,ɛnklˈəʊz
encounter,noun,B1,ɪnˈkaʊnɝ,ɛnkˈaʊntɐ
encouragement,noun,B1,ɛnˈkɝɪdʒmənt,ɛnkˈʌɹɪdʒmənt
encouraging,adjective,B1,ɛnˈkɝɪdʒɪŋ,ɛnkˈʌɹɪdʒɪŋ
encyclopedia,noun,B1,ɪnˌsaɪkɫəˈpidiə,ɛnsˌaɪkləʊpˈiːdiə
endanger,verb,B1,ɛnˈdeɪndʒɝ,ɛndˈeɪndʒɐ
endless,adjective,B1,ˈɛndɫəs,ˈɛndləs
endure,verb,B1,ɛnˈdjʊɹ,ɛndjˈɔː
enemy,noun,B1,ˈɛnəmi,ˈɛnəmi
engage,verb,B1,ɛnˈɡeɪdʒ,ɛnɡˈeɪdʒ
engaged,adjective,B1,ɛnˈɡeɪdʒd,ɛnɡˈeɪdʒd
engine,noun,B1,ˈɛndʒən,ˈɛndʒɪn
engineering,noun,B1,ˈɛndʒəˈnɪɹɪŋ,ˌɛndʒɪnˈiəɹɪŋ
Englishman,noun,B1,ˈɪŋɡɫɪʃmən,
enjoyable,adjective,B1,ˌɛnˈdʒɔɪəbəɫ,ɛndʒˈɔɪəbəl
enjoyment,noun,B1,ˌɛnˈdʒɔɪmənt,ɛndʒˈɔɪmənt
enrich,verb,B1,ɛnˈɹɪtʃ,ɛnɹˈɪtʃ
ensure,verb,B1,ɛnˈʃʊɹ,ɛnʃˈɔː
entertain,verb,B1,ˌɛnɝˈteɪn,ˌɛntətˈeɪn
entertainer,noun,B1,ˌɛnɝˈteɪnɝ,ˌɛntətˈeɪnɐ
enthusiasm,noun,B1,ɪnˈθuziˌæzəm,ɛnθjˈuːzɪˌæzəm
enthusiast,noun,B1,ɛnˈθuziˌæst,ɛnθjˈuːzɪˌæst
enthusiastic,adjective,B1,ɪnˌθuziˈæstɪk,ɛnθjˌuːzɪˈæstɪk
entire,adjective,B1,ɪnˈtaɪɝ,ɛntˈaɪə
entirely,adverb,B1,ɪnˈtaɪɝɫi,ɛntˈaɪəli
entry,noun,B1,ˈɛntɹi,ˈɛntɹi
environmental,adjective,B1,ɪnˌvaɪɹənˈmɛnəɫ,ɛnvˌaɪɹənmˈɛntəl
environmentalist,noun,B1,ɪnˌvaɪɹənˈmɛnəɫɪst,ɛnvˌaɪɹənmˈɛntəlˌɪst
equal,adjective,B1,ˈikwəɫ,ˈiːkwəl
equality,noun,B1,ɪˈkwɑɫəti,iːkwˈɒlɪti
equally,adverb,B1,ˈikwəɫi,ˈiːkwəli
equipment,noun,B1,ɪˈkwɪpmənt,ɪkwˈɪpmənt
era,noun,B1,ˈɛɹə,ˈiəɹɐ
escape,verb,B1,ɪˈskeɪp,ɛskˈeɪp
essence,noun,B1,ˈɛsəns,ˈɛsəns
essential,adjective,B1,ɛˈsɛnʃəɫ,ɪsˈɛnʃəl
establishment,noun,B1,ɪˈstæbɫɪʃmənt,ɪstˈæblɪʃmənt
estimate,verb,B1,ˈɛstəˌmeɪt,
eternal,adjective,B1,iˈtɝnəɫ,ɪtˈɜːnəl
eternity,noun,B1,iˈtɝnəti,ɪtˈɜːnɪti
even,adjective,B1,ˈivɪn,ˈiːvən
evenly,adverb,B1,ˈivənɫi,ˈiːvənli
eventually,adverb,B1,iˈvɛnʃəɫi,ɪvˈɛntʃuːəli
evident,adjective,B1,ˈɛvədənt,ˈɛvɪdənt
exact,adjective,B1,ɪɡˈzækt,ɛɡzˈækt
examination,noun,B1,ɪɡˌzæməˈneɪʃən,ɛɡzˌæmɪnˈeɪʃən
examine,verb,B1,ɪɡˈzæmɪn,ɛɡzˈæmɪn
examiner,noun,B1,ɪɡˈzæmənɝ,ɛɡzˈæmɪnɐ
excellence,noun,B1,ˈɛksəɫəns,ˈɛksələns
excess,noun,B1,ˈɛkˌsɛs,
exchange,verb,B1,ɪksˈtʃeɪndʒ,ɛkstʃˈeɪndʒ
exchange rate,noun,B1,ɪksˈtʃeɪndʒ ˈɹeɪt,ɛkstʃˈeɪndʒ ɹˈeɪt
excitedly,adverb,B1,ɪkˈsaɪtədɫi,ɛksˈaɪtɪdli
excitement,noun,B1,ɪkˈsaɪtmənt,ɛksˈaɪtmənt
exclusive,adjective,B1,ɪkˈskɫusɪv,ɛksklˈuːsɪv
excuse,verb,B1,ɪkˈskjus,
exhausted,adjective,B1,ɪɡˈzɔstɪd,ɛɡzˈɔːstɪd
existence,noun,B1,ɛɡˈzɪstəns,ɛɡzˈɪstəns
exit,noun,B1,ˈɛɡzɪt,ˈɛɡzɪt
exit,verb,B1,ˈɛɡzɪt,ˈɛɡzɪt
expand,verb,B1,ɪkˈspænd,ɛkspˈænd
expense,noun,B1,ɪkˈspɛns,ɛkspˈɛns
experience,verb,B1,ɪkˈspɪɹiəns,ɛkspˈiəɹɪəns
experienced,adjective,B1,ɪkˈspɪɹiənst,ɛkspˈiəɹɪənst
experiment,noun,B1,ɪkˈspɛɹəmənt,ɛkspˈɛɹɪmənt
exploration,noun,B1,ˌɛkspɫɝˈeɪʃən,ɛksplɔːɹˈeɪʃən
explosion,noun,B1,ɪksˈpɫoʊʒən,ɛksplˈəʊʒən
expose,verb,B1,ɪkˈspoʊz,
express,verb,B1,ɪksˈpɹɛs,ɛkspɹˈɛs
extend,verb,B1,ɪkˈstɛnd,ɛkstˈɛnd
extensively,adverb,B1,ɪkˈstɛnsɪvɫi,ɛkstˈɛnsɪvli
extent,noun,B1,ɪkˈstɛnt,ɛkstˈɛnt
extinct,adjective,B1,ɪkˈstɪŋkt,ɛkstˈɪŋkt
extinction,noun,B1,ɪkˈstɪŋkʃən,ɛkstˈɪŋkʃən
extra,noun,B1,ˈɛkstɹə,ˈɛkstɹɐ
extraordinary,adjective,B1,ˌɛkstɹəˈɔɹdəˌnɛɹi,ɛkstɹˈɔːdɪnəɹi
extreme,adjective,B1,ɛkˈstɹim,ɛkstɹˈiːm
extreme sports,noun,B1,ɛkˈstɹim ˈspɔɹts,ɛkstɹˈiːm spˈɔːts
eyesight,noun,B1,ˈaɪˌsaɪt,ˈaɪsaɪt
face to face,adverb,B1,ˈfeɪs ˈtu ˈfeɪs,fˈeɪs tˈuː fˈeɪs
face-to-face,adjective,B1,ˈfeɪstuˈfeɪs,
facility,noun,B1,fəˈsɪɫɪti,fəsˈɪlɪti
fade,verb,B1,ˈfeɪd,fˈeɪd
failure,noun,B1,ˈfeɪɫjɝ,fˈeɪliə
faint,adjective,B1,ˈfeɪnt,fˈeɪnt
fair,noun,B1,ˈfɛɹ,fˈeə
faithful,adjective,B1,ˈfeɪθfəɫ,fˈeɪθfəl
fake,adjective,B1,ˈfeɪk,fˈeɪk
fall,noun,B1,ˈfɑɫ,fˈɔːl
fallen,adjective,B1,ˈfɑɫən,fˈɔːlən
fancy,noun,B1,ˈfænsi,fˈænsi
fancy,verb,B1,ˈfænsi,fˈænsi
fantasy,noun,B1,ˈfænəsi,fˈɑːntəsi
faraway,adjective,B1,ˈfɑɹəˈweɪ,fˌɑːɹəwˈeɪ
farewell,noun,B1,ˌfɛɹˈwɛɫ,feəwˈɛl
farming,noun,B1,ˈfɑɹmɪŋ,fˈɑːmɪŋ
farmland,noun,B1,ˈfɑɹmˌɫænd,fˈɑːmlənd
farther,adverb,B1,ˈfɑɹðɝ,fˈɑːðɐ
farthest,adverb,B1,ˈfɑɹðəst,fˈɑːðəst
fascinate,verb,B1,ˈfæsəˌneɪt,fˈæsɪnˌeɪt
fashionable,adjective,B1,ˈfæʃənəbəɫ,fˈæʃənəbəl
fasten,verb,B1,ˈfæsən,fˈɑːsən
favorable,adjective,B1,ˈfeɪvɝəbəɫ,fˈeɪvəɹəbəl
fax,noun,B1,ˈfæks,fˈæks
fax,verb,B1,ˈfæks,fˈæks
feast,noun,B1,ˈfist,fˈiːst
feed,verb,B1,ˈfid,fˈiːd
fellow,noun,B1,ˈfɛɫoʊ,fˈɛləʊ
ferry,noun,B1,ˈfɛɹi,fˈɛɹi
festive,adjective,B1,ˈfɛstɪv,fˈɛstɪv
fetch,verb,B1,ˈfɛtʃ,fˈɛtʃ
feverishly,adverb,B1,ˈfɛvɝˌɪʃɫi,fˈiːvəɹɪʃli
few,pronoun,B1,ˈfju,fjˈuː
fifth,noun,B1,ˈfɪfθ,fˈɪfθ
fight,verb,B1,ˈfaɪt,fˈaɪt
filling,noun,B1,ˈfɪɫɪŋ,fˈɪlɪŋ
film,verb,B1,ˈfɪɫm,fˈɪlm
film-maker,noun,B1,,
filter,noun,B1,ˈfɪɫtɝ,fˈɪltɐ
finance,verb,B1,ˈfaɪˌnæns,fˈaɪnæns
financial,adjective,B1,ˌfaɪˈnænʃəɫ,faɪnˈænʃəl
finding,noun,B1,ˈfaɪndɪŋ,fˈaɪndɪŋ
fine,noun,B1,ˈfaɪn,
finger,noun,B1,ˈfɪŋɡɝ,fˈɪŋɡɐ
fire station,noun,B1,ˈfaɪɝ ˈsteɪʃən,fˈaɪə stˈeɪʃən
firefighter,noun,B1,ˈfaɪɹˌfaɪtɝ,fˈaɪəfaɪtɐ
firework,noun,B1,ˈfaɪɹˌwɝk,fˈaɪəwɜːk
firm,adjective,B1,ˈfɝm,fˈɜːm
firm,noun,B1,ˈfɝm,fˈɜːm
firmly,adverb,B1,ˈfɝmɫi,fˈɜːmli
first floor,noun,B1,ˈfɝst ˈfɫɔɹ,fˈɜːst flˈɔː
first lady,noun,B1,ˈfɝst ˈɫeɪdi,fˈɜːst lˈeɪdi
first-floor,adjective,B1,,
fish,verb,B1,ˈfɪʃ,fˈɪʃ
fit,verb,B1,ˈfɪt,fˈɪt
fitness,noun,B1,ˈfɪtnəs,fˈɪtnəs
fix,verb,B1,ˈfɪks,fˈɪks
flash,adjective,B1,ˈfɫæʃ,flˈæʃ
flat,adjective,B1,ˈfɫæt,flˈæt
flavor,noun,B1,ˈfɫeɪvɝ,flˈeɪvɐ
float,verb,B1,ˈfɫoʊt,flˈəʊt
flock,noun,B1,ˈfɫɑk,flˈɒk
flood,verb,B1,ˈfɫəd,flˈʌd
flow,noun,B1,ˈfɫoʊ,flˈəʊ
flow,verb,B1,ˈfɫoʊ,flˈəʊ
flu,noun,B1,ˈfɫu,flˈuː
fluent,adjective,B1,ˈfɫuənt,flˈuːənt
fluently,adverb,B1,ˈfɫuəntɫi,flˈuːəntli
flunk,verb,B1,ˈfɫəŋk,flˈʌŋk
flute,noun,B1,ˈfɫut,flˈuːt
fold,noun,B1,ˈfoʊɫd,fˈəʊld
fold,verb,B1,ˈfoʊɫd,fˈəʊld
folk,noun,B1,ˈfoʊk,fˈəʊk
fond,adjective,B1,ˈfɑnd,fˈɒnd
fondness,noun,B1,ˈfɑndnəs,fˈɒndnəs
fool,verb,B1,ˈfuɫ,fˈuːl
foolish,adjective,B1,ˈfuɫɪʃ,fˈuːlɪʃ
foot,noun,B1,ˈfʊt,fˈʊt
forbidden,adjective,B1,ˈfɔɹbɪdən,fəbˈɪdən
forecast,noun,B1,ˈfɔɹˌkæst,fˈɔːkɑːst
forehead,noun,B1,ˈfɔɹhɛd,fˈɔːhɛd
forgive,verb,B1,fɝˈɡɪv,fəɡˈɪv
form,verb,B1,ˈfɔɹm,fˈɔːm
formal,adjective,B1,ˈfɔɹməɫ,fˈɔːməl
formally,adverb,B1,ˈfɔɹməɫi,fˈɔːməli
format,noun,B1,ˈfɔɹˌmæt,fˈɔːmæt
format,verb,B1,ˈfɔɹˌmæt,fˈɔːmæt
former,adjective,B1,ˈfɔɹmɝ,fˈɔːmɐ
formula,noun,B1,ˈfɔɹmjəɫə,fˈɔːmjʊlɐ
forth,adverb,B1,ˈfɔɹθ,fˈɔːθ
fortnight,noun,B1,ˈfɔɹtˌnaɪt,fˈɔːtnaɪt
fortunate,adjective,B1,ˈfɔɹtʃənət,fˈɔːtʃənət
foundation,noun,B1,faʊnˈdeɪʃən,faʊndˈeɪʃən
fountain,noun,B1,ˈfaʊntən,fˈaʊntɪn
fragment,noun,B1,ˈfɹæɡmənt,
freely,adverb,B1,ˈfɹiɫi,fɹˈiːli
freezer,noun,B1,ˈfɹizɝ,fɹˈiːzɐ
freezing,adjective,B1,ˈfɹizɪŋ,fɹˈiːzɪŋ
frequency,noun,B1,ˈfɹikwənsi,fɹˈiːkwənsi
frequent,adjective,B1,ˈfɹiˌkwɛnt,
frequently,adverb,B1,ˈfɹikwəntɫi,fɹˈiːkwəntli
freshman,noun,B1,ˈfɹɛʃmən,fɹˈɛʃmən
friendliness,noun,B1,ˈfɹɛndɫinɪs,fɹˈɛndlinəs
fright,noun,B1,ˈfɹaɪt,fɹˈaɪt
frost,noun,B1,ˈfɹɔst,fɹˈɒst
frozen,adjective,B1,ˈfɹoʊzən,fɹˈəʊzən
frustrated,adjective,B1,ˈfɹəsˌtɹeɪtəd,fɹʌstɹˈeɪtɪd
frustration,noun,B1,fɹəˈstɹeɪʃən,fɹʌstɹˈeɪʃən
fry,verb,B1,ˈfɹaɪ,fɹˈaɪ
frying pan,noun,B1,ˈfɹaɪɪŋ ˈpæn,
fuel,noun,B1,ˈfjuəɫ,fjˈuːəl
full stop,noun,B1,ˈfʊɫ ˈstɑp,fˈʊl stˈɒp
full-time,adjective,B1,ˈfʊɫˌtaɪm,
full-time,adverb,B1,ˈfʊɫˌtaɪm,
function,noun,B1,ˈfəŋkʃən,fˈʌŋkʃən
fund,noun,B1,ˈfənd,fˈʌnd
fund,verb,B1,ˈfənd,fˈʌnd
funeral,noun,B1,ˈfjunɝəɫ,fjˈuːnəɹəl
fur,noun,B1,ˈfɝ,fˈɜː
furnish,verb,B1,ˈfɝnɪʃ,fˈɜːnɪʃ
further,adverb,B1,ˈfɝðɝ,fˈɜːðɐ
furthermore,adverb,B1,ˈfɝðɝˌmɔɹ,fˌɜːðəmˈɔː
furthest,adverb,B1,ˈfɝθəst,fˈɜːðəst
fuss,noun,B1,ˈfəs,fˈʌs
future,adjective,B1,ˈfjutʃɝ,fjˈuːtʃɐ
gain,noun,B1,ˈɡeɪn,ɡˈeɪn
gain,verb,B1,ˈɡeɪn,ɡˈeɪn
gall,noun,B1,ˈɡɔɫ,ɡˈɔːl
gallon,noun,B1,ˈɡæɫən,ɡˈælən
gap,noun,B1,ˈɡæp,ɡˈæp
gardening,noun,B1,ˈɡɑɹdənɪŋ,ɡˈɑːdənɪŋ
garment,noun,B1,ˈɡɑɹmənt,ɡˈɑːmənt
gay,adjective,B1,ˈɡeɪ,ɡˈeɪ
gee,interjection,B1,ˈdʒi,dʒˈiː
gene,noun,B1,ˈdʒin,dʒˈiːn
general,adjective,B1,ˈdʒɛnɝəɫ,dʒˈɛnəɹəl
general,noun,B1,ˈdʒɛnɝəɫ,dʒˈɛnəɹəl
generally,adverb,B1,ˈdʒɛnɝəɫi,dʒˈɛnəɹəli
generate,verb,B1,ˈdʒɛnɝˌeɪt,dʒˈɛnəɹˌeɪt
generous,adjective,B1,ˈdʒɛnɝəs,dʒˈɛnəɹəs
genetic,adjective,B1,dʒəˈnɛtɪk,dʒɛnˈɛtɪk
genetically,adverb,B1,dʒəˈnɛtɪkɫi,dʒɛnˈɛtɪkli
genetics,noun,B1,dʒəˈnɛtɪks,dʒɛnˈɛtɪks
gentleman,noun,B1,ˈdʒɛnəɫmən,dʒˈɛntəlmən
geographical,adjective,B1,ˌdʒiəˈɡɹæfɪkəɫ,dʒˌɪəɡɹˈæfɪkəl
geography,noun,B1,dʒiˈɑɡɹəfi,dʒɪˈɒɡɹəfi
geology,noun,B1,dʒiˈɑɫədʒi,dʒɪˈɒlədʒi
gesture,noun,B1,ˈdʒɛstʃɝ,dʒˈɛstʃɐ
giant,adjective,B1,ˈdʒaɪənt,dʒˈaɪənt
gifted,adjective,B1,ˈɡɪftəd,ɡˈɪftɪd
giggle,noun,B1,ˈɡɪɡəɫ,ɡˈɪɡəl
ginger,noun,B1,ˈdʒɪndʒɝ,dʒˈɪndʒɐ
giraffe,noun,B1,dʒɝˈæf,dʒɪɹˈɑːf
glance,noun,B1,ˈɡɫæns,ɡlˈɑːns
glance,verb,B1,ˈɡɫæns,ɡlˈɑːns
glide,noun,B1,ˈɡɫaɪd,ɡlˈaɪd
glimpse,noun,B1,ˈɡɫɪmps,ɡlˈɪmps
glint,noun,B1,ˈɡɫɪnt,ɡlˈɪnt
global,adjective,B1,ˈɡɫoʊbəɫ,ɡlˈəʊbəl
glorious,adjective,B1,ˈɡɫɔɹiəs,ɡlˈɔːɹɪəs
glory,noun,B1,ˈɡɫɔɹi,ɡlˈɔːɹi
go,noun,B1,ˈɡoʊ,ɡˈəʊ
goalkeeper,noun,B1,ˈɡoʊɫˌkipɝ,ɡˈəʊlkiːpɐ
goddess,noun,B1,ˈɡɑdəs,ɡˈɒdɛs
golfer,noun,B1,ˈɡɑɫfɝ,ɡˈɒlfɐ
goodness,interjection,B1,ˈɡʊdnəs,ɡˈʊdnəs
goods,noun,B1,ˈɡʊdz,ɡˈʊdz
gorgeous,adjective,B1,ˈɡɔɹdʒəs,ɡˈɔːdʒəs
gorilla,noun,B1,ɡɝˈɪɫə,ɡəɹˈɪlɐ
gossip,noun,B1,ˈɡɑsəp,ɡˈɒsɪp
govern,verb,B1,ˈɡəvɝn,ɡˈʌvən
governor,noun,B1,ˈɡəvɝnɝ,ɡˈʌvənɐ
gown,noun,B1,ˈɡaʊn,ɡˈaʊn
grab,verb,B1,ˈɡɹæb,ɡɹˈæb
graceful,adjective,B1,ˈɡɹeɪsfəɫ,ɡɹˈeɪsfəl
graduate,noun,B1,ˈɡɹædʒəˌweɪt,
graduation,noun,B1,ˌɡɹædʒəˈweɪʃən,ɡɹˌædjuːˈeɪʃən
grant,noun,B1,ˈɡɹænt,ɡɹˈɑːnt
grant,verb,B1,ˈɡɹænt,ɡɹˈɑːnt
graph,noun,B1,ˈɡɹæf,ɡɹˈæf
graphic,adjective,B1,ˈɡɹæfɪk,ɡɹˈæfɪk
graphics,noun,B1,ˈɡɹæfɪks,ɡɹˈæfɪks
gratitude,noun,B1,ˈɡɹætəˌtud,ɡɹˈætɪtjˌuːd
grave,noun,B1,ˈɡɹeɪv,
gravy,noun,B1,ˈɡɹeɪvi,ɡɹˈeɪvi
greenhouse,noun,B1,ˈɡɹinˌhaʊs,ɡɹˈiːnhaʊs
greeting,noun,B1,ˈɡɹitɪŋ,ɡɹˈiːtɪŋ
grill,noun,B1,ˈɡɹɪɫ,ɡɹˈɪl
grill,verb,B1,ˈɡɹɪɫ,ɡɹˈɪl
groom,noun,B1,ˈɡɹum,ɡɹˈuːm
ground floor,noun,B1,ˈɡɹaʊnd ˈfɫɔɹ,ɡɹˈaʊnd flˈɔː
group,verb,B1,ˈɡɹup,ɡɹˈuːp
grouping,noun,B1,ˈɡɹupɪŋ,ɡɹˈuːpɪŋ
growth,noun,B1,ˈɡɹoʊθ,ɡɹˈəʊθ
guarantee,noun,B1,ˌɡɛɹənˈti,ɡˌæɹɑːntˈiː
guess,noun,B1,ˈɡɛs,ɡˈɛs
guidance,noun,B1,ˈɡaɪdəns,ɡˈaɪdəns
guide,noun,B1,ˈɡaɪd,ɡˈaɪd
guide,verb,B1,ˈɡaɪd,ɡˈaɪd
guilt,noun,B1,ˈɡɪɫt,ɡˈɪlt
guilty,adjective,B1,ˈɡɪɫti,ɡˈɪlti
guitarist,noun,B1,ˌɡɪˈtɑɹɪst,ɡɪtˈɑːɹɪst
gym,noun,B1,ˈdʒɪm,dʒˈɪm
gymnastics,noun,B1,dʒɪmˈnæstɪks,dʒɪmnˈɑːstɪks
habitat,noun,B1,ˈhæbəˌtæt,hˈæbɪtˌæt
hairdresser,noun,B1,ˈhɛɹˌdɹɛsɝ,hˈeədɹɛsɐ
hairdryer,noun,B1,,hˈeədɹaɪɐ
half,adverb,B1,ˈhæf,hˈɑːf
hammer,noun,B1,ˈhæmɝ,hˈæmɐ
hand-held,adjective,B1,ˈhændˌhɛɫd,
handball,noun,B1,ˈhændˌbɔɫ,hˈændbɔːl
handkerchief,noun,B1,ˈhæŋkɝtʃif,hˈændkətʃˌiːf
handle,verb,B1,ˈhændəɫ,hˈændəl
handshake,noun,B1,ˈhændˌʃeɪk,hˈændʃeɪk
handwriting,noun,B1,ˈhænˌdɹaɪtɪŋ,hˈændɹaɪtɪŋ
handy,adjective,B1,ˈhændi,hˈændi
hang,verb,B1,ˈhæŋ,hˈæŋ
hanging,adjective,B1,ˈhæŋɡɪŋ,hˈæŋɪŋ
harbor,noun,B1,ˈhɑɹbɝ,hˈɑːbɐ
hard-working,adjective,B1,ˌhɑɹdhˈwɝkɪŋ,
hardship,noun,B1,ˈhɑɹdʃɪp,hˈɑːdʃɪp
harness,noun,B1,ˈhɑɹnəs,hˈɑːnɪs
hasty,adjective,B1,ˈheɪsti,hˈeɪsti
hatch,noun,B1,ˈhætʃ,hˈætʃ
hate,noun,B1,ˈheɪt,hˈeɪt
hatred,noun,B1,ˈheɪtɹəd,hˈeɪtɹɪd
haunt,noun,B1,ˈhɔnt,hˈɔːnt
haven,noun,B1,ˈheɪvən,hˈeɪvən
hazard,noun,B1,ˈhæzɝd,hˈæzəd
headline,noun,B1,ˈhɛdˌɫaɪn,hˈɛdlaɪn
heal,verb,B1,ˈhiɫ,hˈiːl
healing,adjective,B1,ˈhiɫɪŋ,hˈiːlɪŋ
hearing,noun,B1,ˈhiɹɪŋ,hˈiəɹɪŋ
heart attack,noun,B1,ˈhɑɹt əˈtæk,hˈɑːt ɐtˈæk
hearted,adjective,B1,ˈhɑɹtəd,hˈɑːtɪd
hearty,adjective,B1,ˈhɑɹti,hˈɑːti
heat,verb,B1,ˈhit,hˈiːt
heater,noun,B1,ˈhitɝ,hˈiːtɐ
heaven,noun,B1,ˈhɛvən,hˈɛvən
heavenly,adjective,B1,ˈhɛvənɫi,hˈɛvənli
heel,noun,B1,ˈhiɫ,hˈiːl
height,noun,B1,ˈhaɪt,hˈaɪt
helmet,noun,B1,ˈhɛɫmət,hˈɛlmɪt
helpless,adjective,B1,ˈhɛɫpɫəs,hˈɛlpləs
herd,noun,B1,ˈhɝd,hˈɜːd
hesitate,verb,B1,ˈhɛzəˌteɪt,hˈɛsɪtˌeɪt
hidden,adjective,B1,ˈhɪdən,hˈɪdən
highlight,verb,B1,ˈhaɪˌɫaɪt,hˈaɪlaɪt
highly,adverb,B1,ˈhaɪɫi,hˈaɪli
hip,noun,B1,ˈhɪp,hˈɪp
hire,verb,B1,ˈhaɪɝ,hˈaɪə
historian,noun,B1,hɪˈstɔɹiən,hɪstˈɔːɹiən
historic,adjective,B1,hɪˈstɔɹɪk,hɪstˈɒɹɪk
historical,adjective,B1,hɪˈstɔɹɪkəɫ,hɪstˈɒɹɪkəl
hit,noun,B1,ˈhɪt,hˈɪt
HIV,noun,B1,ˈeɪˈtʃaɪˈvi,
holy,adjective,B1,ˈhoʊɫi,hˈəʊli
homeless,adjective,B1,ˈhoʊmɫəs,hˈəʊmləs
honest,adjective,B1,ˈɑnəst,ˈɒnɪst
honestly,adverb,B1,ˈɑnəsɫi,ˈɒnɪstli
honesty,noun,B1,ˈɑnəsti,ˈɒnɪsti
honeymoon,noun,B1,ˈhəniˌmun,hˈʌnɪmˌuːn
hop,noun,B1,ˈhɑp,hˈɒp
hope,verb,B1,ˈhoʊp,hˈəʊp
hopeful,adjective,B1,ˈhoʊpfəɫ,hˈəʊpfəl
hopefully,adverb,B1,ˈhoʊpfəɫi,hˈəʊpfəli
hopeless,adjective,B1,ˈhoʊpɫəs,hˈəʊpləs
horizon,noun,B1,hɝˈaɪzən,həɹˈaɪzən
horn,noun,B1,ˈhɔɹn,hˈɔːn
horrible,adjective,B1,ˈhɔɹəbəɫ,hˈɒɹɪbəl
horrify,verb,B1,ˈhɔɹəˌfaɪ,hˈɒɹɪfˌaɪ
hostel,noun,B1,ˈhɑstəɫ,hˈɒstəl
household,noun,B1,ˈhaʊsˌhoʊɫd,hˈaʊshəʊld
housework,noun,B1,ˈhaʊˌswɝk,hˈaʊswɜːk
huge,adjective,B1,ˈhjudʒ,hjˈuːdʒ
human,noun,B1,ˈhjumən,hjˈuːmən
humanity,noun,B1,hjuˈmænɪti,hjuːmˈænɪti
humid,adjective,B1,ˈhjuməd,hjˈuːmɪd
humor,noun,B1,ˈhjumɝ,
humorous,adjective,B1,ˈhjumɝəs,hjˈuːməɹəs
hunger,noun,B1,ˈhəŋɡɝ,hˈʌŋɡɐ
hunt,noun,B1,ˈhənt,hˈʌnt
hunt,verb,B1,ˈhənt,hˈʌnt
hurriedly,adverb,B1,ˈhɝidɫi,hˈʌɹɪdli
hurt,adjective,B1,ˈhɝt,hˈɜːt
hut,noun,B1,ˈhət,hˈʌt
ice hockey,noun,B1,ˈaɪs ˈhɑki,ˈaɪs hˈɒki
ice skating,noun,B1,ˈaɪs ˈskeɪtɪŋ,ˈaɪs skˈeɪtɪŋ
identity,noun,B1,aɪˈdɛntɪˌti,aɪdˈɛntɪti
identity card,noun,B1,aɪˈdɛntɪˌti ˈkɑɹd,aɪdˈɛntɪti kˈɑːd
idiom,noun,B1,ˈɪdiəm,ˈɪdɪəm
idol,noun,B1,ˈaɪdəɫ,ˈaɪdəl
ignore,verb,B1,ˌɪɡˈnɔɹ,ɪɡnˈɔː
illegally,adverb,B1,ˌɪˈɫiɡəɫi,ɪlˈiːɡəli
illness,noun,B1,ˈɪɫnəs,ˈɪlnəs
illuminate,verb,B1,ˌɪˈɫumɪnɪt,ɪlˈuːmɪnˌeɪt
imaginary,adjective,B1,ˌɪˈmædʒəˌnɛɹi,ɪmˈædʒɪnəɹi
imitate,verb,B1,ˈɪməˌteɪt,ˈɪmɪtˌeɪt
immediate,adjective,B1,ˌɪˈmiˌdiət,ɪmˈiːdɪət
immediately,adverb,B1,ˌɪˈmiˌdiətɫi,ɪmˈiːdɪətli
immigrate,verb,B1,ˈɪməˌɡɹeɪt,ˈɪmɪɡɹˌeɪt
immigration,noun,B1,ˌɪməˈɡɹeɪʃən,ˌɪmɪɡɹˈeɪʃən
impair,verb,B1,ˌɪmˈpɛɹ,ɪmpˈeə
impression,noun,B1,ˌɪmˈpɹɛʃən,ɪmpɹˈɛʃən
impressive,adjective,B1,ˌɪmˈpɹɛsɪv,ɪmpɹˈɛsɪv
improper,adjective,B1,ˌɪmˈpɹɑpɝ,ɪmpɹˈɒpɐ
improvement,noun,B1,ˌɪmˈpɹuvmənt,ɪmpɹˈuːvmənt
incident,noun,B1,ˈɪnsədənt,ˈɪnsɪdənt
including,preposition,B1,ˌɪnˈkɫudɪŋ,ɪnklˈuːdɪŋ
income,noun,B1,ˈɪnˌkəm,ˈɪnkʌm
inconvenient,adjective,B1,ˌɪnkənˈvinjənt,ɪnkənvˈiːnɪənt
incorrect,adjective,B1,ˌɪnkɝˈɛkt,ɪnkəɹˈɛkt
increase,noun,B1,ˈɪnˌkɹis,
increasingly,adverb,B1,ɪnˈkɹisɪŋɡɫi,ɪnkɹˈiːsɪŋli
incredible,adjective,B1,ˌɪnˈkɹɛdəbəɫ,ɪnkɹˈɛdɪbəl
incredibly,adverb,B1,ˌɪnˈkɹɛdəbɫi,ɪnkɹˈɛdɪbli
indefinite article,noun,B1,ˌɪnˈdɛfənət ˈɑɹtəkəɫ,ɪndˈɛfɪnət ˈɑːtɪkəl
independent,adjective,B1,ˌɪndɪˈpɛndənt,ˌɪndɪpˈɛndənt
indirect,adjective,B1,ˌɪndɝˈɛkt,ɪndaɪɹˈɛkt
indirectly,adverb,B1,ˌɪndɝˈɛktˌɫi,ɪndaɪɹˈɛktli
individual,adjective,B1,ˌɪndəˈvɪdʒəwəɫ,ˌɪndɪvˈɪdʒuːəl
indoors,adverb,B1,ˈɪnˌdɔɹz,ɪndˈɔːz
industrial,adjective,B1,ˌɪnˈdəstɹiəɫ,ɪndˈʌstɹɪəl
industry,noun,B1,ˈɪndəstɹi,ˈɪndʌstɹˌi
inevitable,adjective,B1,ˌɪˈnɛvətəbəɫ,ɪnˈɛvɪtəbəl
infection,noun,B1,ˌɪnˈfɛkʃən,ɪnfˈɛkʃən
infinitive,noun,B1,ˌɪnˈfɪnɪtɪv,ɪnfˈɪnɪtˌɪv
inform,verb,B1,ˌɪnˈfɔɹm,ɪnfˈɔːm
informative,adjective,B1,ˌɪnˈfɔɹmətɪv,ɪnfˈɔːmətˌɪv
ingredient,noun,B1,ˌɪnˈɡɹidiənt,ɪnɡɹˈiːdiənt
inhabitant,noun,B1,ɪnˈhæbətənt,ɪnhˈæbɪtənt
inhale,verb,B1,ˌɪnˈheɪɫ,ɪnhˈeɪl
initial,noun,B1,ˌɪˈnɪʃəɫ,ɪnˈɪʃəl
initially,adverb,B1,ˌɪˈnɪʃəɫi,ɪnˈɪʃəlˌi
inject,verb,B1,ˌɪnˈdʒɛkt,ɪndʒˈɛkt
injury,noun,B1,ˈɪndʒɝi,ˈɪndʒəɹi
ink,noun,B1,ˈɪŋk,ˈɪŋk
innermost,adjective,B1,ˈɪnɝˌmoʊst,ˈɪnəmˌəʊst
innocent,adjective,B1,ˈɪnəsənt,ˈɪnəsənt
innovator,noun,B1,ˈɪnəˌveɪtɝ,ˈɪnəvˌeɪtɐ
inquiry,noun,B1,ˌɪnˈkwaɪˌɹi,ɪnkwˈaɪəɹi
insane,adjective,B1,ˌɪnˈseɪn,ɪnsˈeɪn
inscribe,verb,B1,ˌɪnsˈkɹaɪb,ɪnskɹˈaɪb
inscription,noun,B1,ˌɪnsˈkɹɪpʃən,ɪnskɹˈɪpʃən
insight,noun,B1,ˈɪnˌsaɪt,ˈɪnsaɪt
insist,verb,B1,ˌɪnˈsɪst,ɪnsˈɪst
inspection,noun,B1,ˌɪnˈspɛkʃən,ɪnspˈɛkʃən
inspire,verb,B1,ˌɪnˈspaɪɹ,ɪnspˈaɪə
install,verb,B1,ˌɪnˈstɔɫ,ɪnstˈɔːl
instance,noun,B1,ˈɪnstəns,ˈɪnstəns
instead of,preposition,B1,ˌɪnˈstɛd ˈəv,ɪnstˈɛd ˈɒv
institute,noun,B1,ˈɪnstəˌtut,ˈɪnstɪtjˌuːt
instruction,noun,B1,ˌɪnˈstɹəkʃən,ɪnstɹˈʌkʃən
instructor,noun,B1,ˌɪnˈstɹəktɝ,ɪnstɹˈʌktɐ
insurance,noun,B1,ˌɪnˈʃʊɹəns,ɪnʃˈɔːɹəns
intend,verb,B1,ˌɪnˈtɛnd,ɪntˈɛnd
intense,adjective,B1,ˌɪnˈtɛns,ɪntˈɛns
intensive,adjective,B1,ˌɪnˈtɛnsɪv,ɪntˈɛnsɪv
intention,noun,B1,ˌɪnˈtɛntʃən,ɪntˈɛnʃən
intentionally,adverb,B1,ˌɪnˈtɛnʃənəɫi,ɪntˈɛnʃənəli
interact,verb,B1,ˌɪnɝˈækt,ˌɪntəɹˈækt
interaction,noun,B1,ˌɪnɝˈækʃən,ˌɪntəɹˈækʃən
interest,verb,B1,ˈɪntɝəst,ˈɪntɹəst
intermediate,adjective,B1,ˌɪnɝˈmidiɪt,
intermission,noun,B1,ˌɪntɝˈmɪʃən,ˌɪntəmˈɪʃən
internal,adjective,B1,ˌɪnˈtɝnəɫ,ɪntˈɜːnəl
internationally,adverb,B1,ˌɪnɝˈnæʃənəɫi,ˌɪntənˈæʃənəli
interrupt,verb,B1,ˌɪntɝˈəpt,ˈɪntəɹˌʌpt
interval,noun,B1,ˈɪntɝvəɫ,ˈɪntəvəl
interview,verb,B1,ˈɪntɝvˌju,ˈɪntəvjˌuː
interviewee,noun,B1,ˌɪntɝvjuˈi,ˈɪntəvjˌuːiː
introduction,noun,B1,ˌɪntɹəˈdəkʃən,ˌɪntɹədˈʌkʃən
invasion,noun,B1,ˌɪnˈveɪʒən,ɪnvˈeɪʒən
invest,verb,B1,ˌɪnˈvɛst,ɪnvˈɛst
investigation,noun,B1,ˌɪnˌvɛstəˈɡeɪʃən,ɪnvˌɛstɪɡˈeɪʃən
invitation,noun,B1,ˌɪnvɪˈteɪʃən,ɪnvɪtˈeɪʃən
involuntarily,adverb,B1,ˌɪnˌvɑɫənˈtɝəɫi,ɪnvˌɒləntˈɛɹəli
involve,verb,B1,ˌɪnˈvɑɫv,ɪnvˈɒlv
involved,adjective,B1,ˌɪnˈvɑɫvd,ɪnvˈɒlvd
iron,noun,B1,ˈaɪɝn,ˈaɪən
iron,verb,B1,ˈaɪɝn,ˈaɪən
ironing,noun,B1,ˈaɪɝnɪŋ,ˈaɪənɪŋ
irregular,adjective,B1,ˌɪˈɹɛɡjəɫɝ,ɪɹˈɛɡjuːlɐ
irritate,verb,B1,ˈɪɹɪˌteɪt,ˈɪɹɪtˌeɪt
isle,noun,B1,ˈaɪɫ,ˈaɪəl
isolation,noun,B1,ˌaɪsəˈɫeɪʃən,ˌaɪsəlˈeɪʃən
ivory,noun,B1,ˈaɪvɝi,ˈaɪvəɹˌi
jade,noun,B1,ˈdʒeɪd,dʒˈeɪd
jail,noun,B1,ˈdʒeɪɫ,dʒˈeɪl
jar,noun,B1,ˈdʒɑɹ,dʒˈɑː
jazz,noun,B1,ˈdʒæz,dʒˈæz
jealous,adjective,B1,ˈdʒɛɫəs,dʒˈɛləs
jewel,noun,B1,ˈdʒuəɫ,dʒˈuːəl
jog,verb,B1,ˈdʒɑɡ,dʒˈɒɡ
jogging,noun,B1,ˈdʒɑɡɪŋ,dʒˈɒɡɪŋ
joint,adjective,B1,ˈdʒɔɪnt,dʒˈɔɪnt
joke,verb,B1,ˈdʒoʊk,dʒˈəʊk
journal,noun,B1,ˈdʒɝnəɫ,dʒˈɜːnəl
journalist,noun,B1,ˈdʒɝnəɫəst,dʒˈɜːnəlˌɪst
judge,noun,B1,ˈdʒədʒ,dʒˈʌdʒ
judgment,noun,B1,ˈdʒədʒmənt,dʒˈʌdʒmənt
jug,noun,B1,ˈdʒəɡ,dʒˈʌɡ
juicy,adjective,B1,ˈdʒusi,dʒˈuːsi
jumper,noun,B1,ˈdʒəmpɝ,dʒˈʌmpɐ
jungle,noun,B1,ˈdʒəŋɡəɫ,dʒˈʌŋɡəl
justice,noun,B1,ˈdʒəstəs,dʒˈʌstɪs
kettle,noun,B1,ˈkɛtəɫ,kˈɛtəl
keyboard,noun,B1,ˈkiˌbɔɹd,kˈiːbɔːd
kid,verb,B1,ˈkɪd,kˈɪd
killing,noun,B1,ˈkɪɫɪŋ,kˈɪlɪŋ
kindly,adverb,B1,ˈkaɪndɫi,kˈaɪndli
kindness,noun,B1,ˈkaɪndnəs,kˈaɪndnəs
kiss,verb,B1,ˈkɪs,kˈɪs
kitten,noun,B1,ˈkɪtən,kˈɪtən
knit,verb,B1,ˈnɪt,nˈɪt
knock,verb,B1,ˈnɑk,nˈɒk
lab,noun,B1,ˈɫæb,lˈæb
laboratory,noun,B1,ˈɫæbɹəˌtɔɹi,lɐbˈɒɹətɹˌi
ladder,noun,B1,ˈɫædɝ,lˈædɐ
lamb,noun,B1,ˈɫæm,lˈæm
land,noun,B1,ˈɫænd,lˈænd
landlord,noun,B1,ˈɫændˌɫɔɹd,lˈændlɔːd
largely,adverb,B1,ˈɫɑɹdʒɫi,lˈɑːdʒli
last,adverb,B1,ˈɫæs,lˈɑːst
last,verb,B1,ˈɫæs,lˈɑːst
lasting,adjective,B1,ˈɫæstɪŋ,lˈɑːstɪŋ
latecomer,noun,B1,ˈɫeɪtkəmɝ,lˈeɪtkʌmɐ
lately,adverb,B1,ˈɫeɪtɫi,lˈeɪtli
laugh,noun,B1,ˈɫæf,lˈɑːf
laughter,noun,B1,ˈɫæftɝ,lˈɑːftɐ
launch,verb,B1,ˈɫɔntʃ,lˈɔːntʃ
lawful,adjective,B1,ˈɫɔfəɫ,lˈɔːfəl
lay,verb,B1,ˈɫeɪ,lˈeɪ
layer,noun,B1,ˈɫeɪɝ,
lead,adjective,B1,ˈɫɛd,
lead,verb,B1,ˈɫɛd,
leadership,noun,B1,ˈɫidɝˌʃɪp,lˈiːdəʃˌɪp
leading,adjective,B1,ˈɫidɪŋ,
league,noun,B1,ˈɫiɡ,lˈiːɡ
lean,adjective,B1,ˈɫin,lˈiːn
leap,verb,B1,ˈɫip,lˈiːp
least,adverb,B1,ˈɫist,lˈiːst
leave,noun,B1,ˈɫiv,lˈiːv
lecture,noun,B1,ˈɫɛktʃɝ,lˈɛktʃɐ
legal,adjective,B1,ˈɫiɡəɫ,lˈiːɡəl
legally,adverb,B1,ˈɫiɡəɫi,lˈiːɡəli
length,noun,B1,ˈɫɛŋkθ,lˈɛŋθ
lessen,verb,B1,ˈɫɛsən,lˈɛsən
lettuce,noun,B1,ˈɫɛtəs,lˈɛtɪs
level,adjective,B1,ˈɫɛvəɫ,lˈɛvəl
liar,noun,B1,ˈɫaɪɝ,lˈaɪə
liberate,verb,B1,ˈɫɪˌbɝˌeɪt,lˈɪbəɹˌeɪt
liberation,noun,B1,ˌɫɪˌbɝˈeɪʃən,lˌɪbəɹˈeɪʃən
librarian,noun,B1,ɫaɪˈbɹɛˌɹiən,laɪbɹˈeəɹiən
lie,noun,B1,ˈɫaɪ,lˈaɪ
lifeguard,noun,B1,ˈɫaɪfˌɡɑɹd,lˈaɪfɡɑːd
lifelong,adjective,B1,ˈɫaɪˈfɫɔŋ,lˈaɪflɒŋ
lift,noun,B1,ˈɫɪft,lˈɪft
lift,verb,B1,ˈɫɪft,lˈɪft
light,verb,B1,ˈɫaɪt,lˈaɪt
lighter,noun,B1,ˈɫaɪtɝ,lˈaɪtɐ
lightly,adverb,B1,ˈɫaɪtɫi,lˈaɪtli
lightning,noun,B1,ˈɫaɪtnɪŋ,lˈaɪtnɪŋ
like,conjunction,B1,ˈɫaɪk,lˈaɪk
likeness,noun,B1,ˈɫaɪknəs,lˈaɪknəs
limit,noun,B1,ˈɫɪmət,lˈɪmɪt
limit,verb,B1,ˈɫɪmət,lˈɪmɪt
limitation,noun,B1,ˌɫɪmɪˈteɪʃən,lˌɪmɪtˈeɪʃən
limited,adjective,B1,ˈɫɪmətəd,lˈɪmɪtɪd
limp,verb,B1,ˈɫɪmp,lˈɪmp
link,noun,B1,ˈɫɪŋk,lˈɪŋk
link,verb,B1,ˈɫɪŋk,lˈɪŋk
liquid,adjective,B1,ˈɫɪkwəd,lˈɪkwɪd
liquid,noun,B1,ˈɫɪkwəd,lˈɪkwɪd
literary,adjective,B1,ˈɫɪtɝˌɛɹi,lˈɪtəɹəɹi
literature,noun,B1,ˈɫɪtɝətʃɝ,lˈɪtɹɪtʃɐ
little,determiner,B1,ˈɫɪtəɫ,lˈɪtəl
little,pronoun,B1,ˈɫɪtəɫ,lˈɪtəl
live,adjective,B1,ˈɫaɪv,
liver,noun,B1,ˈɫɪvɝ,lˈɪvɐ
loaf,noun,B1,ˈɫoʊf,lˈəʊf
locate,verb,B1,ˈɫoʊˌkeɪt,ləʊkˈeɪt
location,noun,B1,ɫoʊˈkeɪʃən,ləʊkˈeɪʃən
lock,verb,B1,ˈɫɑk,lˈɒk
lodge,noun,B1,ˈɫɑdʒ,lˈɒdʒ
log,noun,B1,ˈɫɔɡ,lˈɒɡ
logic,noun,B1,ˈɫɑdʒɪk,lˈɒdʒɪk
logo,noun,B1,ˈɫoʊɡoʊ,lˈəʊɡəʊ
lorry,noun,B1,ˈɫɔɹi,lˈɒɹi
loss,noun,B1,ˈɫɔs,lˈɒs
lottery,noun,B1,ˈɫɑtɝi,lˈɒtəɹi
loud,adjective,B1,ˈɫaʊd,lˈaʊd
loud,adverb,B1,ˈɫaʊd,lˈaʊd
loudspeaker,noun,B1,ˈɫaʊdˌspikɝ,lˈaʊdspiːkɐ
lovingly,adverb,B1,ˈɫəvɪŋɫi,lˈʌvɪŋli
loyal,adjective,B1,ˈɫɔɪəɫ,lˈɔɪəl
loyalty,noun,B1,ˈɫɔɪəɫti,lˈɔɪəlti
luggage,noun,B1,ˈɫəɡədʒ,lˈʌɡɪdʒ
lung,noun,B1,ˈɫəŋ,lˈʌŋ
luxury,noun,B1,ˈɫəɡʒɝi,lˈʌkʃəɹˌi
magical,adjective,B1,ˈmædʒɪkəɫ,mˈædʒɪkəl
magician,noun,B1,məˈdʒɪʃən,mɐdʒˈɪʃən
magnificent,adjective,B1,mæɡˈnɪfəsənt,mæɡnˈɪfɪsənt
mail,verb,B1,ˈmeɪɫ,mˈeɪl
mailbox,noun,B1,ˈmeɪɫˌbɑks,mˈeɪlbɒks
main,adjective,B1,ˈmeɪn,mˈeɪn
maintain,verb,B1,meɪnˈteɪn,meɪntˈeɪn
maintenance,noun,B1,ˈmeɪntənəns,mˈeɪntənəns
majority,noun,B1,məˈdʒɔɹəti,mədʒˈɒɹɪtˌi
male,adjective,B1,ˈmeɪɫ,mˈeɪl
management,noun,B1,ˈmænədʒmənt,mˈænɪdʒmənt
mankind,noun,B1,ˈmænˈkaɪnd,mæŋkˈaɪnd
maple,noun,B1,ˈmeɪpəɫ,mˈeɪpəl
marble,noun,B1,ˈmɑɹbəɫ,mˈɑːbəl
march,noun,B1,ˈmɑɹtʃ,mˈɑːtʃ
march,verb,B1,ˈmɑɹtʃ,mˈɑːtʃ
marine,adjective,B1,mɝˈin,məɹˈiːn
marked,adjective,B1,ˈmɑɹkt,
market,verb,B1,ˈmɑɹkət,mˈɑːkɪt
marriage,noun,B1,ˈmɛɹɪdʒ,mˈæɹɪdʒ
mash,verb,B1,ˈmæʃ,mˈæʃ
mass,adjective,B1,ˈmæs,mˈæs
massive,adjective,B1,ˈmæsɪv,mˈæsɪv
match,verb,B1,ˈmætʃ,mˈætʃ
mathematician,noun,B1,ˌmæθəməˈtɪʃən,mˌæθɪmɐtˈɪʃən
mathematics,noun,B1,ˌmæθəˈmætɪks,mˌæθɪmˈætɪks
maximum,adjective,B1,ˈmæksəməm,mˈæksɪməm
maximum,noun,B1,ˈmæksəməm,mˈæksɪməm
mayor,noun,B1,ˈmeɪɝ,mˈeə
meaningful,adjective,B1,ˈminɪŋfəɫ,mˈiːnɪŋfəl
meanwhile,adverb,B1,ˈminˌwaɪɫ,mˈiːnwaɪl
measure,noun,B1,ˈmɛʒɝ,mˈɛʒɐ
measure,verb,B1,ˈmɛʒɝ,mˈɛʒɐ
measurement,noun,B1,ˈmɛʒɝmənt,mˈɛʒəmənt
mechanic,noun,B1,məˈkænɪk,mɪkˈænɪk
mechanical,adjective,B1,məˈkænɪkəɫ,mɪkˈænɪkəl
meditate,verb,B1,ˈmɛdəˌteɪt,mˈɛdɪtˌeɪt
meditation,noun,B1,ˌmɛdəˈteɪʃən,mˌɛdɪtˈeɪʃən
Mediterranean,noun,B1,ˌmɛdətɝˈeɪniən,
medium,adjective,B1,ˈmidiəm,mˈiːdiəm
medium,noun,B1,ˈmidiəm,mˈiːdiəm
melt,verb,B1,ˈmɛɫt,mˈɛlt
membership,noun,B1,ˈmɛmbɝˌʃɪp,mˈɛmbəʃˌɪp
memorable,adjective,B1,ˈmɛmɝəbəɫ,mˈɛməɹəbəl
memorize,verb,B1,ˈmɛmɝˌaɪz,
mend,verb,B1,ˈmɛnd,mˈɛnd
mental,adjective,B1,ˈmɛntəɫ,mˈɛntəl
mentally,adverb,B1,ˈmɛnəɫi,mˈɛntəli
mention,verb,B1,ˈmɛnʃən,mˈɛnʃən
merchant,noun,B1,ˈmɝtʃənt,mˈɜːtʃənt
mere,adjective,B1,ˈmɪɹ,mˈiə
merely,adverb,B1,ˈmɪɹɫi,mˈiəli
mess,noun,B1,ˈmɛs,mˈɛs
message board,noun,B1,ˈmɛsədʒ ˈbɔɹd,mˈɛsɪdʒ bˈɔːd
messy,adjective,B1,ˈmɛsi,mˈɛsi
middle-aged,adjective,B1,ˈmɪdəˌɫeɪɡd,
mild,adjective,B1,ˈmaɪɫd,mˈaɪld
mile,noun,B1,ˈmaɪɫ,mˈaɪl
mineral,noun,B1,ˈmɪnɝəɫ,mˈɪnəɹəl
minimize,verb,B1,ˈmɪnəˌmaɪz,
minimum,adjective,B1,ˈmɪnəməm,mˈɪnɪməm
minimum,noun,B1,ˈmɪnəməm,mˈɪnɪməm
minor,adjective,B1,ˈmaɪnɝ,mˈaɪnɐ
minority,noun,B1,maɪˈnɔɹəti,maɪnˈɒɹɪti
minus,preposition,B1,ˈmaɪnəs,mˈaɪnəs
miracle,noun,B1,ˈmɪɹəkəɫ,mˈɪɹəkəl
mischief,noun,B1,ˈmɪstʃəf,mˈɪstʃɪf
miserable,adjective,B1,ˈmɪzɝəbəɫ,mˈɪzɹəbəl
misery,noun,B1,ˈmɪzɝi,mˈɪzəɹˌi
mislead,verb,B1,mɪˈsɫid,mɪslˈiːd
mission,noun,B1,ˈmɪʃən,mˈɪʃən
misty,adjective,B1,ˈmɪsti,mˈɪsti
misunderstanding,noun,B1,ˌmɪsəndɝˈstændɪŋ,mɪsˌʌndəstˈændɪŋ
mixing bowl,noun,B1,ˈmɪksɪŋ ˈboʊɫ,mˈɪksɪŋ bˈəʊl
modal verb,noun,B1,ˈmoʊdəɫ ˈvɝb,mˈəʊdəl vˈɜːb
model,adjective,B1,ˈmɑdəɫ,mˈɒdəl
model,verb,B1,ˈmɑdəɫ,mˈɒdəl
modem,noun,B1,ˈmoʊdəm,mˈəʊdɛm
moderate,adjective,B1,ˈmɑdɝˌeɪt,
modify,verb,B1,ˈmɑdəˌfaɪ,mˈɒdɪfˌaɪ
moisture,noun,B1,ˈmɔɪstʃɝ,mˈɔɪstʃɐ
molecule,noun,B1,ˈmɑɫəkˌjuɫ,mˈɒlɪkjˌuːl
monitor,noun,B1,ˈmɑnətɝ,mˈɒnɪtɐ
monitor,verb,B1,ˈmɑnətɝ,mˈɒnɪtɐ
monk,noun,B1,ˈməŋk,mˈʌnk
monster,noun,B1,ˈmɑnstɝ,mˈɒnstɐ
monthly,adjective,B1,ˈmənθɫi,mˈʌnθli
monthly,adverb,B1,ˈmənθɫi,mˈʌnθli
monument,noun,B1,ˈmɑnjəmənt,mˈɒnjuːmənt
moral,noun,B1,ˈmɔɹəɫ,mˈɒɹəl
more,adverb,B1,ˈmɔɹ,mˈɔː
moreover,adverb,B1,mɔˈɹoʊvɝ,mɔːɹˈəʊvɐ
mosquito,noun,B1,məˈskitoʊ,məskˈiːtəʊ
moss,noun,B1,ˈmɔs,mˈɒs
motherland,noun,B1,ˈməðɝˌɫænd,mˈʌðələnd
motionless,adjective,B1,ˈmoʊʃənɫəs,mˈəʊʃənləs
motivate,verb,B1,ˈmoʊtəˌveɪt,mˈəʊtɪvˌeɪt
motivation,noun,B1,ˌmoʊtəˈveɪʃən,mˌəʊtɪvˈeɪʃən
motive,noun,B1,ˈmoʊtɪv,mˈəʊtɪv
motor,noun,B1,ˈmoʊtɝ,mˈəʊtɐ
motorcycle,noun,B1,ˈmoʊtɝˌsaɪkəɫ,mˈəʊtəsˌaɪkəl
motto,noun,B1,ˈmɑtoʊ,mˈɒtəʊ
mount,noun,B1,ˈmaʊnt,mˈaʊnt
mountaintop,noun,B1,ˈmaʊntənˌtɑp,mˈaʊntɪntˌɒp
mourn,verb,B1,ˈmɔɹn,mˈɔːn
movement,noun,B1,ˈmuvmənt,mˈuːvmənt
mud,noun,B1,ˈməd,mˈʌd
mule,noun,B1,ˈmjuɫ,mjˈuːl
murder,verb,B1,ˈmɝdɝ,mˈɜːdɐ
murderer,noun,B1,ˈmɝdɝɝ,mˈɜːdəɹɐ
muscle,noun,B1,ˈməsəɫ,mˈʌsəl
mustard,noun,B1,ˈməstɝd,mˈʌstəd
mutual,adjective,B1,ˈmjutʃuəɫ,mjˈuːtʃuːəl
myth,noun,B1,ˈmɪθ,mˈɪθ
nail,noun,B1,ˈneɪɫ,nˈeɪl
naked,adjective,B1,ˈneɪkəd,nˈeɪkɪd
name,verb,B1,ˈneɪm,nˈeɪm
nap,noun,B1,ˈnæp,nˈæp
narrate,verb,B1,ˈnɛˌɹeɪt,nɐɹˈeɪt
narrative,adjective,B1,ˈnæɹətɪv,nˈæɹətˌɪv
narrow,adjective,B1,ˈnæɹoʊ,nˈæɹəʊ
nasty,adjective,B1,ˈnæsti,nˈɑːsti
nationalist,noun,B1,ˈnæʃənəɫəst,nˈæʃənəlˌɪst
naturally,adverb,B1,ˈnætʃɝəɫi,nˈætʃəɹəli
navy blue,adjective,B1,ˈneɪvi ˈbɫu,nˈeɪvi blˈuː
near,adjective,B1,ˈnɪɹ,nˈiə
near,adverb,B1,ˈnɪɹ,nˈiə
nearby,adjective,B1,ˈnɪɹˈbaɪ,niəbˈaɪ
nearby,adverb,B1,ˈnɪɹˈbaɪ,niəbˈaɪ
necklace,noun,B1,ˈnɛkɫəs,nˈɛkləs
nectar,noun,B1,ˈnɛktɝ,nˈɛktɐ
needle,noun,B1,ˈnidəɫ,nˈiːdəl
negotiate,verb,B1,nəˈɡoʊʃiˌeɪt,nɪɡˈəʊʃɪˌeɪt
negotiation,noun,B1,nɪˌɡoʊʃiˈeɪʃən,nɪɡˈəʊʃɪˈeɪʃən
neighborhood,noun,B1,ˈneɪbɝˌhʊd,nˈeɪbəhˌʊd
nephew,noun,B1,ˈnɛfju,nˈɛfjuː
nervousness,noun,B1,ˈnɝvəsnəs,nˈɜːvəsnəs
ness,noun,B1,ˈnɛs,nˈɛs
net,noun,B1,ˈnɛt,nˈɛt
network,noun,B1,ˈnɛtˌwɝk,nˈɛtwɜːk
neutral,adjective,B1,ˈnutɹəɫ,njˈuːtɹəl
nevertheless,adverb,B1,ˌnɛvɝðəˈɫɛs,nˌɛvəðəlˈɛs
newborn,adjective,B1,ˈnubɔɹn,njˈuːbɔːn
newcomer,noun,B1,ˈnuˌkəmɝ,njˈuːkʌmɐ
newly,adverb,B1,ˈnuɫi,njˈuːli
next door,adverb,B1,ˈnɛks ˈdɔɹ,nˈɛkst dˈɔː
next-door,adjective,B1,,
nickname,noun,B1,ˈnɪkˌneɪm,nˈɪkneɪm
niece,noun,B1,ˈnis,nˈiːs
nightlife,noun,B1,ˈnaɪtˌɫaɪf,nˈaɪtlaɪf
nod,noun,B1,ˈnɑd,nˈɒd
noisily,adverb,B1,ˈnɔɪzəɫi,nˈɔɪzɪli
none,pronoun,B1,ˈnən,
nonetheless,adverb,B1,ˌnənðəˈɫɛs,nˌʌnðəlˈɛs
nonsense,noun,B1,ˈnɑnsɛns,nˈɒnsəns
nor,conjunction,B1,ˈnɔɹ,nˈɔː
normally,adverb,B1,ˈnɔɹməɫi,nˈɔːməli
northeast,adjective,B1,ˌnɔɹˈθist,nˈɔːθiːst
northeast,noun,B1,ˌnɔɹˈθist,nˈɔːθiːst
northeastern,adjective,B1,ˌnɔɹˈθistɝn,nˈɔːθiːstən
northern,adjective,B1,ˈnɔɹðɝn,nˈɔːðən
northwest,adjective,B1,ˌnɔɹθˈwɛst,nɔːθwˈɛst
northwest,noun,B1,ˌnɔɹθˈwɛst,nɔːθwˈɛst
northwestern,adjective,B1,ˌnɔɹθˈwɛstɝn,nɔːθwˈɛstən
notice,verb,B1,ˈnoʊtəs,nˈəʊtɪs
noticeable,adjective,B1,ˈnoʊtəsəbəɫ,nˈəʊtɪsəbəl
noticeboard,noun,B1,,nˈəʊtɪsbˌɔːd
notion,noun,B1,ˈnoʊʃən,nˈəʊʃən
notorious,adjective,B1,noʊˈtɔɹiəs,nəʊtˈɔːɹɪəs
novelist,noun,B1,ˈnɑvəɫəst,nˈɒvɪlˌɪst
nowhere,adverb,B1,ˈnoʊˌwɛɹ,nˈəʊweə
nuclear,adjective,B1,ˈnukɫiɝ,njˈuːkliə
nucleus,noun,B1,ˈnukɫiəs,njˈuːklɪəs
numerous,adjective,B1,ˈnumɝəs,njˈuːməɹəs
nurse,verb,B1,ˈnɝs,nˈɜːs
nutrient,noun,B1,ˈnutɹiənt,njˈuːtɹiənt
nutrition,noun,B1,nuˈtɹɪʃən,njuːtɹˈɪʃən
nutritious,adjective,B1,nuˈtɹɪʃəs,njuːtɹˈɪʃəs
object,noun,B1,ˈɑbdʒɛkt,
objection,noun,B1,əbˈdʒɛkʃən,ɒbdʒˈɛkʃən
objective,noun,B1,əbˈdʒɛktɪv,ɒbdʒˈɛktɪv
observation,noun,B1,ˌɑbzɝˈveɪʃən,ɒbzəvˈeɪʃən
observe,verb,B1,əbˈzɝv,ɒbzˈɜːv
obstacle,noun,B1,ˈɑbstəkəɫ,ˈɒbstəkəl
obtain,verb,B1,əbˈteɪn,ɒbtˈeɪn
obvious,adjective,B1,ˈɑbviəs,ˈɒbvɪəs
obviously,adverb,B1,ˈɑbviəsɫi,ˈɒbvɪəsli
occasion,noun,B1,əˈkeɪʒən,əkˈeɪʒən
occasion,verb,B1,əˈkeɪʒən,əkˈeɪʒən
occasional,adjective,B1,əˈkeɪʒənəɫ,əkˈeɪʒənəl
occasionally,adverb,B1,əˈkeɪʒənəɫi,əkˈeɪʒənəli
occupy,verb,B1,ˈɑkjəˌpaɪ,ˈɒkjʊpˌaɪ
occur,verb,B1,əˈkɝ,əkˈɜː
ocean,noun,B1,ˈoʊʃən,ˈəʊʃən
off,preposition,B1,ˈɔf,ˈɒf
offensive,adjective,B1,əˈfɛnsɪv,əfˈɛnsɪv
officially,adverb,B1,əˈfɪʃəɫi,əfˈɪʃəlˌi
oily,adjective,B1,ˈɔɪɫi,ˈɔɪli
old-fashioned,adjective,B1,ˌoʊɫdˈfæʃənd,
oneself,pronoun,B1,ˌwənˈsɛɫf,wɒnsˈɛlf
onstage,adjective,B1,ˌɑnˈsteɪdʒ,ˈɒnsteɪdʒ
onto,preposition,B1,ˈɑntu,ˈɒntʊ
opening,noun,B1,ˈoʊpənɪŋ,ˈəʊpənɪŋ
operation,noun,B1,ˌɑpɝˈeɪʃən,ˌɒpəɹˈeɪʃən
opposite,adverb,B1,ˈɑpəzət,ˈɒpəsˌɪt
opposite,noun,B1,ˈɑpəzət,ˈɒpəsˌɪt
opposition,noun,B1,ˌɑpəˈzɪʃən,ˌɒpəzˈɪʃən
oppress,verb,B1,əˈpɹɛs,əpɹˈɛs
oppression,noun,B1,əˈpɹɛʃən,əpɹˈɛʃən
option,noun,B1,ˈɑpʃən,ˈɒpʃən
oral,noun,B1,ˈɔɹəɫ,ˈɔːɹəl
orbit,noun,B1,ˈɔɹbət,ˈɔːbɪt
orchestra,noun,B1,ˈɔɹkəstɹə,ˈɔːkɛstɹɐ
orderly,adjective,B1,ˈɔɹdɝɫi,ˈɔːdəli
ordinary,adjective,B1,ˈɔɹdəˌnɛɹi,ˈɔːdɪnəɹi
organ,noun,B1,ˈɔɹɡən,ˈɔːɡən
organic,adjective,B1,ɔɹˈɡænɪk,ɔːɡˈænɪk
organism,noun,B1,ˈɔɹɡəˌnɪzəm,ˈɔːɡənˌɪzəm
organization,noun,B1,ˌɔɹɡənəˈzeɪʃən,
origin,noun,B1,ˈɔɹədʒən,ˈɒɹɪdʒˌɪn
otherwise,adverb,B1,ˈəðɝˌwaɪz,ˈʌðəwˌaɪz
ought to,modal auxiliary,B1,ˈɔt ˈtu,ˈɔːt tˈuː
out-of-date,adjective,B1,,
outdoor,adjective,B1,ˈaʊtˌdɔɹ,aʊtdˈɔː
outdoors,adverb,B1,ˈaʊtˈdɔɹz,aʊtdˈɔːz
outer,adjective,B1,ˈaʊtɝ,ˈaʊtɐ
outlaw,noun,B1,ˈaʊtˌɫɔ,ˈaʊtlɔː
outline,verb,B1,ˈaʊtˌɫaɪn,ˈaʊtlaɪn
outstanding,adjective,B1,ˌaʊtˈstændɪŋ,aʊtstˈændɪŋ
outward,adjective,B1,ˈaʊtwɝd,ˈaʊtwəd
outweigh,verb,B1,ˈaʊtˌweɪ,aʊtwˈeɪ
overcome,verb,B1,ˈoʊvɝˌkəm,ˌəʊvəkˈʌm
overjoyed,adjective,B1,ˌoʊvɝˈdʒɔɪd,ˌəʊvədʒˈɔɪd
overnight,adjective,B1,ˈoʊvɝˈnaɪt,
overnight,adverb,B1,ˈoʊvɝˈnaɪt,
overwhelm,verb,B1,ˌoʊvɝˈwɛɫm,ˌəʊvəwˈɛlm
overwhelming,adjective,B1,ˌoʊvɝˈwɛɫmɪŋ,ˌəʊvəwˈɛlmɪŋ
overwork,noun,B1,ˌoʊvɝˈwɝk,
owe,verb,B1,ˈoʊ,ˈəʊ
owing,adjective,B1,ˈoʊɪŋ,ˈəʊɪŋ
own,verb,B1,ˈoʊn,ˈəʊn
oxygen,noun,B1,ˈɑksədʒən,ˈɒksɪdʒən
pace,noun,B1,ˈpeɪs,
package,noun,B1,ˈpækədʒ,pˈækɪdʒ
packing,noun,B1,ˈpækɪŋ,pˈækɪŋ
paddle,noun,B1,ˈpædəɫ,pˈædəl
paid,adjective,B1,ˈpeɪd,pˈeɪd
pain,noun,B1,ˈpeɪn,pˈeɪn
painful,adjective,B1,ˈpeɪnfəɫ,pˈeɪnfəl
pale,adjective,B1,ˈpeɪɫ,pˈeɪl
palm,noun,B1,ˈpɑɫm,pˈɑːm
parachute,noun,B1,ˈpɛɹəˌʃut,pˈæɹəʃˌuːt
paradise,noun,B1,ˈpɛɹəˌdaɪs,pˈæɹədˌaɪs
paralyze,verb,B1,ˈpɛɹəˌɫaɪz,
parcel,noun,B1,ˈpɑɹsəɫ,pˈɑːsəl
pardon,verb,B1,ˈpɑɹdən,pˈɑːdən
parental,adjective,B1,pɝˈɛntəɫ,pəɹˈɛntəl
parking,noun,B1,ˈpɑɹkɪŋ,pˈɑːkɪŋ
parrot,noun,B1,ˈpɛɹət,pˈæɹət
part-time,adjective,B1,ˈpɑɹtˈtaɪm,
part-time,adverb,B1,ˈpɑɹtˈtaɪm,
partial,adjective,B1,ˈpɑɹʃəɫ,pˈɑːʃəl
participant,noun,B1,pɑɹˈtɪsəpənt,pɑːtˈɪsɪpənt
participate,verb,B1,pɑɹˈtɪsəˌpeɪt,pɑːtˈɪsɪpˌeɪt
participle,noun,B1,ˈpɑɹtɪˌsɪpəɫ,pɑːtˈɪsɪpəl
particularly,adverb,B1,ˌpɑɹˈtɪkjəɫɝɫi,pətˈɪkjʊləli
passion,noun,B1,ˈpæʃən,pˈæʃən
passive,adjective,B1,ˈpæsɪv,pˈɑːsɪv
passport,noun,B1,ˈpæsˌpɔɹt,pˈɑːspɔːt
password,noun,B1,ˈpæsˌwɝd,pˈɑːswɜːd
past,adjective,B1,ˈpæst,pˈɑːst
patience,noun,B1,ˈpeɪʃəns,pˈeɪʃəns
patient,adjective,B1,ˈpeɪʃənt,pˈeɪʃənt
patrol,noun,B1,pəˈtɹoʊɫ,pɐtɹˈəʊl
pattern,noun,B1,ˈpætɝn,pˈætən
pause,noun,B1,ˈpɔz,pˈɔːz
pause,verb,B1,ˈpɔz,pˈɔːz
peanut,noun,B1,ˈpiˌnət,pˈiːnʌt
peculiar,adjective,B1,pəkˈjuɫjɝ,pɪkjˈuːliə
penniless,adjective,B1,ˈpɛniɫəs,pˈɛnɪləs
penny,noun,B1,ˈpɛni,pˈɛni
per,preposition,B1,ˈpɝ,pˈɜː
percent,noun,B1,pɝˈsɛnt,pəsˈɛnt
performer,noun,B1,pɝˈfɔɹmɝ,pəfˈɔːmɐ
permanent,adjective,B1,ˈpɝmənənt,pˈɜːmənənt
permanently,adverb,B1,ˈpɝmənəntɫi,pˈɜːmənəntli
permit,verb,B1,ˈpɝˌmɪt,
personally,adverb,B1,ˈpɝsənəɫi,pˈɜːsənəli
persuade,verb,B1,pɝˈsweɪd,pəswˈeɪd
persuasive,adjective,B1,pɝˈsweɪsɪv,pəswˈeɪsɪv
phantom,adjective,B1,ˈfænəm,fˈɑːntəm
pharmacy,noun,B1,ˈfɑɹməsi,fˈɑːməsi
phenomenon,noun,B1,fəˈnɑməˌnɑn,fɪnˈɒmɪnən
philosopher,noun,B1,fəˈɫɑsəfɝ,fɪlˈɒsəfɐ
philosophy,noun,B1,fəˈɫɑsəfi,fɪlˈɒsəfi
phoenix,noun,B1,ˈfinɪks,fˈiːnɪks
photocopy,noun,B1,ˈfoʊtoʊˌkɑpi,fˈəʊtəkˌɒpi
phrasal verb,noun,B1,,
phrase,noun,B1,ˈfɹeɪz,fɹˈeɪz
physics,noun,B1,ˈfɪzɪks,fˈɪzɪks
pick,noun,B1,ˈpɪk,pˈɪk
pie,noun,B1,ˈpaɪ,pˈaɪ
piety,noun,B1,ˈpaɪəti,pˈaɪəti
pillow,noun,B1,ˈpɪɫoʊ,pˈɪləʊ
pin,verb,B1,ˈpɪn,pˈɪn
pineapple,noun,B1,ˈpaɪˌnæpəɫ,pˈaɪnæpəl
pipe,noun,B1,ˈpaɪp,pˈaɪp
pit,noun,B1,ˈpɪt,pˈɪt
place,verb,B1,ˈpɫeɪs,plˈeɪs
plain,adjective,B1,ˈpɫeɪn,plˈeɪn
plan,verb,B1,ˈpɫæn,plˈæn
plant,verb,B1,ˈpɫænt,plˈænt
plastic,noun,B1,ˈpɫæstɪk,plˈɑːstɪk
platform,noun,B1,ˈpɫætˌfɔɹm,plˈætfɔːm
pleasantly,adverb,B1,ˈpɫɛzəntɫi,plˈɛzəntli
please,verb,B1,ˈpɫiz,plˈiːz
plenty,pronoun,B1,ˈpɫɛni,plˈɛnti
plug,noun,B1,ˈpɫəɡ,plˈʌɡ
plus,conjunction,B1,ˈpɫəs,plˈʌs
pocket money,noun,B1,ˈpɑkət ˈməni,pˈɒkɪt mˈʌni
poet,noun,B1,ˈpoʊət,pˈəʊɪt
poetry,noun,B1,ˈpoʊətɹi,pˈəʊɪtɹi
poison,noun,B1,ˈpɔɪzən,pˈɔɪzən
poisonous,adjective,B1,ˈpɔɪzənəs,pˈɔɪzənəs
pole,noun,B1,ˈpoʊɫ,pˈəʊl
policy,noun,B1,ˈpɑɫəsi,pˈɒlɪsi
politely,adverb,B1,pəˈɫaɪtɫi,pəlˈaɪtli
politician,noun,B1,ˌpɑɫəˈtɪʃən,pˌɒlɪtˈɪʃən
politics,noun,B1,ˈpɑɫəˌtɪks,pˈɒlətˌɪks
pollutant,noun,B1,pəˈɫutənt,pəlˈuːtənt
pond,noun,B1,ˈpɑnd,pˈɒnd
popcorn,noun,B1,ˈpɑpˌkɔɹn,pˈɒpkɔːn
pork,noun,B1,ˈpɔɹk,pˈɔːk
port,noun,B1,ˈpɔɹt,pˈɔːt
positive,adjective,B1,ˈpɑzətɪv,pˈɒzɪtˌɪv
positively,adverb,B1,ˈpɑzətɪvɫi,pˈɒzɪtˌɪvli
possess,verb,B1,pəˈzɛs,pəzˈɛs
possession,noun,B1,pəˈzɛʃən,pəzˈɛʃən
possessive,adjective,B1,pəˈzɛsɪv,pəzˈɛsɪv
possibility,noun,B1,ˌpɑsəˈbɪɫəˌti,pˌɒsəbˈɪlɪti
postcard,noun,B1,ˈpoʊˌskɑɹd,pˈəʊstkɑːd
postman,noun,B1,ˈpoʊsmən,pˈəʊstmən
pot,noun,B1,ˈpɑt,pˈɒt
potential,noun,B1,pəˈtɛnʃəɫ,pətˈɛnʃəl
pottery,noun,B1,ˈpɑtɝi,pˈɒtəɹi
pound,noun,B1,ˈpaʊnd,pˈaʊnd
poverty,noun,B1,ˈpɑvɝti,pˈɒvəti
powder,noun,B1,ˈpaʊdɝ,pˈaʊdɐ
practical,adjective,B1,ˈpɹæktəkəɫ,pɹˈæktɪkəl
praise,noun,B1,ˈpɹeɪz,pɹˈeɪz
prayer,noun,B1,ˈpɹeɪɝ,
precious,adjective,B1,ˈpɹɛʃəs,pɹˈɛʃəs
preference,noun,B1,ˈpɹɛfɝəns,pɹˈɛfɹəns
prefix,noun,B1,ˈpɹifɪks,
pregnant,adjective,B1,ˈpɹɛɡnənt,pɹˈɛɡnənt
prejudice,noun,B1,ˈpɹɛdʒədɪs,pɹˈɛdʒuːdɪs
preparation,noun,B1,ˌpɹɛpɝˈeɪʃən,pɹˌɛpəɹˈeɪʃən
prepared,adjective,B1,pɹiˈpɛɹd,pɹɪpˈeəd
preposition,noun,B1,,
preschool,adjective,B1,ˈpɹiˌskuɫ,pɹˈiːskuːl
prescription,noun,B1,pɹəsˈkɹɪpʃən,pɹɪskɹˈɪpʃən
presence,noun,B1,ˈpɹɛzəns,pɹˈɛzəns
present,adjective,B1,ˈpɹɛzənt,
presentation,noun,B1,ˌpɹɛzənˈteɪʃən,pɹˌɛzəntˈeɪʃən
preservation,noun,B1,ˌpɹɛzɝˈveɪʃən,pɹɪsəvˈeɪʃən
preserve,verb,B1,pɹəˈzɝv,pɹɪsˈɜːv
president,noun,B1,ˈpɹɛzəˌdɛnt,pɹˈɛzɪdənt
press,noun,B1,ˈpɹɛs,pɹˈɛs
press,verb,B1,ˈpɹɛs,pɹˈɛs
previous,adjective,B1,ˈpɹiviəs,pɹˈiːvɪəs
priest,noun,B1,ˈpɹist,pɹˈiːst
primarily,adverb,B1,pɹaɪˈmɛɹəɫi,pɹaɪmˈɛɹəli
primary school,noun,B1,ˈpɹaɪˌmɛɹi ˈskuɫ,pɹˈaɪməɹi skˈuːl
primitive,adjective,B1,ˈpɹɪmətɪv,pɹˈɪmɪtˌɪv
principle,noun,B1,ˈpɹɪnsəpəɫ,pɹˈɪnsɪpəl
print,noun,B1,ˈpɹɪnt,pɹˈɪnt
prison,noun,B1,ˈpɹɪzən,pɹˈɪzən
prisoner,noun,B1,ˈpɹɪzənɝ,pɹˈɪzənɐ
privacy,noun,B1,ˈpɹaɪvəsi,pɹˈɪvəsi
prize,noun,B1,ˈpɹaɪz,pɹˈaɪz
probability,noun,B1,ˌpɹɑbəˈbɪɫəˌti,pɹˌɒbəbˈɪlɪti
proceed,verb,B1,pɝˈsid,pɹəsˈiːd
process,noun,B1,ˈpɹɑˌsɛs,
proclaim,verb,B1,pɹoʊˈkɫeɪm,pɹəklˈeɪm
procrastination,noun,B1,pɹəˌkɹæstəˈneɪʃən,pɹˌɒkɹɑːstɪnˈeɪʃən
producer,noun,B1,pɹəˈdusɝ,pɹədjˈuːsɐ
productive,adjective,B1,pɝˈdəktɪv,pɹədˈʌktɪv
profession,noun,B1,pɹəˈfɛʃən,pɹəfˈɛʃən
professor,noun,B1,pɹəˈfɛsɝ,pɹəfˈɛsɐ
program,verb,B1,ˈpɹoʊˌɡɹæm,pɹˈəʊɡɹæm
progress,noun,B1,ˈpɹɑˌɡɹɛs,
prohibition,noun,B1,ˌpɹoʊəˈbɪʃən,pɹəhɪbˈɪʃən
prominent,adjective,B1,ˈpɹɑmənənt,pɹˈɒmɪnənt
promise,verb,B1,ˈpɹɑməs,pɹˈɒmɪs
promote,verb,B1,pɹəˈmoʊt,pɹəmˈəʊt
promotion,noun,B1,pɝˈmoʊʃən,pɹəmˈəʊʃən
pronoun,noun,B1,ˈpɹoʊnaʊn,pɹˈəʊnaʊn
proof,noun,B1,ˈpɹuf,pɹˈuːf
properly,adverb,B1,ˈpɹɑpɝɫi,pɹˈɒpəli
property,noun,B1,ˈpɹɑpɝti,pɹˈɒpəti
proportion,noun,B1,pɹəˈpɔɹʃən,pɹəpˈɔːʃən
proposal,noun,B1,pɹəˈpoʊzəɫ,pɹəpˈəʊzəl
propose,verb,B1,pɹəˈpoʊz,pɹəpˈəʊz
prosperity,noun,B1,pɹɑˈspɛɹəti,pɹəspˈɛɹɪti
prosperous,adjective,B1,ˈpɹɑspɝəs,pɹˈɒspəɹəs
protect,verb,B1,pɹəˈtɛkt,pɹətˈɛkt
protection,noun,B1,pɹəˈtɛkʃən,pɹətˈɛkʃən
protective,adjective,B1,pɹəˈtɛktɪv,pɹətˈɛktɪv
protest,noun,B1,ˈpɹoʊˌtɛst,
proud,adjective,B1,ˈpɹaʊd,pɹˈaʊd
prove,verb,B1,ˈpɹuv,pɹˈuːv
proverb,noun,B1,ˈpɹɑvɝb,pɹˈɒvɜːb
provided,conjunction,B1,pɹəˈvaɪdɪd,pɹəvˈaɪdɪd
psychological,adjective,B1,ˌsaɪkəˈɫɑdʒɪkəɫ,saɪkəlˈɒdʒɪkəl
pub,noun,B1,ˈpəb,pˈʌb
public,adjective,B1,ˈpəbɫɪk,pˈʌblɪk
public transport,noun,B1,ˈpəbɫɪk ˈtɹænspɔɹt,
publicly,adverb,B1,ˈpəbɫɪkɫi,pˈʌblɪkli
publisher,noun,B1,ˈpəbɫɪʃɝ,pˈʌblɪʃɐ
pullover,noun,B1,,pˈʊləʊvɐ
pump,noun,B1,ˈpəmp,pˈʌmp
punish,verb,B1,ˈpənɪʃ,pˈʌnɪʃ
punishment,noun,B1,ˈpənɪʃmənt,pˈʌnɪʃmənt
pupil,noun,B1,ˈpjupəɫ,pjˈuːpəl
puppy,noun,B1,ˈpəpi,pˈʌpi
pure,adjective,B1,ˈpjʊɹ,pjˈɔː
purify,verb,B1,ˈpjʊɹəˌfaɪ,pjˈʊɹɪfˌaɪ
purse,noun,B1,ˈpɝs,pˈɜːs
push,noun,B1,ˈpʊʃ,pˈʊʃ
puzzle,noun,B1,ˈpəzəɫ,pˈʌzəl
quake,noun,B1,ˈkweɪk,kwˈeɪk
qualified,adjective,B1,ˈkwɑɫəˌfaɪd,kwˈɒlɪfˌaɪd
qualify,verb,B1,ˈkwɑɫəˌfaɪ,kwˈɒlɪfˌaɪ
quality,adjective,B1,ˈkwɑɫəti,kwˈɒlɪti
quantity,noun,B1,ˈkwɑntəti,kwˈɒntɪti
question mark,noun,B1,ˈkwɛstʃən ˈmɑɹk,kwˈɛstʃən mˈɑːk
questionnaire,noun,B1,ˌkwɛstʃəˈnɛɹ,kwˌɛstʃənˈeə
queue,noun,B1,ˈkju,kjˈuː
race,noun,B1,ˈɹeɪs,ɹˈeɪs
race,verb,B1,ˈɹeɪs,ɹˈeɪs
racial,adjective,B1,ˈɹeɪʃəɫ,ɹˈeɪʃəl
radiation,noun,B1,ˌɹeɪdiˈeɪʃən,ɹˌeɪdɪˈeɪʃən
rage,noun,B1,ˈɹeɪdʒ,ɹˈeɪdʒ
rail,noun,B1,ˈɹeɪɫ,ɹˈeɪl
railroad,noun,B1,ˈɹeɪɫˌɹoʊd,ɹˈeɪlɹəʊd
railway,noun,B1,ˈɹeɪɫˌweɪ,ɹˈeɪlweɪ
rainfall,noun,B1,ˈɹeɪnˌfɔɫ,ɹˈeɪnfɔːl
rainforest,noun,B1,ˈɹaɪnˌfɔɹəst,ɹˈeɪnfˌɒɹɪst
rank,noun,B1,ˈɹæŋk,ɹˈæŋk
rap,verb,B1,ˈɹæp,ɹˈæp
rapid,adjective,B1,ˈɹæpəd,ɹˈæpɪd
rapidly,adverb,B1,ˈɹæpədɫi,ɹˈæpɪdli
rare,adjective,B1,ˈɹɛɹ,ɹˈeə
rarely,adverb,B1,ˈɹɛɹɫi,ɹˈeəli
raspberry,noun,B1,ˈɹæzˌbɛɹi,ɹˈɑːsbəɹi
ration,noun,B1,ˈɹæʃən,ɹˈæʃən
rational,adjective,B1,ˈɹæʃənəɫ,ɹˈæʃənəl
razor,noun,B1,ˈɹeɪzɝ,ɹˈeɪzɐ
reach,noun,B1,ˈɹitʃ,ɹˈiːtʃ
react,verb,B1,ɹiˈækt,ɹɪˈækt
realistic,adjective,B1,ˌɹiəˈɫɪstɪk,ɹiəlˈɪstɪk
reality,noun,B1,ˌɹiˈæɫəˌti,ɹɪˈælɪti
rearrange,verb,B1,ˌɹiɝˈeɪndʒ,ɹˌiːɐɹˈeɪndʒ
reasonable,adjective,B1,ˈɹizənəbəɫ,ɹˈiːzənəbəl
rebuild,verb,B1,ɹiˈbɪɫd,ɹɪbˈɪld
recall,verb,B1,ˈɹiˌkɔɫ,
reception,noun,B1,ɹiˈsɛpʃən,ɹɪsˈɛpʃən
recite,verb,B1,ɹəˈsaɪt,ɹɪsˈaɪt
reclaim,verb,B1,ɹiˈkɫeɪm,ɹɪklˈeɪm
recognize,verb,B1,ˈɹɛkəɡˌnaɪz,
recommend,verb,B1,ˌɹɛkəˈmɛnd,ɹˌɛkəmˈɛnd
record,noun,B1,ˈɹɛkɝd,
recording,noun,B1,ɹəˈkɔɹdɪŋ,ɹɪkˈɔːdɪŋ
recover,verb,B1,ɹɪˈkəvɝ,
recovery,noun,B1,ɹɪˈkəvɝi,ɹɪkˈʌvəɹi
recycled,adjective,B1,ɹiˈsaɪkəɫd,ɹɪsˈaɪkəld
recycling,noun,B1,ɹiˈsaɪkəɫɪŋ,ɹɪsˈaɪklɪŋ
reduce,verb,B1,ɹəˈdus,ɹɪdjˈuːs
reduction,noun,B1,ɹəˈdəkʃən,ɹɪdˈʌkʃən
reef,noun,B1,ˈɹif,ɹˈiːf
referee,noun,B1,ˌɹɛfɝˈi,ɹˌɛfəɹˈiː
reflection,noun,B1,ɹɪˈfɫɛkʃən,ɹɪflˈɛkʃən
refreshments,noun,B1,ɹəˈfɹɛʃmənts,ɹɪfɹˈɛʃmənts
refund,noun,B1,ˈɹiˌfənd,
refusal,noun,B1,ɹəfˈjuzəɫ,ɹɪfjˈuːsəl
refuse,noun,B1,ˈɹɛfˌjuz,
refuse,verb,B1,ˈɹɛfˌjuz,
regain,verb,B1,ɹɪˈɡeɪn,ɹɪɡˈeɪn
regard,verb,B1,ɹɪˈɡɑɹd,ɹɪɡˈɑːd
regarding,preposition,B1,ɹɪˈɡɑɹdɪŋ,ɹɪɡˈɑːdɪŋ
region,noun,B1,ˈɹidʒən,ɹˈiːdʒən
regional,adjective,B1,ˈɹidʒənəɫ,ɹˈiːdʒənəl
register,noun,B1,ˈɹɛdʒɪstɝ,ɹˈɛdʒɪstɐ
register,verb,B1,ˈɹɛdʒɪstɝ,ɹˈɛdʒɪstɐ
registration,noun,B1,ˌɹɛdʒɪˈstɹeɪʃən,ɹˌɛdʒɪstɹˈeɪʃən
regulation,noun,B1,ˌɹɛɡjəˈɫeɪʃən,ɹˌɛɡjuːlˈeɪʃən
reject,verb,B1,ˈɹidʒɛkt,
relate,verb,B1,ɹiˈɫeɪt,ɹɪlˈeɪt
relation,noun,B1,ɹiˈɫeɪʃən,ɹɪlˈeɪʃən
relationship,noun,B1,ɹiˈɫeɪʃənˌʃɪp,ɹɪlˈeɪʃənʃˌɪp
relative,adjective,B1,ˈɹɛɫətɪv,ɹˈɛlətˌɪv
relative,noun,B1,ˈɹɛɫətɪv,ɹˈɛlətˌɪv
relatively,adverb,B1,ˈɹɛɫətɪvɫi,ɹˈɛlətˌɪvli
relaxing,adjective,B1,ɹiˈɫæksɪŋ,ɹɪlˈæksɪŋ
release,verb,B1,ɹiˈɫis,
reliable,adjective,B1,ɹiˈɫaɪəbəɫ,ɹɪlˈaɪəbəl
religion,noun,B1,ɹiˈɫɪdʒən,ɹɪlˈɪdʒən
religious,adjective,B1,ɹiˈɫɪdʒəs,ɹɪlˈɪdʒəs
rely,verb,B1,ɹiˈɫaɪ,ɹɪlˈaɪ
remainder,noun,B1,ɹiˈmeɪndɝ,ɹɪmˈeɪndɐ
remark,verb,B1,ɹiˈmɑɹk,
remarkable,adjective,B1,ɹiˈmɑɹkəbəɫ,ɹɪmˈɑːkəbəl
remedy,noun,B1,ˈɹɛmədi,ɹˈɛmədˌi
remembrance,noun,B1,ɹiˈmɛmbɹəns,ɹɪmˈɛmbɹəns
remote control,noun,B1,ɹiˈmoʊt kənˈtɹoʊɫ,ɹɪmˈəʊt kəntɹˈəʊl
remove,verb,B1,ɹiˈmuv,ɹɪmˈuːv
renew,verb,B1,ɹɪˈnu,ɹɪnjˈuː
repay,verb,B1,ɹiˈpeɪ,ɹɪpˈeɪ
repeatedly,adverb,B1,ɹɪˈpitɪdɫi,ɹɪpˈiːtɪdli
reply,verb,B1,ɹiˈpɫaɪ,ɹɪplˈaɪ
report,verb,B1,ɹiˈpɔɹt,
representative,noun,B1,ˌɹɛpɹəˈzɛnətɪv,ɹˌɛpɹɪzˈɛntətˌɪv
reproduce,verb,B1,ˌɹipɹəˈdus,ɹɪpɹədjˈuːs
republic,noun,B1,ɹiˈpəbɫək,ɹɪpˈʌblɪk
reputation,noun,B1,ˌɹɛpjəˈteɪʃən,ɹˌɛpjuːtˈeɪʃən
request,verb,B1,ɹiˈkwɛst,ɹɪkwˈɛst
require,verb,B1,ˌɹiˈkwaɪɝ,ɹɪkwˈaɪə
requirement,noun,B1,ɹɪˈkwaɪɹmənt,ɹɪkwˈaɪəmənt
rescue,noun,B1,ˈɹɛskju,ɹˈɛskjuː
rescue,verb,B1,ˈɹɛskju,ɹˈɛskjuː
researcher,noun,B1,ˈɹisɝtʃɝ,ɹɪsˈɜːtʃɐ
resemble,verb,B1,ɹiˈzɛmbəɫ,ɹɪsˈɛmbəl
reservation,noun,B1,ˌɹɛzɝˈveɪʃən,ɹˌɛzəvˈeɪʃən
reserve,noun,B1,ɹiˈzɝv,
reserve,verb,B1,ɹiˈzɝv,
resident,adjective,B1,ˈɹɛzɪdənt,ɹˈɛzɪdənt
residential,adjective,B1,ˌɹɛzɪˈdɛnʃəɫ,ɹˌɛzɪdˈɛnʃəl
resist,verb,B1,ɹiˈzɪst,ɹɪsˈɪst
resolve,verb,B1,ɹiˈzɑɫv,
resort,noun,B1,ɹiˈsɔɹt,
resource,noun,B1,ˈɹisɔɹs,ɹɪzˈɔːs
respect,noun,B1,ɹiˈspɛkt,ɹɪspˈɛkt
respect,verb,B1,ɹiˈspɛkt,ɹɪspˈɛkt
respectable,adjective,B1,ɹiˈspɛktəbəɫ,ɹɪspˈɛktəbəl
respond,verb,B1,ɹiˈspɑnd,ɹɪspˈɒnd
responsibility,noun,B1,ɹiˌspɑnsəˈbɪɫəti,ɹɪspˌɒnsəbˈɪlɪti
responsible,adjective,B1,ɹiˈspɑnsəbəɫ,ɹɪspˈɒnsəbəl
rest,noun,B1,ˈɹɛst,ɹˈɛst
rest,verb,B1,ˈɹɛst,ɹˈɛst
restore,verb,B1,ɹɪˈstɔɹ,
restrict,verb,B1,ɹiˈstɹɪkt,ɹɪstɹˈɪkt
result,verb,B1,ɹiˈzəɫt,ɹɪzˈʌlt
retail,noun,B1,ˈɹiˌteɪɫ,ɹˈiːteɪl
retain,verb,B1,ɹiˈteɪn,ɹɪtˈeɪn
retell,verb,B1,ɹiˈtɛɫ,ɹɪtˈɛl
retrospect,noun,B1,ˈɹɛtɹəˌspɛkt,ɹˌɛtɹəʊspˈɛkt
reunification,noun,B1,ɹiˌunəfəˈkeɪʃən,ɹˌiːjˌuːnɪfɪkˈeɪʃən
reunify,verb,B1,ɹiˈunəˌfaɪ,ɹˌiːjˈuːnɪfˌaɪ
revise,verb,B1,ɹiˈvaɪz,ɹɪvˈaɪz
revision,noun,B1,ɹiˈvɪʒən,ɹɪvˈɪʒən
reward,noun,B1,ɹiˈwɔɹd,ɹɪwˈɔːd
rewrite,verb,B1,ˈɹiˌɹaɪt,
rid,verb,B1,ˈɹɪd,ɹˈɪd
riddle,verb,B1,ˈɹɪdəɫ,ɹˈɪdəl
ridiculous,adjective,B1,ɹɪˈdɪkjəɫəs,ɹɪdˈɪkjʊləs
ripe,adjective,B1,ˈɹaɪp,ɹˈaɪp
rise,noun,B1,ˈɹaɪz,ɹˈaɪz
rise,verb,B1,ˈɹaɪz,ɹˈaɪz
risk,noun,B1,ˈɹɪsk,ɹˈɪsk
roadside,noun,B1,ˈɹoʊdˌsaɪd,ɹˈəʊdsaɪd
robot,noun,B1,ˈɹoʊˌbɑt,ɹˈəʊbɒt
rolling,adjective,B1,ˈɹoʊɫɪŋ,ɹˈəʊlɪŋ
room,verb,B1,ˈɹum,ɹˈuːm
rotten,adjective,B1,ˈɹɑtən,ɹˈɒtən
rough,adjective,B1,ˈɹəf,ɹˈʌf
round,adjective,B1,ˈɹaʊnd,ɹˈaʊnd
round,noun,B1,ˈɹaʊnd,ɹˈaʊnd
routine,noun,B1,ɹuˈtin,
rubber,noun,B1,ˈɹəbɝ,ɹˈʌbɐ
rubbish,noun,B1,ˈɹəbɪʃ,ɹˈʌbɪʃ
rudely,adverb,B1,ˈɹudɫi,ɹˈuːdli
ruin,noun,B1,ˈɹuən,ɹˈuːɪn
runaway,noun,B1,ˈɹənəˌweɪ,ɹˈʌnəwˌeɪ
runway,noun,B1,ˈɹənˌweɪ,ɹˈʌnweɪ
rush,verb,B1,ˈɹəʃ,ɹˈʌʃ
sacred,adjective,B1,ˈseɪkɹəd,sˈeɪkɹəd
sadness,noun,B1,ˈsædnəs,sˈædnəs
safari,noun,B1,səˈfɑɹi,sɐfˈɑːɹi
safeguard,noun,B1,ˈseɪfˌɡɑɹd,sˈeɪfɡɑːd
safely,adverb,B1,ˈseɪfɫi,sˈeɪfli
safety,noun,B1,ˈseɪfti,sˈeɪfti
salesman,noun,B1,ˈseɪɫzmən,sˈeɪlzmən
salmon,noun,B1,ˈsæmən,sˈæmən
sand,noun,B1,ˈsænd,sˈænd
sandal,noun,B1,ˈsændəɫ,sˈændəl
satellite,noun,B1,ˈsætəˌɫaɪt,sˈætəlˌaɪt
satisfaction,noun,B1,ˌsætəsˈfækʃən,sˌætɪsfˈækʃən
satisfied,adjective,B1,ˈsætəsˌfaɪd,sˈætɪsfˌaɪd
saucepan,noun,B1,ˈsɔˌspæn,sˈɔːspən
saucer,noun,B1,ˈsɔsɝ,sˈɔːsɐ
scan,noun,B1,ˈskæn,skˈæn
scare,verb,B1,ˈskɛɹ,skˈeə
scared,adjective,B1,ˈskɛɹd,skˈeəd
scary,adjective,B1,ˈskɛɹi,skˈeəɹi
scatter,verb,B1,ˈskætɝ,skˈætɐ
scenic,adjective,B1,ˈsinɪk,sˈiːnɪk
scholar,noun,B1,ˈskɑɫɝ,skˈɒlɐ
scholarship,noun,B1,ˈskɑɫɝˌʃɪp,skˈɒləʃˌɪp
schoolmate,noun,B1,ˈskuɫˌmeɪt,skˈuːlmeɪt
schoolteacher,noun,B1,ˈskuɫˌtitʃɝ,skˈuːltiːtʃɐ
science fiction,noun,B1,ˈsaɪəns ˈfɪkʃən,sˈaɪəns fˈɪkʃən
scold,verb,B1,ˈskoʊɫd,skˈəʊld
scope,noun,B1,ˈskoʊp,skˈəʊp
score,noun,B1,ˈskɔɹ,skˈɔː
score,verb,B1,ˈskɔɹ,skˈɔː
scratch,noun,B1,ˈskɹætʃ,skɹˈætʃ
scream,verb,B1,ˈskɹim,skɹˈiːm
sculpture,noun,B1,ˈskəɫptʃɝ,skˈʌlptʃɐ
search,verb,B1,ˈsɝtʃ,sˈɜːtʃ
season,noun,B1,ˈsizən,sˈiːzən
seawater,noun,B1,ˈsiˌwɑtɝ,sˈiːwɔːtɐ
seaweed,noun,B1,ˈsiˌwid,sˈiːwiːd
second,adverb,B1,ˈsɛkənd,
second-hand,adjective,B1,,
second-hand,adverb,B1,,
secondary school,noun,B1,ˈsɛkənˌdɛɹi ˈskuɫ,sˈɛkəndəɹi skˈuːl
secret,adjective,B1,ˈsikɹət,
secretly,adverb,B1,ˈsikɹɪtɫi,sˈiːkɹətli
secure,adjective,B1,sɪkˈjʊɹ,sɪkjˈɔː
security,noun,B1,sɪkˈjʊɹəti,sɪkjˈɔːɹɪti
seize,verb,B1,ˈsiz,sˈiːz
select,adjective,B1,səˈɫɛkt,sɪlˈɛkt
selection,noun,B1,səˈɫɛkʃən,sɪlˈɛkʃən
self-service,adjective,B1,,
selfish,adjective,B1,ˈsɛɫfɪʃ,sˈɛlfɪʃ
sensation,noun,B1,sɛnˈseɪʃən,sɛnsˈeɪʃən
separation,noun,B1,ˌsɛpɝˈeɪʃən,sˌɛpəɹˈeɪʃən
sequence,noun,B1,ˈsikwəns,sˈiːkwəns
series,noun,B1,ˈsɪɹiz,sˈiəɹiz
serious,adjective,B1,ˈsɪɹiəs,sˈiəɹɪəs
server,noun,B1,ˈsɝvɝ,sˈɜːvɐ
service,noun,B1,ˈsɝvəs,sˈɜːvɪs
service,verb,B1,ˈsɝvəs,sˈɜːvɪs
session,noun,B1,ˈsɛʃən,sˈɛʃən
setting,noun,B1,ˈsɛtɪŋ,sˈɛtɪŋ
settle,verb,B1,ˈsɛtəɫ,sˈɛtəl
settlement,noun,B1,ˈsɛtəɫmənt,sˈɛtəlmənt
settler,noun,B1,ˈsɛtəɫɝ,sˈɛtlɐ
severe,adjective,B1,səˈvɪɹ,sɪvˈiə
severely,adverb,B1,səˈvɪɹɫi,sɪvˈiəli
sex,noun,B1,ˈsɛks,sˈɛks
shadow,verb,B1,ˈʃæˌdoʊ,ʃˈædəʊ
shadowy,adjective,B1,ˈʃædoʊi,ʃˈædəʊi
shake,verb,B1,ˈʃeɪk,ʃˈeɪk
shallow,adjective,B1,ˈʃæɫoʊ,ʃˈæləʊ
shame,noun,B1,ˈʃeɪm,ʃˈeɪm
shameful,adjective,B1,ˈʃeɪmfəɫ,ʃˈeɪmfəl
shape,verb,B1,ˈʃeɪp,ʃˈeɪp
sharp,adjective,B1,ˈʃɑɹp,ʃˈɑːp
shave,verb,B1,ˈʃeɪv,ʃˈeɪv
sheer,adjective,B1,ˈʃɪɹ,ʃˈiə
sheet,noun,B1,ˈʃit,ʃˈiːt
shelter,noun,B1,ˈʃɛɫtɝ,ʃˈɛltɐ
sheriff,noun,B1,ˈʃɛɹəf,ʃˈɛɹɪf
shift,verb,B1,ˈʃɪft,ʃˈɪft
shiny,adjective,B1,ˈʃaɪni,ʃˈaɪni
ship,verb,B1,ˈʃɪp,ʃˈɪp
shiver,verb,B1,ˈʃɪvɝ,ʃˈɪvɐ
shocked,adjective,B1,ˈʃɑkt,ʃˈɒkt
shocking,adjective,B1,ˈʃɑkɪŋ,ʃˈɒkɪŋ
shop,verb,B1,ˈʃɑp,ʃˈɒp
shopper,noun,B1,ˈʃɑpɝ,ʃˈɒpɐ
shortage,noun,B1,ˈʃɔɹtədʒ,ʃˈɔːtɪdʒ
shortly,adverb,B1,ˈʃɔɹtɫi,ʃˈɔːtli
shout,verb,B1,ˈʃaʊt,ʃˈaʊt
shrimp,noun,B1,ˈʃɹɪmp,ʃɹˈɪmp
shut,adjective,B1,ˈʃət,ʃˈʌt
sickness,noun,B1,ˈsɪknəs,sˈɪknəs
sidewalk,noun,B1,ˈsaɪdˌwɔk,sˈaɪdwɔːk
sigh,noun,B1,ˈsaɪ,sˈaɪ
sign,verb,B1,ˈsaɪn,sˈaɪn
signal,noun,B1,ˈsɪɡnəɫ,sˈɪɡnəl
signature,noun,B1,ˈsɪɡnətʃɝ,sˈɪɡnɪtʃɐ
significance,noun,B1,səɡˈnɪfɪkəns,sɪɡnˈɪfɪkəns
signpost,noun,B1,ˈsaɪnˌpoʊst,sˈaɪnpəʊst
silent,adjective,B1,ˈsaɪɫənt,sˈaɪlənt
silk,noun,B1,ˈsɪɫk,sˈɪlk
similarity,noun,B1,ˌsɪməˈɫɛɹəti,sˌɪmɪlˈæɹɪti
similarly,adverb,B1,ˈsɪməɫɝɫi,sˈɪmɪləli
simplify,verb,B1,ˈsɪmpɫəˌfaɪ,sˈɪmplɪfˌaɪ
simultaneously,adverb,B1,ˌsaɪməɫˈteɪniəsɫi,sˌɪməltˈeɪniəsli
since,conjunction,B1,ˈsɪns,sˈɪns
single,noun,B1,ˈsɪŋɡəɫ,sˈɪŋɡəl
sink,verb,B1,ˈsɪŋk,sˈɪŋk
skate,verb,B1,ˈskeɪt,skˈeɪt
skeleton,noun,B1,ˈskɛɫətən,skˈɛlɪtən
ski,verb,B1,ˈski,skˈiː
skin,noun,B1,ˈskɪn,skˈɪn
skyscraper,noun,B1,ˈskaɪsˌkɹeɪpɝ,skˈaɪskɹeɪpɐ
slavery,noun,B1,ˈsɫeɪvɝi,slˈeɪvəɹi
sleep,noun,B1,ˈsɫip,slˈiːp
sleeve,noun,B1,ˈsɫiv,slˈiːv
slight,noun,B1,ˈsɫaɪt,slˈaɪt
slightly,adverb,B1,ˈsɫaɪtɫi,slˈaɪtli
slip,noun,B1,ˈsɫɪp,slˈɪp
slip,verb,B1,ˈsɫɪp,slˈɪp
slogan,noun,B1,ˈsɫoʊɡən,slˈəʊɡən
slope,noun,B1,ˈsɫoʊp,slˈəʊp
slot,noun,B1,ˈsɫɑt,slˈɒt
slow,adverb,B1,ˈsɫoʊ,slˈəʊ
slow,verb,B1,ˈsɫoʊ,slˈəʊ
smell,verb,B1,ˈsmɛɫ,smˈɛl
smile,verb,B1,ˈsmaɪɫ,smˈaɪl
smoker,noun,B1,ˈsmoʊkɝ,smˈəʊkɐ
sneeze,noun,B1,ˈsniz,snˈiːz
snowboard,noun,B1,ˈsnoʊˌbɔɹd,snˈəʊbɔːd
snowstorm,noun,B1,ˈsnoʊˌstɔɹm,snˈəʊstɔːm
soap opera,noun,B1,ˈsoʊp ˈɑpɹə,sˈəʊp ˈɒpəɹɐ
social networking,noun,B1,ˈsoʊʃəɫ ˈnɛtˌwɝkɪŋ,sˈəʊʃəl nˈɛtwɜːkɪŋ
socially,adverb,B1,ˈsoʊʃəɫi,sˈəʊʃəlˌi
soil,verb,B1,ˈsɔɪɫ,sˈɔɪl
solid,adjective,B1,ˈsɑɫəd,sˈɒlɪd
somehow,adverb,B1,ˈsəmˌhaʊ,sˈʌmhaʊ
someplace,adverb,B1,ˈsəmˌpɫeɪs,sˈʌmpleɪs
sometime,adverb,B1,ˈsəmˌtaɪm,sˈʌmtaɪm
sometimes,adverb,B1,ˈsəmˌtaɪmz,sˈʌmtaɪmz
soothe,verb,B1,ˈsuð,sˈuːð
sophomore,noun,B1,ˈsɑfˌmɔɹ,sˈɒfəmˌɔː
sore,adjective,B1,ˈsɔɹ,sˈɔː
sorrow,noun,B1,ˈsɑɹoʊ,sˈɒɹəʊ
sort,noun,B1,ˈsɔɹt,sˈɔːt
soul,noun,B1,ˈsoʊɫ,sˈəʊl
sour,adjective,B1,ˈsaʊɝ,sˈaʊə
southeast,adjective,B1,ˌsaʊˈθist,sˈaʊθiːst
southeast,noun,B1,ˌsaʊˈθist,sˈaʊθiːst
southern,adjective,B1,ˈsəðɝn,sˈʌðən
southwest,adjective,B1,ˌsaʊθˈwɛst,saʊθwˈɛst
southwest,noun,B1,ˌsaʊθˈwɛst,saʊθwˈɛst
souvenir,noun,B1,ˌsuvəˈnɪɹ,sˌuːvənˈiə
sparkle,noun,B1,ˈspɑɹkəɫ,spˈɑːkəl
specialist,noun,B1,ˈspɛʃəɫəst,spˈɛʃəlˌɪst
specialize,verb,B1,ˈspɛʃəˌɫaɪz,
specially,adverb,B1,ˈspɛʃəɫi,spˈɛʃəlˌi
spectacular,adjective,B1,spɛkˈtækjəɫɝ,spɛktˈækjʊlɐ
spectator,noun,B1,ˈspɛkteɪtɝ,spɛktˈeɪtɐ
speed,verb,B1,ˈspid,spˈiːd
spelling,noun,B1,ˈspɛɫɪŋ,spˈɛlɪŋ
sphere,noun,B1,ˈsfɪɹ,sfˈiə
spice,noun,B1,ˈspaɪs,spˈaɪs
spicy,adjective,B1,ˈspaɪsi,spˈaɪsi
spider,noun,B1,ˈspaɪdɝ,spˈaɪdɐ
spinach,noun,B1,ˈspɪnətʃ,spˈɪnɪtʃ
spiral,adjective,B1,ˈspaɪɹəɫ,spˈaɪəɹəl
spirit,noun,B1,ˈspɪɹət,spˈɪɹɪt
spiritual,adjective,B1,ˈspɪɹɪˌtʃuəɫ,spˈɪɹɪtʃˌuːəl
split,noun,B1,ˈspɫɪt,splˈɪt
spoil,verb,B1,ˈspɔɪɫ,spˈɔɪl
sponge,noun,B1,ˈspəndʒ,spˈʌndʒ
sponsor,noun,B1,ˈspɑnsɝ,spˈɒnsɐ
sports,adjective,B1,ˈspɔɹts,spˈɔːts
sportsmanship,noun,B1,ˈspɔɹtsmənˌʃɪp,spˈɔːtsmənʃˌɪp
stable,adjective,B1,ˈsteɪbəɫ,stˈeɪbəl
stall,noun,B1,ˈstɔɫ,stˈɔːl
standard,noun,B1,ˈstændɝd,stˈændəd
star,verb,B1,ˈstɑɹ,stˈɑː
stare,verb,B1,ˈstɛɹ,stˈeə
status,noun,B1,ˈstætəs,stˈeɪtəs
stay,noun,B1,ˈsteɪ,stˈeɪ
steadily,adverb,B1,ˈstɛdəɫi,stˈɛdɪli
steady,adjective,B1,ˈstɛdi,stˈɛdi
steam,noun,B1,ˈstim,stˈiːm
steel,noun,B1,ˈstiɫ,stˈiːl
steep,adjective,B1,ˈstip,stˈiːp
stem,verb,B1,ˈstɛm,stˈɛm
stick,verb,B1,ˈstɪk,stˈɪk
sticker,noun,B1,ˈstɪkɝ,stˈɪkɐ
sticky,adjective,B1,ˈstɪki,stˈɪki
stir,verb,B1,ˈstɝ,stˈɜː
storage,noun,B1,ˈstɔɹədʒ,stˈɔːɹɪdʒ
stormy,adjective,B1,ˈstɔɹmi,stˈɔːmi
storyteller,noun,B1,ˈstɔɹiˌtɛɫɝ,stˈɔːɹɪtˌɛlɐ
strain,noun,B1,ˈstɹeɪn,stɹˈeɪn
strangely,adverb,B1,ˈstɹeɪndʒɫi,stɹˈeɪndʒli
strategic,adjective,B1,stɹəˈtidʒɪk,stɹətˈiːdʒɪk
straw,noun,B1,ˈstɹɔ,stɹˈɔː
strawberry,noun,B1,ˈstɹɔˌbɛɹi,stɹˈɔːbəɹi
stream,noun,B1,ˈstɹim,stɹˈiːm
stream,verb,B1,ˈstɹim,stɹˈiːm
strengthen,verb,B1,ˈstɹɛŋθən,stɹˈɛŋθən
stress,noun,B1,ˈstɹɛs,stɹˈɛs
stressed,adjective,B1,ˈstɹɛst,stɹˈɛst
stressful,adjective,B1,ˈstɹɛsfəɫ,stɹˈɛsfəl
stretch,verb,B1,ˈstɹɛtʃ,stɹˈɛtʃ
stricken,adjective,B1,ˈstɹɪkən,stɹˈɪkən
strike,verb,B1,ˈstɹaɪk,stɹˈaɪk
strip,noun,B1,ˈstɹɪp,stɹˈɪp
stripe,noun,B1,ˈstɹaɪp,stɹˈaɪp
struggle,noun,B1,ˈstɹəɡəɫ,stɹˈʌɡəl
stubborn,adjective,B1,ˈstəbɝn,stˈʌbən
stuck,adjective,B1,ˈstək,stˈʌk
studio,noun,B1,ˈstudiˌoʊ,stjˈuːdɪˌəʊ
stuffed,adjective,B1,ˈstəft,stˈʌft
stumble,verb,B1,ˈstəmbəɫ,stˈʌmbəl
stun,verb,B1,ˈstən,stˈʌn
stunning,adjective,B1,ˈstənɪŋ,stˈʌnɪŋ
stupid,adjective,B1,ˈstupəd,stjˈuːpɪd
stylish,adjective,B1,ˈstaɪɫɪʃ,stˈaɪlɪʃ
subconscious,adjective,B1,səbˈkɑnʃəs,sʌbkˈɒnʃəs
submarine,noun,B1,ˈsəbmɝˌin,sˈʌbməɹˌiːn
substantial,adjective,B1,səbˈstænʃəɫ,səbstˈænʃəl
substitute,noun,B1,ˈsəbstəˌtut,sˈʌbstɪtjˌuːt
suddenly,adverb,B1,ˈsədənɫi,sˈʌdənli
suffer,verb,B1,ˈsəfɝ,sˈʌfɐ
sufficient,adjective,B1,səˈfɪʃənt,səfˈɪʃənt
suffix,noun,B1,ˈsəfɪks,sˈʌfɪks
suicide,noun,B1,ˈsuəˌsaɪd,sˈuːɪsˌaɪd
summarize,verb,B1,ˈsəmɝˌaɪz,
summit,noun,B1,ˈsəmət,sˈʌmɪt
sunbathe,verb,B1,ˈsənˌbeɪð,sˈʌnbeɪð
sundial,noun,B1,ˈsənˌdaɪɫ,sˈʌndaɪəl
sunrise,noun,B1,ˈsənˌɹaɪz,sˈʌnɹaɪz
sunset,noun,B1,ˈsənˌsɛt,sˈʌnsɛt
superior,adjective,B1,suˈpɪɹiɝ,suːpˈiəɹɪɐ
superstition,noun,B1,ˌsupɝˈstɪʃən,sˈuːpəstˈɪʃən
supply,noun,B1,səˈpɫaɪ,
support,verb,B1,səˈpɔɹt,səpˈɔːt
supporter,noun,B1,səˈpɔɹtɝ,səpˈɔːtɐ
supportive,adjective,B1,səˈpɔɹtɪv,səpˈɔːtɪv
suppose,verb,B1,səˈpoʊz,sʌpˈəʊz
supposedly,adverb,B1,səˈpoʊzədɫi,sʌpˈəʊzɪdli
surely,adverb,B1,ˈʃʊɹɫi,ʃˈɔːli
surface,noun,B1,ˈsɝfəs,sˈɜːfɪs
surgeon,noun,B1,ˈsɝdʒən,sˈɜːdʒən
surgery,noun,B1,ˈsɝdʒɝi,sˈɜːdʒəɹi
surprise,verb,B1,səˈpɹaɪz,səpɹˈaɪz
surprisingly,adverb,B1,səˈpɹaɪzɪŋɫi,səpɹˈaɪzɪŋli
surround,verb,B1,sɝˈaʊnd,səɹˈaʊnd
surrounding,adjective,B1,sɝˈaʊndɪŋ,səɹˈaʊndɪŋ
survival,noun,B1,sɝˈvaɪvəɫ,səvˈaɪvəl
survivor,noun,B1,sɝˈvaɪvɝ,səvˈaɪvɐ
suspect,noun,B1,ˈsəsˌpɛkt,
suspicion,noun,B1,səˈspɪʃən,səspˈɪʃən
swarm,noun,B1,ˈswɔɹm,swˈɔːm
swear,verb,B1,ˈswɛɹ,swˈeə
sweat,noun,B1,ˈswɛt,swˈɛt
sweatshirt,noun,B1,ˈswɛtˌʃɝt,swˈɛtʃɜːt
swell,verb,B1,ˈswɛɫ,swˈɛl
swimmer,noun,B1,ˈswɪmɝ,swˈɪmɐ
switch,noun,B1,ˈswɪtʃ,swˈɪtʃ
switch,verb,B1,ˈswɪtʃ,swˈɪtʃ
swollen,adjective,B1,ˈswoʊɫən,swˈəʊlən
sword,noun,B1,ˈsɔɹd,sˈɔːd
sympathy,noun,B1,ˈsɪmpəθi,sˈɪmpəθi
symptom,noun,B1,ˈsɪmptəm,sˈɪmptəm
syndrome,noun,B1,ˈsɪnˌdɹoʊm,sˈɪndɹəʊm
systematic,adjective,B1,ˌsɪstəˈmætɪk,sˌɪstəmˈætɪk
tablet,noun,B1,ˈtæbɫət,tˈæblət
take,noun,B1,ˈteɪk,tˈeɪk
takeaway,noun,B1,ˈteɪkəˌweɪ,tˈeɪkəwˌeɪ
takeoff,noun,B1,ˈteɪˌkɔf,tˈeɪkɒf
tale,noun,B1,ˈteɪɫ,tˈeɪl
talented,adjective,B1,ˈtæɫəntɪd,tˈæləntɪd
talk,noun,B1,ˈtɔk,tˈɔːk
talkative,adjective,B1,ˈtɔkətɪv,tˈɔːkətˌɪv
tank,noun,B1,ˈtæŋk,tˈæŋk
tape,verb,B1,ˈteɪp,tˈeɪp
taste,noun,B1,ˈteɪst,tˈeɪst
taste,verb,B1,ˈteɪst,tˈeɪst
tasteless,adjective,B1,ˈteɪstɫəs,tˈeɪstləs
tasty,adjective,B1,ˈteɪsti,tˈeɪsti
tax,noun,B1,ˈtæks,tˈæks
teaching,noun,B1,ˈtitʃɪŋ,tˈiːtʃɪŋ
teammate,noun,B1,ˈtiˌmeɪt,tˈiːmeɪt
teamwork,noun,B1,ˈtimˌwɝk,tˈiːmwɜːk
tear,verb,B1,ˈtɛɹ,
tease,noun,B1,ˈtiz,tˈiːz
technique,noun,B1,tɛkˈnik,tɛknˈiːk
technological,adjective,B1,ˌtɛknəˈɫɑdʒɪkəɫ,tˌɛknəlˈɒdʒɪkəl
teen,noun,B1,ˈtin,tˈiːn
telecommunications,noun,B1,ˌtɛɫəkəmˌjunəˈkeɪʃənz,tˌɛlɪkəmjˌuːnɪkˈeɪʃənz
telegram,noun,B1,ˈtɛɫəˌɡɹæm,tˈɛlɪɡɹˌæm
teller,noun,B1,ˈtɛɫɝ,tˈɛlɐ
temper,noun,B1,ˈtɛmpɝ,tˈɛmpɐ
temporary,adjective,B1,ˈtɛmpɝˌɛɹi,tˈɛmpɹəɹˌi
tempt,verb,B1,ˈtɛmpt,tˈɛmpt
tend,verb,B1,ˈtɛnd,tˈɛnd
tendency,noun,B1,ˈtɛndənsi,tˈɛndənsi
tense,adjective,B1,ˈtɛns,tˈɛns
tense,noun,B1,ˈtɛns,tˈɛns
tension,noun,B1,ˈtɛnʃən,tˈɛnʃən
tent,noun,B1,ˈtɛnt,tˈɛnt
term,noun,B1,ˈtɝm,tˈɜːm
terminal,noun,B1,ˈtɝmənəɫ,tˈɜːmɪnəl
terribly,adverb,B1,ˈtɛɹəbɫi,tˈɛɹəbli
terrific,adjective,B1,tɝˈɪfɪk,təɹˈɪfɪk
terrified,adjective,B1,ˈtɛɹəˌfaɪd,tˈɛɹɪfˌaɪd
terror,noun,B1,ˈtɛɹɝ,tˈɛɹɐ
terrorism,noun,B1,ˈtɛɹɝˌɪzəm,tˈɛɹəɹˌɪzəm
terrorist,noun,B1,ˈtɛɹɝɪst,tˈɛɹəɹˌɪst
thankful,adjective,B1,ˈθæŋkfəɫ,θˈæŋkfəl
theft,noun,B1,ˈθɛft,θˈɛft
theory,noun,B1,ˈθiɝi,θˈiəɹi
thirst,verb,B1,ˈθɝst,θˈɜːst
thorough,adjective,B1,ˈθɝoʊ,θˈʌɹɐ
threat,noun,B1,ˈθɹɛt,θɹˈɛt
threatening,adjective,B1,ˈθɹɛtənɪŋ,θɹˈɛtənɪŋ
thriller,noun,B1,ˈθɹɪɫɝ,θɹˈɪlɐ
through,adverb,B1,ˈθɹu,θɹˈuː
throughout,preposition,B1,θɹuˈaʊt,θɹuːˈaʊt
thumb,noun,B1,ˈθəm,θˈʌm
thump,verb,B1,ˈθəmp,θˈʌmp
thunder,noun,B1,ˈθəndɝ,θˈʌndɐ
thunderous,adjective,B1,ˈθəndɝəs,θˈʌndəɹəs
thus,adverb,B1,ˈðəs,ðˈʌs
tick,noun,B1,ˈtɪk,tˈɪk
tick,verb,B1,ˈtɪk,tˈɪk
tide,noun,B1,ˈtaɪd,tˈaɪd
tie,verb,B1,ˈtaɪ,tˈaɪ
tighten,verb,B1,ˈtaɪtən,tˈaɪtən
tightly,adverb,B1,ˈtaɪtɫi,tˈaɪtli
tile,noun,B1,ˈtaɪɫ,tˈaɪl
till,conjunction,B1,ˈtɪɫ,tˈɪl
timely,adjective,B1,ˈtaɪmɫi,tˈaɪmli
tin,noun,B1,ˈtɪn,tˈɪn
tiny,adjective,B1,ˈtaɪni,tˈaɪni
tire,verb,B1,ˈtaɪɝ,tˈaɪə
tiring,adjective,B1,ˈtaɪɹɪŋ,tˈaɪəɹɪŋ
tissue,noun,B1,ˈtɪsˌju,tˈɪʃuː
tobacco,noun,B1,təˈbæˌkoʊ,təbˈækəʊ
tongue,noun,B1,ˈtəŋ,tˈʌŋ
toothpaste,noun,B1,ˈtuθˌpeɪst,tˈuːθpeɪst
top,adjective,B1,ˈtɑp,tˈɒp
tornado,noun,B1,tɔɹˈneɪˌdoʊ,tɔːnˈeɪdəʊ
toss,verb,B1,ˈtɔs,tˈɒs
total,adjective,B1,ˈtoʊtəɫ,tˈəʊtəl
total,noun,B1,ˈtoʊtəɫ,tˈəʊtəl
totally,adverb,B1,ˈtoʊtəɫi,tˈəʊtəli
touch,verb,B1,ˈtətʃ,tˈʌtʃ
tour,verb,B1,ˈtʊɹ,tˈɔː
tourism,noun,B1,ˈtʊˌɹɪzəm,tˈɔːɹɪzəm
tournament,noun,B1,ˈtʊɹnəmənt,tˈɔːnəmənt
trace,noun,B1,ˈtɹeɪs,tɹˈeɪs
tracksuit,noun,B1,,tɹˈæksuːt
traditionally,adverb,B1,tɹəˈdɪʃənəɫi,tɹɐdˈɪʃənəli
traffic jam,noun,B1,ˈtɹæfɪk ˈdʒæm,tɹˈæfɪk dʒˈæm
tragedy,noun,B1,ˈtɹædʒədi,tɹˈædʒədi
tragic,adjective,B1,ˈtɹædʒɪk,tɹˈædʒɪk
trail,noun,B1,ˈtɹeɪɫ,tɹˈeɪl
transfer,verb,B1,ˈtɹænsfɝ,
transform,verb,B1,ˈtɹænsfɔɹm,
transformation,noun,B1,ˌtɹænsfɝˈmeɪʃən,tɹænsfɔːmˈeɪʃən
transitional,adjective,B1,tɹænˈsɪʃənəɫ,tɹænsˈɪʃənəl
translate,verb,B1,tɹænˈsɫeɪt,tɹænslˈeɪt
transport,noun,B1,ˈtɹænspɔɹt,
transportation,noun,B1,ˌtɹænspɝˈteɪʃən,tɹænspɔːtˈeɪʃən
trash,noun,B1,ˈtɹæʃ,tɹˈæʃ
travel agent,noun,B1,ˈtɹævəɫ ˈeɪdʒənt,tɹˈævəl ˈeɪdʒənt
treat,noun,B1,ˈtɹit,tɹˈiːt
treatment,noun,B1,ˈtɹitmənt,tɹˈiːtmənt
tremble,verb,B1,ˈtɹɛmbəɫ,tɹˈɛmbəl
tremendous,adjective,B1,tɹəˈmɛndəs,tɹəmˈɛndəs
trend,noun,B1,ˈtɹɛnd,tɹˈɛnd
trigger,noun,B1,ˈtɹɪɡɝ,tɹˈɪɡɐ
trim,noun,B1,ˈtɹɪm,tɹˈɪm
triumph,noun,B1,ˈtɹaɪəmf,tɹˈaɪʌmf
tropical,adjective,B1,ˈtɹɑpɪkəɫ,tɹˈɒpɪkəl
trouble,verb,B1,ˈtɹəbəɫ,tɹˈʌbəl
trumpet,noun,B1,ˈtɹəmpət,tɹˈʌmpɪt
trustworthy,adjective,B1,ˈtɹəstˌwɝði,tɹˈʌstwɜːði
tumble,verb,B1,ˈtəmbəɫ,tˈʌmbəl
tuna,noun,B1,ˈtjunə,tjˈuːnɐ
turbulence,noun,B1,ˈtɝbjəɫəns,tˈɜːbjʊləns
turning,noun,B1,ˈtɝnɪŋ,tˈɜːnɪŋ
turtle,noun,B1,ˈtɝtəɫ,tˈɜːtəl
twin,noun,B1,ˈtwɪn,twˈɪn
twist,noun,B1,ˈtwɪst,twˈɪst
twist,verb,B1,ˈtwɪst,twˈɪst
type,verb,B1,ˈtaɪp,tˈaɪp
typical,adjective,B1,ˈtɪpəkəɫ,tˈɪpɪkəl
typically,adverb,B1,ˈtɪpɪkəɫi,tˈɪpɪkli
unable,adjective,B1,əˈneɪbəɫ,ʌnˈeɪbəl
unafraid,adjective,B1,ˌənəˈfɹeɪd,ʌnɐfɹˈeɪd
unbelievable,adjective,B1,ˌənbəˈɫivəbəɫ,ʌnbɪlˈiːvəbəl
uncertainty,noun,B1,ənˈsɝtənti,ʌnsˈɜːtənti
unclear,adjective,B1,ənˈkɫɪɹ,ʌnklˈiə
uncontrollable,adjective,B1,ˌənkənˈtɹoʊɫəbəɫ,ʌnkəntɹˈəʊləbəl
uncover,verb,B1,ənˈkəvɝ,ʌnkˈʌvɐ
underage,adjective,B1,ˈəndɝɪdʒ,ˌʌndəɹˈeɪdʒ
undergo,verb,B1,ˌəndɝˈɡoʊ,ˌʌndəɡˈəʊ
underline,verb,B1,ˈəndɝˌɫaɪn,
underneath,preposition,B1,ˌəndɝˈniθ,ˌʌndənˈiːθ
underpants,noun,B1,ˈəndɝˌpænts,ˌʌndəpˈɑːnts
undo,verb,B1,ənˈdu,ʌndˈuː
undress,verb,B1,ənˈdɹɛs,ʌndɹˈɛs
unemployed,adjective,B1,ˌənɛmˈpɫɔɪd,ʌnɛmplˈɔɪd
unemployment,noun,B1,ˌənɪmˈpɫɔɪmənt,ʌnɛmplˈɔɪmənt
unexpected,adjective,B1,ˌənɪkˈspɛktɪd,ˌʌnɛkspˈɛktɪd
unexpectedly,adverb,B1,ˌənɪkˈspɛktɪdɫi,ˌʌnɛkspˈɛktɪdli
unfairly,adverb,B1,ənˈfɛɹɫi,ʌnfˈeəli
unfit,adjective,B1,ənˈfɪt,ʌnfˈɪt
unfold,verb,B1,ənˈfoʊɫd,ʌnfˈəʊld
unfortunate,adjective,B1,ənˈfɔɹtʃənət,ʌnfˈɔːtʃənət
unfriendly,adjective,B1,ənˈfɹɛndɫi,ʌnfɹˈɛndli
unheard,adjective,B1,ənˈhɝd,ʌnhˈɜːd
unify,verb,B1,ˈjunəˌfaɪ,jˈuːnɪfˌaɪ
uninterested,adjective,B1,əˈnɪntɹəstɪd,ʌnˈɪntəɹəstɪd
uninteresting,adjective,B1,əˈnɪntɹəstɪŋ,ʌnˈɪntəɹəstɪŋ
union,noun,B1,ˈjunjən,jˈuːniən
unique,adjective,B1,juˈnik,juːnˈiːk
unite,verb,B1,ˈjuˌnaɪt,juːnˈaɪt
universe,noun,B1,ˈjunəˌvɝs,jˈuːnɪvˌɜːs
unless,conjunction,B1,ənˈɫɛs,ʌnlˈɛs
unlikely,adjective,B1,ənˈɫaɪkɫi,ʌnlˈaɪkli
unlucky,adjective,B1,ənˈɫəki,ʌnlˈʌki
unpack,verb,B1,ənˈpæk,ʌnpˈæk
unpredictable,adjective,B1,ˌənpɹɪˈdɪktəbəɫ,ʌnpɹɪdˈɪktəbəl
unrelated,adjective,B1,ˌənɹiˈɫeɪtɪd,ˌʌnɹɪlˈeɪtɪd
untidy,adjective,B1,ənˈtaɪdi,ʌntˈaɪdi
until,conjunction,B1,ənˈtɪɫ,ʌntˈɪl
unusually,adverb,B1,ənˈjuˌʒuəɫi,ʌnjˈuːʒuːəli
unwanted,adjective,B1,ənˈwɔntɪd,ʌnwˈɒntɪd
unwell,adjective,B1,ənˈwɛɫ,ʌnwˈɛl
up-to-date,adjective,B1,,
update,verb,B1,ˈəpˌdeɪt,
uplifted,adjective,B1,ˈəpɫɪftɪd,ʌplˈɪftɪd
upload,verb,B1,ˈəˌpɫoʊd,ˈʌpləʊd
upper,adjective,B1,ˈəpɝ,ˈʌpɐ
upstairs,adjective,B1,əpˈstɛɹz,
upstairs,noun,B1,əpˈstɛɹz,
upward,adjective,B1,ˈəpwɝd,ˈʌpwəd
urge,noun,B1,ˈɝdʒ,ˈɜːdʒ
urgent,adjective,B1,ˈɝdʒənt,ˈɜːdʒənt
usage,noun,B1,ˈjusədʒ,jˈuːsɪdʒ
used to,modal auxiliary,B1,ˈjuzd ˈtu,
useless,adjective,B1,ˈjusɫəs,jˈuːsləs
vacancy,noun,B1,ˈveɪkənsi,vˈeɪkənsi
vague,adjective,B1,ˈveɪɡ,vˈeɪɡ
vain,adjective,B1,ˈveɪn,vˈeɪn
valuable,adjective,B1,ˈvæɫjəbəɫ,vˈæljuːəbəl
van,noun,B1,ˈvæn,vˈæn
variety,noun,B1,vɝˈaɪəti,vəɹˈaɪəti
various,adjective,B1,ˈvɛɹiəs,vˈeəɹɪəs
vary,verb,B1,ˈvɛɹi,vˈeəɹi
vast,adjective,B1,ˈvæst,vˈɑːst
vegetarian,adjective,B1,ˌvɛdʒəˈtɛˌɹiən,vˌɛdʒɪtˈeəɹiən
vegetarian,noun,B1,ˌvɛdʒəˈtɛˌɹiən,vˌɛdʒɪtˈeəɹiən
vehicle,noun,B1,ˈvihɪkəɫ,vˈiəkəl
vein,noun,B1,ˈveɪn,vˈeɪn
vessel,noun,B1,ˈvɛsəɫ,vˈɛsəl
vet,noun,B1,ˈvɛt,vˈɛt
via,preposition,B1,ˈvaɪə,vˈaɪɐ
vice,adjective,B1,ˈvaɪs,
vice president,noun,B1,ˈvaɪs ˈpɹɛzəˌdɛnt,
victim,noun,B1,ˈvɪktəm,vˈɪktɪm
victory,noun,B1,ˈvɪktɝi,vˈɪktəɹˌi
video clip,noun,B1,ˈvɪdioʊ ˈkɫɪp,vˈɪdɪəʊ klˈɪp
view,verb,B1,ˈvju,vjˈuː
viewpoint,noun,B1,ˈvjuˌpɔɪnt,vjˈuːpɔɪnt
violence,noun,B1,ˈvaɪəɫəns,vˈaɪələns
violently,adverb,B1,ˈvaɪəɫəntɫi,vˈaɪələntli
virtual,adjective,B1,ˈvɝtʃuəɫ,vˈɜːtʃuːəl
virus,noun,B1,ˈvaɪɹəs,vˈaɪɹəs
visa,noun,B1,ˈvizə,vˈiːzɐ
visible,adjective,B1,ˈvɪzəbəɫ,vˈɪzəbəl
vision,noun,B1,ˈvɪʒən,vˈɪʒən
visual,adjective,B1,ˈvɪʒəwəɫ,vˈɪʒuːəl
visually,adverb,B1,ˈvɪʒwəɫi,vˈɪʒuːəli
vivid,adjective,B1,ˈvɪvəd,vˈɪvɪd
vividly,adverb,B1,ˈvɪvədɫi,vˈɪvɪdli
volcano,noun,B1,vɑɫˈkeɪnoʊ,vɒlkˈeɪnəʊ
volume,noun,B1,ˈvɑɫjum,vˈɒljuːm
volunteer,verb,B1,ˌvɑɫənˈtɪɹ,vˌɒləntˈiə
vote,verb,B1,ˈvoʊt,vˈəʊt
vowel,noun,B1,ˈvaʊəɫ,vˈaʊəl
voyage,noun,B1,ˈvɔɪədʒ,vˈɔɪɪdʒ
wagon,noun,B1,ˈwæɡən,wˈæɡən
wake,verb,B1,ˈweɪk,wˈeɪk
ward,noun,B1,ˈwɔɹd,wˈɔːd
wardrobe,noun,B1,ˈwɔɹˌdɹoʊb,wˈɔːdɹəʊb
warm,verb,B1,ˈwɔɹm,wˈɔːm
warmly,adverb,B1,ˈwɔɹmɫi,wˈɔːmli
warmth,noun,B1,ˈwɔɹmθ,wˈɔːmθ
warn,verb,B1,ˈwɔɹn,wˈɔːn
warning,noun,B1,ˈwɔɹnɪŋ,wˈɔːnɪŋ
warranty,noun,B1,ˈwɔɹənti,wˈɒɹənti
warrior,noun,B1,ˈwɔɹiɝ,wˈɒɹɪɐ
washbowl,noun,B1,,
waste,adjective,B1,ˈweɪst,wˈeɪst
waste,noun,B1,ˈweɪst,wˈeɪst
waste,verb,B1,ˈweɪst,wˈeɪst
wasteful,adjective,B1,ˈweɪstfəɫ,wˈeɪstfəl
waterfall,noun,B1,ˈwɔtɝˌfɔɫ,wˈɔːtəfˌɔːl
wave,verb,B1,ˈweɪv,wˈeɪv
wax,noun,B1,ˈwæks,wˈæks
wax,verb,B1,ˈwæks,wˈæks
weakness,noun,B1,ˈwiknəs,wˈiːknəs
weapon,noun,B1,ˈwɛpən,wˈɛpən
weather forecast,noun,B1,ˈwɛðɝ ˈfɔɹˌkæst,wˈɛðɐ fˈɔːkɑːst
webcam,noun,B1,,
weird,adjective,B1,ˈwɪɹd,wˈiəd
welcome,adjective,B1,ˈwɛɫkəm,wˈɛlkʌm
well-dressed,adjective,B1,,
westward,adverb,B1,ˈwɛstwɝd,wˈɛstwəd
wetland,noun,B1,ˈwɛtˌɫænd,wˈɛtlənd
whale,noun,B1,ˈhweɪɫ,wˈeɪl
whatever,pronoun,B1,ˌhwəˈtɛvɝ,wɒtˈɛvɐ
whenever,adverb,B1,hwɛˈnɛvɝ,wɛnˈɛvɐ
whenever,conjunction,B1,hwɛˈnɛvɝ,wɛnˈɛvɐ
wherever,conjunction,B1,hwɛˈɹɛvɝ,weəɹˈɛvɐ
whether,conjunction,B1,ˈhwɛðɝ,wˈɛðɐ
whichever,determiner,B1,hwɪˈtʃɛvɝ,wɪtʃˈɛvɐ
while,noun,B1,ˈhwaɪɫ,wˈaɪl
whisper,noun,B1,ˈhwɪspɝ,wˈɪspɐ
whistle,noun,B1,ˈhwɪsəɫ,wˈɪsəl
whoever,pronoun,B1,huˈɛvɝ,huːˈɛvɐ
whole,noun,B1,ˈhoʊɫ,hˈəʊl
widespread,adjective,B1,ˈwaɪdsˈpɹɛd,wˈaɪdspɹɛd
wildlife,noun,B1,ˈwaɪɫdˌɫaɪf,wˈaɪldlaɪf
wildly,adverb,B1,ˈwaɪɫdɫi,wˈaɪldli
willingness,noun,B1,ˈwɪɫɪŋnəs,wˈɪlɪŋnəs
windscreen,noun,B1,,wˈɪndskɹiːn
windsurfing,noun,B1,,wˈɪndsɜːfɪŋ
wing,noun,B1,ˈwɪŋ,wˈɪŋ
wire,noun,B1,ˈwaɪɝ,wˈaɪə
wither,verb,B1,ˈwɪðɝ,wˈɪðɐ
witness,verb,B1,ˈwɪtnəs,wˈɪtnəs
wizard,adjective,B1,ˈwɪzɝd,wˈɪzəd
wonder,noun,B1,ˈwəndɝ,wˈʌndɐ
working,adjective,B1,ˈwɝkɪŋ,wˈɜːkɪŋ
workout,noun,B1,ˈwɝˌkaʊt,wˈɜːkaʊt
workplace,noun,B1,ˈwɝkˌpɫeɪs,wˈɜːkpleɪs
workshop,noun,B1,ˈwɝkˌʃɑp,wˈɜːkʃɒp
worn,adjective,B1,ˈwɔɹn,wˈɔːn
worst,noun,B1,ˈwɝst,wˈɜːst
worth,adjective,B1,ˈwɝθ,wˈɜːθ
worthwhile,adjective,B1,ˈwɝθˈwaɪɫ,wˈɜːθwaɪl
worthy,adjective,B1,ˈwɝði,wˈɜːði
wound,noun,B1,ˈwaʊnd,
wrap,noun,B1,ˈɹæp,ɹˈæp
wrap,verb,B1,ˈɹæp,ɹˈæp
wrapping,noun,B1,ˈɹæpɪŋ,ɹˈæpɪŋ
wrist,noun,B1,ˈɹɪst,ɹˈɪst
wristwatch,noun,B1,ˈɹɪstˌwɑtʃ,ɹˈɪstwɒtʃ
written,adjective,B1,ˈɹɪtən,ɹˈɪtən
yell,noun,B1,ˈjɛɫ,jˈɛl
yet,conjunction,B1,ˈjɛt,jˈɛt
yoga,noun,B1,ˈjoʊɡə,jˈəʊɡɐ
abandoned,adjective,B2,əˈbændənd,ɐbˈændənd
abnormally,adverb,B2,æbˈnɔɹməɫi,ɐbnˈɔːməli
abolish,verb,B2,əˈbɑɫɪʃ,ɐbˈɒlɪʃ
aboriginal,adjective,B2,ˌæbɝˈɪdʒənəɫ,ˌæbəɹˈɪdʒɪnəl
abruptly,adverb,B2,əˈbɹəptɫi,ɐbɹˈʌptli
absentee,noun,B2,ˌæbsənˈti,ˌæbsəntˈiː
absurd,adjective,B2,əbˈsɝd,ɐbsˈɜːd
abuse,noun,B2,əbˈjus,
access,verb,B2,ˈækˌsɛs,ˈæksɛs
accessibility,noun,B2,ˌæksɛsəˈbɪɫɪti,ɐksˌɛsəbˈɪlɪti
accommodation,noun,B2,əˌkɑməˈdeɪʃən,ɐkˌɒmədˈeɪʃən
accordingly,adverb,B2,əˈkɔɹdɪŋɫi,ɐkˈɔːdɪŋli
accumulate,verb,B2,əkˈjumjəˌɫeɪt,ɐkjˈuːmjʊlˌeɪt
accusation,noun,B2,ˌækjəˈzeɪʃən,ˌækjuːzˈeɪʃən
ache,verb,B2,ˈeɪk,
achievable,adjective,B2,əˈtʃivəbəɫ,ɐtʃˈiːvəbəl
acid,noun,B2,ˈæsəd,ˈæsɪd
acquisition,noun,B2,ˌækwəˈzɪʃən,ɐkwɪsˈɪʃən
actively,adverb,B2,ˈæktɪvɫi,ˈæktɪvli
actual,adjective,B2,ˈækʃəɫ,ˈæktʃuːəl
acute,adjective,B2,əkˈjut,ɐkjˈuːt
adaptable,adjective,B2,əˈdæptəbəɫ,ɐdˈæptəbəl
addict,noun,B2,ˈæˌdɪkt,
addicted,adjective,B2,əˈdɪktɪd,ɐdˈɪktɪd
addiction,noun,B2,əˈdɪkʃən,ɐdˈɪkʃən
additionally,adverb,B2,əˈdɪʃəˌnəɫi,ɐdˈɪʃənəli
adequate,adjective,B2,ˈædəˌkweɪt,ˈædɪkwət
adequately,adverb,B2,ˈædəkwətɫi,ˈædɪkwətli
adjustment,noun,B2,əˈdʒəstmənt,ɐdʒˈʌstmənt
administrative,adjective,B2,ədˈmɪnəˌstɹeɪtɪv,ɐdmˈɪnɪstɹətˌɪv
admirable,adjective,B2,ˈædmɝəbəɫ,ˈædməɹəbəl
admiringly,adverb,B2,ædˈmaɪɹɪŋɫi,ɐdmˈaɪəɹɪŋli
admittedly,adverb,B2,ædˈmɪtɪdɫi,ɐdmˈɪtɪdli
adopted,adjective,B2,əˈdɑptɪd,ɐdˈɒptɪd
adoption,noun,B2,əˈdɑpʃən,ɐdˈɒpʃən
adore,verb,B2,əˈdɔɹ,ɐdˈɔː
adorn,verb,B2,əˈdɔɹn,ɐdˈɔːn
advance,noun,B2,ədˈvæns,ɐdvˈæns
advancement,noun,B2,ədˈvænsmənt,ɐdvˈænsmənt
advent,noun,B2,ˈædˌvɛnt,ˈædvɛnt
adventurous,adjective,B2,ædˈvɛntʃɝəs,ɐdvˈɛntʃəɹəs
adverse,adjective,B2,ˈædˌvɝs,ædvˈɜːs
adversely,adverb,B2,ædˈvɝsɫi,ædvˈɜːsli
adversity,noun,B2,ædˈvɝsɪˌti,ædvˈəsɪti
affectionate,adjective,B2,əˈfɛkʃənət,ɐfˈɛkʃənət
affectionately,adverb,B2,əˈfɛkʃənətɫi,ɐfˈɛkʃənətli
affordable,adjective,B2,əˈfɔɹdəbəɫ,ɐfˈɔːdəbəl
ageless,adjective,B2,ˈeɪdʒɫəs,ˈeɪdʒləs
aggressively,adverb,B2,əˈɡɹɛsɪvɫi,ɐɡɹˈɛsɪvli
agonize,verb,B2,ˈæɡəˌnaɪz,
agony,noun,B2,ˈæɡəni,ˈæɡəni
aim,verb,B2,ˈeɪm,ˈeɪm
aircraft,noun,B2,ˈɛɹˌkɹæft,ˈeəkɹɑːft
aircrew,noun,B2,ˈɛɹˌkɹu,ˈeəkɹuː
alcoholic,noun,B2,ˌæɫkəˈhɑɫɪk,ˌælkəhˈɒlɪk
alcoholism,noun,B2,ˈæɫkəˌhɔˌɫɪzəm,ˈælkəhˌəʊlɪzəm
alert,verb,B2,əˈɫɝt,ɐlˈɜːt
allegation,noun,B2,ˌæɫəˈɡeɪʃən,ˌælɪɡˈeɪʃən
alliance,noun,B2,əˈɫaɪəns,ɐlˈaɪəns
ally,noun,B2,ˈæɫaɪ,
alongside,preposition,B2,əˈɫɔŋˈsaɪd,ɐlˈɒŋsaɪd
alphabetical,adjective,B2,ˌæɫfəˈbɛtɪkəɫ,ˌælfəbˈɛtɪkəl
altar,noun,B2,ˈɔɫtɝ,ˈɒltɐ
alter,verb,B2,ˈɔɫtɝ,ˈɒltɐ
alternate,verb,B2,ˈɔɫtɝˌneɪt,
alternatively,adverb,B2,ɔɫˈtɝnətɪvɫi,ɔːltˈɜːnətˌɪvli
altitude,noun,B2,ˈæɫtəˌtud,ˈæltɪtjˌuːd
aluminum,noun,B2,əˈɫumənəm,
amaze,verb,B2,əˈmeɪz,ɐmˈeɪz
amazement,noun,B2,əˈmeɪzmənt,ɐmˈeɪzmənt
amazingly,adverb,B2,əˈmeɪzɪŋɫi,ɐmˈeɪzɪŋli
ambassador,noun,B2,æmˈbæsədɝ,ɐmbˈæsədɐ
ambiguity,noun,B2,ˌæmbɪɡˈjuəti,ˌæmbɪɡjˈuːɪti
ambiguous,adjective,B2,æmˈbɪɡjuəs,æmbˈɪɡjuːəs
ammonia,noun,B2,əˈmoʊnjə,æmˈəʊniə
amongst,preposition,B2,əˈməŋst,ɐmˈʌŋst
ample,adjective,B2,ˈæmpəɫ,ˈæmpəl
amplifier,noun,B2,ˈæmpɫəˌfaɪɝ,ˈæmplɪfˌaɪə
amplify,verb,B2,ˈæmpɫəˌfaɪ,ˈæmplɪfˌaɪ
amuse,verb,B2,əmˈjuz,ɐmjˈuːs
analogy,noun,B2,əˈnæɫədʒi,ɐnˈælədʒi
analyst,noun,B2,ˈænəɫɪst,ˈænɐlˌɪst
anchor,noun,B2,ˈæŋkɝ,ˈænkɐ
anchorage,noun,B2,ˈæŋkɝədʒ,ˈænkəɹɪdʒ
anchorman,noun,B2,ˈæŋkɝˌmæn,ˈænkəmən
anchorperson,noun,B2,,
anguish,noun,B2,ˈæŋɡwɪʃ,ˈæŋɡwɪʃ
animate,verb,B2,ˈænəˌmeɪt,
anonymous,adjective,B2,əˈnɑnəməs,ɐnˈɒnəməs
antiaircraft,adjective,B2,ˌæntaɪˈɛɹˌkɹæft,ˌæntɪˈeəkɹɑːft
antibacterial,adjective,B2,ˌæntibækˈtɪɹiəɫ,ˌæntɪbæktˈiəɹɪəl
anticancer,noun,B2,ˌænˌtaɪˈkænsɝ,
anticipate,verb,B2,ænˈtɪsəˌpeɪt,æntˈɪsɪpˌeɪt
anticipation,noun,B2,ænˌtɪsəˈpeɪʃən,æntˈɪsɪpˈeɪʃən
antipollution,noun,B2,,
antique,adjective,B2,ænˈtik,æntˈiːk
antistatic,adjective,B2,,
antivirus,noun,B2,ˌæntiˈvaɪɹəs,ˌæntɪvˈaɪɹəs
apostrophe,noun,B2,əˈpɑstɹəˌfi,ɐpˈɒstɹəfi
appeal,verb,B2,əˈpiɫ,ɐpˈiːl
applicant,noun,B2,ˈæpɫɪkənt,ˈæplɪkənt
appreciative,adjective,B2,əˈpɹiʃiˌeɪtɪv,ɐpɹˈiːʃiətˌɪv
approach,verb,B2,əˈpɹoʊtʃ,ɐpɹˈəʊtʃ
appropriately,adverb,B2,əˈpɹoʊpɹiɪtɫi,ɐpɹˈəʊpɹɪətli
approximate,adjective,B2,əˈpɹɑksəˌmeɪt,
arch,noun,B2,ˈɑɹtʃ,ˈɑːtʃ
archaeologist,noun,B2,ˌɑɹkiˈɑɫədʒɪst,ˌɑːkiːˈɒlədʒˌɪst
arctic,adjective,B2,ˈɑɹktɪk,ˈɑːktɪk
arena,noun,B2,ɝˈinə,ɐɹˈiːnɐ
aristocracy,noun,B2,ˌɛɹəˈstɑkɹəsi,ˌæɹɪstˈɒkɹəsi
armful,noun,B2,,ˈɑːmfəl
arouse,verb,B2,ɝˈaʊz,ɐɹˈaʊz
arrogant,adjective,B2,ˈɛɹəɡənt,ˈæɹəɡənt
artery,noun,B2,ˈɑɹtɝi,ˈɑːtəɹi
articulate,verb,B2,ɑɹˈtɪkjəˌɫeɪt,
artificially,adverb,B2,ˌɑɹtəˈfɪʃəɫi,ˌɑːtɪfˈɪʃəlˌi
artistry,noun,B2,ˈɑɹtɪstɹi,ˈɑːtɪstɹi
ash,noun,B2,ˈæʃ,ˈæʃ
aspiration,noun,B2,ˌæspɝˈeɪʃən,ˌæspəɹˈeɪʃən
aspire,verb,B2,əˈspaɪɹ,ɐspˈaɪə
assault,noun,B2,əˈsɔɫt,ɐsˈɒlt
assemble,verb,B2,əˈsɛmbəɫ,ɐsˈɛmbəl
assembly,noun,B2,əˈsɛmbɫi,ɐsˈɛmbli
assert,verb,B2,əˈsɝt,ɐsˈɜːt
assess,verb,B2,əˈsɛs,ɐsˈɛs
assessment,noun,B2,əˈsɛsmənt,ɐsˈɛsmənt
assumption,noun,B2,əˈsəmpʃən,ɐsˈʌmpʃən
assurance,noun,B2,əˈʃʊɹəns,əʃjˈɔːɹəns
assure,verb,B2,əˈʃʊɹ,əʃjˈɔː
astonish,verb,B2,əˈstɑnɪʃ,ɐstˈɒnɪʃ
astonished,adjective,B2,əˈstɑnɪʃt,ɐstˈɒnɪʃt
astonishing,adjective,B2,əˈstɑnɪʃɪŋ,ɐstˈɒnɪʃɪŋ
astonishment,noun,B2,əˈstɑnɪʃmənt,ɐstˈɒnɪʃmənt
astronomy,noun,B2,əˈstɹɑnəmi,ɐstɹˈɒnəmi
athletics,noun,B2,æθˈɫɛtɪks,æθlˈɛtɪks
attached,adjective,B2,əˈtætʃt,ɐtˈætʃt
attainable,adjective,B2,əˈteɪnəbəɫ,ɐtˈeɪnəbəl
attainment,noun,B2,əˈteɪnmənt,ɐtˈeɪnmənt
attendance,noun,B2,əˈtɛndəns,ɐtˈɛndəns
attentive,adjective,B2,əˈtɛntɪv,ɐtˈɛntɪv
attentively,adverb,B2,əˈtɛntɪvɫi,ɐtˈɛntɪvli
attractiveness,noun,B2,əˈtɹæktɪvnəs,ɐtɹˈæktɪvnəs
attribute,noun,B2,ˈætɹəbˌjut,
attribute,verb,B2,ˈætɹəbˌjut,
atypical,adjective,B2,ˌeɪˈtɪpɪkəɫ,eɪtˈɪpɪkəl
aubergine,noun,B2,ˈɔbɝˌdʒin,ˈəʊbəʒˌiːn
audit,noun,B2,ˈɔdɪt,ˈɔːdɪt
audition,noun,B2,ɑˈdɪʃən,ɔːdˈɪʃən
authoritative,adjective,B2,əˈθɔɹəˌteɪtɪv,ɔːθˈɒɹɪtətˌɪv
authorize,verb,B2,ˈɔθɝˌaɪz,
availability,noun,B2,əˌveɪɫəˈbɪɫəti,ɐvˌeɪləbˈɪlɪti
await,verb,B2,əˈweɪt,ɐwˈeɪt
awe,noun,B2,ˈɑ,ˈɔː
ax,noun,B2,ˈæks,
axis,noun,B2,ˈæksəs,ˈæksɪs
backup,noun,B2,ˈbæˌkəp,bˈækʌp
backward,adverb,B2,ˈbækwɝd,bˈækwəd
backyard,noun,B2,ˈbækˌjɑɹd,bˈækjɑːd
bad-tempered,adjective,B2,,
badge,noun,B2,ˈbædʒ,bˈædʒ
balance,verb,B2,ˈbæɫəns,bˈæləns
balanced,adjective,B2,ˈbæɫənst,bˈælənst
balky,adjective,B2,ˈbɔki,
ballad,noun,B2,ˈbæɫəd,bˈæləd
ballet,noun,B2,bæˈɫeɪ,bˈæleɪ
ballot,noun,B2,ˈbæɫət,bˈælət
ban,noun,B2,ˈbæn,bˈæn
ban,verb,B2,ˈbæn,bˈæn
banker,noun,B2,ˈbæŋkɝ,bˈæŋkɐ
bankrupt,verb,B2,ˈbæŋkɹəpt,bˈæŋkɹʌpt
bankruptcy,noun,B2,ˈbæŋkɹəpsi,bˈæŋkɹʌptsi
barbershop,noun,B2,ˈbɑɹbɝˌʃɑp,bˈɑːbəʃˌɒp
bare,verb,B2,ˈbɛɹ,bˈeə
bargain,verb,B2,ˈbɑɹɡən,bˈɑːɡɪn
bark,verb,B2,ˈbɑɹk,bˈɑːk
barley,noun,B2,ˈbɑɹɫi,bˈɑːli
barn,noun,B2,ˈbɑɹn,bˈɑːn
barometer,noun,B2,bɝˈɑmɪtɝ,bəɹˈɒmɪtɐ
barren,adjective,B2,ˈbæɹən,bˈæɹən
barrier,noun,B2,ˈbæɹiɝ,bˈæɹɪɐ
bartender,noun,B2,ˈbɑɹˌtɛndɝ,bˈɑːtɛndɐ
bathhouse,noun,B2,,bˈɑːθhaʊs
battlefield,noun,B2,ˈbætəɫˌfiɫd,bˈætəlfˌiːld
beagle,noun,B2,ˈbiɡəɫ,bˈiːɡəl
beak,noun,B2,ˈbik,bˈiːk
beam,noun,B2,ˈbim,bˈiːm
bearing,noun,B2,ˈbɛɹɪŋ,bˈeəɹɪŋ
beat,noun,B2,ˈbit,bˈiːt
beautify,verb,B2,ˈbjutɪˌfaɪ,bjˈuːtɪfˌaɪ
bellow,verb,B2,ˈbɛɫoʊ,bˈɛləʊ
belongings,noun,B2,bɪˈɫɔŋɪŋz,bɪlˈɒŋɪŋz
bend,noun,B2,ˈbɛnd,bˈɛnd
beneficial,adjective,B2,ˌbɛnəˈfɪʃəɫ,bˌɛnɪfˈɪʃəl
benefit,verb,B2,ˈbɛnəfɪt,bˈɛnɪfˌɪt
benevolence,noun,B2,bəˈnɛvəɫəns,bənˈɛvələns
benevolent,adjective,B2,bəˈnɛvəɫənt,bənˈɛvələnt
berry,noun,B2,ˈbɛɹi,bˈɛɹi
bestow,verb,B2,bɪˈstoʊ,bɪstˈəʊ
bestseller,noun,B2,ˈbɛˈsɛɫɝ,bɛstsˈɛlɐ
betray,verb,B2,bɪˈtɹeɪ,bɪtɹˈeɪ
bewilder,verb,B2,bɪˈwɪɫdɝ,bɪwˈɪldɐ
bewilderment,noun,B2,bɪˈwɪɫdɝmənt,bɪwˈɪldəmənt
bid,verb,B2,ˈbɪd,bˈɪd
bidding,noun,B2,ˈbɪdɪŋ,bˈɪdɪŋ
bikini,noun,B2,bɪˈkini,bɪkˈiːni
billion,noun,B2,ˈbɪɫjən,bˈɪliən
bind,verb,B2,ˈbaɪnd,bˈaɪnd
bio,noun,B2,ˌbaɪˈoʊ,
biological,adjective,B2,ˌbaɪəˈɫɑdʒɪkəɫ,bˌaɪəlˈɒdʒɪkəl
biotechnology,noun,B2,ˌbaɪoʊˌtɛkˈnɑɫədʒi,bˌaɪəʊtɛknˈɒlədʒi
birdcage,noun,B2,ˈbɝdkeɪdʒ,bˈɜːdkeɪdʒ
birthplace,noun,B2,ˈbɝθˌpɫeɪs,bˈɜːθpleɪs
bitterly,adverb,B2,ˈbɪtɝɫi,bˈɪtəli
bizarre,adjective,B2,bəˈzɑɹ,bɪzˈɑː
blade,noun,B2,ˈbɫeɪd,blˈeɪd
blast,noun,B2,ˈbɫæst,blˈɑːst
blast,verb,B2,ˈbɫæst,blˈɑːst
blaze,noun,B2,ˈbɫeɪz,blˈeɪz
blaze,verb,B2,ˈbɫeɪz,blˈeɪz
blend,noun,B2,ˈbɫɛnd,blˈɛnd
blindly,adverb,B2,ˈbɫaɪndɫi,blˈaɪndli
blindness,noun,B2,ˈbɫaɪndnəs,blˈaɪndnəs
blink,verb,B2,ˈbɫɪŋk,blˈɪŋk
bloodstream,noun,B2,ˈbɫədˌstɹim,blˈʌdstɹiːm
bloody,adjective,B2,ˈbɫədi,blˈʌdi
bloody,adverb,B2,ˈbɫədi,blˈʌdi
blooming,adjective,B2,ˈbɫumɪŋ,blˈuːmɪŋ
blossom,noun,B2,ˈbɫɑsəm,blˈɒsəm
blur,verb,B2,ˈbɫɝ,blˈɜː
blurt,noun,B2,ˈbɫɝt,blˈɜːt
blush,verb,B2,ˈbɫəʃ,blˈʌʃ
boiling,adjective,B2,ˈbɔɪɫɪŋ,bˈɔɪlɪŋ
bold,noun,B2,ˈboʊɫd,bˈəʊld
bolt,noun,B2,ˈboʊɫt,bˈəʊlt
bolt,verb,B2,ˈboʊɫt,bˈəʊlt
bombard,noun,B2,bɑmˈbɑɹd,bəmbˈɑːd
bomber,noun,B2,ˈbɑmɝ,bˈɒmɐ
bombing,noun,B2,ˈbɑmɪŋ,bˈɒmɪŋ
bony,adjective,B2,ˈboʊni,bˈəʊni
bookish,adjective,B2,ˈbʊkɪʃ,bˈʊkɪʃ
booklet,noun,B2,ˈbʊkɫɪt,bˈʊklət
bookmark,noun,B2,ˈbʊkmɑɹk,bˈʊkmɑːk
bookmark,verb,B2,ˈbʊkmɑɹk,bˈʊkmɑːk
boost,noun,B2,ˈbust,bˈuːst
boost,verb,B2,ˈbust,bˈuːst
booth,noun,B2,ˈbuθ,bˈuːθ
bossy,adjective,B2,ˈbɔsi,bˈɒsi
botany,noun,B2,ˈbɑtəni,bˈɒtəni
bothered,adjective,B2,ˈbɑðɝd,bˈɒðəd
bothersome,adjective,B2,ˈbɑðɝsəm,bˈɒðəsˌʌm
bottle,verb,B2,ˈbɑtəɫ,bˈɒtəl
bounce,noun,B2,ˈbaʊns,bˈaʊns
bourbon,noun,B2,ˈbɝbən,bˈɜːbən
bow,verb,B2,ˈbaʊ,
boxer,noun,B2,ˈbɑksɝ,bˈɒksɐ
bracket,noun,B2,ˈbɹækɪt,bɹˈækɪt
brag,noun,B2,ˈbɹæɡ,bɹˈæɡ
brake,verb,B2,ˈbɹeɪk,bɹˈeɪk
bravery,noun,B2,ˈbɹeɪvɝi,bɹˈeɪvəɹi
breakable,adjective,B2,ˈbɹeɪkəbəɫ,bɹˈeɪkəbəl
breakdown,noun,B2,ˈbɹeɪkˌdaʊn,bɹˈeɪkdaʊn
breakup,noun,B2,ˈbɹeɪˌkəp,bɹˈeɪkʌp
breathtaking,adjective,B2,ˈbɹɛθˌteɪkɪŋ,bɹˈɛθteɪkɪŋ
breed,noun,B2,ˈbɹid,bɹˈiːd
breezy,adjective,B2,ˈbɹizi,bɹˈiːzi
brewery,noun,B2,ˈbɹuɝi,bɹˈuːəɹi
brilliantly,adverb,B2,ˈbɹɪɫjəntɫi,bɹˈɪlɪəntli
broadband,noun,B2,ˈbɹɔdˌbænd,bɹˈɔːdbænd
broadcast,verb,B2,ˈbɹɔdˌkæst,bɹˈɔːdkɑːst
broadcaster,noun,B2,ˈbɹɔdˌkæstɝ,bɹˈɔːdkɑːstɐ
broaden,verb,B2,ˈbɹɔdən,bɹˈɔːdən
broadly,adverb,B2,ˈbɹɔdɫi,bɹˈɔːdli
brochure,noun,B2,bɹoʊˈʃʊɹ,bɹˈəʊʃɐ
brother-in-law,noun,B2,ˈbɹəðɝɪnˌɫɔ,
browse,verb,B2,ˈbɹaʊz,bɹˈaʊz
browser,noun,B2,ˈbɹaʊzɝ,bɹˈaʊzɐ
bruise,noun,B2,ˈbɹuz,bɹˈuːz
bud,noun,B2,ˈbəd,bˈʌd
budget,adjective,B2,ˈbədʒɪt,bˈʌdʒɪt
bulimia,noun,B2,bjuˈɫɪmiə,bjʊlˈɪmiə
bully,verb,B2,ˈbʊɫi,bˈʊli
bum,noun,B2,ˈbəm,bˈʌm
bumper,noun,B2,ˈbəmpɝ,bˈʌmpɐ
bun,noun,B2,ˈbən,bˈʌn
burden,verb,B2,ˈbɝdən,bˈɜːdən
burdensome,adjective,B2,ˈbɝdənsəm,bˈɜːdənsˌʌm
bureaucracy,noun,B2,bjʊˈɹɑkɹəsi,bjɔːɹˈɒkɹəsˌi
burglary,noun,B2,ˈbɝɡɫɝi,bˈɜːɡləɹi
burgle,verb,B2,,bˈɜːɡəl
burial,noun,B2,ˈbɛɹiəɫ,bˈɛɹɪəl
bustle,verb,B2,ˈbəsəɫ,bˈʌsəl
bustling,adjective,B2,ˈbəsəɫɪŋ,bˈʌslɪŋ
butcher,verb,B2,ˈbʊtʃɝ,bˈʊtʃɐ
buzz,noun,B2,ˈbəz,bˈʌz
buzz,verb,B2,ˈbəz,bˈʌz
cabinet,noun,B2,ˈkæbənət,kˈæbɪnət
cable,noun,B2,ˈkeɪbəɫ,kˈeɪbəl
calmly,adverb,B2,ˈkɑɫmɫi,kˈɑːmli
campaign,noun,B2,kæmˈpeɪn,kæmpˈeɪn
candidate,noun,B2,ˈkændədeɪt,kˈændɪdˌeɪt
cane,noun,B2,ˈkeɪn,kˈeɪn
cannonball,noun,B2,ˈkænənˌbɔɫ,kˈænənbˌɔːl
canon,noun,B2,ˈkænən,kˈænən
capability,noun,B2,ˌkeɪpəˈbɪɫəti,kˌeɪpəbˈɪlɪti
caption,noun,B2,ˈkæpʃən,kˈæpʃən
captive,noun,B2,ˈkæptɪv,kˈæptɪv
caravan,noun,B2,ˈkæɹəˌvæn,kˈæɹɐvˌæn
carbon,noun,B2,ˈkɑɹbən,kˈɑːbən
carbon dioxide,noun,B2,ˈkɑɹbən daɪˈɑkˌsaɪd,kˈɑːbən daɪˈɒksaɪd
carbon footprint,noun,B2,ˈkɑɹbən ˈfʊtˌpɹɪnt,kˈɑːbən fˈʊtpɹɪnt
carbon monoxide,noun,B2,ˈkɑɹbən məˈnɑksaɪd,kˈɑːbən mʌnˈɒksaɪd
cardboard,noun,B2,ˈkɑɹdˌbɔɹd,kˈɑːdbɔːd
cardigan,noun,B2,ˈkɑɹdɪɡən,kˈɑːdɪɡən
carefree,adjective,B2,ˈkɛɹˌfɹi,kˈeəfɹiː
caring,adjective,B2,ˈkɛɹɪŋ,kˈeəɹɪŋ
carnival,noun,B2,ˈkɑɹnəvəɫ,kˈɑːnɪvəl
carpool,noun,B2,ˈkɑɹˌpuɫ,kˈɑːpuːl
carve,verb,B2,ˈkɑɹv,kˈɑːv
cascade,noun,B2,kæˈskeɪd,kɐskˈeɪd
cast,noun,B2,ˈkæst,kˈɑːst
cast,verb,B2,ˈkæst,kˈɑːst
casually,adverb,B2,ˈkæʒəwəɫi,kˈæʒuːəli
catalog,noun,B2,ˈkætəɫɔɡ,
catalyst,noun,B2,ˈkætəɫəst,kˈætɐlˌɪst
catastrophe,noun,B2,kəˈtæstɹəfi,kɐtˈæstɹəfi
catastrophic,adjective,B2,ˌkætəˈstɹɑfɪk,kˌætɐstɹˈɒfɪk
catchy,adjective,B2,ˈkæˌtʃi,kˈætʃi
categorization,noun,B2,ˌkætəɡɝɪˈzeɪʃən,
catering,noun,B2,ˈkeɪtɝɪŋ,kˈeɪtəɹɪŋ
cathedral,noun,B2,kəˈθidɹəɫ,kɐθˈiːdɹəl
cause,noun,B2,ˈkɑz,kˈɔːz
cease,verb,B2,ˈsis,sˈiːs
ceiling,noun,B2,ˈsiɫɪŋ,sˈiːlɪŋ
cellar,noun,B2,ˈsɛɫɝ,sˈɛlɐ
cellist,noun,B2,ˈtʃɛɫəst,sˈɛlɪst
cello,noun,B2,ˈtʃɛɫoʊ,tʃˈɛləʊ
cemetery,noun,B2,ˈsɛməˌtɛɹi,sˈɛmɪtəɹi
centigrade,noun,B2,ˈsɛntəˌɡɹeɪd,sˈɛntɪɡɹˌeɪd
certificate,noun,B2,sɝˈtɪfɪkət,
certification,noun,B2,ˌsɝtəfəˈkeɪʃən,sˌɜːtɪfɪkˈeɪʃən
certify,verb,B2,ˈsɝtəˌfaɪ,sˈɜːtɪfˌaɪ
challenge,verb,B2,ˈtʃæɫəndʒ,tʃˈælɪndʒ
chancellor,noun,B2,ˈtʃænsəɫɝ,tʃˈɑːnsɛlɐ
chaotic,adjective,B2,keɪˈɑtɪk,keɪˈɒtɪk
characteristic,adjective,B2,ˌkɛɹəktɝˈɪstɪk,kˌæɹɪktəɹˈɪstɪk
charming,adjective,B2,ˈtʃɑɹmɪŋ,tʃˈɑːmɪŋ
chase,verb,B2,ˈtʃeɪs,tʃˈeɪs
cheat,verb,B2,ˈtʃit,tʃˈiːt
checkpoint,noun,B2,ˈtʃɛkˌpɔɪnt,tʃˈɛkpɔɪnt
cheeky,adjective,B2,ˈtʃiki,tʃˈiːki
cheerfully,adverb,B2,ˈtʃɪɹfəɫi,tʃˈiəfəli
cheerfulness,noun,B2,ˈtʃɪɹfəɫnəs,tʃˈiəfəlnəs
chemotherapy,noun,B2,ˌkimoʊˈθɛɹəpi,kˌiːməʊθˈɛɹəpi
cherished,adjective,B2,ˈtʃɛɹɪʃt,tʃˈɛɹɪʃt
cherry,noun,B2,ˈtʃɛɹi,tʃˈɛɹi
chew,verb,B2,ˈtʃu,tʃjˈuː
chief,noun,B2,ˈtʃif,tʃˈiːf
childish,adjective,B2,ˈtʃaɪɫdɪʃ,tʃˈaɪldɪʃ
chimney,noun,B2,ˈtʃɪmni,tʃˈɪmni
chip,noun,B2,ˈtʃɪp,tʃˈɪp
chop,verb,B2,ˈtʃɑp,tʃˈɒp
chunk,noun,B2,ˈtʃəŋk,tʃˈʌŋk
circuit,noun,B2,ˈsɝkət,sˈɜːkɪt
circuitry,noun,B2,ˈsɝkətɹi,sˈɜːkɪtɹi
circumstance,noun,B2,ˈsɝkəmˌstæns,sˈɜːkəmstˌæns
citywide,adjective,B2,ˈsɪtiˌwaɪd,sˈɪtɪwˌaɪd
clam,noun,B2,ˈkɫæm,klˈæm
clap,verb,B2,ˈkɫæp,klˈæp
clarify,verb,B2,ˈkɫɛɹəˌfaɪ,klˈæɹɪfˌaɪ
classic,noun,B2,ˈkɫæsɪk,klˈæsɪk
classification,noun,B2,ˌkɫæsəfəˈkeɪʃən,klˌæsɪfɪkˈeɪʃən
clause,noun,B2,ˈkɫɔz,klˈɔːz
clearness,noun,B2,ˈkɫɪɹnəs,klˈiənəs
clerical,adjective,B2,ˈkɫɛɹəkəɫ,klˈɛɹɪkəl
client,noun,B2,ˈkɫaɪənt,klˈaɪənt
climate change,noun,B2,ˈkɫaɪmət ˈtʃeɪndʒ,klˈaɪmət tʃˈeɪndʒ
clog,verb,B2,ˈkɫɑɡ,klˈɒɡ
closure,noun,B2,ˈkɫoʊʒɝ,klˈəʊʒɐ
clothing,noun,B2,ˈkɫoʊðɪŋ,klˈəʊðɪŋ
clumsy,adjective,B2,ˈkɫəmzi,klˈʌmzi
coach,verb,B2,ˈkoʊtʃ,kˈəʊtʃ
coaching,noun,B2,ˈkoʊtʃɪŋ,kˈəʊtʃɪŋ
coalition,noun,B2,ˌkoʊəˈɫɪʃən,kˌəʊəlˈɪʃən
coarse,adjective,B2,ˈkɔɹs,kˈɔːs
coastline,noun,B2,ˈkoʊstˌɫaɪn,kˈəʊslaɪn
cocktail,noun,B2,ˈkɑkˌteɪɫ,kˈɒkteɪl
cocoa,noun,B2,ˈkoʊkoʊ,kˈəʊkəʊ
coconut,noun,B2,ˈkoʊkəˌnət,kˈəʊkənˌʌt
coherence,noun,B2,koʊˈhɪɹəns,kəʊhˈiəɹəns
coherent,adjective,B2,koʊˈhɪɹənt,kəʊhˈiəɹənt
coincide,verb,B2,ˌkoʊɪnˈsaɪd,kˌəʊɪnsˈaɪd
coincidence,noun,B2,koʊˈɪnsɪdəns,kəʊˈɪnsɪdəns
collapse,verb,B2,kəˈɫæps,kəlˈæps
colleague,noun,B2,ˈkɑɫiɡ,kˈɒliːɡ
collector,noun,B2,kəˈɫɛktɝ,kəlˈɛktɐ
collocation,noun,B2,kɑɫəˈkeɪʃən,
colon,noun,B2,ˈkoʊɫən,
colonial,adjective,B2,kəˈɫoʊniəɫ,kəlˈəʊnɪəl
coma,noun,B2,ˈkoʊmə,kˈəʊmɐ
comb,verb,B2,ˈkoʊm,kˈəʊm
comfortably,adverb,B2,ˈkəmfɝtəbɫi,kˈʌmftəbli
commander,noun,B2,kəˈmændɝ,kəmˈɑːndɐ
commemorate,verb,B2,kəˈmɛmɝˌeɪt,kəmˈɛməɹˌeɪt
comment,verb,B2,ˈkɑmɛnt,kˈɒmɛnt
commerce,noun,B2,ˈkɑmɝs,kˈɒmɜːs
commercial,noun,B2,kəˈmɝʃəɫ,kəmˈɜːʃəl
commission,noun,B2,kəˈmɪʃən,kəmˈɪʃən
commonwealth,noun,B2,ˈkɑmənˌwɛɫθ,kˈɒmənwˌɛlθ
communicative,adjective,B2,kəmˈjunəkətɪv,kəmjˈuːnɪkətˌɪv
community,noun,B2,kəmˈjunəti,kəmjˈuːnɪtˌi
commute,verb,B2,kəmˈjut,kəmjˈuːt
compassion,noun,B2,kəmˈpæʃən,kəmpˈæʃən
compassionate,adjective,B2,kəmˈpæʃənət,kəmpˈæʃənət
compatible,adjective,B2,kəmˈpætəbəɫ,kəmpˈætəbəl
compensate,verb,B2,ˈkɑmpənˌseɪt,kˈɒmpənsˌeɪt
compensation,noun,B2,ˌkɑmpənˈseɪʃən,kˌɒmpənsˈeɪʃən
competence,noun,B2,ˈkɑmpətɪns,kˈɒmpɪtəns
competent,adjective,B2,ˈkɑmpətɪnt,kˈɒmpɪtənt
compile,verb,B2,kəmˈpaɪɫ,kəmpˈaɪl
completion,noun,B2,kəmˈpɫiʃən,kəmplˈiːʃən
complexion,noun,B2,kəmˈpɫɛkʃən,kəmplˈɛkʃən
complexity,noun,B2,kəmˈpɫɛksəti,kəmplˈɛksɪti
component,noun,B2,kəmˈpoʊnənt,kəmpˈəʊnənt
comprehension,noun,B2,ˌkɑmpɹiˈhɛnʃən,kˌɒmpɹɪhˈɛnʃən
comprehensive,adjective,B2,ˌkɑmpɹiˈhɛnsɪv,kˌɒmpɹɪhˈɛnsɪv
compress,noun,B2,ˈkɑmpɹɛs,
compression,noun,B2,kəmˈpɹɛʃən,kəmpɹˈɛʃən
compromise,verb,B2,ˈkɑmpɹəˌmaɪz,kˈɒmpɹəmˌaɪz
compulsory,adjective,B2,kəmˈpəɫsɝi,kəmpˈʌlsəɹˌi
compute,verb,B2,kəmˈpjut,kəmpjˈuːt
conceal,verb,B2,kənˈsiɫ,kənsˈiːl
concede,verb,B2,kənˈsid,kənsˈiːd
conceit,noun,B2,kənˈsit,kənsˈiːt
conceivable,adjective,B2,kənˈsivəbəɫ,kənsˈiːvəbəl
conceive,verb,B2,kənˈsiv,kənsˈiːv
conception,noun,B2,kənˈsɛpʃən,kənsˈɛpʃən
concern,verb,B2,kənˈsɝn,kənsˈɜːn
concerning,preposition,B2,kənˈsɝnɪŋ,kənsˈɜːnɪŋ
concession,noun,B2,kənˈsɛʃən,kənsˈɛʃən
concrete,adjective,B2,ˈkɑnkɹit,kˈɒŋkɹiːt
concrete,noun,B2,ˈkɑnkɹit,kˈɒŋkɹiːt
condemn,verb,B2,kənˈdɛm,kəndˈɛm
conduct,verb,B2,ˈkɑndəkt,
conductor,noun,B2,kənˈdəktɝ,kəndˈʌktɐ
cone,noun,B2,ˈkoʊn,kˈəʊn
conference,noun,B2,ˈkɑnfɝəns,kˈɒnfɹəns
conferencing,noun,B2,ˈkɑnfɹənsɪŋ,kˈɒnfɹənsɪŋ
confess,verb,B2,kənˈfɛs,kənfˈɛs
confession,noun,B2,kənˈfɛʃən,kənfˈɛʃən
confidently,adverb,B2,ˈkɑnfədəntɫi,kˈɒnfɪdəntli
confine,verb,B2,kənˈfaɪn,
confront,verb,B2,kənˈfɹənt,kənfɹˈʌnt
conjunction,noun,B2,kənˈdʒəŋkʃən,kəndʒˈʌŋkʃən
conquest,noun,B2,ˈkɑŋkwɛst,kˈɒnkwɛst
conscience,noun,B2,ˈkɑnʃəns,kˈɒnʃəns
consciousness,noun,B2,ˈkɑnʃəsnəs,kˈɒnʃəsnəs
consensus,noun,B2,kənˈsɛnsəs,kənsˈɛnsəs
consent,noun,B2,kənˈsɛnt,kənsˈɛnt
considerably,adverb,B2,kənˈsɪdɝəbɫi,kənsˈɪdəɹəbli
considering,conjunction,B2,kənˈsɪdɝɪŋ,kənsˈɪdəɹɪŋ
considering,preposition,B2,kənˈsɪdɝɪŋ,kənsˈɪdəɹɪŋ
consistent,adjective,B2,kənˈsɪstənt,kənsˈɪstənt
consolation,noun,B2,ˌkɑnsəˈɫeɪʃən,kɒnsəlˈeɪʃən
console,verb,B2,ˈkɑnsoʊɫ,
constant,adjective,B2,ˈkɑnstənt,kˈɒnstənt
consult,verb,B2,kənˈsəɫt,
consultant,noun,B2,kənˈsəɫtənt,kənsˈʌltənt
contaminate,verb,B2,kənˈtæməˌneɪt,kəntˈæmɪnˌeɪt
contemporary,adjective,B2,kənˈtɛmpɝˌɛɹi,kəntˈɛmpəɹəɹi
contempt,noun,B2,kənˈtɛmpt,kəntˈɛmpt
content,adjective,B2,ˈkɑntɛnt,
contract,noun,B2,ˈkɑnˌtɹækt,
contradict,verb,B2,ˌkɑntɹəˈdɪkt,kˌɒntɹədˈɪkt
contradiction,noun,B2,ˌkɑntɹəˈdɪkʃən,kˌɒntɹədˈɪkʃən
contradictory,adjective,B2,ˌkɑntɹəˈdɪktɝi,kˌɒntɹədˈɪktəɹˌi
controversy,noun,B2,ˈkɑntɹəˌvɝsi,kˈɒntɹəvˌɜːsi
conveniently,adverb,B2,kənˈvinjəntɫi,kənvˈiːnɪəntli
convention,noun,B2,kənˈvɛnʃən,kənvˈɛnʃən
conventional,adjective,B2,kənˈvɛnʃənəɫ,kənvˈɛnʃənəl
converse,noun,B2,ˈkɑnvɝs,
conversely,adverb,B2,ˈkɑnvɝsɫi,kənvˈɜːsli
conversion,noun,B2,kənˈvɝʒən,kənvˈɜːʃən
convert,verb,B2,ˈkɑnvɝt,
convinced,adjective,B2,kənˈvɪnst,kənvˈɪnst
cool,verb,B2,ˈkuɫ,kˈuːl
cooperate,verb,B2,ˈkwɑpɝˌeɪt,kəʊˈɒpəɹˌeɪt
cooperation,noun,B2,ˌkwɑpɝˈeɪʃən,kəʊˈɒpəɹˈeɪʃən
cooperative,adjective,B2,koʊˈɑpɝˌeɪtɪv,kəʊˈɒpəɹətˌɪv
cope,verb,B2,ˈkoʊp,kˈəʊp
copper,noun,B2,ˈkɑpɝ,kˈɒpɐ
coral,noun,B2,ˈkɔɹəɫ,kˈɒɹəl
core,noun,B2,ˈkɔɹ,kˈɔː
cornerstone,noun,B2,ˈkɔɹnɝˌstoʊn,kˈɔːnəstˌəʊn
cornet,noun,B2,kɔɹˈnɛt,kˈɔːnɪt
corona,noun,B2,kɝˈoʊnə,kəɹˈəʊnɐ
corporal,adjective,B2,ˈkɔɹpɝəɫ,kˈɔːpɹəl
corporate,adjective,B2,ˈkɔɹpɝət,kˈɔːpəɹət
corporation,noun,B2,ˌkɔɹpɝˈeɪʃən,kˌɔːpəɹˈeɪʃən
correct,verb,B2,kɝˈɛkt,kəɹˈɛkt
correctness,noun,B2,kɝˈɛktnəs,kəɹˈɛktnəs
correspond,verb,B2,ˌkɔɹəˈspɑnd,kˌɒɹɪspˈɒnd
correspondence,noun,B2,ˌkɔɹəˈspɑndəns,kˌɒɹɪspˈɒndəns
correspondent,noun,B2,ˌkɔɹəˈspɑndənt,kˌɒɹɪspˈɒndənt
corresponding,adjective,B2,ˌkɔɹəˈspɑndɪŋ,kˌɒɹɪspˈɒndɪŋ
corridor,noun,B2,ˈkɔɹədɝ,kˈɒɹɪdˌɔː
corrupt,adjective,B2,kɝˈəpt,kəɹˈʌpt
corruption,noun,B2,kɝˈəpʃən,kəɹˈʌpʃən
costly,adjective,B2,ˈkɑstɫi,kˈɒstli
costume,noun,B2,ˈkɑstum,kˈɒstjuːm
cottage,noun,B2,ˈkɑtədʒ,kˈɒtɪdʒ
cough,noun,B2,ˈkɑf,kˈɒf
counter,noun,B2,ˈkaʊntɝ,kˈaʊntɐ
countryman,noun,B2,ˈkəntɹimən,kˈʌntɹɪmən
countrywide,adjective,B2,ˈkəntɹiˌwaɪd,kˈʌntɹɪwˌaɪd
courtesy,noun,B2,ˈkɝtəsi,kˈɜːtəsi
coward,noun,B2,ˈkaʊɝd,kˈaʊəd
cowardly,adjective,B2,ˈkaʊɝdɫi,kˈaʊədli
coziness,noun,B2,ˈkoʊzinəs,
cozy,adjective,B2,ˈkoʊzi,
crab,noun,B2,ˈkɹæb,kɹˈæb
crack,noun,B2,ˈkɹæk,kɹˈæk
crack,verb,B2,ˈkɹæk,kɹˈæk
craftsman,noun,B2,ˈkɹæfsmən,kɹˈɑːftsmən
crater,noun,B2,ˈkɹeɪtɝ,kɹˈeɪtɐ
crawl,verb,B2,ˈkɹɔɫ,kɹˈɔːl
crease,noun,B2,ˈkɹis,kɹˈiːs
creation,noun,B2,kɹiˈeɪʃən,kɹiːˈeɪʃən
creatively,adverb,B2,kɹiˈeɪtɪvɫi,kɹiːˈeɪtɪvli
creek,noun,B2,ˈkɹik,kɹˈiːk
creepy,adjective,B2,ˈkɹipi,kɹˈiːpi
crew,noun,B2,ˈkɹu,kɹˈuː
criminal,adjective,B2,ˈkɹɪmənəɫ,kɹˈɪmɪnəl
cripple,noun,B2,ˈkɹɪpəɫ,kɹˈɪpəl
critically,adverb,B2,ˈkɹɪtɪkəɫi,kɹˈɪtɪkli
criticism,noun,B2,ˈkɹɪtɪˌsɪzəm,kɹˈɪtɪsˌɪzəm
crocodile,noun,B2,ˈkɹɑkəˌdaɪɫ,kɹˈɒkədˌaɪl
crossly,adverb,B2,,kɹˈɒsli
crucial,adjective,B2,ˈkɹuʃəɫ,kɹˈuːʃəl
cruelly,adverb,B2,ˈkɹuɫi,kɹˈuːəlˌi
cruelty,noun,B2,ˈkɹuəɫti,kɹˈuːəlti
cruise,verb,B2,ˈkɹuz,kɹˈuːz
crystallize,verb,B2,ˈkɹɪstəˌɫaɪz,
cube,noun,B2,ˈkjub,
cubism,noun,B2,ˈkjubɪzəm,kjˈuːbɪzəm
cuff,noun,B2,ˈkəf,kˈʌf
culmination,noun,B2,ˌkəɫməˈneɪʃən,kˌʌlmɪnˈeɪʃən
culturally,adverb,B2,ˈkəɫtʃɝəˌɫi,kˈʌltʃəɹəli
cure,verb,B2,ˈkjʊɹ,kjˈɔː
curl,noun,B2,ˈkɝɫ,kˈɜːl
cursor,noun,B2,ˈkɝsɝ,kˈɜːsɐ
cyberaddict,noun,B2,,
cybercafe,noun,B2,,
cybercrime,noun,B2,,
cyberpet,noun,B2,,
cyberschool,noun,B2,,
cyberspace,noun,B2,ˈsaɪbɝˌspeɪs,sˈaɪbəspˌeɪs
cyclist,noun,B2,ˈsaɪkəɫɪst,sˈaɪklɪst
daft,adjective,B2,ˈdæft,dˈɑːft
damn,adjective,B2,ˈdæm,dˈæm
damn,adverb,B2,ˈdæm,dˈæm
damn,interjection,B2,ˈdæm,dˈæm
dandelion,noun,B2,ˈdændəˌɫaɪən,dˈændɪlˌaɪən
darling,adjective,B2,ˈdɑɹɫɪŋ,dˈɑːlɪŋ
darling,noun,B2,ˈdɑɹɫɪŋ,dˈɑːlɪŋ
dash,noun,B2,ˈdæʃ,dˈæʃ
dash,verb,B2,ˈdæʃ,dˈæʃ
data,noun,B2,ˈdætə,dˈeɪtɐ
database,noun,B2,ˈdætəˌbeɪs,dˈeɪtəbˌeɪs
dated,adjective,B2,ˈdeɪtɪd,dˈeɪtɪd
daughter-in-law,noun,B2,ˈdɔtɝɪnˌɫɔ,
dawn,noun,B2,ˈdɔn,dˈɔːn
daytime,noun,B2,ˈdeɪˌtaɪm,dˈeɪtaɪm
de facto,adjective,B2,ˈdeɪ ˈfæktoʊ,
dear,noun,B2,ˈdɪɹ,dˈiə
dearly,adverb,B2,ˈdɪɹɫi,dˈiəli
debit,noun,B2,ˈdɛbɪt,dˈɛbɪt
debit,verb,B2,ˈdɛbɪt,dˈɛbɪt
debit card,noun,B2,ˈdɛbɪt ˈkɑɹd,dˈɛbɪt kˈɑːd
decade,noun,B2,ˈdɛkeɪd,dˈɛkeɪd
decay,verb,B2,dɪˈkeɪ,dɪkˈeɪ
deceive,verb,B2,dɪˈsiv,dɪsˈiːv
decent,adjective,B2,ˈdisənt,dˈiːsənt
deceptive,adjective,B2,dɪˈsɛptɪv,dɪsˈɛptɪv
decisive,adjective,B2,dɪˈsaɪsɪv,dɪsˈaɪsɪv
deck,noun,B2,ˈdɛk,dˈɛk
decline,verb,B2,dɪˈkɫaɪn,dɪklˈaɪn
decomposition,noun,B2,ˌdikəmpəˈzɪʃən,dˌiːkɒmpəzˈɪʃən
decorate,verb,B2,ˈdɛkɝˌeɪt,dˈɛkəɹˌeɪt
decoration,noun,B2,ˌdɛkɝˈeɪʃən,dˌɛkəɹˈeɪʃən
decorative,adjective,B2,ˈdɛkɹətɪv,dˈɛkɹətˌɪv
dedication,noun,B2,ˌdɛdəˈkeɪʃən,dˌɛdɪkˈeɪʃən
deduce,verb,B2,dɪˈdus,dɪdjˈuːs
deduction,noun,B2,dɪˈdəkʃən,dɪdˈʌkʃən
deem,verb,B2,ˈdim,dˈiːm
deep,adjective,B2,ˈdip,dˈiːp
deer,noun,B2,ˈdɪɹ,dˈiə
defeat,noun,B2,dɪˈfit,dɪfˈiːt
deficit,noun,B2,ˈdɛfəsət,dˈɛfɪsˌɪt
deforestation,noun,B2,dɪˌfɔɹɪˈsteɪʃən,dɪfˌɒɹɪstˈeɪʃən
defy,verb,B2,dɪˈfaɪ,dɪfˈaɪ
dehumanize,verb,B2,dɪˈhjumənaɪz,
delegate,noun,B2,ˈdɛɫəˌɡeɪt,
deliberate,adjective,B2,dɪˈɫɪbɝˌeɪt,
deliberately,adverb,B2,dɪˈɫɪbɝətɫi,dɪlˈɪbəɹətli
delicacy,noun,B2,ˈdɛɫəkəsi,dˈɛlɪkəsi
delicately,adverb,B2,ˈdɛɫəkətɫi,dˈɛlɪkətli
delight,verb,B2,dɪˈɫaɪt,dɪlˈaɪt
demanding,adjective,B2,dɪˈmændɪŋ,dɪmˈɑːndɪŋ
demolish,verb,B2,dɪˈmɑɫɪʃ,dɪmˈɒlɪʃ
denim,noun,B2,ˈdɛnəm,dˈɛnɪm
dense,adjective,B2,ˈdɛns,dˈɛns
densely,adverb,B2,ˈdɛnsɫi,dˈɛnsli
dental,adjective,B2,ˈdɛnəɫ,dˈɛntəl
dependable,adjective,B2,dɪˈpɛndəbəɫ,dɪpˈɛndəbəl
deposit,verb,B2,dəˈpɑzɪt,dɪpˈɒsɪt
deputy,noun,B2,ˈdɛpjəti,dˈɛpjuːti
descend,verb,B2,dɪˈsɛnd,dɪsˈɛnd
descriptive,adjective,B2,dɪsˈkɹɪptɪv,dɪskɹˈɪptɪv
designer,adjective,B2,dɪˈzaɪnɝ,dɪzˈaɪnɐ
desirable,adjective,B2,dɪˈzaɪɝəbəɫ,dɪzˈaɪəɹəbəl
desire,verb,B2,dɪˈzaɪɝ,dɪzˈaɪə
desktop,noun,B2,ˈdɛskˌtɑp,dˈɛsktɒp
desolation,noun,B2,ˌdɛsəˈɫeɪʃən,dˌɛsəlˈeɪʃən
desperately,adverb,B2,ˈdɛspɝətɫi,dˈɛspəɹətli
desperation,noun,B2,ˌdɛspɝˈeɪʃən,dˌɛspəɹˈeɪʃən
despise,verb,B2,dɪˈspaɪz,dɪspˈaɪz
destiny,noun,B2,ˈdɛstəni,dˈɛstɪni
detach,verb,B2,ˈdɪˌtætʃ,dɪtˈætʃ
detachment,noun,B2,diˈtætʃmənt,dɪtˈætʃmənt
detailed,adjective,B2,dɪˈteɪɫd,dˈiːteɪld
detect,verb,B2,dɪˈtɛkt,dɪtˈɛkt
determined,adjective,B2,dɪˈtɝmənd,dɪtˈɜːmɪnd
determiner,noun,B2,,
developing,adjective,B2,dɪˈvɛɫəpɪŋ,dɪvˈɛləpɪŋ
devil,noun,B2,ˈdɛvəɫ,dˈɛvəl
devote,verb,B2,dɪˈvoʊt,dɪvˈəʊt
devoted,adjective,B2,dɪˈvoʊtɪd,dɪvˈəʊtɪd
diarrhea,noun,B2,ˌdaɪɝˈiə,
dictator,noun,B2,ˈdɪkteɪtɝ,dɪktˈeɪtɐ
digest,noun,B2,ˈdaɪdʒɛst,
dignify,verb,B2,ˈdɪɡnəˌfaɪ,dˈɪɡnɪfˌaɪ
dignity,noun,B2,ˈdɪɡnəti,dˈɪɡnɪti
dilemma,noun,B2,dɪˈɫɛmə,daɪlˈɛmɐ
dim,adjective,B2,ˈdɪm,dˈɪm
dime,noun,B2,ˈdaɪm,dˈaɪm
dimension,noun,B2,dɪˈmɛnʃən,daɪmˈɛnʃən
dip,verb,B2,ˈdɪp,dˈɪp
diphtheria,noun,B2,dɪfˈθɪɹiɑ,dɪfθˈiəɹɪɐ
diploma,noun,B2,dɪˈpɫoʊmɑ,dɪplˈəʊmɐ
diplomat,noun,B2,ˈdɪpɫəˌmæt,dˈɪpləmˌæt
disappearance,noun,B2,ˌdɪsəˈpiɹəns,dˌɪsɐpˈiəɹəns
disapproval,noun,B2,dɪsəˈpɹuvəɫ,dˌɪsɐpɹˈuːvəl
disapprove,verb,B2,ˌdɪsəˈpɹuv,dˌɪsɐpɹˈuːv
discharge,noun,B2,ˈdɪsˌtʃɑɹdʒ,
disciple,noun,B2,dɪˈsaɪpəɫ,dɪsˈaɪpəl
discipline,noun,B2,ˈdɪsəpɫən,dˈɪsɪplˌɪn
disconnect,verb,B2,dɪskəˈnɛkt,dˌɪskənˈɛkt
discredit,verb,B2,dɪsˈkɹɛdət,dɪskɹˈɛdɪt
discriminate,verb,B2,dɪsˈkɹɪməˌneɪt,dɪskɹˈɪmɪnˌeɪt
disgrace,noun,B2,dɪsˈɡɹeɪs,dɪsɡɹˈeɪs
disguise,noun,B2,dɪsˈɡaɪz,dɪsɡˈaɪz
disguise,verb,B2,dɪsˈɡaɪz,dɪsɡˈaɪz
dishonesty,noun,B2,dɪˈsɑnəsti,dɪsˈɒnɪsti
disillusion,verb,B2,ˌdɪsɪˈɫuʒən,dɪsɪlˈuːʒən
dismiss,verb,B2,dɪsˈmɪs,dɪsmˈɪs
disorder,noun,B2,dɪˈsɔɹdɝ,dɪsˈɔːdɐ
disorderly,adjective,B2,dɪˈsɔɹdɝɫi,dɪsˈɔːdəli
disorganized,adjective,B2,dɪˈsɔɹɡəˌnaɪzd,
dispensable,adjective,B2,dɪˈspɛnsəbəɫ,dɪspˈɛnsəbəl
displace,verb,B2,dɪsˈpɫeɪs,dɪsplˈeɪs
displeasure,noun,B2,dɪsˈpɫɛʒɝ,dɪsplˈɛʒɐ
disposal,noun,B2,dɪˈspoʊzəɫ,dɪspˈəʊzəl
disposition,noun,B2,ˌdɪspəˈzɪʃən,dˌɪspəzˈɪʃən
dispute,noun,B2,dɪˈspjut,dɪspjˈuːt
disqualify,verb,B2,dɪsˈkwɑɫəˌfaɪ,dɪskwˈɒlɪfˌaɪ
disregard,noun,B2,ˌdɪsɹɪˈɡɑɹd,dˌɪsɹɪɡˈɑːd
disrupt,verb,B2,dɪsˈɹəpt,dɪsɹˈʌpt
dissatisfaction,noun,B2,ˌdɪsætɪsˈfækʃən,dɪsˌætɪsfˈækʃən
dissatisfied,adjective,B2,dɪˈsætəsˌfaɪd,dɪsˈætɪsfˌaɪd
dissident,noun,B2,ˈdɪsədənt,dˈɪsɪdənt
distinguished,adjective,B2,dɪˈstɪŋɡwɪʃt,dɪstˈɪŋɡwɪʃt
distortion,noun,B2,dɪˈstɔɹʃən,dɪstˈɔːʃən
distract,verb,B2,dɪˈstɹækt,dɪstɹˈækt
distraction,noun,B2,dɪˈstɹækʃən,dɪstɹˈækʃən
distressing,adjective,B2,dɪˈstɹɛsɪŋ,dɪstɹˈɛsɪŋ
distributor,noun,B2,dɪˈstɹɪbjətɝ,dɪstɹˈɪbjuːtɐ
diversion,noun,B2,daɪˈvɝʒən,daɪvˈɜːʃən
divert,verb,B2,daɪˈvɝt,daɪvˈɜːt
divided,adjective,B2,dɪˈvaɪdɪd,dɪvˈaɪdɪd
division,noun,B2,dɪˈvɪʒən,dɪvˈɪʒən
divorce,noun,B2,dɪˈvɔɹs,dɪvˈɔːs
divorce,verb,B2,dɪˈvɔɹs,dɪvˈɔːs
DNA,noun,B2,ˈdiˌɛˈneɪ,
dock,noun,B2,ˈdɑk,dˈɒk
domestic,adjective,B2,dəˈmɛstɪk,dəmˈɛstɪk
dominate,verb,B2,ˈdɑməˌneɪt,dˈɒmɪnˌeɪt
donate,verb,B2,ˈdoʊˌneɪt,dəʊnˈeɪt
donation,noun,B2,doʊˈneɪʃən,dəʊnˈeɪʃən
donkey,noun,B2,ˈdɑŋki,dˈɒŋki
doom,noun,B2,ˈdum,dˈuːm
doorkeeper,noun,B2,ˈdɔɹˌkipɝ,dˈɔːkiːpɐ
doorway,noun,B2,ˈdɔɹˌweɪ,dˈɔːweɪ
dorm,noun,B2,ˈdɔɹm,dˈɔːm
dormitory,noun,B2,ˈdɔɹməˌtɔɹi,dˈɔːmɪtəɹˌi
dose,noun,B2,ˈdoʊs,dˈəʊs
double,noun,B2,ˈdəbəɫ,dˈʌbəl
double,verb,B2,ˈdəbəɫ,dˈʌbəl
doubly,adverb,B2,ˈdəbɫi,dˈʌbli
doubt,verb,B2,ˈdaʊt,dˈaʊt
doubtful,adjective,B2,ˈdaʊtfəɫ,dˈaʊtfəl
dove,noun,B2,ˈdəv,
down,adjective,B2,ˈdaʊn,dˈaʊn
downfall,noun,B2,ˈdaʊnˌfɔɫ,dˈaʊnfɔːl
download,noun,B2,ˈdaʊnˌɫoʊd,dˈaʊnləʊd
downsize,verb,B2,ˈdaʊnˌsaɪz,dˈaʊnsaɪz
dowry,noun,B2,ˈdaʊɹi,dˈaʊɹi
draft,noun,B2,ˈdɹæft,dɹˈɑːft
drain,noun,B2,ˈdɹeɪn,dɹˈeɪn
drain,verb,B2,ˈdɹeɪn,dɹˈeɪn
dramatically,adverb,B2,dɹəˈmætɪkəɫi,dɹəmˈætɪkli
drapery,noun,B2,ˈdɹeɪpɝi,dɹˈeɪpəɹi
dread,verb,B2,ˈdɹɛd,dɹˈɛd
dreadful,adjective,B2,ˈdɹɛdfəɫ,dɹˈɛdfəl
dreamy,adjective,B2,ˈdɹimi,dɹˈiːmi
drinkable,adjective,B2,ˈdɹɪnkəbəɫ,dɹˈɪŋkəbəl
droop,noun,B2,ˈdɹup,dɹˈuːp
dropout,noun,B2,ˈdɹɑˌpaʊt,dɹˈɒpaʊt
drought,noun,B2,ˈdɹaʊt,dɹˈaʊt
duel,noun,B2,ˈduəɫ,djˈuːəl
dumb,adjective,B2,ˈdəm,dˈʌm
duplicate,noun,B2,ˈdupɫəˌkeɪt,
duplication,noun,B2,ˌdjupɫəˈkeɪʃən,djˌuːplɪkˈeɪʃən
dwarf,noun,B2,ˈdwɔɹf,dwˈɔːf
dye,noun,B2,ˈdaɪ,dˈaɪ
dynamic,adjective,B2,daɪˈnæmɪk,daɪnˈæmɪk
eagerly,adverb,B2,ˈiɡɝɫi,ˈiːɡəli
eagle,noun,B2,ˈiɡəɫ,ˈiːɡəl
earnings,noun,B2,ˈɝnɪŋz,ˈɜːnɪŋz
ease,noun,B2,ˈiz,ˈiːz
ease,verb,B2,ˈiz,ˈiːz
eastward,adverb,B2,ˈistwɝd,ˈiːstwəd
ecologically,adverb,B2,ɛkəˈɫɑdʒɪkɫi,ˌɛkəlˈɒdʒɪkli
ecologist,noun,B2,iˈkɑɫədʒɪst,ɛkˈɒlədʒˌɪst
economical,adjective,B2,ˌɛkəˈnɑmɪkəɫ,ˌiːkənˈɒmɪkəl
economist,noun,B2,iˈkɑnəmɪst,ɪkˈɒnəmˌɪst
ecstatic,adjective,B2,ɛkˈstætɪk,ɛkstˈætɪk
edit,noun,B2,ˈɛdət,ˈɛdɪt
edit,verb,B2,ˈɛdət,ˈɛdɪt
editorial,noun,B2,ˌɛdəˈtɔɹiəɫ,ˌɛdɪtˈɔːɹɪəl
educated,adjective,B2,ˈɛdʒəˌkeɪtɪd,ˈɛdʒuːkˌeɪtɪd
educator,noun,B2,ˈɛdʒəˌkeɪtɝ,ˈɛdʒuːkˌeɪtɐ
effectively,adverb,B2,ˈifɛktɪvɫi,ɪfˈɛktɪvli
effectiveness,noun,B2,ˈifɛktɪvnəs,ɪfˈɛktɪvnəs
elect,verb,B2,ɪˈɫɛkt,ɪlˈɛkt
elective,adjective,B2,ɪˈɫɛktɪv,ɪlˈɛktɪv
electrician,noun,B2,ɪɫɛkˈtɹɪʃən,ɪlɪktɹˈɪʃən
electronically,adverb,B2,ˌɪˌɫɛkˈtɹɑnɪkəˌɫi,ˌɛlɪktɹˈɒnɪkli
electronics,noun,B2,ˌɪˌɫɛkˈtɹɑnɪks,ˌɛlɪktɹˈɒnɪks
elegance,noun,B2,ˈɛɫəɡəns,ˈɛlɪɡəns
elegant,adjective,B2,ˈɛɫəɡənt,ˈɛlɪɡənt
elegantly,adverb,B2,ˈɛɫɪɡəntˌɫi,ˈɛlɪɡəntli
elemental,adjective,B2,ˌɛɫəˈmɛnəɫ,ˌɛlɪmˈɛntəl
eligible,adjective,B2,ˈɛɫədʒəbəɫ,ˈɛlɪdʒəbəl
elite,noun,B2,eɪˈɫit,ɪlˈiːt
eloquence,noun,B2,ˈɛɫəkwəns,ˈɛləkwəns
eloquent,adjective,B2,ˈɛɫəkwənt,ˈɛləkwənt
embassy,noun,B2,ˈɛmbəsi,ˈɛmbəsˌi
embrace,noun,B2,ɛmˈbɹeɪs,ɛmbɹˈeɪs
emergence,noun,B2,ˈimɝdʒəns,ɪmˈɜːdʒəns
emphatically,adverb,B2,ɛmˈfætɪkəɫi,ɛmfˈætɪkli
employ,verb,B2,ɛmˈpɫɔɪ,ɛmplˈɔɪ
employee,noun,B2,ɛmˈpɫɔɪi,ɛmplˈɔɪiː
employer,noun,B2,ɛmˈpɫɔɪɝ,ɛmplˈɔɪɐ
encounter,verb,B2,ɪnˈkaʊnɝ,ɛnkˈaʊntɐ
endeavor,noun,B2,ɪnˈdɛvɝ,
endlessly,adverb,B2,ˈɛndɫəsɫi,ˈɛndləsli
endorse,verb,B2,ɛnˈdɔɹs,ɛndˈɔːs
endurance,noun,B2,ˈɛndɝəns,ɛndjˈɔːɹəns
enduring,adjective,B2,ɛnˈdjʊɹɪŋ,ɛndjˈɔːɹɪŋ
energy,noun,B2,ˈɛnɝdʒi,ˈɛnədʒi
enforce,verb,B2,ɛnˈfɔɹs,ɛnfˈɔːs
engagement,noun,B2,ɛnˈɡeɪdʒmənt,ɛnɡˈeɪdʒmənt
engulf,verb,B2,ɪnˈɡəɫf,ɛnɡˈʌlf
enhance,verb,B2,ɛnˈhæns,ɛnhˈɑːns
enroll,verb,B2,ɛnˈɹoʊɫ,ɛnɹˈəʊl
enterprise,noun,B2,ˈɛnɝˌpɹaɪz,ˈɛntəpɹˌaɪz
entertaining,adjective,B2,ˌɛnɝˈteɪnɪŋ,ˌɛntətˈeɪnɪŋ
enthusiastically,adverb,B2,ɪnˌθuziˈæstɪkɫi,ɛnθjˌuːzɪˈæstɪkli
entitle,verb,B2,ɛnˈtaɪtəɫ,ɛntˈaɪtəl
entrepreneur,noun,B2,ˌɑntɹəpɹəˈnɝ,ˌɒntɹɪpɹɪnˈɜː
environment,noun,B2,ɪnˈvaɪɹənmənt,ɛnvˈaɪɹənmənt
environmentally,adverb,B2,ɪnˌvaɪɹənˈmɛnəɫi,ɛnvˌaɪɹənmˈɛntəli
environmentally friendly,adjective,B2,ɪnˌvaɪɹənˈmɛnəɫi ˈfɹɛndɫi,ɛnvˌaɪɹənmˈɛntəli fɹˈɛndli
envy,verb,B2,ˈɛnvi,ˈɛnvi
equal,noun,B2,ˈikwəɫ,ˈiːkwəl
equal,verb,B2,ˈikwəɫ,ˈiːkwəl
equation,noun,B2,ɪˈkweɪʒən,ɪkwˈeɪʒən
equip,verb,B2,ɪˈkwɪp,ɪkwˈɪp
equity,noun,B2,ˈɛkwəti,ˈɛkwɪti
erect,adjective,B2,ɪˈɹɛkt,ɪɹˈɛkt
erupt,verb,B2,ˈiɹəpt,ɪɹˈʌpt
eruption,noun,B2,ˌiˈɹəpʃən,ɪɹˈʌpʃən
essayist,noun,B2,ˈɛˌseɪɪst,ˈɛseɪˌɪst
essentially,adverb,B2,ɛˈsɛnʃəɫi,ɪsˈɛnʃəlˌi
estate,noun,B2,ɪˈsteɪt,ɪstˈeɪt
estimate,noun,B2,ˈɛstəˌmeɪt,
estimated,adjective,B2,ˈɛstəˌmeɪtəd,ˈɛstɪmˌeɪtɪd
eternally,adverb,B2,iˈtɝnəɫi,ɪtˈɜːnəli
ethic,noun,B2,ˈɛθɪk,ˈɛθɪk
ethnic,adjective,B2,ˈɛθnɪk,ˈɛθnɪk
evacuate,verb,B2,iˈvækjəˌeɪt,ɪvˈækjuːˌeɪt
evacuation,noun,B2,iˈvækjəˈweɪʃən,ɪvˌækjuːˈeɪʃən
evaluate,verb,B2,iˈvæɫjuˌeɪt,ɪvˈæljuːˌeɪt
evaluation,noun,B2,iˌvæɫjuˈeɪʃən,ɪvˌæljuːˈeɪʃən
everlasting,adjective,B2,ˌɛvɝˈɫæstɪŋ,ˌɛvəlˈɑːstɪŋ
evidently,adverb,B2,ˈɛvədəntɫi,ˈɛvɪdəntli
evil,adjective,B2,ˈivəɫ,ˈiːvəl
evil,noun,B2,ˈivəɫ,ˈiːvəl
evolution,noun,B2,ˌɛvəˈɫuʃən,ɪvəlˈuːʃən
evolve,verb,B2,iˈvɑɫv,ɪvˈɒlv
exactness,noun,B2,,ɛɡzˈæktnəs
exaggerate,noun,B2,ɪɡˈzædʒɝˌeɪt,ɛɡzˈædʒəɹˌeɪt
exaggeration,noun,B2,ɪɡˌzædʒɝˈeɪʃən,ɛɡzˌædʒəɹˈeɪʃən
exalt,verb,B2,ɪɡˈzɔɫt,ɛɡzˈɒlt
examinee,noun,B2,,
exceed,verb,B2,ɪkˈsid,ɛksˈiːd
excel,verb,B2,ɪkˈsɛɫ,ɛksˈɛl
exception,noun,B2,ɪkˈsɛpʃən,ɛksˈɛpʃən
exceptional,adjective,B2,ɪkˈsɛpʃənəɫ,ɛksˈɛpʃənəl
exceptionally,adverb,B2,ɪkˈsɛpʃənəɫi,ɛksˈɛpʃənəli
excessive,adjective,B2,ɪkˈsɛsɪv,ɛksˈɛsɪv
exclaim,verb,B2,ɪkˈskɫeɪm,ɛksklˈeɪm
exclamation mark,noun,B2,ˌɛkskɫəˈmeɪʃən ˈmɑɹk,ɛksklɐmˈeɪʃən mˈɑːk
exclude,verb,B2,ɪkˈskɫud,ɛksklˈuːd
exclusion,noun,B2,ɪkˈskɫuʒən,ɛksklˈuːʒən
exclusively,adverb,B2,ɪkˈskɫusɪvɫi,ɛksklˈuːsɪvli
excursion,noun,B2,ɪkˈskɝʒən,ɛkskˈɜːʃən
execute,verb,B2,ˈɛksəkˌjut,ˈɛksɪkjˌuːt
execution,noun,B2,ˌɛksəkˈjuʃən,ˌɛksɪkjˈuːʃən
executive,adjective,B2,ɪɡˈzɛkjətɪv,ɛɡzˈɛkjuːtˌɪv
executive,noun,B2,ɪɡˈzɛkjətɪv,ɛɡzˈɛkjuːtˌɪv
exhaust,noun,B2,ɪɡˈzɔst,ɛɡzˈɔːst
exhausting,adjective,B2,ɪɡˈzɔstɪŋ,ɛɡzˈɔːstɪŋ
exhaustion,noun,B2,ɪɡˈzɔstʃən,ɛɡzˈɔːstʃən
exhibit,verb,B2,ɪɡˈzɪbɪt,ɛɡzˈɪbɪt
exile,noun,B2,ˈɛɡˌzaɪɫ,ˈɛɡzaɪl
existing,adjective,B2,ɪɡˈzɪstɪŋ,ɛɡzˈɪstɪŋ
exotic,adjective,B2,ɪɡˈzɑtɪk,ɛɡzˈɒtɪk
expansion,noun,B2,ɪkˈspænʃən,ɛkspˈænʃən
expectation,noun,B2,ˌɛkspɛkˈteɪʃən,ɛkspɪktˈeɪʃən
expected,adjective,B2,ɪkˈspɛktəd,ɛkspˈɛktɪd
expedition,noun,B2,ˌɛkspəˈdɪʃən,ˌɛkspədˈɪʃən
experiment,verb,B2,ɪkˈspɛɹəmənt,ɛkspˈɛɹɪmənt
expert,adjective,B2,ˈɛkspɝt,ˈɛkspɜːt
explode,verb,B2,ɪksˈpɫoʊd,ɛksplˈəʊd
exploit,verb,B2,ˈɛksˌpɫɔɪt,
explorer,noun,B2,ɪksˈpɫɔɹɝ,ɛksplˈɔːɹɐ
explosive,adjective,B2,ɪksˈpɫoʊsɪv,ɛksplˈəʊsɪv
explosive,noun,B2,ɪksˈpɫoʊsɪv,ɛksplˈəʊsɪv
export,noun,B2,ˈɛkspɔɹt,
export,verb,B2,ˈɛkspɔɹt,
expressive,adjective,B2,ɪksˈpɹɛsɪv,ɛkspɹˈɛsɪv
exquisite,adjective,B2,ˈɛkskwəzət,ɛkskwˈɪsɪt
extension,noun,B2,ɪkˈstɛnʃən,ɛkstˈɛnʃən
extensive,adjective,B2,ɪkˈstɛnsɪv,ɛkstˈɛnsɪv
external,adjective,B2,ɪkˈstɝnəɫ,ɛkstˈɜːnəl
extract,noun,B2,ˈɛkˌstɹækt,
extract,verb,B2,ˈɛkˌstɹækt,
extraordinarily,adverb,B2,ɛkˌstɹɔɹdəˈnɛɹəɫi,ɛkstɹˌɔːdɪnˈɛɹəli
exultant,adjective,B2,ɪɡˈzəɫtənt,ɛɡzˈʌltənt
eyebrow,noun,B2,ˈaɪˌbɹaʊ,ˈaɪbɹaʊ
eyelash,noun,B2,ˈaɪˌɫæʃ,ˈaɪlæʃ
eyelid,noun,B2,ˈaɪˌɫɪd,ˈaɪlɪd
fabric,noun,B2,ˈfæbɹɪk,fˈæbɹɪk
fabulous,adjective,B2,ˈfæbjəɫəs,fˈæbjʊləs
facilitate,verb,B2,fəˈsɪɫəˌteɪt,fəsˈɪlɪtˌeɪt
facilities,noun,B2,fəˈsɪɫətiz,fəsˈɪlɪtiz
factor,noun,B2,ˈfæktɝ,fˈæktɐ
faculty,noun,B2,ˈfækəɫti,fˈækəltˌi
faint,verb,B2,ˈfeɪnt,fˈeɪnt
faith,noun,B2,ˈfeɪθ,fˈeɪθ
falter,verb,B2,ˈfɔɫtɝ,fˈɒltɐ
fame,noun,B2,ˈfeɪm,fˈeɪm
familiarize,verb,B2,fəˈmɪɫjɝˌaɪz,
fantastically,adverb,B2,fænˈtæstɪkɫi,fɑːntˈæstɪkli
far,adjective,B2,ˈfɑɹ,fˈɑː
fascinated,adjective,B2,ˈfæsəˌneɪtəd,fˈæsɪnˌeɪtɪd
fascination,noun,B2,ˌfæsəˈneɪʃən,fˌæsɪnˈeɪʃən
fat,noun,B2,ˈfæt,fˈæt
fatal,adjective,B2,ˈfeɪtəɫ,fˈeɪtəl
fate,noun,B2,ˈfeɪt,fˈeɪt
father-in-law,noun,B2,ˈfɑðɝɪnˌɫɔ,
faulty,adjective,B2,ˈfɔɫti,fˈɒlti
fear,verb,B2,ˈfɪɹ,fˈiə
fearsome,adjective,B2,ˈfɪɹsəm,fˈiəsʌm
feat,noun,B2,ˈfit,fˈiːt
feature,verb,B2,ˈfitʃɝ,fˈiːtʃɐ
fed up,adjective,B2,ˈfɛd ˈəp,fˈɛd ˈʌp
federal,adjective,B2,ˈfɛdɝəɫ,fˈɛdəɹəl
feedback,noun,B2,ˈfidˌbæk,fˈiːdbæk
fellow,adjective,B2,ˈfɛɫoʊ,fˈɛləʊ
female,noun,B2,ˈfiˌmeɪɫ,fˈiːmeɪl
ferryboat,noun,B2,ˈfɛɹiˌboʊt,fˈɛɹɪbˌəʊt
fiber,noun,B2,ˈfaɪbɝ,
fictional,adjective,B2,ˈfɪkʃənəɫ,fˈɪkʃənəl
fierce,adjective,B2,ˈfɪɹs,fˈiəs
fighting,noun,B2,ˈfaɪtɪŋ,fˈaɪtɪŋ
figurative,adjective,B2,ˈfɪɡjɝətɪv,fˈɪɡjʊɹˌeɪtɪv
file,verb,B2,ˈfaɪɫ,
filial,adjective,B2,ˈfɪɫiəɫ,fˈɪlɪəl
finance,noun,B2,ˈfaɪˌnæns,fˈaɪnæns
financially,adverb,B2,ˌfaɪˈnænʃəɫi,faɪnˈænʃəlˌi
fine,adverb,B2,ˈfaɪn,
fine,verb,B2,ˈfaɪn,
finely,adverb,B2,ˈfaɪnɫi,fˈaɪnli
fingernail,noun,B2,ˈfɪŋɡɝˌneɪɫ,fˈɪŋɡənˌeɪl
fire,verb,B2,ˈfaɪɝ,fˈaɪə
fire brigade,noun,B2,ˈfaɪɝ bɹəˈɡeɪd,fˈaɪə bɹɪɡˈeɪd
firearm,noun,B2,ˈfaɪˌɹɑɹm,fˈaɪəɹɑːm
fireplace,noun,B2,ˈfaɪɝˌpɫeɪs,fˈaɪəpleɪs
firmness,noun,B2,ˈfɝmnəs,fˈɜːmnəs
first language,noun,B2,ˈfɝst ˈɫæŋɡwədʒ,fˈɜːst lˈæŋɡwɪdʒ
first person,noun,B2,ˈfɝst ˈpɝsən,fˈɜːst pˈɜːsən
firstly,adverb,B2,ˈfɝstɫi,fˈɜːstli
fiscal,adjective,B2,ˈfɪskəɫ,fˈɪskəl
fit,noun,B2,ˈfɪt,fˈɪt
fixed,adjective,B2,ˈfɪkst,fˈɪkst
flame,noun,B2,ˈfɫeɪm,flˈeɪm
flap,verb,B2,ˈfɫæp,flˈæp
flash,noun,B2,ˈfɫæʃ,flˈæʃ
flash,verb,B2,ˈfɫæʃ,flˈæʃ
flat,adverb,B2,ˈfɫæt,flˈæt
flaw,noun,B2,ˈfɫɔ,flˈɔː
flawless,adjective,B2,ˈfɫɔɫəs,flˈɔːləs
flax,noun,B2,ˈfɫæks,flˈæks
flee,verb,B2,ˈfɫi,flˈiː
fleet,noun,B2,ˈfɫit,flˈiːt
flesh,noun,B2,ˈfɫɛʃ,flˈɛʃ
flexibility,noun,B2,ˌfɫɛksəˈbɪɫəti,flˌɛksɪbˈɪlɪti
flexible,adjective,B2,ˈfɫɛksəbəɫ,flˈɛksɪbəl
flexibly,adverb,B2,ˈfɫɛksəbɫi,flˈɛksəbli
flip,verb,B2,ˈfɫɪp,flˈɪp
fluency,noun,B2,ˈfɫuənsi,flˈuːənsi
fluid,adjective,B2,ˈfɫuəd,flˈuːɪd
flutter,noun,B2,ˈfɫətɝ,flˈʌtɐ
focus,noun,B2,ˈfoʊkəs,fˈəʊkəs
follower,noun,B2,ˈfɑɫoʊɝ,fˈɒləʊɐ
following,preposition,B2,ˈfɑɫoʊɪŋ,fˈɒləʊɪŋ
folly,noun,B2,ˈfɑɫi,fˈɒli
fondly,adverb,B2,ˈfɑndɫi,fˈɒndli
foolishly,adverb,B2,ˈfuɫɪʃɫi,fˈuːlɪʃli
footnote,noun,B2,ˈfʊtˌnoʊt,fˈʊtnəʊt
force,verb,B2,ˈfɔɹs,fˈɔːs
forcefully,adverb,B2,ˈfɔɹsfəɫi,fˈɔːsfəli
foreman,noun,B2,ˈfɔɹmən,fˈɔːmən
foresee,verb,B2,fɔɹˈsi,fɔːsˈiː
forestry,noun,B2,ˈfɔɹəstɹi,fˈɒɹɪstɹi
formation,noun,B2,fɔɹˈmeɪʃən,fɔːmˈeɪʃən
formerly,adverb,B2,ˈfɔɹmɝɫi,fˈɔːməli
formidable,adjective,B2,ˈfɔɹmədəbəɫ,fɔːmˈɪdəbəl
forthcoming,adjective,B2,ˈfɔɹθˈkəmɪŋ,fˈɔːθkʌmɪŋ
foul,adjective,B2,ˈfaʊɫ,fˈaʊl
found,verb,B2,ˈfaʊnd,fˈaʊnd
fox,noun,B2,ˈfɑks,fˈɒks
fragrance,noun,B2,ˈfɹeɪɡɹəns,fɹˈeɪɡɹəns
frame,verb,B2,ˈfɹeɪm,fɹˈeɪm
frankly,adverb,B2,ˈfɹæŋkɫi,fɹˈæŋkli
frantically,adverb,B2,ˈfɹænəkəɫi,fɹˈɑːntɪkli
fraud,noun,B2,ˈfɹɔd,fɹˈɔːd
freak,verb,B2,ˈfɹik,fɹˈiːk
free,verb,B2,ˈfɹi,fɹˈiː
friendly,adjective,B2,ˈfɹɛndɫi,fɹˈɛndli
frigate,noun,B2,ˈfɹɪɡət,fɹˈɪɡət
frontier,noun,B2,fɹənˈtɪɹ,fɹˈʌntiə
frugal,adjective,B2,ˈfɹuɡəɫ,fɹˈuːɡəl
fulfill,verb,B2,fʊɫˈfɪɫ,
fume,noun,B2,ˈfjum,fjˈuːm
functional,adjective,B2,ˈfəŋkʃənəɫ,fˈʌŋkʃənəl
functionality,noun,B2,ˌfəŋkʃəˈnæɫɪti,fˌʌŋkʃənˈælɪti
fundamental,adjective,B2,ˌfəndəˈmɛnəɫ,fˌʌndəmˈɛntəl
funk,noun,B2,ˈfəŋk,fˈʌŋk
funky,adjective,B2,ˈfəŋki,fˈʌŋki
furious,adjective,B2,ˈfjʊɹiəs,fjˈɔːɹɪəs
furiously,adverb,B2,ˈfjʊɹiəsɫi,fjˈɔːɹɪəsli
furor,noun,B2,ˈfjʊɹɔɹ,
gaiety,noun,B2,,ɡˈeɪəti
gambling,noun,B2,ˈɡæmbəɫɪŋ,ɡˈæmblɪŋ
gang,noun,B2,ˈɡæŋ,ɡˈæŋ
gangster,noun,B2,ˈɡæŋstɝ,ɡˈæŋstɐ
gardener,noun,B2,ˈɡɑɹdənɝ,ɡˈɑːdənɐ
gasp,noun,B2,ˈɡæsp,ɡˈɑːsp
gateway,noun,B2,ˈɡeɪtˌweɪ,ɡˈeɪtweɪ
gaudy,adjective,B2,ˈɡɔdi,ɡˈɔːdi
gaze,noun,B2,ˈɡeɪz,ɡˈeɪz
gear,noun,B2,ˈɡɪɹ,ɡˈiə
generalization,noun,B2,ˌdʒɛnɝəɫɪˈzeɪʃən,
generalize,verb,B2,ˈdʒɛnɝəˌɫaɪz,
generosity,noun,B2,ˌdʒɛnɝˈɑsəti,dʒˌɛnəɹˈɒsɪti
generously,adverb,B2,ˈdʒɛnɝəsɫi,dʒˈɛnəɹəsli
genius,noun,B2,ˈdʒinjəs,dʒˈiːnɪəs
genre,noun,B2,ˈʒɑnɹə,ʒˈɒnɹɐ
gently,adverb,B2,ˈdʒɛntɫi,dʒˈɛntli
genuine,adjective,B2,ˈdʒɛnˈjuˌwaɪn,dʒˈɛnjuːɪn
genuinely,adverb,B2,ˈdʒɛnˈjuˌwaɪnɫi,dʒˈɛnjuːɪnli
geographic,adjective,B2,ˌdʒiəˈɡɹæfɪk,dʒˌɪəɡɹˈæfɪk
germ,noun,B2,ˈdʒɝm,dʒˈɜːm
getaway,noun,B2,ˈɡɛtəˌweɪ,ɡˈɛtəwˌeɪ
ghetto,noun,B2,ˈɡɛtoʊ,ɡˈɛtəʊ
giveaway,noun,B2,ˈɡɪvəˌweɪ,ɡˈɪvɐwˌeɪ
glacis,noun,B2,ˈɡɫeɪsəs,
glamorous,adjective,B2,ˈɡɫæmɝəs,ɡlˈæməɹəs
glare,noun,B2,ˈɡɫɛɹ,ɡlˈeə
gleam,noun,B2,ˈɡɫim,ɡlˈiːm
glee,noun,B2,ˈɡɫi,ɡlˈiː
global warming,noun,B2,ˈɡɫoʊbəɫ ˈwɔɹmɪŋ,ɡlˈəʊbəl wˈɔːmɪŋ
globally,adverb,B2,ˈɡɫoʊbəɫi,ɡlˈəʊbəli
glocal,adjective,B2,,
gloomy,adjective,B2,ˈɡɫumi,ɡlˈuːmi
glorify,verb,B2,ˈɡɫɔɹəˌfaɪ,ɡlˈɔːɹɪfˌaɪ
glow,noun,B2,ˈɡɫoʊ,ɡlˈəʊ
goat,noun,B2,ˈɡoʊt,ɡˈəʊt
god,noun,B2,ˈɡɑd,ɡˈɒd
godly,adjective,B2,ˈɡɑdɫi,ɡˈɒdli
good,noun,B2,ˈɡʊd,ɡˈʊd
goodwill,noun,B2,ˈɡʊdˈwɪɫ,ɡˈʊdwɪl
gook,noun,B2,ˈɡʊk,ɡˈʊk
gorge,noun,B2,ˈɡɔɹdʒ,ɡˈɔːdʒ
gossip,verb,B2,ˈɡɑsəp,ɡˈɒsɪp
governmental,adjective,B2,ˈɡəvɝˌmɛntəɫ,ɡˌʌvənmˈɛntəl
gracefulness,noun,B2,,ɡɹˈeɪsfəlnəs
grade,verb,B2,ˈɡɹeɪd,ɡɹˈeɪd
gradual,adjective,B2,ˈɡɹædʒuəɫ,ɡɹˈædʒuːəl
grain,noun,B2,ˈɡɹeɪn,ɡɹˈeɪn
grand,adjective,B2,ˈɡɹænd,ɡɹˈænd
graphically,adverb,B2,ˈɡɹæfɪkɫi,ɡɹˈæfɪkli
grasp,noun,B2,ˈɡɹæsp,ɡɹˈɑːsp
gravestone,noun,B2,ˈɡɹeɪvˌstoʊn,ɡɹˈeɪvstəʊn
gravitation,noun,B2,ˌɡɹævɪˈteɪʃən,ɡɹˌævɪtˈeɪʃən
greatness,noun,B2,ˈɡɹeɪtnəs,ɡɹˈeɪtnəs
grief,noun,B2,ˈɡɹif,ɡɹˈiːf
grieve,verb,B2,ˈɡɹiv,ɡɹˈiːv
grim,adjective,B2,ˈɡɹɪm,ɡɹˈɪm
grin,noun,B2,ˈɡɹɪn,ɡɹˈɪn
grip,noun,B2,ˈɡɹɪp,ɡɹˈɪp
grip,verb,B2,ˈɡɹɪp,ɡɹˈɪp
gross,adjective,B2,ˈɡɹoʊs,ɡɹˈəʊs
growing,adjective,B2,ˈɡɹoʊɪŋ,ɡɹˈəʊɪŋ
grown-up,adjective,B2,ˈɡɹoʊˌnəp,
grown-up,noun,B2,ˈɡɹoʊˌnəp,
guarantee,verb,B2,ˌɡɛɹənˈti,ɡˌæɹɑːntˈiː
guard,verb,B2,ˈɡɑɹd,ɡˈɑːd
guerrilla,noun,B2,ɡɝˈɪɫə,ɡɛɹˈɪlɐ
guideline,noun,B2,ˈɡaɪdˌɫaɪn,ɡˈaɪdlaɪn
gulp,noun,B2,ˈɡəɫp,ɡˈʌlp
gum,noun,B2,ˈɡəm,ɡˈʌm
gunshot,noun,B2,ˈɡənˌʃɑt,ɡˈʌnʃɒt
guts,noun,B2,ˈɡəts,ɡˈʌts
gymnastic,adjective,B2,dʒɪmˈnæstɪk,dʒɪmnˈɑːstɪk
habitant,noun,B2,,
hail,verb,B2,ˈheɪɫ,hˈeɪl
hairy,adjective,B2,ˈhɛɹi,hˈeəɹi
hammer,verb,B2,ˈhæmɝ,hˈæmɐ
handicap,noun,B2,ˈhændiˌkæp,hˈændɪkˌæp
handicraft,noun,B2,ˈhændiˌkɹæft,hˈændɪkɹˌɑːft
handout,noun,B2,ˈhænˌdaʊt,hˈændaʊt
handrail,noun,B2,ˈhænˌdɹeɪɫ,hˈændɹeɪl
hang,noun,B2,ˈhæŋ,hˈæŋ
hard drive,noun,B2,ˈhɑɹd ˈdɹaɪv,hˈɑːd dɹˈaɪv
hardware,noun,B2,ˈhɑɹdˌwɛɹ,hˈɑːdweə
harm,noun,B2,ˈhɑɹm,hˈɑːm
harmless,adjective,B2,ˈhɑɹmɫəs,hˈɑːmləs
harrow,noun,B2,ˈhæɹoʊ,hˈæɹəʊ
haste,noun,B2,ˈheɪst,hˈeɪst
hastily,adverb,B2,ˈheɪstəɫi,hˈeɪstɪli
hatching,noun,B2,ˈhætʃɪŋ,hˈætʃɪŋ
haunt,verb,B2,ˈhɔnt,hˈɔːnt
haunting,adjective,B2,ˈhɔntɪŋ,hˈɔːntɪŋ
hay,noun,B2,ˈheɪ,hˈeɪ
hazardous,adjective,B2,ˈhæzɝdəs,hˈæzədəs
headquarters,noun,B2,ˈhɛdˌkɔɹtɝz,hɛdkwˈɔːtəz
health care,noun,B2,ˈhɛɫθ ˈkɛɹ,hˈɛlθ kˈeə
heap,noun,B2,ˈhip,hˈiːp
heap,verb,B2,ˈhip,hˈiːp
heartbreaking,adjective,B2,ˈhɑɹtˌbɹeɪkɪŋ,hˈɑːtbɹeɪkɪŋ
heartwarming,adjective,B2,ˈhɑɹtˌwɔɹmɪŋ,hˈɑːtwɔːmɪŋ
hedge,noun,B2,ˈhɛdʒ,hˈɛdʒ
helicopter,noun,B2,ˈhɛɫɪˌkɑptɝ,hˈɛlɪkˌɒptɐ
hell,noun,B2,ˈhɛɫ,hˈɛl
helper,noun,B2,ˈhɛɫpɝ,hˈɛlpɐ
hemp,noun,B2,ˈhɛmp,hˈɛmp
herb,noun,B2,ˈɝb,hˈɜːb
heritage,noun,B2,ˈhɛɹətədʒ,hˈɛɹɪtɪdʒ
hesitation,noun,B2,ˌhɛzəˈteɪʃən,hˌɛsɪtˈeɪʃən
high-tech,adjective,B2,ˌhaɪˈtɛk,
highlight,noun,B2,ˈhaɪˌɫaɪt,hˈaɪlaɪt
hijack,noun,B2,ˈhaɪˌdʒæk,hˈaɪdʒæk
hijack,verb,B2,ˈhaɪˌdʒæk,hˈaɪdʒæk
hilarious,adjective,B2,hɪˈɫɛɹiəs,hɪlˈeəɹɪəs
hint,noun,B2,ˈhɪnt,hˈɪnt
holder,noun,B2,ˈhoʊɫdɝ,hˈəʊldɐ
hollow,adjective,B2,ˈhɑɫoʊ,hˈɒləʊ
holocaust,noun,B2,ˈhɑɫəˌkɔst,hˈɒləkˌɔːst
homeward,adjective,B2,ˈhoʊmwɝd,hˈəʊmwəd
hone,noun,B2,ˈhoʊn,hˈəʊn
honor,verb,B2,ˈɑnɝ,ˈɒnɐ
honorable,adjective,B2,ˈɑnɝəbəɫ,ˈɒnəɹəbəl
hood,noun,B2,ˈhʊd,hˈʊd
hook,noun,B2,ˈhʊk,hˈʊk
hook,verb,B2,ˈhʊk,hˈʊk
hospice,noun,B2,ˈhɑspəs,hˈɒspɪs
hospitable,adjective,B2,ˈhɑˈspɪtəbəɫ,hɒspˈɪtəbəl
hospitality,noun,B2,ˌhɑspəˈtæɫəti,hˌɒspɪtˈælɪti
hospitalize,verb,B2,ˈhɔˌspɪtəˌɫaɪz,
hourly,adjective,B2,ˈaʊɹɫi,ˈaʊəli
housekeeper,noun,B2,ˈhaʊˌskipɝ,hˈaʊskiːpɐ
housemaster,noun,B2,,hˈaʊsmɑːstɐ
housewife,noun,B2,ˈhaʊˌswaɪf,
hover,verb,B2,ˈhəvɝ,hˈɒvɐ
hug,noun,B2,ˈhəɡ,hˈʌɡ
hugely,adverb,B2,ˈhjudʒɫi,hjˈuːdʒli
human rights,noun,B2,ˈhjumən ˈɹaɪts,hjˈuːmən ɹˈaɪts
humane,adjective,B2,hjuˈmeɪn,hjuːmˈeɪn
humanist,noun,B2,ˈhjumənɪst,hjˈuːmɐnˌɪst
humanize,verb,B2,ˈhjuməˌnaɪz,
humble,adjective,B2,ˈhəmbəɫ,hˈʌmbəl
humbug,noun,B2,ˈhəmˌbəɡ,hˈʌmbʌɡ
humiliate,verb,B2,hjuˈmɪɫiˌeɪt,hjuːmˈɪlɪˌeɪt
humiliating,adjective,B2,hjuˈmɪɫiˌeɪtɪŋ,hjuːmˈɪlɪˌeɪtɪŋ
humiliation,noun,B2,hjuˌmɪɫiˈeɪʃən,hjˌuːmɪlɪˈeɪʃən
hunting,noun,B2,ˈhəntɪŋ,hˈʌntɪŋ
hush,verb,B2,ˈhəʃ,hˈʌʃ
hybrid,adjective,B2,ˈhaɪbɹəd,hˈaɪbɹɪd
hygiene,noun,B2,ˈhaɪˌdʒin,hˈaɪdʒiːn
hyperbole,noun,B2,haɪˈpɝbəˌɫi,haɪpˈɜːbəlˌi
hyphen,noun,B2,ˈhaɪfən,hˈaɪfən
iceman,noun,B2,ˈaɪsmæn,ˈaɪsmən
icon,noun,B2,ˈaɪkɑn,ˈaɪkɒn
icy,adjective,B2,ˈaɪsi,ˈaɪsi
ideally,adverb,B2,aɪˈdiɫi,aɪdˈiəli
identical,adjective,B2,aɪˈdɛntɪkəɫ,aɪdˈɛntɪkəl
identification,noun,B2,aɪˌdɛntəfəˈkeɪʃən,aɪdˈɛntɪfɪkˈeɪʃən
identify,verb,B2,aɪˈdɛntəˌfaɪ,aɪdˈɛntɪfˌaɪ
ideology,noun,B2,ˌaɪdiˈɑɫədʒi,ˌaɪdɪˈɒlədʒi
idiot,noun,B2,ˈɪˌdiət,ˈɪdɪət
idle,adjective,B2,ˈaɪdəɫ,ˈaɪdəl
idolize,verb,B2,ˈaɪdəˌɫaɪz,
ignorance,noun,B2,ˈɪɡnɝəns,ˈɪɡnəɹəns
ignorant,adjective,B2,ˈɪɡnɝənt,ˈɪɡnəɹənt
illustrate,verb,B2,ˈɪɫəˌstɹeɪt,ˈɪləstɹˌeɪt
illustration,noun,B2,ˌɪɫəˈstɹeɪʃən,ˌɪləstɹˈeɪʃən
imagery,noun,B2,ˈɪmədʒɹi,ˈɪmɪdʒɹˌi
imitation,noun,B2,ˌɪməˈteɪʃən,ˌɪmɪtˈeɪʃən
immerse,verb,B2,ˌɪˈmɝs,ɪmˈɜːs
immigrant,noun,B2,ˈɪməɡɹənt,ˈɪmɪɡɹənt
immoral,adjective,B2,ˌɪˈmɔɹəɫ,ɪmˈɒɹəl
immortal,adjective,B2,ˌɪˈmɔɹtəɫ,ɪmˈɔːtəl
immortality,noun,B2,ˌɪmɔɹˈtæɫɪti,ɪmɔːtˈælɪti
impartial,adjective,B2,ˌɪmˈpɑɹʃəɫ,ɪmpˈɑːʃəl
impatiently,adverb,B2,ˌɪmˈpeɪʃəntɫi,ɪmpˈeɪʃəntli
imperative,noun,B2,ˌɪmˈpɛɹətɪv,ɪmpˈɛɹətˌɪv
impermanent,adjective,B2,,ɪmpˈɜːmənənt
implement,noun,B2,ˈɪmpɫəmənt,
implement,verb,B2,ˈɪmpɫəmənt,
implication,noun,B2,ˌɪmpɫəˈkeɪʃən,ˌɪmplɪkˈeɪʃən
imply,verb,B2,ˌɪmˈpɫaɪ,ɪmplˈaɪ
impolite,adjective,B2,ˌɪmpəˈɫaɪt,ɪmpəlˈaɪt
impolitely,adverb,B2,,ɪmpəlˈaɪtli
import,verb,B2,ˈɪmˌpɔɹt,
impose,verb,B2,ˌɪmˈpoʊz,ɪmpˈəʊz
impossibility,noun,B2,ˌɪmˌpɔsɪˈbɪɫɪti,ɪmpˌɒsəbˈɪlɪti
impractical,adjective,B2,ˌɪmˈpɹæktəkəɫ,ɪmpɹˈæktɪkəl
impressed,adjective,B2,ˌɪmˈpɹɛst,ɪmpɹˈɛst
impressionism,noun,B2,ˌɪmˈpɹɛʃəˌnɪzəm,ɪmpɹˈɛʃənˌɪzəm
impressionist,noun,B2,ˌɪmˈpɹɛʃənəst,ɪmpɹˈɛʃənˌɪst
imprison,verb,B2,ˌɪmˈpɹɪzən,ɪmpɹˈɪzən
imprisonment,noun,B2,ˌɪmˈpɹɪzənmənt,ɪmpɹˈɪzənmənt
improbable,adjective,B2,ˌɪmˈpɹɑbəbəɫ,ɪmpɹˈɒbəbəl
improperly,adverb,B2,ˌɪmˈpɹɑpɝɫi,ɪmpɹˈɒpəli
improved,adjective,B2,ˌɪmˈpɹuvd,ɪmpɹˈuːvd
impulse,noun,B2,ˈɪmpəɫs,ˈɪmpʌls
impulsive,adjective,B2,ˌɪmˈpəɫsɪv,ɪmpˈʌlsɪv
inaccurate,adjective,B2,ˌɪˈnækjɝət,ɪnˈækjʊɹət
inadequate,adjective,B2,ˌɪˈnædəˌkweɪt,ɪnˈædɪkwət
inanimate,adjective,B2,ˌɪˈnænəmət,ɪnˈænɪmət
inborn,adjective,B2,ˈɪnˌbɔɹn,ˈɪnbɔːn
incense,noun,B2,ˈɪnˌsɛns,
incentive,noun,B2,ˌɪnˈsɛnɪv,ɪnsˈɛntɪv
inch,verb,B2,ˈɪntʃ,ˈɪntʃ
incur,verb,B2,ˌɪnˈkɝ,ɪnkˈɜː
incurable,adjective,B2,ˌɪnˈkjʊɹəbəɫ,ɪnkjˈɔːɹəbəl
indebted,adjective,B2,ˌɪnˈdɛtɪd,ˌɪndˈɛtɪd
indent,verb,B2,ˌɪnˈdɛnt,
independently,adverb,B2,ˌɪndɪˈpɛndəntɫi,ˌɪndɪpˈɛndəntli
indescribable,adjective,B2,ˌɪndɪsˈkɹaɪbəbəɫ,ˌɪndɪskɹˈaɪbəbəl
index,noun,B2,ˈɪndɛks,ˈɪndɛks
indifferent,adjective,B2,ˌɪnˈdɪfɝənt,ɪndˈɪfɹənt
indignity,noun,B2,ˌɪnˈdɪɡnəˌti,ɪndˈɪɡnɪti
indispensable,adjective,B2,ˌɪndɪˈspɛnsəbəɫ,ˌɪndɪspˈɛnsəbəl
individual,noun,B2,ˌɪndəˈvɪdʒəwəɫ,ˌɪndɪvˈɪdʒuːəl
indulge,verb,B2,ˌɪnˈdəɫdʒ,ɪndˈʌldʒ
indulgent,adjective,B2,ˌɪnˈdəɫdʒənt,ɪndˈʌldʒənt
industrialize,verb,B2,ˌɪnˈdəstɹiəˌɫaɪz,
ineffective,adjective,B2,ˌɪnɪˈfɛktɪv,ɪnɪfˈɛktɪv
inert,adjective,B2,ˌɪˈnɝt,ɪnˈɜːt
inexperienced,adjective,B2,ɪnɪkˈspɪɹiənst,ˌɪnɛkspˈiəɹɪənst
infant,noun,B2,ˈɪnfənt,ˈɪnfənt
infect,verb,B2,ˌɪnˈfɛkt,ɪnfˈɛkt
infected,adjective,B2,ˌɪnˈfɛktɪd,ɪnfˈɛktɪd
infectious,adjective,B2,ˌɪnˈfɛkʃəs,ɪnfˈɛkʃəs
infer,verb,B2,ˌɪnˈfɝ,ɪnfˈɜː
inference,noun,B2,ˈɪnfɝəns,ˈɪnfəɹəns
inflammation,noun,B2,ˌɪnfɫəˈmeɪʃən,ɪnflæmˈeɪʃən
inflammatory,adjective,B2,ɪnˈfɫæməˌtɔɹi,ɪnflˈæmətəɹˌi
inflate,verb,B2,ɪnˈfɫeɪt,ɪnflˈeɪt
inflation,noun,B2,ˌɪnˈfɫeɪʃən,ɪnflˈeɪʃən
influence,verb,B2,ˈɪnfɫuəns,ˈɪnfluːəns
influential,adjective,B2,ˌɪnfɫuˈɛnʃəɫ,ˌɪnfluːˈɛnʃəl
influenza,noun,B2,ˌɪnfɫuˈɛnzə,ˌɪnfluːˈɛnzɐ
informal,adjective,B2,ˌɪnˈfɔɹməɫ,ɪnfˈɔːməl
infringe,verb,B2,ˌɪnˈfɹɪndʒ,ɪnfɹˈɪndʒ
infringement,noun,B2,ˌɪnˈfɹɪndʒmənt,ɪnfɹˈɪndʒmənt
inhabit,verb,B2,ˌɪnˈhæbət,ɪnhˈæbɪt
inherit,verb,B2,ˌɪnˈhɛɹət,ɪnhˈɛɹɪt
initial,adjective,B2,ˌɪˈnɪʃəɫ,ɪnˈɪʃəl
initiative,noun,B2,ˌɪˈnɪʃətɪv,ɪnˈɪʃiətˌɪv
injection,noun,B2,ˌɪnˈdʒɛkʃən,ɪndʒˈɛkʃən
injured,adjective,B2,ˈɪndʒɝd,ˈɪndʒəd
innate,adjective,B2,ˌɪˈneɪt,ɪnnˈeɪt
innocently,adverb,B2,ˈɪnəsəntɫi,ˈɪnəsəntli
innovation,noun,B2,ˌɪnəˈveɪʃən,ˌɪnəvˈeɪʃən
innovative,adjective,B2,ˈɪnəˌveɪtɪv,ˈɪnəvˌeɪtɪv
input,noun,B2,ˈɪnˌpʊt,ˈɪnpʊt
inquire,verb,B2,ˌɪnˈkwaɪɹ,ɪnkwˈaɪə
inseparable,adjective,B2,ˌɪnˈsɛpɝəbəɫ,ɪnsˈɛpəɹəbəl
inside,adjective,B2,ˈɪnˌsaɪd,
inside,noun,B2,ˈɪnˌsaɪd,
inspect,verb,B2,ˌɪnˈspɛkt,ɪnspˈɛkt
inspector,noun,B2,ˌɪnˈspɛktɝ,ɪnspˈɛktɐ
inspirational,adjective,B2,ˌɪnspɝˈeɪʃənəɫ,ˌɪnspəɹˈeɪʃənəl
instantly,adverb,B2,ˈɪnstəntɫi,ˈɪnstəntli
instill,verb,B2,ˌɪnˈstɪɫ,ɪnstˈɪl
instinct,noun,B2,ˈɪnstɪŋkt,
institution,noun,B2,ˌɪnstɪˈtuʃən,ˌɪnstɪtjˈuːʃən
instruct,verb,B2,ˌɪnˈstɹəkt,ɪnstɹˈʌkt
insufficient,adjective,B2,ˌɪnsəˈfɪʃənt,ɪnsəfˈɪʃənt
insult,noun,B2,ˈɪnˌsəɫt,
insult,verb,B2,ˈɪnˌsəɫt,
integrate,verb,B2,ˈɪnəˌɡɹeɪt,ˈɪntɪɡɹˌeɪt
intellectual,adjective,B2,ˌɪnəˈɫɛktʃuəɫ,ˌɪntəlˈɛktʃuːəl
intellectual,noun,B2,ˌɪnəˈɫɛktʃuəɫ,ˌɪntəlˈɛktʃuːəl
intent,adjective,B2,ˌɪnˈtɛnt,ɪntˈɛnt
interactive,adjective,B2,ˌɪnɝˈæktɪv,ˌɪntəɹˈæktɪv
interfere,verb,B2,ˌɪnɝˈfɪɹ,ˌɪntəfˈiə
interior,noun,B2,ˌɪnˈtɪɹiɝ,ɪntˈiəɹɪɐ
interpersonal,adjective,B2,ˌɪntɝˈpɝsənəɫ,ˌɪntəpˈɜːsənəl
interpret,verb,B2,ˌɪnˈtɝpɹət,ɪntˈɜːpɹɪt
interpretation,noun,B2,ˌɪnˌtɝpɹɪˈteɪʃən,ɪntˌɜːpɹɪtˈeɪʃən
interpreter,noun,B2,ˌɪnˈtɝpɹətɝ,ɪntˈɜːpɹɪtɐ
interruption,noun,B2,ˌɪntɝˈəpʃən,ˌɪntəɹˈʌpʃən
intersection,noun,B2,ˌɪntɝˈsɛkʃən,ˌɪntəsˈɛkʃən
intimate,adjective,B2,ˈɪnəmət,
intransitive,adjective,B2,,ɪntɹˈænsɪtˌɪv
intravenous,adjective,B2,ˌɪntɹəˈvinəs,ˈɪntɹəvənəs
intrude,verb,B2,ˌɪnˈtɹud,ɪntɹˈuːd
intruder,noun,B2,ˌɪnˈtɹudɝ,ɪntɹˈuːdɐ
intrusion,noun,B2,ˌɪnˈtɹuʒən,ɪntɹˈuːʒən
invariable,adjective,B2,ˌɪnˈvɛɹiəbəɫ,ɪnvˈeəɹɪəbəl
invariably,adverb,B2,ˌɪnˈvɛɹiəbɫi,ɪnvˈeəɹɪəbli
inventor,noun,B2,ˌɪnˈvɛntɝ,ɪnvˈɛntɐ
inverted commas,noun,B2,ˌɪnˈvɝtɪd ˈkɑməz,ɪnvˈɜːtɪd kˈɒməz
investigate,verb,B2,ˌɪnˈvɛstəˌɡeɪt,ɪnvˈɛstɪɡˌeɪt
investigator,noun,B2,ˌɪnˈvɛstəˌɡeɪtɝ,ɪnvˈɛstɪɡˌeɪtɐ
investment,noun,B2,ˌɪnˈvɛsmənt,ɪnvˈɛstmənt
investor,noun,B2,ˌɪnˈvɛstɝ,ɪnvˈɛstɐ
invisible,adjective,B2,ˌɪnˈvɪzəbəɫ,ɪnvˈɪzəbəl
invitingly,adverb,B2,,ɪnvˈaɪtɪŋli
invoke,verb,B2,ˌɪnˈvoʊk,ɪnvˈəʊk
involvement,noun,B2,ˌɪnˈvɑɫvmənt,ɪnvˈɒlvmənt
ironically,adverb,B2,aɪˈɹɑnɪkɫi,aɪɹˈɒnɪkli
irrational,adjective,B2,ˌɪˈɹæʃənəɫ,ɪɹˈæʃənəl
irresistible,adjective,B2,ˌɪɹɪˈzɪstəbəɫ,ɪɹɪsˈɪstəbəl
irresistibly,adverb,B2,ˌɪɹɪˈzɪstəbɫi,ɪɹɪsˈɪstəbli
irresponsible,adjective,B2,ˌɪɹəˈspɑnsəbəɫ,ɪɹɪspˈɒnsəbəl
irritated,adjective,B2,ˈɪɹəˌteɪtəd,ˈɪɹɪtˌeɪtɪd
irritating,adjective,B2,ˈɪɹəˌteɪtɪŋ,ˈɪɹɪtˌeɪtɪŋ
irritation,noun,B2,ˌɪɹɪˈteɪʃən,ˌɪɹɪtˈeɪʃən
islander,noun,B2,ˈaɪɫəndɝ,ˈaɪləndɐ
issue,verb,B2,ˈɪʃu,ˈɪʃuː
italicize,verb,B2,,
itch,verb,B2,ˈɪtʃ,ˈɪtʃ
jam,verb,B2,ˈdʒæm,dʒˈæm
jaw,noun,B2,ˈdʒɔ,dʒˈɔː
jealously,adverb,B2,ˈdʒɛɫəsɫi,dʒˈɛləsli
jeopardize,verb,B2,ˈdʒɛpɝˌdaɪz,
jeweler,noun,B2,ˈdʒuəɫɝ,
jog,noun,B2,ˈdʒɑɡ,dʒˈɒɡ
joint,noun,B2,ˈdʒɔɪnt,dʒˈɔɪnt
journalism,noun,B2,ˈdʒɝnəˌɫɪzəm,dʒˈɜːnəlˌɪzəm
judo,noun,B2,ˈdʒuˌdoʊ,dʒˈuːdəʊ
jump,noun,B2,ˈdʒəmp,dʒˈʌmp
junk food,noun,B2,ˈdʒəŋk ˈfud,dʒˈʌŋk fˈuːd
juror,noun,B2,ˈdʒʊɹɝ,dʒjˈʊɹɐ
jury,noun,B2,ˈdʒʊɹi,dʒˈɔːɹi
justify,verb,B2,ˈdʒəstəˌfaɪ,dʒˈʌstɪfˌaɪ
kangaroo,noun,B2,ˌkæŋɡɝˈu,kˈæŋɡɐɹˌuː
karaoke,noun,B2,ˌkɛɹiˈoʊki,kˌæɹɪˈəʊki
keen,adjective,B2,ˈkin,kˈiːn
keeper,noun,B2,ˈkipɝ,kˈiːpɐ
kerosene,noun,B2,ˈkɛɹəˌsin,kˈɛɹəsˌiːn
keystroke,noun,B2,ˈkiˌstɹoʊk,kˈiːstɹəʊk
kneel,verb,B2,ˈniɫ,nˈiːl
knot,noun,B2,ˈnɑt,nˈɒt
knowingly,adverb,B2,ˈnoʊɪŋɫi,nˈəʊɪŋli
known,adjective,B2,ˈnoʊn,nˈəʊn
label,noun,B2,ˈɫeɪbəɫ,lˈeɪbəl
laborer,noun,B2,ˈɫeɪbɝɝ,
lack,verb,B2,ˈɫæk,lˈæk
lame,adjective,B2,ˈɫeɪm,
lance,noun,B2,ˈɫæns,lˈɑːns
landing,noun,B2,ˈɫændɪŋ,lˈændɪŋ
landlady,noun,B2,ˈɫændˌɫeɪdi,lˈændleɪdi
landslide,noun,B2,ˈɫænˌsɫaɪd,lˈændslaɪd
lap,noun,B2,ˈɫæp,lˈæp
laptop,noun,B2,ˈɫæpˌtɑp,lˈæptɒp
lark,noun,B2,ˈɫɑɹk,lˈɑːk
laser,noun,B2,ˈɫeɪzɝ,lˈeɪzɐ
last minute,noun,B2,ˈɫæs ˈmɪnət,
last-minute,adjective,B2,ˌɫæsˈmɪnət,
lastly,adverb,B2,ˈɫæstɫi,lˈɑːstli
later,adjective,B2,ˈɫeɪtɝ,lˈeɪtɐ
latter,adjective,B2,ˈɫætɝ,lˈætɐ
laundry,noun,B2,ˈɫɔndɹi,lˈɔːndɹi
lava,noun,B2,ˈɫɑvə,lˈɑːvɐ
lawmaker,noun,B2,ˈɫɔˌmeɪkɝ,lˈɔːmeɪkɐ
lawn,noun,B2,ˈɫɔn,lˈɔːn
lawsuit,noun,B2,ˈɫɔˌsut,lˈɔːsuːt
layabout,noun,B2,,lˈeɪɐbˌaʊt
leaflet,noun,B2,ˈɫifɫət,lˈiːflət
leak,noun,B2,ˈɫik,lˈiːk
leak,verb,B2,ˈɫik,lˈiːk
lean,verb,B2,ˈɫin,lˈiːn
leap,noun,B2,ˈɫip,lˈiːp
learning,noun,B2,ˈɫɝnɪŋ,lˈɜːnɪŋ
lease,noun,B2,ˈɫis,lˈiːs
leash,noun,B2,ˈɫiʃ,lˈiːʃ
least,pronoun,B2,ˈɫist,lˈiːst
lecturer,noun,B2,ˈɫɛktʃɝɝ,lˈɛktʃəɹɐ
leek,noun,B2,ˈɫik,lˈiːk
legend,noun,B2,ˈɫɛdʒənd,lˈɛdʒənd
legendary,adjective,B2,ˈɫɛdʒənˌdɛɹi,lˈɛdʒəndəɹi
legislate,verb,B2,ˈɫɛdʒɪˌsɫeɪt,lˈɛdʒɪslˌeɪt
legislation,noun,B2,ˌɫɛdʒəˈsɫeɪʃən,lˌɛdʒɪslˈeɪʃən
legislative,adjective,B2,ˈɫɛdʒəˌsɫeɪtɪv,lˈɛdʒɪslətˌɪv
legislator,noun,B2,ˈɫɛdʒəˌsɫeɪtɝ,lˈɛdʒɪslˌeɪtɐ
legislature,noun,B2,ˈɫɛdʒəˌsɫeɪtʃɝ,lˈɛdʒɪslətʃɐ
legitimate,adjective,B2,ɫəˈdʒɪtəmət,
leisurely,adverb,B2,ˈɫizɝɫi,lˈɛʒəli
lengthen,verb,B2,ˈɫɛŋkθən,lˈɛŋθən
lengthy,adjective,B2,ˈɫɛŋθi,lˈɛŋθi
leopard,noun,B2,ˈɫɛpɝd,lˈɛpəd
lest,conjunction,B2,ˈɫɛst,lˈɛst
level,verb,B2,ˈɫɛvəɫ,lˈɛvəl
liberal,adjective,B2,ˈɫɪˌbɝəɫ,lˈɪbəɹəl
lick,verb,B2,ˈɫɪk,lˈɪk
lid,noun,B2,ˈɫɪd,lˈɪd
lifeless,adjective,B2,ˈɫaɪfɫəs,lˈaɪfləs
lifetime,noun,B2,ˈɫaɪfˌtaɪm,lˈaɪftaɪm
lighten,verb,B2,ˈɫaɪtən,lˈaɪtən
lighting,noun,B2,ˈɫaɪtɪŋ,lˈaɪtɪŋ
likewise,adverb,B2,ˈɫaɪˌkwaɪz,lˈaɪkwaɪz
limb,noun,B2,ˈɫɪm,lˈɪm
line,verb,B2,ˈɫaɪn,lˈaɪn
linen,noun,B2,ˈɫɪnən,lˈɪnɪn
liner,noun,B2,ˈɫaɪnɝ,lˈaɪnɐ
ling,noun,B2,ˈɫɪŋ,
linger,verb,B2,ˈɫɪŋɝ,lˈɪŋɡɐ
list,verb,B2,ˈɫɪst,lˈɪst
listener,noun,B2,ˈɫɪsənɝ,lˈɪsənɐ
literal,adjective,B2,ˈɫɪtɝəɫ,lˈɪtəɹəl
literally,adverb,B2,ˈɫɪtɝəɫi,lˈɪtəɹəli
litter,noun,B2,ˈɫɪtɝ,lˈɪtɐ
living,noun,B2,ˈɫɪvɪŋ,lˈɪvɪŋ
load,verb,B2,ˈɫoʊd,lˈəʊd
loan,noun,B2,ˈɫoʊn,lˈəʊn
lobby,noun,B2,ˈɫɑbi,lˈɒbi
loneliness,noun,B2,ˈɫoʊnɫinəs,lˈəʊnlinəs
long-distance,adjective,B2,ˌɫɔŋˈdistəns,
long-term,adjective,B2,ˈɫɔŋˈtɝm,
loosely,adverb,B2,ˈɫusɫi,lˈuːsli
lousy,adjective,B2,ˈɫaʊzi,lˈaʊsi
lower,verb,B2,ˈɫoʊɝ,
lowland,noun,B2,ˈɫoʊˌɫænd,lˈəʊlənd
lucrative,adjective,B2,ˈɫukɹətɪv,lˈuːkɹətˌɪv
lush,adjective,B2,ˈɫəʃ,lˈʌʃ
luxurious,adjective,B2,ɫəɡˈʒɝiəs,lʌɡʒjˈʊɹɪəs
luxury,adjective,B2,ˈɫəɡʒɝi,lˈʌkʃəɹˌi
lyrics,noun,B2,ˈɫɪɹɪks,lˈɪɹɪks
madam,noun,B2,ˈmædəm,mˈædəm
madame,noun,B2,ˈmædəm,mˈædəm
madness,noun,B2,ˈmædnəs,mˈædnəs
maestro,noun,B2,ˈmaɪstɹoʊ,mˈaɪstɹəʊ
magnify,verb,B2,ˈmæɡnəˌfaɪ,mˈæɡnɪfˌaɪ
major,noun,B2,ˈmeɪdʒɝ,mˈeɪdʒɐ
make,noun,B2,ˈmeɪk,mˈeɪk
malady,noun,B2,ˈmæɫədi,mˈælədi
malaria,noun,B2,məˈɫɛɹiə,mælˈeəɹiə
mama,noun,B2,ˈmɑmə,mˈɑːmɐ
mango,noun,B2,ˈmæŋɡoʊ,mˈæŋɡəʊ
manipulate,verb,B2,məˈnɪpjəˌɫeɪt,mənˈɪpjʊlˌeɪt
mansion,noun,B2,ˈmænʃən,mˈænʃən
manual,adjective,B2,ˈmænjuəɫ,mˈænjuːəl
manual,noun,B2,ˈmænjuəɫ,mˈænjuːəl
manufacture,noun,B2,ˌmænjəˈfæktʃɝ,mˌænjuːfˈæktʃɐ
manufacture,verb,B2,ˌmænjəˈfæktʃɝ,mˌænjuːfˈæktʃɐ
manufacturer,noun,B2,ˌmænjəˈfæktʃɝɝ,mˌænjuːfˈæktʃəɹɐ
manufacturing,noun,B2,ˌmænjəˈfæktʃɝɪŋ,mˌænjuːfˈæktʃəɹɪŋ
marathon,noun,B2,ˈmɛɹəˌθɑn,mˈæɹəθən
margin,noun,B2,ˈmɑɹdʒən,mˈɑːdʒɪn
marketing,noun,B2,ˈmɑɹkətɪŋ,mˈɑːkɪtɪŋ
martial art,noun,B2,ˈmɑɹʃəɫ ˈɑɹt,mˈɑːʃəl ˈɑːt
mask,noun,B2,ˈmæsk,mˈɑːsk
mass,noun,B2,ˈmæs,mˈæs
massacre,noun,B2,ˈmæsəkɝ,mˈæsəkɐ
massage,noun,B2,məˈsɑʒ,mˈæsɑːʒ
masseur,noun,B2,,mæsˈɜː
master,noun,B2,ˈmæstɝ,mˈɑːstɐ
masterpiece,noun,B2,ˈmæstɝˌpis,mˈɑːstəpˌiːs
mastery,noun,B2,ˈmæstɝi,mˈɑːstəɹi
mate,noun,B2,ˈmeɪt,
mathematical,adjective,B2,ˌmæθəˈmætɪkəɫ,mˌæθɪmˈætɪkəl
mature,adjective,B2,məˈtʃʊɹ,mətʃˈɔː
mausoleum,noun,B2,ˌmɔsəˈɫiəm,mˌɔːsəlˈiːəm
mean,noun,B2,ˈmin,mˈiːn
means,noun,B2,ˈminz,mˈiːnz
mechanize,verb,B2,ˈmɛkəˌnaɪz,
media,noun,B2,ˈmidiə,mˈiːdiːɐ
medication,noun,B2,ˌmɛdəˈkeɪʃən,mˌɛdɪkˈeɪʃən
medieval,adjective,B2,miˈdivəɫ,mˈɛdɪˌiːvəl
mediocre,adjective,B2,ˌmidiˈoʊkɝ,mˌiːdɪˈəʊkɐ
melody,noun,B2,ˈmɛɫədi,mˈɛlədi
memorial,noun,B2,məˈmɔɹiəɫ,məmˈɔːɹɪəl
mentor,noun,B2,ˈmɛnˌtɔɹ,mˈɛntɔː
merchandise,noun,B2,ˈmɝtʃənˌdaɪz,mˈɜːtʃɐndˌaɪz
mercy,noun,B2,ˈmɝsi,mˈɜːsi
merge,verb,B2,ˈmɝdʒ,mˈɜːdʒ
merger,noun,B2,ˈmɝdʒɝ,mˈɜːdʒɐ
mess,verb,B2,ˈmɛs,mˈɛs
messenger,noun,B2,ˈmɛsəndʒɝ,mˈɛsɪndʒɐ
metaphor,noun,B2,ˈmɛtəfɔɹ,mˈɛtəfˌɔː
metric,adjective,B2,ˈmɛtɹɪk,mˈɛtɹɪk
micro,noun,B2,ˈmaɪˌkɹoʊ,mˈaɪkɹəʊ
microbe,noun,B2,ˈmaɪˌkɹoʊb,mˈaɪkɹəʊb
microcomputer,noun,B2,ˈmaɪˌkɹoʊkəmˈpjutɝ,mˌaɪkɹəʊkəmpjˈuːtɐ
micrometer,noun,B2,maɪˈkɹɑmətɝ,
microorganism,noun,B2,ˌmaɪkɹoʊˈɔɹɡəˌnɪzəm,mˌaɪkɹəʊˈɔːɡənˌɪzəm
microphone,noun,B2,ˈmaɪkɹəˌfoʊn,mˈaɪkɹəfˌəʊn
microscope,noun,B2,ˈmaɪkɹəˌskoʊp,mˈaɪkɹəskˌəʊp
microscopic,adjective,B2,ˌmaɪkɹəˈskɑpɪk,mˌaɪkɹəskˈɒpɪk
microscopy,noun,B2,maɪˈkɹəskəpi,mˈaɪkɹəskəpi
microwave,noun,B2,ˈmaɪkɹəˌweɪv,mˈaɪkɹəʊwˌeɪv
midst,noun,B2,ˈmɪdst,mˈɪdst
mighty,adjective,B2,ˈmaɪti,mˈaɪti
migration,noun,B2,maɪˈɡɹeɪʃən,maɪɡɹˈeɪʃən
mill,noun,B2,ˈmɪɫ,mˈɪl
millimeter,noun,B2,ˈmɪɫəˌmitɝ,
millionaire,noun,B2,ˌmɪɫjəˈnɛɹ,mˌɪliənˈeə
mimic,noun,B2,ˈmɪmɪk,mˈɪmɪk
mine,noun,B2,ˈmaɪn,mˈaɪn
miniature,adjective,B2,ˈmɪniəˌtʃʊɹ,mˈɪnɪtʃɐ
minister,noun,B2,ˈmɪnəstɝ,mˈɪnɪstɐ
mint,noun,B2,ˈmɪnt,mˈɪnt
misconception,noun,B2,mɪskənˈsɛpʃən,mɪskənsˈɛpʃən
misfortune,noun,B2,mɪsˈfɔɹtʃən,mɪsfˈɔːtʃuːn
misleading,adjective,B2,mɪˈsɫidɪŋ,mɪslˈiːdɪŋ
missile,noun,B2,ˈmɪsəɫ,mˈɪsaɪl
mist,noun,B2,ˈmɪst,mˈɪst
mistreat,verb,B2,mɪˈstɹit,mɪstɹˈiːt
mistrustful,adjective,B2,mɪˈstɹəsfəɫ,mɪstɹˈʌstfəl
misunderstand,verb,B2,ˌmɪsəndɝˈstænd,mɪsˌʌndəstˈænd
mix,noun,B2,ˈmɪks,mˈɪks
mixture,noun,B2,ˈmɪkstʃɝ,mˈɪkstʃɐ
mobility,noun,B2,moʊˈbɪɫəti,məʊbˈɪlɪti
mock,adjective,B2,ˈmɑk,mˈɒk
modernization,noun,B2,ˌmɑdɝnaɪˈzeɪʃə,
modernize,verb,B2,ˈmɑdɝˌnaɪz,
modest,adjective,B2,ˈmɑdəst,mˈɒdəst
modification,noun,B2,ˌmɑdəfəˈkeɪʃən,mˌɒdɪfɪkˈeɪʃən
mogul,noun,B2,ˈmoʊɡəɫ,mˈəʊɡəl
mold,noun,B2,ˈmoʊɫd,mˈəʊld
momentarily,adverb,B2,ˌmoʊmənˈtɛɹəɫi,mˌəʊməntˈɛɹəli
momentary,adjective,B2,ˈmoʊmənˌtɛɹi,mˈəʊməntəɹˌi
monastery,noun,B2,ˈmɑnəˌstɛɹi,mˈɒnɑːstəɹi
moody,adjective,B2,ˈmudi,mˈuːdi
moonlight,noun,B2,ˈmunˌɫaɪt,mˈuːnlaɪt
moonscape,noun,B2,,mˈuːnskeɪp
moral,adjective,B2,ˈmɔɹəɫ,mˈɒɹəl
morality,noun,B2,mɝˈæɫəti,mɒɹˈælɪti
morally,adverb,B2,ˈmɔɹəɫi,mˈɒɹəli
mortal,adjective,B2,ˈmɔɹtəɫ,mˈɔːtəl
mortar,noun,B2,ˈmɔɹtɝ,mˈɔːtɐ
mortgage,noun,B2,ˈmɔɹɡədʒ,mˈɔːɡɪdʒ
mortify,verb,B2,ˈmɔɹtɪˌfaɪ,mˈɔːtɪfˌaɪ
mother-in-law,noun,B2,ˈməðɝɪnˌɫɔ,
motion,noun,B2,ˈmoʊʃən,mˈəʊʃən
motivated,adjective,B2,ˈmoʊtəˌveɪtəd,mˈəʊtɪvˌeɪtɪd
motorbike,noun,B2,ˈmoʊtɝˌbaɪk,mˈəʊtəbˌaɪk
motorist,noun,B2,ˈmoʊtɝɪst,mˈəʊtəɹˌɪst
mount,verb,B2,ˈmaʊnt,mˈaʊnt
mournful,adjective,B2,ˈmɔɹnfəɫ,mˈɔːnfəl
mover,noun,B2,ˈmuvɝ,mˈuːvɐ
moving,adjective,B2,ˈmuvɪŋ,mˈuːvɪŋ
muddy,adjective,B2,ˈmədi,mˈʌdi
multiple,adjective,B2,ˈməɫtəpəɫ,mˈʌltɪpəl
multiply,verb,B2,ˈməɫtəˌpɫaɪ,
mumble,noun,B2,ˈməmbəɫ,mˈʌmbəl
mumble,verb,B2,ˈməmbəɫ,mˈʌmbəl
murmur,noun,B2,ˈmɝmɝ,mˈɜːmɐ
muse,verb,B2,ˈmjuz,mjˈuːs
musical,noun,B2,ˈmjuzɪkəɫ,mjˈuːzɪkəl
mustache,noun,B2,ˈməsˌtæʃ,
mutability,noun,B2,,mjˌuːtəbˈɪlɪti
mutable,adjective,B2,ˈmjutəbəɫ,mjˈuːtəbəl
mutter,noun,B2,ˈmətɝ,mˈʌtɐ
mutter,verb,B2,ˈmətɝ,mˈʌtɐ
mutton,noun,B2,ˈmətən,mˈʌtən
mystify,verb,B2,ˈmɪstəˌfaɪ,mˈɪstɪfˌaɪ
nano,noun,B2,ˈnænoʊ,
narcissistic,adjective,B2,ˌnɑɹsɪˈsɪstɪk,nˌɑːsɪsˈɪstɪk
narrator,noun,B2,ˈnɛɹeɪtɝ,nɐɹˈeɪtɐ
narrowly,adverb,B2,ˈnɛɹoʊɫi,nˈæɹəʊli
nationwide,adjective,B2,ˈneɪʃənˈwaɪd,nˈeɪʃənwˌaɪd
nationwide,adverb,B2,ˈneɪʃənˈwaɪd,nˈeɪʃənwˌaɪd
native speaker,noun,B2,ˈneɪtɪv ˈspikɝ,nˈeɪtɪv spˈiːkɐ
naughty,adjective,B2,ˈnɔti,nˈɔːti
naval,adjective,B2,ˈneɪvəɫ,nˈeɪvəl
navigate,verb,B2,ˈnævəˌɡeɪt,nˈævɪɡˌeɪt
navigation,noun,B2,ˈnævəˈɡeɪʃən,nˌævɪɡˈeɪʃən
navy,noun,B2,ˈneɪvi,nˈeɪvi
neat,adjective,B2,ˈnit,nˈiːt
necessarily,adverb,B2,ˌnɛsəˈsɛɹəɫi,nˌɛsɪsˈɛɹəli
necessity,noun,B2,nəˈsɛsəti,nəsˈɛsɪti
need,noun,B2,ˈnid,nˈiːd
needless,adjective,B2,ˈnidɫəs,nˈiːdləs
needy,adjective,B2,ˈnidi,nˈiːdi
negatively,adverb,B2,ˈnɛɡətɪvɫi,nˈɛɡətˌɪvli
neglect,noun,B2,nəˈɡɫɛkt,nɪɡlˈɛkt
neighboring,adjective,B2,ˈneɪbɝɪŋ,
neither,adverb,B2,ˈnaɪðɝ,nˈaɪðɐ
neither,conjunction,B2,ˈnaɪðɝ,nˈaɪðɐ
neither,determiner,B2,ˈnaɪðɝ,nˈaɪðɐ
neither,pronoun,B2,ˈnaɪðɝ,nˈaɪðɐ
nerve,noun,B2,ˈnɝv,nˈɜːv
nerves,noun,B2,ˈnɝvz,nˈɜːvz
nervously,adverb,B2,ˈnɝvəsɫi,nˈɜːvəsli
netsurfer,noun,B2,,
neurosis,noun,B2,nʊˈɹoʊsəs,njuːɹˈəʊsɪs
newscaster,noun,B2,ˈnuzˌkæstɝ,njˈuːzkɑːstɐ
newsworthy,adjective,B2,ˈnuzˌwɝði,njˈuːzwɜːði
next,pronoun,B2,ˈnɛks,nˈɛkst
nicely,adverb,B2,ˈnaɪsɫi,nˈaɪsli
nightclub,noun,B2,ˈnaɪtˌkɫəb,nˈaɪtklʌb
nightmare,noun,B2,ˈnaɪtˌmɛɹ,nˈaɪtmeə
nobility,noun,B2,noʊˈbɪɫəti,nəʊbˈɪlɪti
noble,adjective,B2,ˈnoʊbəɫ,nˈəʊbəl
nobleman,noun,B2,ˈnoʊbəɫmən,nˈəʊbəlmən
nod,verb,B2,ˈnɑd,nˈɒd
nomad,noun,B2,ˈnoʊˌmæd,nˈəʊmæd
nomination,noun,B2,ˌnɑməˈneɪʃən,nˌɒmɪnˈeɪʃən
nominee,noun,B2,ˌnɑməˈni,nˈɒmɪnˌiː
non-smoking,adjective,B2,nɑnsˈmoʊkɪŋ,
nonprofessional,adjective,B2,ˌnɑnpɹəˈfɛʃənəɫ,
northward,adverb,B2,ˈnɔɹθwɝd,nˈɔːθwəd
nostril,noun,B2,ˈnɑstɹɪɫ,nˈɒstɹəl
nought,noun,B2,,nˈɔːt
nourish,verb,B2,ˈnɝɪʃ,nˈʌɹɪʃ
nourishment,noun,B2,ˈnɝɪʃmənt,nˈʌɹɪʃmənt
novelty,noun,B2,ˈnɑvəɫti,nˈɒvəlti
now,conjunction,B2,ˈnaʊ,nˈaʊ
nuisance,noun,B2,ˈnusəns,njˈuːsəns
numerical,adjective,B2,nuˈmɛɹəkəɫ,njuːmˈɛɹɪkəl
nursery,noun,B2,ˈnɝsɝi,nˈɜːsəɹi
nut,noun,B2,ˈnət,nˈʌt
nutshell,noun,B2,ˈnətˌʃɛɫ,nˈʌtʃɛl
oath,noun,B2,ˈoʊθ,ˈəʊθ
obedience,noun,B2,oʊˈbidiəns,əʊbˈiːdiəns
obedient,adjective,B2,oʊˈbidiənt,əʊbˈiːdiənt
obey,verb,B2,oʊˈbeɪ,əʊbˈeɪ
obituary,noun,B2,oʊˈbɪtʃuˌɛɹi,ɒbˈɪtʃɔːɹˌi
object,verb,B2,ˈɑbdʒɛkt,
objective,adjective,B2,əbˈdʒɛktɪv,ɒbdʒˈɛktɪv
obligation,noun,B2,ˌɑbɫəˈɡeɪʃən,ˌɒblɪɡˈeɪʃən
observer,noun,B2,əbˈzɝvɝ,ɒbzˈɜːvɐ
obsess,verb,B2,əbˈsɛs,ɒbsˈɛs
obsession,noun,B2,əbˈsɛʃən,ɒbsˈɛʃən
obsessive,adjective,B2,əbˈsɛsɪv,ɒbsˈɛsɪv
odd,adjective,B2,ˈɑd,ˈɒd
offend,verb,B2,əˈfɛnd,əfˈɛnd
offender,noun,B2,əˈfɛndɝ,əfˈɛndɐ
offense,noun,B2,əˈfɛns,
offhand,adverb,B2,ˈɔfˈhænd,ˈɒfhænd
official,noun,B2,əˈfɪʃəɫ,əfˈɪʃəl
offshore,adjective,B2,ˈɔfˈʃɔɹ,ˈɒfʃɔː
ointment,noun,B2,ˈɔɪntmənt,ˈɔɪntmənt
olive,noun,B2,ˈɑɫəv,ˈɒlɪv
Olympia,noun,B2,oʊˈɫɪmpiə,
Olympiad,noun,B2,oʊˈɫɪmpiˌæd,
once,conjunction,B2,ˈwəns,wˈɒns
openly,adverb,B2,ˈoʊpənɫi,ˈəʊpənli
operator,noun,B2,ˈɑpɝˌeɪtɝ,ˈɒpəɹˌeɪtɐ
opponent,noun,B2,əˈpoʊnənt,əpˈəʊnənt
optimism,noun,B2,ˈɑptəˌmɪzəm,ˈɒptɪmˌɪzəm
optimist,noun,B2,ˈɑptəmɪst,ˈɒptɪmˌɪst
optimistic,adjective,B2,ˌɑptəˈmɪstɪk,ˌɒptɪmˈɪstɪk
optional,adjective,B2,ˈɑpʃənəɫ,ˈɒpʃənəl
oral,adjective,B2,ˈɔɹəɫ,ˈɔːɹəl
orator,noun,B2,ˈɔɹətɝ,ˈɒɹətɐ
orchestral,adjective,B2,ɔɹˈkɛstɹəɫ,ɔːkˈɛstɹəl
orchid,noun,B2,ˈɔɹkɪd,ˈɔːkɪd
organizer,noun,B2,ˈɔɹɡəˌnaɪzɝ,
original,noun,B2,ɝˈɪdʒənəɫ,əɹˈɪdʒɪnəl
originality,noun,B2,ɝˌɪdʒəˈnæɫɪti,əɹˌɪdʒɪnˈælɪti
originally,adverb,B2,ɝˈɪdʒənəɫi,əɹˈɪdʒɪnəli
originate,verb,B2,ɝˈɪdʒəˌneɪt,əɹˈɪdʒɪnˌeɪt
ornament,noun,B2,ˈɔɹnəmənt,
ounce,noun,B2,ˈaʊns,ˈaʊns
outback,noun,B2,ˈaʊtˌbæk,ˈaʊtbæk
outbreak,noun,B2,ˈaʊtˌbɹeɪk,ˈaʊtbɹeɪk
outcome,noun,B2,ˈaʊtˌkəm,ˈaʊtkʌm
outdistance,verb,B2,ˈaʊtˈdɪstəns,
outdo,verb,B2,ˌaʊtˈdu,aʊtdˈuː
outfit,noun,B2,ˈaʊtˌfɪt,ˈaʊtfɪt
outgrow,verb,B2,ˌaʊtˈɡɹoʊ,aʊtɡɹˈəʊ
outing,noun,B2,ˈaʊtɪŋ,ˈaʊtɪŋ
outlet,noun,B2,ˈaʊtˌɫɛt,ˈaʊtlɛt
outline,noun,B2,ˈaʊtˌɫaɪn,ˈaʊtlaɪn
outlive,verb,B2,ˌaʊtˈɫɪv,aʊtlˈɪv
outlook,noun,B2,ˈaʊtˌɫʊk,ˈaʊtlʊk
outpatient,noun,B2,ˈaʊtˌpeɪʃənt,aʊtpˈeɪʃənt
output,noun,B2,ˈaʊtˌpʊt,ˈaʊtpʊt
outrage,noun,B2,ˈaʊˌtɹeɪdʒ,ˈaʊtɹeɪdʒ
outrageous,adjective,B2,aʊˈtɹeɪdʒəs,aʊtɹˈeɪdʒəs
outshine,verb,B2,ˈaʊˌtʃaɪn,aʊtʃˈaɪn
outside,adjective,B2,ˈaʊtˈsaɪd,
outside,noun,B2,ˈaʊtˈsaɪd,
outsider,noun,B2,aʊtˈsaɪdɝ,aʊtsˈaɪdɐ
outskirts,noun,B2,ˈaʊtˌskɝts,ˈaʊtskɜːts
outwardly,adverb,B2,ˈaʊtwɝdɫi,ˈaʊtwədli
oval,adjective,B2,ˈoʊvəɫ,ˈəʊvəl
overall,adjective,B2,ˈoʊvɝˌɔɫ,
overall,adverb,B2,ˈoʊvɝˌɔɫ,
overboard,adverb,B2,ˈoʊvɝˌbɔɹd,ˌəʊvəbˈɔːd
overbook,verb,B2,ˈoʊvɝˌbʊk,ˈəʊvəbˌʊk
overcoat,noun,B2,ˈoʊvɝˌkoʊt,ˈəʊvəkˌəʊt
overemphasize,verb,B2,ˈoʊvɝˈɛmfəˌsaɪz,
overestimate,verb,B2,ˌoʊvɝˈɛstəˌmeɪt,ˌəʊvəɹˈɛstɪmət
overhear,verb,B2,ˈoʊvɝˈhiɹ,ˌəʊvəhˈiə
overlap,noun,B2,ˈoʊvɝˌɫæp,
overlook,verb,B2,ˈoʊvɝˌɫʊk,
overly,adverb,B2,ˈoʊvɝɫi,ˈəʊvəlˌi
overseas,adjective,B2,ˈoʊvɝˈsiz,
overshadow,verb,B2,ˈoʊvɝˈʃædoʊ,ˌəʊvəʃˈædəʊ
oversize,adjective,B2,ˌoʊvɝˈsaɪz,ˌəʊvəsˈaɪz
overstep,verb,B2,ˈoʊvɝˌstɛp,ˌəʊvəstˈɛp
overtake,verb,B2,ˈoʊvɝˌteɪk,ˌəʊvətˈeɪk
overthrow,verb,B2,ˈoʊvɝˌθɹoʊ,
overtime,adverb,B2,ˈoʊvɝˌtaɪm,ˈəʊvətˌaɪm
overtime,noun,B2,ˈoʊvɝˌtaɪm,ˈəʊvətˌaɪm
overturn,verb,B2,ˈoʊvɝˌtɝn,ˌəʊvətˈɜːn
ow,noun,B2,ˈaʊ,ˈəʊ
owing to,preposition,B2,ˈoʊɪŋ ˈtu,ˈəʊɪŋ tˈuː
owl,noun,B2,ˈaʊɫ,ˈaʊl
ox,noun,B2,ˈɑks,ˈɒks
ozone,noun,B2,ˈoʊˌzoʊn,ˈəʊzəʊn
pa,noun,B2,ˈpɑ,pˈɑː
packed,adjective,B2,ˈpækt,pˈækt
packet,noun,B2,ˈpækət,pˈækɪt
pad,noun,B2,ˈpæd,
paintbrush,noun,B2,ˈpeɪntˌbɹəʃ,pˈeɪntbɹʌʃ
pajamas,noun,B2,pəˈdʒæməz,pɐdʒˈɑːməz
pallet,noun,B2,ˈpæɫət,pˈælɪt
pancake,noun,B2,ˈpænˌkeɪk,pˈænkeɪk
pandemic,adjective,B2,pænˈdɛmɪk,pændˈɛmɪk
panel,noun,B2,ˈpænəɫ,pˈænəl
panic,verb,B2,ˈpænɪk,pˈænɪk
papaya,noun,B2,pəˈpaɪə,pɐpˈaɪɐ
paperless,adjective,B2,ˈpeɪpɝɫəs,pˈeɪpələs
paperwork,noun,B2,ˈpeɪpɝˌwɝk,pˈeɪpəwˌɜːk
parade,noun,B2,pɝˈeɪd,pəɹˈeɪd
paradox,noun,B2,ˈpɛɹəˌdɑks,pˈæɹədˌɒks
paralysis,noun,B2,pɝˈæɫəsəs,pəɹˈæləsˌɪs
paramedic,adjective,B2,ˌpɛɹəˈmɛdɪk,pˌæɹəmˈɛdɪk
paratrooper,noun,B2,ˈpɛɹəˌtɹupɝ,pˈæɹətɹˌuːpɐ
parliament,noun,B2,ˈpɑɹɫəmənt,pˈɑːləmənt
part,verb,B2,ˈpɑɹt,pˈɑːt
participation,noun,B2,pɑɹˌtɪsəˈpeɪʃən,pɑːtˈɪsɪpˈeɪʃən
particle,noun,B2,ˈpɑɹtəkəɫ,pˈɑːtɪkəl
particular,adjective,B2,ˌpɑˈtɪkjəɫɝ,pətˈɪkjʊlɐ
partisan,noun,B2,ˈpɑɹtəzən,pˈɑːtɪsən
partnership,noun,B2,ˈpɑɹtnɝˌʃɪp,pˈɑːtnəʃˌɪp
passionate,adjective,B2,ˈpæʃənət,pˈæʃənət
passionately,adverb,B2,ˈpæʃənətɫi,pˈæʃənətli
pastor,noun,B2,ˈpæstɝ,pˈɑːstɐ
pastoral,adjective,B2,ˈpæstɝəɫ,pˈɑːstəɹəl
patch,noun,B2,ˈpætʃ,pˈætʃ
patiently,adverb,B2,ˈpeɪʃəntɫi,pˈeɪʃəntli
patriot,noun,B2,ˈpeɪtɹiət,pˈætɹɪət
patriotic,adjective,B2,ˌpeɪtɹiˈɑtɪk,pˌætɹɪˈɒtɪk
patriotism,noun,B2,ˈpeɪtɹiəˌtɪzəm,pˈætɹɪətˌɪzəm
patron,noun,B2,ˈpeɪtɹən,pˈeɪtɹən
pave,verb,B2,ˈpeɪv,pˈeɪv
pavement,noun,B2,ˈpeɪvmənt,pˈeɪvmənt
paw,noun,B2,ˈpɔ,pˈɔː
pawnbroker,noun,B2,,pˈɔːnbɹəʊkɐ
pawnshop,noun,B2,ˈpɔnˌʃɑp,pˈɔːnʃɒp
payment,noun,B2,ˈpeɪmənt,pˈeɪmənt
peacefully,adverb,B2,ˈpisfəɫi,pˈiːsfəli
peach,noun,B2,ˈpitʃ,pˈiːtʃ
peak,noun,B2,ˈpik,pˈiːk
pearl,noun,B2,ˈpɝɫ,pˈɜːl
pebble,noun,B2,ˈpɛbəɫ,pˈɛbəl
pedal,noun,B2,ˈpɛdəɫ,
pedantic,adjective,B2,pəˈdæntɪk,pɛdˈɑːntɪk
pedestrian,noun,B2,pəˈdɛstɹiən,pədˈɛstɹiən
pee,verb,B2,ˈpi,pˈiː
peel,noun,B2,ˈpiɫ,pˈiːl
peel,verb,B2,ˈpiɫ,pˈiːl
peep,noun,B2,ˈpip,pˈiːp
peer,noun,B2,ˈpɪɹ,
peg,noun,B2,ˈpɛɡ,pˈɛɡ
penalize,verb,B2,ˈpɛnəˌɫaɪz,
penalty,noun,B2,ˈpɛnəɫti,pˈɛnəlti
penetrate,verb,B2,ˈpɛnəˌtɹeɪt,pˈɛnɪtɹˌeɪt
penguin,noun,B2,ˈpɛŋɡwən,pˈɛŋɡwɪn
penicillin,noun,B2,ˌpɛnəˈsɪɫən,pˈɛnɪsˌɪlɪn
pension,noun,B2,ˈpɛnʃən,
pentagon,noun,B2,ˈpɛnɪˌɡɑn,pˈɛntəɡən
perceive,verb,B2,pɝˈsiv,pəsˈiːv
percentage,noun,B2,pɝˈsɛnədʒ,pəsˈɛntɪdʒ
perception,noun,B2,pɝˈsɛpʃən,pəsˈɛpʃən
permanence,noun,B2,ˈpɝmənəns,pˈɜːmənəns
permeate,verb,B2,ˈpɝmiˌeɪt,pˈɜːmɪˌeɪt
perseverance,noun,B2,ˌpɝsəˈvɪɹəns,pˌɜːsɪvˈiəɹəns
persist,verb,B2,pɝˈsɪst,pəsˈɪst
persistence,noun,B2,pɝˈsɪstəns,pəsˈɪstəns
persistent,adjective,B2,pɝˈsɪstənt,pəsˈɪstənt
personification,noun,B2,pɝˌsɑnəfəˈkeɪʃən,pɜːsˈɒnɪfɪkˈeɪʃən
personify,verb,B2,pɝˈsɑnəˌfaɪ,pɜːsˈɒnɪfˌaɪ
personnel,noun,B2,ˌpɝsəˈnɛɫ,pˌɜːsənˈɛl
perspective,noun,B2,pɝˈspɛktɪv,pəspˈɛktɪv
perspiration,noun,B2,ˌpɝspɝˈeɪʃən,pəspəɹˈeɪʃən
persuasion,noun,B2,pɝˈsweɪʒən,pəswˈeɪʒən
pessimist,noun,B2,ˈpɛsəməst,pˈɛsɪmˌɪst
pessimistic,adjective,B2,ˌpɛsəˈmɪstɪk,pˌɛsɪmˈɪstɪk
petrified,adjective,B2,ˈpɛtɹəˌfaɪd,pˈɛtɹɪfˌaɪd
petty,adjective,B2,ˈpɛˌti,pˈɛti
pH,noun,B2,ˈpiˈeɪtʃ,
pharmacist,noun,B2,ˈfɑɹməsɪst,fˈɑːmɐsˌɪst
phase,noun,B2,ˈfeɪz,fˈeɪz
philosophical,adjective,B2,ˌfɪɫəˈsɑfɪkəɫ,fˌɪləsˈɒfɪkəl
photograph,verb,B2,ˈfoʊtəˌɡɹæf,fˈəʊtəɡɹˌæf
physician,noun,B2,fəˈzɪʃən,fɪzˈɪʃən
pi,noun,B2,ˈpaɪ,pˈaɪ
pickle,noun,B2,ˈpɪkəɫ,pˈɪkəl
picky,adjective,B2,ˈpɪki,pˈɪki
picture,verb,B2,ˈpɪktʃɝ,pˈɪktʃɐ
picturesque,adjective,B2,ˈpɪktʃɝəsk,pˌɪktʃəɹˈɛsk
pillowcase,noun,B2,,pˈɪləʊkˌeɪs
pin,noun,B2,ˈpɪn,pˈɪn
pine,noun,B2,ˈpaɪn,pˈaɪn
pint,noun,B2,ˈpaɪnt,pˈaɪnt
piracy,noun,B2,ˈpaɪɹəsi,pˈaɪəɹəsˌi
pirate,noun,B2,ˈpaɪɹət,pˈaɪɹət
pitch,noun,B2,ˈpɪtʃ,pˈɪtʃ
pitch,verb,B2,ˈpɪtʃ,pˈɪtʃ
plague,noun,B2,ˈpɫeɪɡ,plˈeɪɡ
planning,noun,B2,ˈpɫænɪŋ,plˈænɪŋ
playmate,noun,B2,ˈpɫeɪˌmeɪt,plˈeɪmeɪt
playwright,noun,B2,ˈpɫeɪˌɹaɪt,plˈeɪɹaɪt
plead,verb,B2,ˈpɫid,plˈiːd
plot,noun,B2,ˈpɫɑt,plˈɒt
pluck,verb,B2,ˈpɫək,plˈʌk
plug,verb,B2,ˈpɫəɡ,plˈʌɡ
plum,noun,B2,ˈpɫəm,plˈʌm
plumber,noun,B2,ˈpɫəmɝ,plˈʌmɐ
plus,noun,B2,ˈpɫəs,plˈʌs
pneumonia,noun,B2,nəˈmoʊnjə,njuːmˈəʊniə
point of view,noun,B2,ˈpɔɪnt ˈəv ˈvju,pˈɔɪnt ˈɒv vjˈuː
pointless,adjective,B2,ˈpɔɪntɫəs,pˈɔɪntləs
poison,verb,B2,ˈpɔɪzən,pˈɔɪzən
polar bear,noun,B2,ˈpoʊɫɝ ˈbɛɹ,pˈəʊlɐ bˈeə
polio,noun,B2,ˈpoʊɫiˌoʊ,pˈəʊlɪˌəʊ
polish,noun,B2,ˈpɑɫɪʃ,
politeness,noun,B2,pəˈɫaɪtnəs,pəlˈaɪtnəs
politically,adverb,B2,ˈpɫɪtɪkɫi,pəlˈɪtɪkli
polity,noun,B2,ˈpɑɫəti,pˈɒlɪti
polo,noun,B2,ˈpoʊɫoʊ,pˈəʊləʊ
ponder,verb,B2,ˈpɑndɝ,pˈɒndɐ
pop,verb,B2,ˈpɑp,pˈɒp
popularity,noun,B2,ˌpɑpjəˈɫɛɹəti,pˌɒpjʊlˈæɹɪti
popularize,verb,B2,ˈpɑpjəɫɝˌaɪz,
porch,noun,B2,ˈpɔɹtʃ,pˈɔːtʃ
portion,noun,B2,ˈpɔɹʃən,pˈɔːʃən
pose,noun,B2,ˈpoʊz,pˈəʊz
posh,adjective,B2,ˈpɑʃ,pˈɒʃ
possessed,adjective,B2,pəˈzɛst,pəzˈɛst
postal,adjective,B2,ˈpoʊstəɫ,pˈəʊstəl
postpone,verb,B2,poʊˈspoʊn,pəʊstpˈəʊn
potent,adjective,B2,ˈpoʊtənt,pˈəʊtənt
potential,adjective,B2,pəˈtɛnʃəɫ,pətˈɛnʃəl
potentially,adverb,B2,pəˈtɛnʃəɫi,pətˈɛnʃəlˌi
pound,verb,B2,ˈpaʊnd,pˈaʊnd
powder,verb,B2,ˈpaʊdɝ,pˈaʊdɐ
powerfully,adverb,B2,ˈpaʊɝfɫi,pˈaʊəfəli
practicality,noun,B2,ˌpɹæktɪˈkæɫəti,pɹˈæktɪkˈælɪti
practically,adverb,B2,ˈpɹæktɪkəɫi,pɹˈæktɪkli
praise,verb,B2,ˈpɹeɪz,pɹˈeɪz
prance,noun,B2,ˈpɹæns,pɹˈɑːns
prawn,noun,B2,ˈpɹɔn,pɹˈɔːn
precede,verb,B2,pɹɪˈsid,pɹɪsˈiːd
precisely,adverb,B2,pɹiˈsaɪsɫi,pɹɪsˈaɪsli
predicament,noun,B2,pɹiˈdɪkəmənt,pɹɪdˈɪkəmənt
predicate,verb,B2,ˈpɹɛdəˌkeɪt,
predicative,adjective,B2,,
predictable,adjective,B2,pɹiˈdɪktəbəɫ,pɹɪdˈɪktəbəl
predictive,adjective,B2,pɹiˈdɪktɪv,pɹɪdˈɪktɪv
predictor,noun,B2,pɹɪˈdɪktɝ,pɹɪdˈɪktɐ
prefect,noun,B2,ˈpɹiˌfɛkt,pɹˈiːfɛkt
preferable,adjective,B2,ˈpɹɛfɝəbəɫ,pɹɪfˈɜːɹəbəl
preferably,adverb,B2,ˈpɹɛfɝəbɫi,pɹˈɛfɹəblˌi
prehistoric,adjective,B2,ˌpɹihɪˈstɔɹɪk,pɹˌiːhɪstˈɒɹɪk
prehuman,noun,B2,,
preindustrial,adjective,B2,,
prejudge,verb,B2,pɹiˈdʒədʒ,pɹɪdʒˈʌdʒ
preliminary,adjective,B2,pɹiˈɫɪməˌnɛɹi,pɹɪlˈɪmɪnəɹi
preoccupy,verb,B2,pɹiˈɑkjəˌpaɪ,pɹɪˈɒkjʊpˌaɪ
prescribe,verb,B2,pɹəsˈkɹaɪb,pɹɪskɹˈaɪb
present,verb,B2,ˈpɹɛzənt,
presenter,noun,B2,ˈpɹɛzəntɝ,pɹɪzˈɛntɐ
presidency,noun,B2,ˈpɹɛzədənsi,pɹˈɛzɪdənsi
presidential,adjective,B2,ˌpɹɛzəˈdɛnʃəɫ,pɹˌɛzɪdˈɛnʃəl
prestige,noun,B2,pɹɛˈstiʒ,pɹɛstˈiːʒ
prestigious,adjective,B2,pɝˈstidʒəs,pɹɛstˈɪdʒəs
presumably,adverb,B2,pɹəˈzuməbɫi,pɹɪzjˈuːməbli
pretend,adjective,B2,pɹiˈtɛnd,pɹɪtˈɛnd
prevail,verb,B2,pɹiˈveɪɫ,pɹɪvˈeɪl
prevention,noun,B2,pɹiˈvɛnʃən,pɹɪvˈɛnʃən
preventive,adjective,B2,pɹiˈvɛnɪv,pɹɪvˈɛntɪv
previously,adverb,B2,ˈpɹiviəsɫi,pɹˈiːvɪəsli
price,verb,B2,ˈpɹaɪs,pɹˈaɪs
priceless,adjective,B2,ˈpɹaɪsɫəs,pɹˈaɪsləs
prick,noun,B2,ˈpɹɪk,pɹˈɪk
primary,adjective,B2,ˈpɹaɪˌmɛɹi,pɹˈaɪməɹi
prime,adjective,B2,ˈpɹaɪm,pɹˈaɪm
prime minister,noun,B2,ˈpɹaɪm ˈmɪnəstɝ,pɹˈaɪm mˈɪnɪstɐ
principal,noun,B2,ˈpɹɪnsəpəɫ,pɹˈɪnsɪpəl
prior,adjective,B2,ˈpɹaɪɝ,pɹˈaɪɐ
priority,noun,B2,pɹaɪˈɔɹəti,pɹaɪˈɒɹɪti
privately,adverb,B2,ˈpɹaɪvətɫi,pɹˈaɪvətli
privilege,noun,B2,ˈpɹɪvɪɫədʒ,pɹˈɪvɪlɪdʒ
probable,adjective,B2,ˈpɹɑbəbəɫ,pɹˈɒbəbəl
probe,noun,B2,ˈpɹoʊb,pɹˈəʊb
procedure,noun,B2,pɹəˈsidʒɝ,pɹəsˈiːdʒɐ
process,verb,B2,ˈpɹɑˌsɛs,
professional,noun,B2,pɹəˈfɛʃənəɫ,pɹəfˈɛʃənəl
profile,noun,B2,ˈpɹoʊˌfaɪɫ,pɹˈəʊfaɪl
profit,noun,B2,ˈpɹɑfət,pɹˈɒfɪt
profitable,adjective,B2,ˈpɹɑfətəbəɫ,pɹˈɒfɪtəbəl
programmer,noun,B2,ˈpɹoʊˌɡɹæmɝ,pɹˈəʊɡɹæmɐ
programming,noun,B2,ˈpɹoʊˌɡɹæmɪŋ,pɹˈəʊɡɹæmɪŋ
progress,verb,B2,ˈpɹɑˌɡɹɛs,
prohibit,verb,B2,pɹoʊˈhɪbət,pɹəhˈɪbɪt
project,noun,B2,ˈpɹɑdʒɛkt,
project,verb,B2,ˈpɹɑdʒɛkt,
projection,noun,B2,pɹəˈdʒɛkʃən,pɹədʒˈɛkʃən
prom,noun,B2,ˈpɹɑm,pɹˈɒm
prominence,noun,B2,ˈpɹɑmənəns,pɹˈɒmɪnəns
prompt,adjective,B2,ˈpɹɑmpt,pɹˈɒmpt
prompt,noun,B2,ˈpɹɑmpt,pɹˈɒmpt
prompt,verb,B2,ˈpɹɑmpt,pɹˈɒmpt
promptly,adverb,B2,ˈpɹɑmpɫi,pɹˈɒmptli
proponent,noun,B2,pɹəˈpoʊnənt,pɹəpˈəʊnənt
proposed,adjective,B2,pɹəˈpoʊzd,pɹəpˈəʊzd
prose,noun,B2,ˈpɹoʊz,pɹˈəʊz
prosecute,verb,B2,ˈpɹɑsəkˌjut,pɹˈɒsɪkjˌuːt
prospect,noun,B2,ˈpɹɑspɛkt,
prosper,verb,B2,ˈpɹɑspɝ,pɹˈɒspɐ
protest,verb,B2,ˈpɹoʊˌtɛst,
proudly,adverb,B2,ˈpɹaʊdɫi,pɹˈaʊdli
proven,adjective,B2,ˈpɹuvən,pɹˈuːvən
province,noun,B2,ˈpɹɑvəns,pɹˈɒvɪns
provision,noun,B2,pɹəˈvɪʒən,pɹəvˈɪʒən
proximity,noun,B2,pɹɑkˈsɪməti,pɹɒksˈɪmɪti
psychologically,adverb,B2,ˌsaɪkəˈɫɑdʒɪkɫi,saɪkəlˈɒdʒɪkli
psychology,noun,B2,saɪˈkɑɫədʒi,saɪkˈɒlədʒi
publication,noun,B2,ˌpəbɫɪˈkeɪʃən,pˌʌblɪkˈeɪʃən
publicity,noun,B2,pəˈbɫɪsəti,pʌblˈɪsɪti
publicize,verb,B2,ˈpəbɫɪˌsaɪz,
pudding,noun,B2,ˈpʊdɪŋ,pˈʊdɪŋ
pulse,noun,B2,ˈpəɫs,pˈʌls
pumpkin,noun,B2,ˈpəmkɪn,pˈʌmpkɪn
punch,noun,B2,ˈpəntʃ,pˈʌntʃ
punch,verb,B2,ˈpəntʃ,pˈʌntʃ
punctual,adjective,B2,ˈpəŋktʃuəɫ,pˈʌŋktʃuːəl
punctuality,noun,B2,ˌpəŋktʃuˈæɫɪti,pˌʌŋktʃuːˈælɪti
purchase,noun,B2,ˈpɝtʃəs,pˈɜːtʃɪs
purchase,verb,B2,ˈpɝtʃəs,pˈɜːtʃɪs
purposeful,adjective,B2,ˈpɝpəsfəɫ,pˈɜːpəsfəl
pursuit,noun,B2,pɝˈsut,pəsˈuːt
puzzled,adjective,B2,ˈpəzəɫd,pˈʌzəld
qualification,noun,B2,ˌkwɑɫəfəˈkeɪʃən,kwˌɒlɪfɪkˈeɪʃən
quantify,verb,B2,ˈkwɑntɪˌfaɪ,kwˈɒntɪfˌaɪ
quarantine,noun,B2,ˈkwɔɹənˌtin,kwˈɒɹɑːntˌiːn
quarrel,noun,B2,ˈkwɔɹəɫ,kwˈɒɹəl
quarrel,verb,B2,ˈkwɔɹəɫ,kwˈɒɹəl
quarrelsome,adjective,B2,ˈkwɔɹəɫsəm,kwˈɒɹəlsˌʌm
queer,adjective,B2,ˈkwɪɹ,kwˈiə
query,noun,B2,ˈkwiɹi,kwˈiəɹi
question,verb,B2,ˈkwɛstʃən,kwˈɛstʃən
queue,verb,B2,ˈkju,kjˈuː
quiet,noun,B2,ˈkwaɪət,kwˈaɪət
quit,adjective,B2,ˈkwɪt,kwˈɪt
quotable,adjective,B2,ˈkwoʊtəbəɫ,kwˈəʊtəbəl
quotation,noun,B2,kwoʊˈteɪʃən,kwəʊtˈeɪʃən
quote,noun,B2,ˈkwoʊt,kwˈəʊt
quote,verb,B2,ˈkwoʊt,kwˈəʊt
racism,noun,B2,ˈɹeɪˌsɪzəm,ɹˈeɪsɪzəm
racist,noun,B2,ˈɹeɪsɪst,ɹˈeɪsɪst
rack,noun,B2,ˈɹæk,ɹˈæk
radar,noun,B2,ˈɹeɪˌdɑɹ,ɹˈeɪdɑː
radiate,verb,B2,ˈɹeɪdiˌeɪt,ɹˈeɪdɪˌeɪt
radical,noun,B2,ˈɹædəkəɫ,ɹˈædɪkəl
radically,adverb,B2,ˈɹædɪkɫi,ɹˈædɪkli
radium,noun,B2,ˈɹeɪdiəm,ɹˈeɪdiəm
rafter,noun,B2,ˈɹæftɝ,ɹˈɑːftɐ
rag,noun,B2,ˈɹæɡ,ɹˈæɡ
rainbow,noun,B2,ˈɹeɪnˌboʊ,ɹˈeɪnbəʊ
rainstorm,noun,B2,ˈɹeɪnˌstɔɹm,ɹˈeɪnstɔːm
rally,noun,B2,ˈɹæɫi,ɹˈæli
ram,noun,B2,ˈɹæm,ɹˈæm
ramp,noun,B2,ˈɹæmp,ɹˈæmp
range,verb,B2,ˈɹeɪndʒ,ɹˈeɪndʒ
ranger,noun,B2,ˈɹeɪndʒɝ,ɹˈeɪndʒɐ
rape,noun,B2,ˈɹeɪp,ɹˈeɪp
rape,verb,B2,ˈɹeɪp,ɹˈeɪp
rash,adjective,B2,ˈɹæʃ,ɹˈæʃ
rate,verb,B2,ˈɹeɪt,ɹˈeɪt
rattle,noun,B2,ˈɹætəɫ,ɹˈætəl
ravage,noun,B2,ˈɹævɪdʒ,ɹˈævɪdʒ
reaction,noun,B2,ɹiˈækʃən,ɹɪˈækʃən
readily,adverb,B2,ˈɹɛdəɫi,ɹˈɛdɪli
real estate,noun,B2,ˈɹiɫ ɪˈsteɪt,
realization,noun,B2,ˈɹiɫəˈzeɪʃən,
rear,adjective,B2,ˈɹɪɹ,ɹˈiə
reasonably,adverb,B2,ˈɹizənəbɫi,ɹˈiːzənəbli
rebel,noun,B2,ˈɹɛbəɫ,
rebel,verb,B2,ˈɹɛbəɫ,
rebellious,adjective,B2,ɹəˈbɛɫjəs,ɹɪbˈɛlɪəs
recession,noun,B2,ˌɹiˈsɛʃən,ɹɪsˈɛʃən
recipe,noun,B2,ˈɹɛsəpi,ɹˈɛsɪpˌiː
reckon,verb,B2,ˈɹɛkən,ɹˈɛkən
recognition,noun,B2,ˌɹɛkəɡˈnɪʃən,ɹˌɛkəɡnˈɪʃən
recollect,verb,B2,ˌɹɛkəˈɫɛkt,
recollection,noun,B2,ˌɹɛkəˈɫɛkʃən,ɹɪkəlˈɛkʃən
recommendable,adjective,B2,,ɹˌɛkəmˈɛndəbəl
recommendation,noun,B2,ˌɹɛkəmənˈdeɪʃən,ɹˌɛkəmɛndˈeɪʃən
reconsider,verb,B2,ˌɹikənˈsɪdɝ,ɹˌiːkənsˈɪdɐ
recreation,noun,B2,ˌɹɛkɹiˈeɪʃən,
recruit,verb,B2,ɹəˈkɹut,ɹɪkɹˈuːt
rectangular,adjective,B2,ɹɛkˈtæŋɡjəɫɝ,ɹɛktˈænɡjʊlɐ
redo,verb,B2,ɹiˈdu,
redundant,adjective,B2,ɹɪˈdəndənt,ɹɪdˈʌndənt
reed,noun,B2,ˈɹid,ɹˈiːd
reference,noun,B2,ˈɹɛfɝəns,ɹˈɛfɹəns
referent,adjective,B2,,ɹɪfɹˈɛnt
refinery,noun,B2,ɹɪˈfaɪnɝi,ɹɪfˈaɪnəɹˌi
reflective,adjective,B2,ɹɪˈfɫɛktɪv,ɹɪflˈɛktɪv
reform,noun,B2,ɹəˈfɔɹm,
refrain,noun,B2,ɹɪˈfɹeɪn,ɹɪfɹˈeɪn
refresh,noun,B2,ɹɪˈfɹɛʃ,
refuge,noun,B2,ˈɹɛfjudʒ,ɹˈɛfjuːdʒ
refugee,noun,B2,ˈɹɛfjudʒi,ɹˈɛfjuːdʒˌiː
refute,verb,B2,ɹɪfˈjut,ɹɪfjˈuːt
regard,noun,B2,ɹɪˈɡɑɹd,ɹɪɡˈɑːd
regardless,adverb,B2,ɹəˈɡɑɹdɫəs,ɹɪɡˈɑːdləs
reggae,noun,B2,ˈɹɛˌɡeɪ,ɹɪɡˈiː
regime,noun,B2,ɹeɪˈʒim,ɹeɪʒˈiːm
regret,noun,B2,ɹəˈɡɹɛt,ɹɪɡɹˈɛt
regrettably,adverb,B2,ɹɪˈɡɹɛtəbɫi,ɹɪɡɹˈɛtəbli
regulate,verb,B2,ˈɹɛɡjəˌɫeɪt,ɹˈɛɡjuːlˌeɪt
rehearsal,noun,B2,ɹiˈhɝsəɫ,ɹɪhˈɜːsəl
reinforce,verb,B2,ˌɹiɪnˈfɔɹs,ɹˌiːɪnfˈɔːs
reinforcement,noun,B2,ˌɹiɪnˈfɔɹsmənt,ɹˌiːɪnfˈɔːsmənt
rejection,noun,B2,ɹiˈdʒɛkʃən,ɹɪdʒˈɛkʃən
rejoin,verb,B2,ɹiˈdʒɔɪn,
related,adjective,B2,ˌɹiˈɫeɪtɪd,ɹɪlˈeɪtɪd
relativity,noun,B2,ˌɹɛɫəˈtɪvəti,ɹɪlɐtˈɪvɪti
relaxation,noun,B2,ˌɹiɫækˈseɪʃən,ɹɪlɐksˈeɪʃən
relay,noun,B2,ˈɹiˌɫeɪ,
relevant,adjective,B2,ˈɹɛɫəvənt,ɹˈɛlɪvənt
relic,noun,B2,ˈɹɛɫɪk,ɹˈɛlɪk
relief,noun,B2,ɹiˈɫif,ɹɪlˈiːf
relieve,verb,B2,ɹiˈɫiv,ɹɪlˈiːv
relieved,adjective,B2,ɹiˈɫivd,ɹɪlˈiːvd
reluctant,adjective,B2,ɹiˈɫəktənt,ɹɪlˈʌktənt
remaining,adjective,B2,ɹiˈmeɪnɪŋ,ɹɪmˈeɪnɪŋ
remains,noun,B2,ɹiˈmeɪnz,ɹɪmˈeɪnz
remark,noun,B2,ɹiˈmɑɹk,
remarkably,adverb,B2,ɹiˈmɑɹkəbɫi,ɹɪmˈɑːkəbli
reminder,noun,B2,ɹiˈmaɪndɝ,ɹɪmˈaɪndɐ
rental,noun,B2,ˈɹɛntəɫ,ɹˈɛntəl
reorganize,verb,B2,ɹiˈɔɹɡəˌnaɪz,
repaint,noun,B2,ɹiˈpeɪnt,
repertoire,noun,B2,ˈɹɛpɝtˌwɑɹ,ɹˈɛpətwˌɑː
repetition,noun,B2,ˌɹɛpəˈtɪʃən,ɹˌɛpətˈɪʃən
replacement,noun,B2,ɹɪˈpɫeɪsmənt,ɹɪplˈeɪsmənt
replica,noun,B2,ˈɹɛpɫɪkə,ɹˈɛplɪkɐ
repress,verb,B2,ɹiˈpɹɛs,
repression,noun,B2,ɹiˈpɹɛʃən,ɹɪpɹˈɛʃən
reprint,noun,B2,ɹiˈpɹɪnt,
reprove,verb,B2,,ɹɪpɹˈuːv
research,verb,B2,ˈɹisɝtʃ,
residence,noun,B2,ˈɹɛzɪdəns,ɹˈɛzɪdəns
resident,noun,B2,ˈɹɛzɪdənt,ɹˈɛzɪdənt
resign,verb,B2,ɹiˈsaɪn,
resignation,noun,B2,ˌɹɛzəɡˈneɪʃən,ɹɪzɪɡnˈeɪʃən
resistance,noun,B2,ɹiˈzɪstəns,ɹɪsˈɪstəns
resolution,noun,B2,ˌɹɛzəˈɫuʃən,ɹˌɛzəlˈuːʃən
resonant,adjective,B2,ˈɹɛzənənt,ɹˈɛzənənt
respectably,adverb,B2,ɹiˈspɛktəbɫi,ɹɪspˈɛktəbli
respected,adjective,B2,ɹiˈspɛktɪd,ɹɪspˈɛktɪd
respiration,noun,B2,ˌɹɛspɝˈeɪʃən,ɹˌɛspɪɹˈeɪʃən
respiratory,adjective,B2,ˈɹɛspɝəˌtɔɹi,ɹɪspˈɪɹətəɹˌi
restriction,noun,B2,ɹiˈstɹɪkʃən,ɹɪstɹˈɪkʃən
resume,verb,B2,ˈɹɛzəˌmeɪ,
retailer,noun,B2,ˈɹiˌteɪɫɝ,ɹˈiːteɪlɐ
retard,verb,B2,ɹiˈtɑɹd,
retina,noun,B2,ˈɹɛtənə,ɹˈɛtɪnɐ
retirement,noun,B2,ɹiˈtaɪɝmənt,ɹɪtˈaɪəmənt
retreat,noun,B2,ɹiˈtɹit,ɹɪtɹˈiːt
retreat,verb,B2,ɹiˈtɹit,ɹɪtɹˈiːt
retrieve,verb,B2,ɹiˈtɹiv,ɹɪtɹˈiːv
revelation,noun,B2,ˌɹɛvəˈɫeɪʃən,ɹˌɛvɪlˈeɪʃən
revenge,noun,B2,ɹiˈvɛndʒ,ɹɪvˈɛndʒ
revenue,noun,B2,ˈɹɛvəˌnu,ɹˈɛvənjˌuː
reverence,noun,B2,ˈɹɛvɝəns,ɹˈɛvɹəns
reverse,verb,B2,ɹiˈvɝs,ɹɪvˈɜːs
review,verb,B2,ˌɹivˈju,
revival,noun,B2,ɹiˈvaɪvəɫ,ɹɪvˈaɪvəl
revive,verb,B2,ɹiˈvaɪv,ɹɪvˈaɪv
revolution,noun,B2,ˌɹɛvəˈɫuʃən,ɹˌɛvəlˈuːʃən
revolutionary,adjective,B2,ˌɹɛvəˈɫuʃəˌnɛɹi,ɹˌɛvəlˈuːʃənəɹi
revolutionize,verb,B2,ˌɹɛvəˈɫuʃəˌnaɪz,
revolve,verb,B2,ɹiˈvɑɫv,ɹɪvˈɒlv
reward,verb,B2,ɹiˈwɔɹd,ɹɪwˈɔːd
rhinoceros,noun,B2,ɹaɪˈnɑsɝəs,ɹaɪnˈɒsəɹəs
rhyme,verb,B2,ˈɹaɪm,ɹˈaɪm
rhythmic,adjective,B2,ˈɹɪðmɪk,ɹˈɪðmɪk
rib,noun,B2,ˈɹɪb,ɹˈɪb
riddle,noun,B2,ˈɹɪdəɫ,ɹˈɪdəl
rider,noun,B2,ˈɹaɪdɝ,ɹˈaɪdɐ
ridge,noun,B2,ˈɹɪdʒ,ɹˈɪdʒ
righteousness,noun,B2,ˈɹaɪtʃəsnəs,ɹˈaɪtʃəsnəs
rightly,adverb,B2,ˈɹaɪtɫi,ɹˈaɪtli
rim,noun,B2,ˈɹɪm,ɹˈɪm
rip,verb,B2,ˈɹɪp,ɹˈɪp
risk,verb,B2,ˈɹɪsk,ɹˈɪsk
risky,adjective,B2,ˈɹɪski,ɹˈɪski
rite,noun,B2,ˈɹaɪt,ɹˈaɪt
ritual,noun,B2,ˈɹɪtʃuəɫ,ɹˈɪtʃuːəl
rival,noun,B2,ˈɹaɪvəɫ,ɹˈaɪvəl
roam,noun,B2,ˈɹoʊm,ɹˈəʊm
roar,verb,B2,ˈɹɔɹ,ɹˈɔː
roast,adjective,B2,ˈɹoʊst,ɹˈəʊst
rock,verb,B2,ˈɹɑk,ɹˈɒk
rocket,noun,B2,ˈɹɑkət,ɹˈɒkɪt
rocky,adjective,B2,ˈɹɑki,ɹˈɒki
roll,verb,B2,ˈɹoʊɫ,ɹˈəʊl
roommate,noun,B2,ˈɹuˌmeɪt,ɹˈuːmeɪt
rosy,adjective,B2,ˈɹoʊzi,ɹˈəʊzi
round,preposition,B2,ˈɹaʊnd,ɹˈaʊnd
round,verb,B2,ˈɹaʊnd,ɹˈaʊnd
route,noun,B2,ˈɹaʊt,ɹˈuːt
row,verb,B2,ˈɹoʊ,
royalty,noun,B2,ˈɹɔɪəɫti,ɹˈɔɪəlti
rub,verb,B2,ˈɹəb,ɹˈʌb
rubble,noun,B2,ˈɹəbəɫ,ɹˈʌbəl
rug,noun,B2,ˈɹəɡ,ɹˈʌɡ
ruinous,adjective,B2,ˈɹuənəs,ɹˈuːɪnəs
rule,verb,B2,ˈɹuɫ,ɹˈuːl
rural,adjective,B2,ˈɹʊɹəɫ,ɹˈɔːɹəl
rush hour,noun,B2,ˈɹəʃ ˈaʊɝ,ɹˈʌʃ ˈaʊə
rusty,adjective,B2,ˈɹəsti,ɹˈʌsti
sack,verb,B2,ˈsæk,sˈæk
safeguard,verb,B2,ˈseɪfˌɡɑɹd,sˈeɪfɡɑːd
sag,noun,B2,ˈsæɡ,sˈæɡ
sage,noun,B2,ˈseɪdʒ,sˈeɪdʒ
sail,verb,B2,ˈseɪɫ,sˈeɪl
salary,noun,B2,ˈsæɫɝi,sˈæləɹi
salesmanship,noun,B2,ˈseɪɫzmənˌʃɪp,sˈeɪlzmənʃˌɪp
salesperson,noun,B2,ˈseɪɫzˌpɝsən,sˈeɪlspəsən
saleswoman,noun,B2,ˈseɪɫzˌwʊmən,sˈeɪlswʊmən
salon,noun,B2,səˈɫɑn,sˈælɒn
salsa,noun,B2,ˈsɔɫsə,sˈælsɐ
salty,adjective,B2,ˈsɔɫti,sˈɒlti
sandstone,noun,B2,ˈsænˌstoʊn,sˈændstəʊn
sanitary,adjective,B2,ˈsænɪˌtɛɹi,sˈænɪtəɹi
sanitation,noun,B2,ˌsænəˈteɪʃən,sˌænɪtˈeɪʃən
satisfactory,adjective,B2,ˌsætəsˈfæktɹi,sˌætɪsfˈæktəɹˌi
saving,noun,B2,ˈseɪvɪŋ,sˈeɪvɪŋ
saw,verb,B2,ˈsɔ,sˈɔː
say,noun,B2,ˈseɪ,sˈeɪ
scan,verb,B2,ˈskæn,skˈæn
scandal,noun,B2,ˈskændəɫ,skˈændəl
scar,noun,B2,ˈskɑɹ,skˈɑː
scarcely,adverb,B2,ˈskɛɹsɫi,skˈeəsli
scarlet,noun,B2,ˈskɑɹɫət,skˈɑːlət
scent,noun,B2,ˈsɛnt,sˈɛnt
schedule,verb,B2,ˈskɛdʒuɫ,ʃˈɛdjuːl
scheduled,adjective,B2,ˈskɛdʒuɫd,ʃˈɛdjuːld
scheme,noun,B2,ˈskim,skˈiːm
scholasticism,noun,B2,,skəlˈɑːstɪsˌɪzəm
schoolgirl,noun,B2,ˈskuɫˌɡɝɫ,skˈuːlɡɜːl
scientifically,adverb,B2,ˌsaɪənˈtɪfɪkəɫi,saɪəntˈɪfɪkli
scooter,noun,B2,ˈskutɝ,skˈuːtɐ
scramble,verb,B2,ˈskɹæmbəɫ,skɹˈæmbəl
scratch,verb,B2,ˈskɹætʃ,skɹˈætʃ
screen,verb,B2,ˈskɹin,skɹˈiːn
screw,verb,B2,ˈskɹu,skɹˈuː
scribble,noun,B2,ˈskɹɪbəɫ,skɹˈɪbəl
scrooge,noun,B2,ˈskɹudʒ,skɹˈuːdʒ
scuba,noun,B2,ˈskubə,skˈuːbɐ
scythe,noun,B2,ˈsaɪθ,sˈaɪð
seal,noun,B2,ˈsiɫ,sˈiːl
seasonal,adjective,B2,ˈsizənəɫ,sˈiːzənəl
second person,noun,B2,ˈsɛkənd ˈpɝsən,
secondary,adjective,B2,ˈsɛkənˌdɛɹi,sˈɛkəndəɹi
secondly,adverb,B2,ˈsɛkəndɫi,sˈɛkəndli
sector,noun,B2,ˈsɛktɝ,sˈɛktɐ
seesaw,noun,B2,ˈsiˌsɔ,sˈiːsɔː
segment,noun,B2,ˈsɛɡmənt,
seldom,adverb,B2,ˈsɛɫdəm,sˈɛldəm
select,verb,B2,səˈɫɛkt,sɪlˈɛkt
self-confidence,noun,B2,ˌsɛɫfˈkɑnfədəns,
self-confident,adjective,B2,ˌsɛɫfˈkɑnfədənt,
selfless,adjective,B2,ˈsɛɫfɫəs,sˈɛlfləs
seller,noun,B2,ˈsɛɫɝ,sˈɛlɐ
semi-final,noun,B2,,
semicolon,noun,B2,,sˌɛmɪkˈəʊlən
seminar,noun,B2,ˈsɛməˌnɑɹ,sˈɛmɪnˌɑː
senator,noun,B2,ˈsɛnətɝ,sˈɛnətɐ
sense,verb,B2,ˈsɛns,sˈɛns
sensible,adjective,B2,ˈsɛnsəbəɫ,sˈɛnsəbəl
sensitive,adjective,B2,ˈsɛnsətɪv,sˈɛnsɪtˌɪv
sentence,verb,B2,ˈsɛntəns,sˈɛntəns
separate,verb,B2,ˈsɛpɝˌeɪt,
separately,adverb,B2,ˈsɛpɝətɫi,sˈɛpɹətli
serene,adjective,B2,sɝˈin,səɹˈiːn
serial,adjective,B2,ˈsɪˌɹiəɫ,sˈiəɹɪəl
servant,noun,B2,ˈsɝvənt,sˈɜːvənt
setback,noun,B2,ˈsɛtˌbæk,sˈɛtbæk
sexism,noun,B2,ˈsɛksɪzəm,sˈɛksɪzəm
sexual,adjective,B2,ˈsɛkʃuəɫ,sˈɛkʃuːəl
sexy,adjective,B2,ˈsɛksi,sˈɛksi
shabby,adjective,B2,ˈʃæbi,ʃˈæbi
shaken,adjective,B2,ˈʃeɪkən,ʃˈeɪkən
Shakespearean,adjective,B2,ˌʃeɪkˈspɪɹiən,
shaky,adjective,B2,ˈʃeɪki,ʃˈeɪki
sharp,adverb,B2,ˈʃɑɹp,ʃˈɑːp
sharply,adverb,B2,ˈʃɑɹpɫi,ʃˈɑːpli
shatter,verb,B2,ˈʃætɝ,ʃˈætɐ
shed,noun,B2,ˈʃɛd,ʃˈɛd
shell,verb,B2,ˈʃɛɫ,ʃˈɛl
shield,noun,B2,ˈʃiɫd,ʃˈiːld
shift,noun,B2,ˈʃɪft,ʃˈɪft
shipping,noun,B2,ˈʃɪpɪŋ,ʃˈɪpɪŋ
shipwreck,noun,B2,ˈʃɪpɹɛk,ʃˈɪpɹɛk
shock,verb,B2,ˈʃɑk,ʃˈɒk
shooting,noun,B2,ˈʃutɪŋ,ʃˈuːtɪŋ
shopkeeper,noun,B2,ˈʃɑpˌkipɝ,ʃˈɒpkiːpɐ
shoplift,verb,B2,ˈʃɑˌpɫɪft,ʃˈɒplɪft
shoplifter,noun,B2,ˈʃɑˌpɫɪftɝ,ʃˈɒplɪftɐ
shoplifting,noun,B2,ˈʃɑˌpɫɪftɪŋ,ʃˈɒplɪftɪŋ
short-term,adjective,B2,ˌʃɔɹtˈtɝm,
shortness,noun,B2,ˈʃɔɹtnəs,ʃˈɔːtnəs
showbiz,noun,B2,ˈʃoʊbɪz,ʃˈəʊbɪz
showcase,noun,B2,ˈʃoʊˌkeɪs,ʃˈəʊkeɪs
shower,verb,B2,ˈʃaʊɝ,
shrink,noun,B2,ˈʃɹɪŋk,ʃɹˈɪŋk
shrink,verb,B2,ˈʃɹɪŋk,ʃɹˈɪŋk
shrug,verb,B2,ˈʃɹəɡ,ʃɹˈʌɡ
sigh,verb,B2,ˈsaɪ,sˈaɪ
significantly,adverb,B2,sɪɡˈnɪfɪkəntɫi,sɪɡnˈɪfɪkəntli
signify,verb,B2,ˈsɪɡnəˌfaɪ,sˈɪɡnɪfˌaɪ
silverware,noun,B2,ˈsɪɫvɝˌwɛɹ,sˈɪlvəwˌeə
simplification,noun,B2,ˌsɪmpɫəfɪˈkeɪʃən,sˌɪmplɪfɪkˈeɪʃən
simultaneous,adjective,B2,ˌsaɪməɫˈteɪniəs,sˌɪməltˈeɪniəs
since,adverb,B2,ˈsɪns,sˈɪns
sincere,adjective,B2,sɪnˈsɪɹ,sɪnsˈiə
sincerity,noun,B2,sɪnˈsɛɹəti,sɪnsˈɛɹɪti
sister-in-law,noun,B2,ˈsɪstɝɪnˌɫɔ,
skateboard,noun,B2,ˈskeɪtˌbɔɹd,skˈeɪtbɔːd
skateboarder,noun,B2,,skˈeɪtbɔːdɐ
sketch,verb,B2,ˈskɛtʃ,skˈɛtʃ
skilled,adjective,B2,ˈskɪɫd,skˈɪld
skillful,adjective,B2,ˈskɪɫfəɫ,skˈɪlfəl
skillfully,adverb,B2,ˈskɪɫfəɫi,skˈɪlfəli
skim,verb,B2,ˈskɪm,skˈɪm
skip,verb,B2,ˈskɪp,skˈɪp
skylark,noun,B2,ˈskaɪˌɫɑɹk,skˈaɪlɑːk
skyward,adverb,B2,ˈskaɪwɝd,skˈaɪwəd
slam,verb,B2,ˈsɫæm,slˈæm
slang,noun,B2,ˈsɫæŋ,slˈæŋ
slap,noun,B2,ˈsɫæp,slˈæp
slap,verb,B2,ˈsɫæp,slˈæp
slash,noun,B2,ˈsɫæʃ,slˈæʃ
slaughter,noun,B2,ˈsɫɔtɝ,slˈɔːtɐ
slice,verb,B2,ˈsɫaɪs,slˈaɪs
slide,verb,B2,ˈsɫaɪd,slˈaɪd
slight,adjective,B2,ˈsɫaɪt,slˈaɪt
sliver,noun,B2,ˈsɫɪvɝ,
sloppy,adjective,B2,ˈsɫɑpi,slˈɒpi
smash,verb,B2,ˈsmæʃ,smˈæʃ
smokestack,noun,B2,ˈsmoʊkˌstæk,smˈəʊkstæk
snap,verb,B2,ˈsnæp,snˈæp
sneak,verb,B2,ˈsnik,snˈiːk
sneer,noun,B2,ˈsnɪɹ,snˈiə
sneeze,verb,B2,ˈsniz,snˈiːz
sniff,verb,B2,ˈsnɪf,snˈɪf
snore,noun,B2,ˈsnɔɹ,snˈɔː
snore,verb,B2,ˈsnɔɹ,snˈɔː
snowball,noun,B2,ˈsnoʊˌbɔɫ,snˈəʊbɔːl
so-called,adjective,B2,ˈsoʊˈkɔɫd,
soak,noun,B2,ˈsoʊk,sˈəʊk
soak,verb,B2,ˈsoʊk,sˈəʊk
soaked,adjective,B2,ˈsoʊkt,sˈəʊkt
soaking,adjective,B2,ˈsoʊkɪŋ,sˈəʊkɪŋ
soar,verb,B2,ˈsɔɹ,sˈɔː
sob,verb,B2,ˈsɑb,sˈɒb
sociable,adjective,B2,ˈsoʊʃəbəɫ,sˈəʊʃiəbəl
socialize,verb,B2,ˈsoʊʃəˌɫaɪz,
softness,noun,B2,ˈsɔfnəs,sˈɒftnəs
soil,noun,B2,ˈsɔɪɫ,sˈɔɪl
solar,adjective,B2,ˈsoʊɫɝ,sˈəʊlɐ
solidity,noun,B2,səˈɫɪdəti,səlˈɪdɪti
soliloquy,noun,B2,səˈɫɪɫəkwi,səlˈɪləkwˌi
solo,adjective,B2,ˈsoʊˌɫoʊ,sˈəʊləʊ
solo,adverb,B2,ˈsoʊˌɫoʊ,sˈəʊləʊ
solo,noun,B2,ˈsoʊˌɫoʊ,sˈəʊləʊ
solvent,noun,B2,ˈsɑɫvənt,sˈɒlvənt
somewhat,adverb,B2,ˈsəmˈwət,sˈʌmwɒt
son-in-law,noun,B2,ˈsənɪnˌɫɔ,
sonnet,noun,B2,ˈsɑnɪt,sˈɒnɪt
sophisticated,adjective,B2,səˈfɪstəˌkeɪtɪd,səfˈɪstɪkˌeɪtɪd
sort,verb,B2,ˈsɔɹt,sˈɔːt
sound,adjective,B2,ˈsaʊnd,sˈaʊnd
soundtrack,noun,B2,ˈsaʊnˌtɹæk,sˈaʊndtɹæk
southward,adverb,B2,ˈsaʊθwɝd,sˈaʊθwəd
Soviet,noun,B2,ˈsoʊviˌɛt,sˈəʊviət
soybean,noun,B2,ˈsɔɪˌbin,sˈɔɪbiːn
spa,noun,B2,ˈspɑ,spˈɑː
span,verb,B2,ˈspæn,spˈæn
spare,adjective,B2,ˈspɛɹ,spˈeə
spare,verb,B2,ˈspɛɹ,spˈeə
sparerib,noun,B2,,
spark,noun,B2,ˈspɑɹk,spˈɑːk
sparkling,adjective,B2,ˈspɑɹkəɫɪŋ,spˈɑːklɪŋ
sparrow,noun,B2,ˈspɛɹoʊ,spˈæɹəʊ
specialty,noun,B2,ˈspeɪʃəɫti,
species,noun,B2,ˈspiʃiz,spˈiːsiːz
specifically,adverb,B2,spəˈsɪfɪkɫi,spəsˈɪfɪkli
specify,verb,B2,ˈspɛsəˌfaɪ,spˈɛsɪfˌaɪ
spectacle,noun,B2,ˈspɛktəkəɫ,spˈɛktəkəl
speeder,noun,B2,ˈspidɝ,spˈiːdɐ
spellbound,adjective,B2,ˈspɛɫˌbaʊnd,spˈɛlbaʊnd
spin,verb,B2,ˈspɪn,spˈɪn
spite,noun,B2,ˈspaɪt,spˈaɪt
splash,noun,B2,ˈspɫæʃ,splˈæʃ
splatter,noun,B2,ˈspɫætɝ,splˈætɐ
split,verb,B2,ˈspɫɪt,splˈɪt
spokesman,noun,B2,ˈspoʊksmən,spˈəʊksmən
spokeswoman,noun,B2,ˈspoʊkˌswʊmən,spˈəʊkswʊmən
sponsor,verb,B2,ˈspɑnsɝ,spˈɒnsɐ
spot,verb,B2,ˈspɑt,spˈɒt
spray,noun,B2,ˈspɹeɪ,spɹˈeɪ
spray,verb,B2,ˈspɹeɪ,spɹˈeɪ
spread,verb,B2,ˈspɹɛd,spɹˈɛd
spreadsheet,noun,B2,ˈspɹɛdˌʃit,spɹˈɛdʃiːt
sprint,noun,B2,ˈspɹɪnt,spɹˈɪnt
spur,noun,B2,ˈspɝ,spˈɜː
squad,noun,B2,ˈskwɑd,skwˈɒd
squash,noun,B2,ˈskwɑʃ,skwˈɒʃ
squash,verb,B2,ˈskwɑʃ,skwˈɒʃ
squeeze,verb,B2,ˈskwiz,skwˈiːz
stab,verb,B2,ˈstæb,stˈæb
stability,noun,B2,stəˈbɪɫɪti,stəbˈɪlɪti
stack,noun,B2,ˈstæk,stˈæk
stagger,noun,B2,ˈstæɡɝ,stˈæɡɐ
stain,noun,B2,ˈsteɪn,stˈeɪn
stain,verb,B2,ˈsteɪn,stˈeɪn
stake,noun,B2,ˈsteɪk,stˈeɪk
stammer,verb,B2,ˈstæmɝ,stˈæmɐ
stamp,verb,B2,ˈstæmp,stˈæmp
standard,adjective,B2,ˈstændɝd,stˈændəd
standby,adjective,B2,ˈstændˈbaɪ,stˈændbaɪ
standstill,noun,B2,ˈstændˌstɪɫ,stˈændstɪl
stanza,noun,B2,ˈstænzə,stˈænzɐ
startle,verb,B2,ˈstɑɹtəɫ,stˈɑːtəl
starvation,noun,B2,stɑɹˈveɪʃən,stɑːvˈeɪʃən
starve,verb,B2,ˈstɑɹv,stˈɑːv
starving,adjective,B2,ˈstɑɹvɪŋ,stˈɑːvɪŋ
state,adjective,B2,ˈsteɪt,stˈeɪt
state,verb,B2,ˈsteɪt,stˈeɪt
statesman,noun,B2,ˈsteɪtsmən,stˈeɪtsmən
statewide,adverb,B2,ˈsteɪtˌwaɪd,
statistics,noun,B2,stəˈtɪstɪks,stɐtˈɪstɪks
steely,adjective,B2,ˈstiɫi,stˈiːli
steer,verb,B2,ˈstɪɹ,stˈiə
steering wheel,noun,B2,ˈstɪɹɪŋ ˈhwiɫ,stˈiəɹɪŋ wˈiːl
stepfather,noun,B2,ˈstɛpˌfɑðɝ,stˈɛpfɑːðɐ
stepmother,noun,B2,ˈstɛpˌməðɝ,stˈɛpmʌðɐ
stereotype,noun,B2,ˈstɛɹiəˌtaɪp,stˈɛɹɪˌəʊtaɪp
stern,adjective,B2,ˈstɝn,stˈɜːn
stew,noun,B2,ˈstu,stjˈuː
stick,noun,B2,ˈstɪk,stˈɪk
stiff,adjective,B2,ˈstɪf,stˈɪf
stimulant,noun,B2,ˈstɪmjəɫənt,stˈɪmjʊlənt
stimulate,verb,B2,ˈstɪmjəˌɫeɪt,stˈɪmjʊlˌeɪt
stimulation,noun,B2,ˌstɪmjəˈɫeɪʃən,stˌɪmjʊlˈeɪʃən
stingy,adjective,B2,ˈstɪndʒi,
stink,verb,B2,ˈstɪŋk,stˈɪŋk
stitch,noun,B2,ˈstɪtʃ,stˈɪtʃ
stock,noun,B2,ˈstɑk,stˈɒk
stock market,noun,B2,ˈstɑk ˈmɑɹkət,stˈɒk mˈɑːkɪt
stockpile,noun,B2,ˈstɑkˌpaɪɫ,stˈɒkpaɪl
stonework,noun,B2,,stˈəʊnwɜːk
stool,noun,B2,ˈstuɫ,stˈuːl
stopover,noun,B2,ˈstɑˌpoʊvɝ,stˈɒpəʊvɐ
stopwatch,noun,B2,ˈstɑpˌwɑtʃ,stˈɒpwɒtʃ
store,verb,B2,ˈstɔɹ,stˈɔː
straighten,verb,B2,ˈstɹeɪtən,stɹˈeɪtən
straightforward,adjective,B2,ˈstɹeɪtˈfɔɹwɝd,stɹeɪtfˈɔːwəd
strain,verb,B2,ˈstɹeɪn,stɹˈeɪn
strait,noun,B2,ˈstɹeɪt,stɹˈeɪt
strand,noun,B2,ˈstɹænd,stɹˈænd
strangle,verb,B2,ˈstɹæŋɡəɫ,stɹˈæŋɡəl
stress,verb,B2,ˈstɹɛs,stɹˈɛs
strictly,adverb,B2,ˈstɹɪktɫi,stɹˈɪktli
stride,verb,B2,ˈstɹaɪd,stɹˈaɪd
striking,adjective,B2,ˈstɹaɪkɪŋ,stɹˈaɪkɪŋ
strip,verb,B2,ˈstɹɪp,stɹˈɪp
strive,verb,B2,ˈstɹaɪv,stɹˈaɪv
stroke,noun,B2,ˈstɹoʊk,stɹˈəʊk
stroke,verb,B2,ˈstɹoʊk,stɹˈəʊk
struggle,verb,B2,ˈstɹəɡəɫ,stɹˈʌɡəl
stubbornly,adverb,B2,ˈstəbɝnɫi,stˈʌbənli
stuff,verb,B2,ˈstəf,stˈʌf
stylist,noun,B2,ˈstaɪɫɪst,stˈaɪlɪst
subcontinent,noun,B2,səbˈkɑntɪnənt,sˈʌbkəntˌɪnənt
subculture,noun,B2,ˈsəbˌkəɫtʃɝ,sˈʌbkʌltʃɐ
subdivision,noun,B2,ˈsəbdɪˌvɪʒən,sˌʌbdɪvˈɪʒən
subjunctive,noun,B2,,sˈʌbdʒəŋktˌɪv
submit,verb,B2,səbˈmɪt,səbmˈɪt
subplot,noun,B2,ˈsəbpɫɑt,sˈʌbplɒt
subside,verb,B2,səbˈsaɪd,səbsˈaɪd
substance,noun,B2,ˈsəbstəns,sˈʌbstəns
substitute,verb,B2,ˈsəbstəˌtut,sˈʌbstɪtjˌuːt
subtitle,noun,B2,ˈsəbˌtaɪtəɫ,sˈʌbtaɪtəl
subtle,adjective,B2,ˈsətəɫ,sˈʌtəl
subtract,verb,B2,səbˈtɹækt,sʌbtɹˈækt
suburb,noun,B2,ˈsəbɝb,sˈʌbɜːb
successive,adjective,B2,səkˈsɛsɪv,səksˈɛsɪv
suck,verb,B2,ˈsək,sˈʌk
sue,verb,B2,ˈsu,
suffering,noun,B2,ˈsəfɝɪŋ,sˈʌfəɹɪŋ
sufficiently,adverb,B2,səˈfɪʃəntɫi,səfˈɪʃəntli
suitably,adverb,B2,ˈsutəbɫi,sˈuːtəbli
sulfur,noun,B2,ˈsəɫfɝ,sˈʌlfɜː
sunbeam,noun,B2,ˈsənˌbim,sˈʌnbiːm
superb,adjective,B2,sʊˈpɝb,suːpˈɜːb
superintendent,noun,B2,ˌsupɝənˈtɛndənt,sˌuːpəɹɪntˈɛndənt
supernatural,adjective,B2,ˌsupɝˈnætʃɝəɫ,sˌuːpənˈætʃəɹəl
supervise,verb,B2,ˈsupɝˌvaɪz,sˈuːpəvˌaɪz
supervision,noun,B2,ˌsupɝˈvɪʒən,suːpəvˈɪʒən
supervisor,noun,B2,ˈsupɝˌvaɪzɝ,sˈuːpəvˌaɪzɐ
supplement,noun,B2,ˈsəpɫəmənt,
supplier,noun,B2,səˈpɫaɪɝ,səplˈaɪə
supply,verb,B2,səˈpɫaɪ,
suppress,verb,B2,səˈpɹɛs,səpɹˈɛs
surge,noun,B2,ˈsɝdʒ,sˈɜːdʒ
surrender,verb,B2,sɝˈɛndɝ,səɹˈɛndɐ
surroundings,noun,B2,sɝˈaʊndɪŋz,səɹˈaʊndɪŋz
surveillance,noun,B2,sɝˈveɪɫəns,səvˈeɪləns
suspect,verb,B2,ˈsəsˌpɛkt,
suspend,verb,B2,səˈspɛnd,səspˈɛnd
suspicious,adjective,B2,səˈspɪʃəs,səspˈɪʃəs
suspiciously,adverb,B2,səˈspɪʃəsɫi,səspˈɪʃəsli
sustain,verb,B2,səˈsteɪn,səstˈeɪn
swan,noun,B2,ˈswɑn,swˈɒn
sweep,verb,B2,ˈswip,swˈiːp
swift,adjective,B2,ˈswɪft,swˈɪft
swing,noun,B2,ˈswɪŋ,swˈɪŋ
swing,verb,B2,ˈswɪŋ,swˈɪŋ
syllable,noun,B2,ˈsɪɫəbəɫ,sˈɪləbəl
symbolic,adjective,B2,sɪmˈbɑɫɪk,sɪmbˈɒlɪk
sympathetic,adjective,B2,ˌsɪmpəˈθɛtɪk,sˌɪmpəθˈɛtɪk
sympathize,verb,B2,ˈsɪmpəˌθaɪz,
synonym,noun,B2,ˈsɪnəˌnɪm,sˈɪnənˌɪm
tablecloth,noun,B2,ˈteɪbəɫˌkɫɔθ,tˈeɪbəlklˌɒθ
tabloid,adjective,B2,ˈtæbɫɔɪd,tˈæblɔɪd
tabloid,noun,B2,ˈtæbɫɔɪd,tˈæblɔɪd
tack,verb,B2,ˈtæk,tˈæk
tackle,verb,B2,ˈtækəɫ,tˈækəl
tactile,adjective,B2,ˈtækˌtaɪɫ,tˈæktaɪl
tag,noun,B2,ˈtæɡ,tˈæɡ
tail,noun,B2,ˈteɪɫ,tˈeɪl
tame,adjective,B2,ˈteɪm,tˈeɪm
tan,noun,B2,ˈtæn,tˈæn
tanned,adjective,B2,ˈtænd,tˈænd
tap,verb,B2,ˈtæp,tˈæp
tatter,noun,B2,ˈtætɝ,tˈætɐ
tattoo,noun,B2,ˌtæˈtu,tætˈuː
taunt,noun,B2,ˈtɔnt,tˈɔːnt
tease,verb,B2,ˈtiz,tˈiːz
teaspoon,noun,B2,ˈtiˌspun,tˈiːspuːn
technical,adjective,B2,ˈtɛknɪkəɫ,tˈɛknɪkəl
technically,adverb,B2,ˈtɛknɪkəɫi,tˈɛknɪkli
telescope,noun,B2,ˈtɛɫəˌskoʊp,tˈɛlɪskˌəʊp
temperate,adjective,B2,ˈtɛmpɝət,tˈɛmpəɹət
temporarily,adverb,B2,ˌtɛmpɝˈɛɹəɫi,tˌɛmpəɹˈɛɹəli
temptation,noun,B2,tɛmˈteɪʃən,tɛmptˈeɪʃən
tender,adjective,B2,ˈtɛndɝ,tˈɛndɐ
tenderly,adverb,B2,ˈtɛndɝɫi,tˈɛndəli
tenderness,noun,B2,ˈtɛndɝnəs,tˈɛndənəs
terrace,noun,B2,ˈtɛɹəs,tˈɛɹɪs
terrifying,adjective,B2,ˈtɛɹəˌfaɪɪŋ,tˈɛɹɪfˌaɪɪŋ
territory,noun,B2,ˈtɛɹɪˌtɔɹi,tˈɛɹɪtəɹˌi
test,verb,B2,ˈtɛst,tˈɛst
testify,verb,B2,ˈtɛstəˌfaɪ,tˈɛstɪfˌaɪ
testimony,noun,B2,ˈtɛstəˌmoʊni,tˈɛstɪməni
that,adverb,B2,ˈðæt,ðˈæt
theme,noun,B2,ˈθim,θˈiːm
theorist,noun,B2,ˈθiɝɪst,θˈiəɹɪst
therapist,noun,B2,ˈθɛɹəpəst,θˈɛɹəpˌɪst
therapy,noun,B2,ˈθɛɹəpi,θˈɛɹəpi
thereafter,adverb,B2,ðɛˈɹæftɝ,ðeəɹˈɑːftɐ
thermometer,noun,B2,θɝˈmɑmətɝ,θɜːmˈɒmɪtɐ
thesis,noun,B2,ˈθisəs,θˈiːsɪs
thickly,adverb,B2,ˈθɪkɫi,θˈɪkli
thickness,noun,B2,ˈθɪknəs,θˈɪknəs
thigh,noun,B2,ˈθaɪ,θˈaɪ
thinker,noun,B2,ˈθɪŋkɝ,θˈɪŋkɐ
third person,noun,B2,ˈθɝd ˈpɝsən,θˈɜːd pˈɜːsən
thirdly,adverb,B2,ˈθɝdɫi,θˈɜːdli
thirst,noun,B2,ˈθɝst,θˈɜːst
thoroughly,adverb,B2,ˈθɝoʊɫi,θˈʌɹəli
though,adverb,B2,ˈðoʊ,ðˈəʊ
thoughtful,adjective,B2,ˈθɔtfəɫ,θˈɔːtfəl
thoughtless,adjective,B2,ˈθɔtɫəs,θˈɔːtləs
thread,noun,B2,ˈθɹɛd,θɹˈɛd
threaten,verb,B2,ˈθɹɛtən,θɹˈɛtən
thrill,noun,B2,ˈθɹɪɫ,θɹˈɪl
thrilled,adjective,B2,ˈθɹɪɫd,θɹˈɪld
thrilling,adjective,B2,ˈθɹɪɫɪŋ,θɹˈɪlɪŋ
throat,noun,B2,ˈθɹoʊt,θɹˈəʊt
tickle,verb,B2,ˈtɪkəɫ,tˈɪkəl
tight,adverb,B2,ˈtaɪt,tˈaɪt
tightrope,noun,B2,ˈtaɪˌtɹoʊp,tˈaɪtɹəʊp
time,verb,B2,ˈtaɪm,tˈaɪm
timeless,adjective,B2,ˈtaɪmɫəs,tˈaɪmləs
timeliness,noun,B2,ˈtaɪmɫinəs,tˈaɪmlinəs
times,preposition,B2,ˈtaɪmz,tˈaɪmz
timing,noun,B2,ˈtaɪmɪŋ,tˈaɪmɪŋ
tip,verb,B2,ˈtɪp,tˈɪp
tiptoe,verb,B2,ˈtɪpˌtoʊ,tˈɪptəʊ
tiredness,noun,B2,ˈtaɪɝdnɪs,tˈaɪədnəs
tiresome,adjective,B2,ˈtaɪɝsəm,tˈaɪəsʌm
toenail,noun,B2,ˈtoʊˌneɪɫ,tˈəʊneɪl
toil,verb,B2,ˈtɔɪɫ,tˈɔɪl
tolerant,adjective,B2,ˈtɑɫɝənt,tˈɒləɹənt
tolerate,verb,B2,ˈtɑɫɝˌeɪt,tˈɒləɹˌeɪt
toll,noun,B2,ˈtoʊɫ,tˈəʊl
tomb,noun,B2,ˈtum,tˈuːm
ton,noun,B2,ˈtən,tˈʌn
torch,noun,B2,ˈtɔɹtʃ,tˈɔːtʃ
tortoiseshell,noun,B2,,tˈɔːtəsʃˌɛl
torture,verb,B2,ˈtɔɹtʃɝ,tˈɔːtʃɐ
tough,adjective,B2,ˈtəf,tˈʌf
toxic,adjective,B2,ˈtɑksɪk,tˈɒksɪk
trace,verb,B2,ˈtɹeɪs,tɹˈeɪs
track,verb,B2,ˈtɹæk,tɹˈæk
trade,verb,B2,ˈtɹeɪd,tɹˈeɪd
trader,noun,B2,ˈtɹeɪdɝ,tɹˈeɪdɐ
trail,verb,B2,ˈtɹeɪɫ,tɹˈeɪl
trailer,noun,B2,ˈtɹeɪɫɝ,tɹˈeɪlɐ
trainee,noun,B2,ˈtɹeɪˈni,tɹˈeɪniː
trainer,noun,B2,ˈtɹeɪnɝ,tɹˈeɪnɐ
trait,noun,B2,ˈtɹeɪt,tɹˈeɪt
traitor,noun,B2,ˈtɹeɪtɝ,tɹˈeɪtɐ
tramp,noun,B2,ˈtɹæmp,tɹˈæmp
trample,noun,B2,ˈtɹæmpəɫ,tɹˈɑːmpəl
transcript,noun,B2,ˈtɹænsˌkɹɪpt,tɹˈænskɹɪpt
transfer,noun,B2,ˈtɹænsfɝ,
transfusion,noun,B2,tɹænsˈfjuʒən,tɹænsfjˈuːʒən
transient,adjective,B2,ˈtɹænʒənt,tɹˈænsiənt
transistor,noun,B2,tɹænˈzɪstɝ,tɹænzˈɪstɐ
transition,noun,B2,tɹænˈzɪʃən,tɹænsˈɪʃən
transitive,adjective,B2,,tɹˈænsɪtˌɪv
translation,noun,B2,tɹænˈsɫeɪʃən,tɹænslˈeɪʃən
translator,noun,B2,tɹænˈsɫeɪtɝ,tɹænslˈeɪtɐ
transmission,noun,B2,tɹænsˈmɪʃən,tɹænsmˈɪʃən
transmit,verb,B2,tɹænzˈmɪt,tɹænsmˈɪt
transparent,adjective,B2,tɹænˈspɛɹənt,tɹænspˈæɹənt
transport,verb,B2,ˈtɹænspɔɹt,
traverse,noun,B2,ˈtɹævɝs,tɹɐvˈɜːs
tray,noun,B2,ˈtɹeɪ,tɹˈeɪ
tread,verb,B2,ˈtɹɛd,tɹˈɛd
treat,verb,B2,ˈtɹit,tɹˈiːt
treaty,noun,B2,ˈtɹiti,tɹˈiːti
trek,noun,B2,ˈtɹɛk,tɹˈɛk
tremendously,adverb,B2,tɹəˈmɛndəsɫi,tɹəmˈɛndəsli
tremor,noun,B2,ˈtɹɛmɝ,tɹˈɛmɐ
trial,noun,B2,ˈtɹaɪəɫ,tɹˈaɪəl
triangle,noun,B2,ˈtɹaɪˌæŋɡəɫ,tɹˈaɪæŋɡəl
tribe,noun,B2,ˈtɹaɪb,tɹˈaɪb
trick,verb,B2,ˈtɹɪk,tɹˈɪk
tricky,adjective,B2,ˈtɹɪki,tɹˈɪki
trio,noun,B2,ˈtɹiˌoʊ,tɹˈiːəʊ
trip,verb,B2,ˈtɹɪp,tɹˈɪp
trivial,adjective,B2,ˈtɹɪviəɫ,tɹˈɪvɪəl
trolley,noun,B2,ˈtɹɑɫi,tɹˈɒli
troop,noun,B2,ˈtɹup,tɹˈuːp
trophy,noun,B2,ˈtɹoʊfi,tɹˈəʊfi
tropic,adjective,B2,ˈtɹɑpɪk,
troublesome,adjective,B2,ˈtɹəbəɫsəm,tɹˈʌbəlsˌʌm
trunk,noun,B2,ˈtɹəŋk,tɹˈʌŋk
trust,noun,B2,ˈtɹəst,tɹˈʌst
trusty,adjective,B2,ˈtɹəsti,tɹˈʌsti
truthful,adjective,B2,ˈtɹuθfəɫ,tɹˈuːθfəl
truthfulness,noun,B2,ˈtɹuθfəɫnəs,tɹˈuːθfəlnəs
tub,noun,B2,ˈtəb,tˈʌb
tuberculosis,noun,B2,təˌbɝkjəˈɫoʊsɪs,tjˌuːbəkjʊlˈəʊsɪs
tug,noun,B2,ˈtəɡ,tˈʌɡ
tuition,noun,B2,tjuˈɪʃən,tjuːˈɪʃən
tulip,noun,B2,ˈtuɫəp,tjˈuːlɪp
tumor,noun,B2,ˈtumɝ,
tunnel,noun,B2,ˈtənəɫ,tˈʌnəl
turbulent,adjective,B2,ˈtɝbjəɫənt,tˈɜːbjʊlənt
tutor,noun,B2,ˈtutɝ,tjˈuːtɐ
twinkle,noun,B2,ˈtwɪŋkəɫ,twˈɪŋkəl
twisted,adjective,B2,ˈtwɪstɪd,twˈɪstɪd
typhoid,noun,B2,ˈtaɪfɔɪd,tˈaɪfɔɪd
tyranny,noun,B2,ˈtɪɹəni,tˈɪɹənˌi
tyrant,noun,B2,ˈtaɪɹənt,tˈaɪɹənt
ultimate,adjective,B2,ˈəɫtəmət,ˈʌltɪmət
ultimately,adverb,B2,ˈəɫtəmətɫi,ˈʌltɪmətli
unacceptable,adjective,B2,ˌənækˈsɛptəbəɫ,ʌnɐksˈɛptəbəl
unashamedly,adverb,B2,ˌənəˈʃeɪmədɫi,ʌnɐʃˈeɪmɪdli
unattractive,adjective,B2,ˌənəˈtɹæktɪv,ʌnɐtɹˈæktɪv
unauthorized,adjective,B2,əˈnɔθɝˌaɪzd,
unavailable,adjective,B2,ˌənəˈveɪɫəbəɫ,ʌnɐvˈeɪləbəl
unaware,adjective,B2,ˌənəˈwɛɹ,ˌʌnəwˈeə
unbearable,adjective,B2,ənˈbɛɹəbəɫ,ʌnbˈeəɹəbəl
unbeatable,adjective,B2,ˌənˈbitəbəɫ,ʌnbˈiːtəbəl
unchanged,adjective,B2,ənˈtʃeɪndʒd,ʌntʃˈeɪndʒd
uncharacteristic,adjective,B2,ˌənˌkɛɹɪktɝˈɪstɪk,ʌnkˌæɹɪktəɹˈɪstɪk
unclearly,adverb,B2,,
uncomfortably,adverb,B2,ənˈkəmftəbɫi,ʌnkˈʌmftəbli
uncommon,adjective,B2,ənˈkɑmən,ʌnkˈɒmən
unconcerned,adjective,B2,ˌənkənˈsɝnd,ʌnkənsˈɜːnd
unconscious,adjective,B2,ˌənˈkɑnʃəs,ʌnkˈɒnʃəs
underestimate,verb,B2,ˈəndɝˈɛstəˌmeɪt,
undergraduate,noun,B2,ˌəndɝˈɡɹædʒəwət,ˌʌndəɡɹˈædjuːət
underground,adjective,B2,ˈəndɝˌɡɹaʊnd,
underground,adverb,B2,ˈəndɝˌɡɹaʊnd,
underneath,adverb,B2,ˌəndɝˈniθ,ˌʌndənˈiːθ
undersea,adjective,B2,ˌəndɝˈsi,ˌʌndəsˈiː
understandable,adjective,B2,ˌəndɝˈstændəbəɫ,ˌʌndəstˈændəbəl
understanding,adjective,B2,ˌəndɝˈstændɪŋ,ˌʌndəstˈændɪŋ
understanding,noun,B2,ˌəndɝˈstændɪŋ,ˌʌndəstˈændɪŋ
undertake,verb,B2,ˈəndɝˌteɪk,ˌʌndətˈeɪk
underwater,adverb,B2,ˈəndɝˌwɔtɝ,ˌʌndəwˈɔːtɐ
underwear,noun,B2,ˈəndɝˌwɛɹ,ˌʌndəwˈeə
undoubtedly,adverb,B2,ənˈdaʊtɪdɫi,ʌndˈaʊtɪdli
undreamed,adjective,B2,ənˈdɹimd,ʌndɹˈiːmd
undressed,adjective,B2,ənˈdɹɛst,ʌndɹˈɛst
unease,noun,B2,əˈniz,ʌnˈiːz
uneasily,adverb,B2,əˈnizəɫi,ʌnˈiːzɪli
unenthusiastic,adjective,B2,ənɪnˌθuziˈæstɪk,ˌʌnɛnθjˌuːzɪˈæstɪk
uneven,adjective,B2,əˈnivən,ʌnˈiːvən
unfamiliar,adjective,B2,ˌənfəˈmɪɫjɝ,ʌnfəmˈɪliə
unfashionable,adjective,B2,ənˈfæʃənəbəɫ,ʌnfˈæʃənəbəl
unforeseen,adjective,B2,ˌənfɔɹˈsin,ʌnfɔːsˈiːn
ungodly,adjective,B2,ənˈɡɔdɫi,ʌnɡˈɒdli
unhappiness,noun,B2,ənˈhæpinɪs,ʌnhˈæpɪnəs
unhelpful,adjective,B2,ənˈhɛɫpfəɫ,ʌnhˈɛlpfəl
unimaginable,adjective,B2,ˌənɪˈmædʒɪnəbəɫ,ˌʌnɪmˈædʒɪnəbəl
unimaginably,adverb,B2,,ˌʌnɪmˈædʒɪnəbli
united,adjective,B2,juˈnaɪtɪd,juːnˈaɪtɪd
universal,adjective,B2,ˌjunəˈvɝsəɫ,jˌuːnɪvˈɜːsəl
unjustly,adverb,B2,ənˈdʒəstɫi,ʌndʒˈʌstli
unkind,adjective,B2,ənˈkaɪnd,ʌnkˈaɪnd
unlike,preposition,B2,ənˈɫaɪk,ʌnlˈaɪk
unlimited,adjective,B2,ənˈɫɪmətɪd,ʌnlˈɪmɪtɪd
unload,verb,B2,ənˈɫoʊd,ʌnlˈəʊd
unlock,verb,B2,ənˈɫɑk,ʌnlˈɒk
unmistakable,adjective,B2,ˌənmɪˈsteɪkəbəɫ,ʌnmɪstˈeɪkəbəl
unmistakably,adverb,B2,ˌənmɪˈsteɪkəbɫi,ʌnmɪstˈeɪkəbli
unnatural,adjective,B2,ənˈnætʃɝəɫ,ʌnnˈætʃəɹəl
unofficial,adjective,B2,ˌənəˈfɪʃəɫ,ʌnəfˈɪʃəl
unpopular,adjective,B2,ˌənˈpɑpjəɫɝ,ʌnpˈɒpjʊlɐ
unrealistic,adjective,B2,ənˌɹiˈɫɪstɪk,ʌnɹiəlˈɪstɪk
unreasonable,adjective,B2,ənˈɹiznəbəɫ,ʌnɹˈiːzənəbəl
unreliable,adjective,B2,ˌənɹiˈɫaɪəbəɫ,ˌʌnɹɪlˈaɪəbəl
unrest,noun,B2,ənˈɹɛst,ʌnɹˈɛst
unsafe,adjective,B2,ənˈseɪf,ʌnsˈeɪf
unsatisfactory,adjective,B2,ˌənsətɪsˈfæktɝi,ʌnsˌætɪsfˈæktəɹˌi
unselfish,adjective,B2,,ʌnsˈɛlfɪʃ
unstoppable,adjective,B2,ənˈstɑpəbəɫ,ʌnstˈɒpəbəl
unsuccessful,adjective,B2,ˌənsəkˈsɛsfəɫ,ʌnsəksˈɛsfəl
unsuitable,adjective,B2,ənˈsutəbəɫ,ʌnsˈuːtəbəl
unsure,adjective,B2,ənˈʃʊɹ,ʌnʃˈɔː
untalented,adjective,B2,,ʌntˈæləntɪd
unthinkably,adverb,B2,,ʌnθˈɪŋkəbli
untie,verb,B2,ənˈtaɪ,ʌntˈaɪ
unto,preposition,B2,ˈəntu,ˈʌntʊ
untreated,adjective,B2,ənˈtɹitɪd,ʌntɹˈiːtɪd
untrimmed,adjective,B2,,ʌntɹˈɪmd
unusualness,noun,B2,,
unwilling,adjective,B2,ənˈwɪɫɪŋ,ʌnwˈɪlɪŋ
unwise,adjective,B2,ənˈwaɪz,ʌnwˈaɪz
unworldly,adjective,B2,,ʌnwˈɜːldli
upbringing,noun,B2,ˈəpˌbɹɪŋɪŋ,ʌpbɹˈɪŋɪŋ
update,noun,B2,ˈəpˌdeɪt,
upgrade,noun,B2,ˈəpˈɡɹeɪd,
upgrade,verb,B2,ˈəpˈɡɹeɪd,
upright,adjective,B2,ˈəˌpɹaɪt,ˈʌpɹaɪt
upright,adverb,B2,ˈəˌpɹaɪt,ˈʌpɹaɪt
upset,verb,B2,ˈəpˌsɛt,
upside down,adjective,B2,ˈəpˈsaɪd ˈdaʊn,ˈʌpsaɪd dˈaʊn
upside down,adverb,B2,ˈəpˈsaɪd ˈdaʊn,ˈʌpsaɪd dˈaʊn
urban,adjective,B2,ˈɝbən,ˈɜːbən
urge,verb,B2,ˈɝdʒ,ˈɜːdʒ
urgently,adverb,B2,ˈɝdʒəntɫi,ˈɜːdʒəntli
user,noun,B2,ˈjuzɝ,jˈuːzɐ
usher,verb,B2,ˈəʃɝ,ˈʌʃɐ
utility,noun,B2,juˈtɪɫəti,juːtˈɪlɪti
utilize,verb,B2,ˈjutəˌɫaɪz,
utter,verb,B2,ˈətɝ,ˈʌtɐ
utterly,adverb,B2,ˈətɝɫi,ˈʌtəli
vacant,adjective,B2,ˈveɪkənt,vˈeɪkənt
vaccine,noun,B2,ˌvækˈsin,væksˈiːn
valentine,noun,B2,ˈvæɫənˌtaɪn,vˈæləntˌaɪn
valid,adjective,B2,ˈvæɫɪd,vˈælɪd
value,verb,B2,ˈvæɫju,vˈæljuː
vanish,verb,B2,ˈvænɪʃ,vˈænɪʃ
vanity,noun,B2,ˈvænəti,vˈænɪti
variation,noun,B2,ˌvɛɹiˈeɪʃən,vˌeəɹɪˈeɪʃən
varied,adjective,B2,ˈvɛɹid,vˈeəɹid
venture,noun,B2,ˈvɛntʃɝ,vˈɛntʃɐ
venue,noun,B2,ˈvɛnju,vˈɛnjuː
verbal,adjective,B2,ˈvɝbəɫ,vˈɜːbəl
verbally,adverb,B2,vɝˈbæɫi,vˈɜːbəli
verse,noun,B2,ˈvɝs,vˈɜːs
verse,verb,B2,ˈvɝs,vˈɜːs
version,noun,B2,ˈvɝʒən,vˈɜːʃən
versus,preposition,B2,ˈvɝsəs,vˈɜːsɪz
very,adjective,B2,ˈvɛɹi,vˈɛɹi
veteran,noun,B2,ˈvɛtɝən,vˈɛtəɹən
vibrate,verb,B2,ˈvaɪbɹeɪt,vaɪbɹˈeɪt
vibration,noun,B2,vaɪˈbɹeɪʃən,vaɪbɹˈeɪʃən
viewer,noun,B2,ˈvjuɝ,vjˈuːɐ
vigor,noun,B2,ˈvɪɡɝ,
vigorous,adjective,B2,ˈvɪɡɝəs,vˈɪɡəɹəs
vigorously,adverb,B2,ˈvɪɡɝəsɫi,vˈɪɡəɹəsli
villa,noun,B2,ˈvɪɫə,vˈɪlɐ
villager,noun,B2,ˈvɪɫɪdʒɝ,vˈɪlɪdʒɐ
vinegar,noun,B2,ˈvɪnəɡɝ,vˈɪnɪɡɐ
violate,verb,B2,ˈvaɪəɫeɪt,vˈaɪəleɪt
virtual reality,noun,B2,ˈvɝtʃuəɫ ˌɹiˈæɫəˌti,vˈɜːtʃuːəl ɹɪˈælɪti
virtually,adverb,B2,ˈvɝtʃuəɫi,vˈɜːtʃuːəli
virtue,noun,B2,ˈvɝtʃu,vˈɜːtʃuː
visibly,adverb,B2,ˈvɪzəbɫi,vˈɪzəbli
vital,adjective,B2,ˈvaɪtəɫ,vˈaɪtəl
vitamin,noun,B2,ˈvaɪtəmən,vˈɪtəmɪn
vocalist,noun,B2,ˈvoʊkəɫɪst,vˈəʊkəlˌɪst
volunteer,noun,B2,ˌvɑɫənˈtɪɹ,vˌɒləntˈiə
vomit,noun,B2,ˈvɑmət,vˈɒmɪt
voter,noun,B2,ˈvoʊtɝ,vˈəʊtɐ
vow,noun,B2,ˈvaʊ,vˈaʊ
wage,noun,B2,ˈweɪdʒ,wˈeɪdʒ
waist,noun,B2,ˈweɪst,wˈeɪst
waistcoat,noun,B2,,wˈeɪstkəʊt
wait,noun,B2,ˈweɪt,wˈeɪt
walkabout,noun,B2,,wˈɔːkɐbˌaʊt
walker,noun,B2,ˈwɔkɝ,wˈɔːkɐ
wallboard,noun,B2,ˈwɔɫˌbɔɹd,
walnut,noun,B2,ˈwɔɫˌnət,wˈɒlnʌt
want,noun,B2,ˈwɑnt,wˈɒnt
warship,noun,B2,ˈwɔɹˌʃɪp,wˈɔːʃɪp
wartime,noun,B2,ˈwɔɹˌtaɪm,wˈɔːtaɪm
wasp,noun,B2,ˈwɑsp,wˈɒsp
water,verb,B2,ˈwɔtɝ,wˈɔːtɐ
waterproof,adjective,B2,ˈwɔtɝˌpɹuf,wˈɔːtəpɹˌuːf
weaken,verb,B2,ˈwikən,wˈiːkən
weakly,adverb,B2,ˈwikɫi,wˈiːkli
wealthy,adjective,B2,ˈwɛɫθi,wˈɛlθi
wearisome,adjective,B2,ˈwɪɹisəm,wˈeəɹisˌʌm
weary,adjective,B2,ˈwɪɹi,wˈiəɹi
weave,noun,B2,ˈwiv,wˈiːv
wed,verb,B2,ˈwɛd,wˈɛd
weed,noun,B2,ˈwid,wˈiːd
welcome,noun,B2,ˈwɛɫkəm,wˈɛlkʌm
welfare,noun,B2,ˈwɛɫˌfɛɹ,wˈɛlfeə
well-balanced,adjective,B2,,
well-built,adjective,B2,,
well-organized,adjective,B2,,
well-paid,adjective,B2,,
western,adjective,B2,ˈhwɛstɝn,wˈɛstən
wheat,noun,B2,ˈhwit,wˈiːt
whereas,conjunction,B2,hwɛˈɹæz,wˈeəɹəz
whichever,pronoun,B2,hwɪˈtʃɛvɝ,wɪtʃˈɛvɐ
whip,verb,B2,ˈhwɪp,wˈɪp
whiskey,noun,B2,ˈhwɪski,wˈɪski
whisper,verb,B2,ˈhwɪspɝ,wˈɪspɐ
whistle,verb,B2,ˈhwɪsəɫ,wˈɪsəl
widen,verb,B2,ˈwaɪdən,wˈaɪdən
widow,noun,B2,ˈwɪdoʊ,wˈɪdəʊ
width,noun,B2,ˈwɪdθ,wˈɪdθ
wilderness,noun,B2,ˈwɪɫdɝnəs,wˈɪldənəs
will,noun,B2,ˈwɪɫ,wˈɪl
willing,adjective,B2,ˈwɪɫɪŋ,wˈɪlɪŋ
willingly,adverb,B2,ˈwɪɫɪŋɫi,wˈɪlɪŋli
win,noun,B2,ˈwɪn,wˈɪn
wind,verb,B2,ˈwaɪnd,
winding,adjective,B2,ˈwaɪndɪŋ,
windshield,noun,B2,ˈwɪndˌʃiɫd,wˈɪndʃiːld
wink,noun,B2,ˈwɪŋk,wˈɪŋk
wipe,verb,B2,ˈwaɪp,wˈaɪp
wire,verb,B2,ˈwaɪɝ,wˈaɪə
wit,noun,B2,ˈwɪt,wˈɪt
withdraw,verb,B2,wɪðˈdɹɔ,wɪðdɹˈɔː
withdrawal,noun,B2,wɪðˈdɹɔəɫ,wɪðdɹˈɔːl
witness,noun,B2,ˈwɪtnəs,wˈɪtnəs
witty,adjective,B2,ˈwɪti,wˈɪti
wolf,noun,B2,ˈwʊɫf,wˈʊlf
wondrous,adjective,B2,ˈwəndɹəs,wˈʌndɹəs
woodcarving,noun,B2,,wˈʊdkɑːvɪŋ
wordlessly,adverb,B2,,wˈɜːdləsli
workaholic,adjective,B2,ˌwɝkəˈhɑɫɪk,wˌɜːkɐhˈɒlɪk
workbench,noun,B2,ˈwɝkˌbɛntʃ,wˈɜːkbɛntʃ
workman,noun,B2,ˈwɝkmən,wˈɜːkmən
worktable,noun,B2,,
worldly,adjective,B2,ˈwɝɫdɫi,wˈɜːldli
worldview,noun,B2,ˈwɝɫdˌvju,wˈɜːldvjuː
worldwide,adjective,B2,ˈwɝɫdˈwaɪd,wˈɜːldwaɪd
worm,noun,B2,ˈwɝm,wˈɜːm
wornout,adjective,B2,,
worrying,adjective,B2,ˈwɝiɪŋ,wˈʌɹɪɪŋ
worse,noun,B2,ˈwɝs,wˈɜːs
worsen,verb,B2,ˈwɝsən,wˈɜːsən
worship,noun,B2,ˈwɝʃəp,wˈɜːʃɪp
worst,adverb,B2,ˈwɝst,wˈɜːst
worthless,adjective,B2,ˈwɝθɫəs,wˈɜːθləs
wound,verb,B2,ˈwaʊnd,
wreck,noun,B2,ˈɹɛk,ɹˈɛk
wrongly,adverb,B2,ˈɹɔŋɫi,ɹˈɒŋli
X-ray,noun,B2,ˈɛksˌɹeɪ,
yacht,noun,B2,ˈjɑt,jˈɒt
yawn,noun,B2,ˈjɔn,jˈɔːn
yawn,verb,B2,ˈjɔn,jˈɔːn
yearn,verb,B2,ˈjɝn,jˈɜːn
yell,verb,B2,ˈjɛɫ,jˈɛl
yield,verb,B2,ˈjiɫd,jˈiːld
youthful,adjective,B2,ˈjuθfəɫ,jˈuːθfəl
yummy,adjective,B2,ˈjəmi,jˈʌmi
zebra,noun,B2,ˈzibɹə,zˈɛbɹɐ
zip,noun,B2,ˈzɪp,zˈɪp
zoom,noun,B2,ˈzum,zˈuːm
aboard,preposition,C1,əˈbɔɹd,ɐbˈɔːd
abound,verb,C1,əˈbaʊnd,ɐbˈaʊnd
absolute,noun,C1,ˈæbsəˌɫut,ˈæbsəlˌuːt
abstraction,noun,C1,æbˈstɹækʃən,ɐbstɹˈækʃən
accustomed,adjective,C1,əˈkəstəmd,ɐkˈʌstəmd
acidic,adjective,C1,əˈsɪdɪk,ɐsˈɪdɪk
acoustic,adjective,C1,əˈkustɪk,ɐkˈuːstɪk
acoustically,adverb,C1,əˈkustɪkɫi,ɐkˈuːstɪkli
acoustics,noun,C1,əˈkustɪks,ɐkˈuːstɪks
acre,noun,C1,ˈeɪkɝ,
acutely,adverb,C1,əkˈjutɫi,ɐkjˈuːtli
adjoin,verb,C1,əˈdʒɔɪn,ɐdʒˈɔɪn
adjoining,adjective,C1,əˈdʒɔɪnɪŋ,ɐdʒˈɔɪnɪŋ
adjustable,adjective,C1,əˈdʒəstəbəɫ,ɐdʒˈʌstəbəl
adrenaline,noun,C1,əˈdɹɛnəɫən,ɐdɹˈɛnəlˌɪn
advantageous,adjective,C1,ˌædvənˈteɪdʒəs,ɐdvɑːntˈeɪdʒəs
adversary,noun,C1,ˈædvɝˌsɛɹi,ˈædvəsəɹi
advisory,adjective,C1,ædˈvaɪzɝi,ɐdvˈaɪzəɹˌi
aesthetic,adjective,C1,ɛsˈθɛtɪk,iːsθˈɛtɪk
aesthetically,adverb,C1,ɛsˈθɛtɪkɫi,iːsθˈɛtɪkli
agreeable,adjective,C1,əˈɡɹiəbəɫ,ɐɡɹˈiːəbəl
aimless,adjective,C1,ˈeɪmɫəs,ˈeɪmləs
aimlessly,adverb,C1,ˈeɪmɫəsɫi,ˈeɪmləsli
alienate,verb,C1,ˈeɪɫjəˌneɪt,ˈeɪliənˌeɪt
align,verb,C1,əˈɫaɪn,ɐlˈaɪn
alignment,noun,C1,əˈɫaɪnmənt,ɐlˈaɪnmənt
allege,verb,C1,əˈɫɛdʒ,ɐlˈɛdʒ
alleviate,verb,C1,əˈɫiviˌeɪt,ɐlˈiːvɪˌeɪt
altruism,noun,C1,ˈæɫtɹuˌɪzəm,ˈɔːltɹuːˌɪzəm
altruistic,adjective,C1,ˌɔɫtɹuˈɪstɪk,ˌɔːltɹuːˈɪstɪk
amateur,adjective,C1,ˈæməˌtɝ,ˈæmətɐ
amateur,noun,C1,ˈæməˌtɝ,ˈæmətɐ
amid,preposition,C1,əˈmɪd,ɐmˈɪd
amplification,noun,C1,ˌæmpɫəfəˈkeɪʃən,ˌæmplɪfɪkˈeɪʃən
amply,adverb,C1,ˈæmpɫi,ˈæmpli
anchor,verb,C1,ˈæŋkɝ,ˈænkɐ
anchored,adjective,C1,ˈæŋkɝd,ˈænkəd
angle,verb,C1,ˈæŋɡəɫ,ˈæŋɡəl
animatedly,adverb,C1,,
anthropologist,noun,C1,ˌænθɹəˈpɑɫədʒəst,ˌænθɹəpˈɒlədʒˌɪst
anthropology,noun,C1,ˌænθɹəˈpɑɫədʒi,ˌænθɹəpˈɒlədʒi
anticlimactic,adjective,C1,ˌæntikɫaɪˈmæktɪk,
antics,noun,C1,ˈæntɪks,ˈæntɪks
antiquated,adjective,C1,ˈæntəˌkweɪtɪd,ˈæntɪkwˌeɪtɪd
antiquity,noun,C1,ænˈtɪkwəti,æntˈɪkwɪti
appall,verb,C1,əˈpɔɫ,
appalling,adjective,C1,əˈpɔɫɪŋ,ɐpˈɔːlɪŋ
appallingly,adverb,C1,əˈpɔɫɪŋɫi,ɐpˈɔːlɪŋli
appliance,noun,C1,əˈpɫaɪəns,ɐplˈaɪəns
apprehensive,adjective,C1,ˌæpɹiˈhɛnsɪv,ˌæpɹɪhˈɛnsɪv
apprentice,noun,C1,əˈpɹɛntəs,ɐpɹˈɛntɪs
apprentice,verb,C1,əˈpɹɛntəs,ɐpɹˈɛntɪs
apprenticeship,noun,C1,əˈpɹɛntəsˌʃɪp,ɐpɹˈɛntɪsʃˌɪp
apt,adjective,C1,ˈæpt,ˈæpt
apt to,verb,C1,ˈæpt ˈtu,ˈæpt tˈuː
aqua,adjective,C1,ˈækwə,ˈækwɐ
aquarium,noun,C1,əˈkwɛɹiəm,ɐkwˈeəɹiəm
artistically,adverb,C1,ɑɹˈtɪstɪkɫi,ɑːtˈɪstɪkli
assertion,noun,C1,əˈsɝʃən,ɐsˈɜːʃən
astray,adverb,C1,əˈstɹeɪ,ɐstɹˈeɪ
atmospheric,adjective,C1,ˌætməsˈfɛɹɪk,ˌætməsfˈɛɹɪk
automatic,verb,C1,ˌɔtəˈmætɪk,ˌɔːtəmˈætɪk
avid,adjective,C1,ˈævəd,ˈævɪd
awe,verb,C1,ˈɑ,ˈɔː
bald,verb,C1,ˈbɔɫd,bˈɔːld
baldly,adverb,C1,ˈbɔɫdɫi,bˈɔːldli
batter,noun,C1,ˈbætɝ,bˈætɐ
batter,verb,C1,ˈbætɝ,bˈætɐ
battered,adjective,C1,ˈbætɝd,bˈætəd
bearded,adjective,C1,ˈbɪɹdəd,bˈiədɪd
beforehand,adverb,C1,bɪˈfɔɹˌhænd,bɪfˈɔːhænd
beguiling,adjective,C1,bɪˈɡaɪɫɪŋ,bɪɡˈaɪlɪŋ
beguilingly,adverb,C1,,bɪɡˈaɪlɪŋli
believably,adverb,C1,,bɪlˈiːvəbli
benign,adjective,C1,bɪˈnaɪn,bɪnˈaɪn
benignly,adverb,C1,bəˈnaɪnɫi,bɪnˈaɪnli
bequeath,verb,C1,bɪˈkwiθ,bɪkwˈiːθ
billiards,noun,C1,ˈbɪɫjɝdz,bˈɪlɪədz
blankness,noun,C1,,blˈæŋknəs
bliss,noun,C1,ˈbɫɪs,blˈɪs
blister,noun,C1,ˈbɫɪstɝ,blˈɪstɐ
blister,verb,C1,ˈbɫɪstɝ,blˈɪstɐ
blithely,adverb,C1,ˈbɫaɪθɫi,blˈaɪðli
blockbuster,noun,C1,ˈbɫɑkˌbəstɝ,blˈɒkbʌstɐ
bloom,verb,C1,ˈbɫum,blˈuːm
boast,noun,C1,ˈboʊst,bˈəʊst
bouquet,noun,C1,buˈkeɪ,buːkˈeɪ
brainwash,verb,C1,ˈbɹeɪnˌwɑʃ,bɹˈeɪnwɒʃ
brainwashing,noun,C1,ˈbɹeɪnˌwɑʃɪŋ,bɹˈeɪnwɒʃɪŋ
bribe,noun,C1,ˈbɹaɪb,bɹˈaɪb
bribe,verb,C1,ˈbɹaɪb,bɹˈaɪb
bribery,noun,C1,ˈbɹaɪbɝi,bɹˈaɪbəɹi
brief,verb,C1,ˈbɹif,bɹˈiːf
bubbly,adjective,C1,ˈbəbəɫi,bˈʌbli
buffer,noun,C1,ˈbəfɝ,bˈʌfɐ
buffer,verb,C1,ˈbəfɝ,bˈʌfɐ
buffoon,noun,C1,bəˈfun,bʌfˈuːn
bulk,noun,C1,ˈbəɫk,bˈʌlk
bulk up,verb,C1,ˈbəɫk ˈəp,bˈʌlk ˈʌp
bulky,adjective,C1,ˈbəɫki,bˈʌlki
bureaucratic,adjective,C1,ˌbjʊɹəˈkɹætɪk,bjˌɔːɹəʊkɹˈætɪk
bureaucratically,adverb,C1,,bjˌɔːɹəʊkɹˈætɪkli
burst,noun,C1,ˈbɝst,bˈɜːst
buzzer,noun,C1,ˈbəzɝ,bˈʌzɐ
bypass,verb,C1,ˈbaɪˌpæs,bˈaɪpɑːs
calorie,noun,C1,ˈkæɫɝi,kˈælɔːɹi
campaign,verb,C1,kæmˈpeɪn,kæmpˈeɪn
candid,adjective,C1,ˈkændəd,kˈændɪd
candidly,adverb,C1,ˈkændɪdɫi,kˈændɪdli
canoe,noun,C1,kəˈnu,kənˈuː
carpenter,noun,C1,ˈkɑɹpəntɝ,kˈɑːpəntɐ
carpentry,noun,C1,ˈkɑɹpəntɹi,kˈɑːpəntɹi
carrier,noun,C1,ˈkæɹiɝ,kˈæɹɪɐ
cavity,noun,C1,ˈkævəti,kˈævɪti
ceaseless,adjective,C1,ˈsisɫɪs,sˈiːsləs
ceaselessly,adverb,C1,ˈsizɫəsɫi,sˈiːsləsli
cessation,noun,C1,ˌsɛˈseɪʃən,sɛsˈeɪʃən
chaotically,adverb,C1,,keɪˈɒtɪkli
characterization,noun,C1,ˌkɛɹəktɝɪˈzeɪʃən,
chart,verb,C1,ˈtʃɑɹt,tʃˈɑːt
charter,noun,C1,ˈtʃɑɹtɝ,tʃˈɑːtɐ
charter,verb,C1,ˈtʃɑɹtɝ,tʃˈɑːtɐ
chauffer,noun,C1,,ʃˈəʊfɐ
chauffer,verb,C1,,ʃˈəʊfɐ
chill,noun,C1,ˈtʃɪɫ,tʃˈɪl
chill,verb,C1,ˈtʃɪɫ,tʃˈɪl
chilly,adjective,C1,ˈtʃɪɫi,tʃˈɪli
chisel,verb,C1,ˈtʃɪzəɫ,tʃˈɪzəl
chiselled,adjective,C1,,tʃˈɪzəld
churn,verb,C1,ˈtʃɝn,tʃˈɜːn
circulate,verb,C1,ˈsɝkjəˌɫeɪt,sˈɜːkjʊlˌeɪt
circulation,noun,C1,ˈsɝkjəˌɫeɪʃən,sˌɜːkjʊlˈeɪʃən
citation,noun,C1,saɪˈteɪʃən,saɪtˈeɪʃən
cite,verb,C1,ˈsaɪt,sˈaɪt
clammy,adjective,C1,ˈkɫæmi,klˈæmi
clan,noun,C1,ˈkɫæn,klˈæn
class,verb,C1,ˈkɫæs,klˈɑːs
classy,adjective,C1,ˈkɫæsi,klˈɑːsi
claustrophobia,noun,C1,ˌkɫɔstɹəˈfoʊbiə,klˌɒstɹəfˈəʊbiə
claustrophobic,adjective,C1,ˌkɫɔstɹəˈfoʊbɪk,klˌɒstɹəfˈəʊbɪk
cleanly,adverb,C1,ˈkɫinɫi,
clench,verb,C1,ˈkɫɛntʃ,klˈɛntʃ
cleverness,noun,C1,ˈkɫɛvɝnəs,klˈɛvənəs
climactic,adjective,C1,kɫaɪˈmæktɪk,klaɪmˈæktɪk
climax,noun,C1,ˈkɫaɪˌmæks,klˈaɪmæks
clinical,adjective,C1,ˈkɫɪnəkəɫ,klˈɪnɪkəl
cloak,noun,C1,ˈkɫoʊk,klˈəʊk
closeness,noun,C1,ˈkɫoʊsnɪs,klˈəʊznəs
clutch,noun,C1,ˈkɫətʃ,klˈʌtʃ
clutch,verb,C1,ˈkɫətʃ,klˈʌtʃ
clutter,noun,C1,ˈkɫətɝ,klˈʌtɐ
clutter,verb,C1,ˈkɫətɝ,klˈʌtɐ
collaborate,verb,C1,kəˈɫæbɝˌeɪt,kəlˈæbəɹˌeɪt
collaboration,noun,C1,kəˌɫæbɝˈeɪʃən,kəlˌæbəɹˈeɪʃən
collaborative,adjective,C1,kəˈɫæbɝˌeɪtɪv,kəlˈæbɹətˌɪv
collaborator,noun,C1,kəˈɫæbɝˌeɪtɝ,kəlˈæbɔːɹˌeɪtɐ
commend,verb,C1,kəˈmɛnd,kəmˈɛnd
commendation,noun,C1,ˌkɑmənˈdeɪʃən,kˌɒməndˈeɪʃən
commercially,adverb,C1,kəˈmɝʃəɫi,kəmˈɜːʃəlˌi
commission,verb,C1,kəˈmɪʃən,kəmˈɪʃən
compel,verb,C1,kəmˈpɛɫ,kəmpˈɛl
complementary,adjective,C1,ˌkɑmpɫəˈmɛntɹi,kˌɒmplɪmˈɛntəɹi
compliance,noun,C1,kəmˈpɫaɪəns,kəmplˈaɪəns
compliant,adjective,C1,kəmˈpɫaɪənt,kəmplˈaɪənt
compliantly,adverb,C1,,kəmplˈaɪəntli
complimentary,adjective,C1,ˌkɑmpɫəˈmɛntɝi,kˌɒmplɪmˈɛntəɹi
comply,verb,C1,kəmˈpɫaɪ,kəmplˈaɪ
comprise,verb,C1,kəmˈpɹaɪz,kəmpɹˈaɪz
compromised,adjective,C1,ˈkɑmpɹəˌmaɪzd,kˈɒmpɹəmˌaɪzd
compulsion,noun,C1,kəmˈpəɫʃən,kəmpˈʌlʃən
con,noun,C1,ˈkɑn,kˈɒn
con,verb,C1,ˈkɑn,kˈɒn
concerto,noun,C1,kənˈtʃɛɹtoʊ,kəntʃˈeətəʊ
concur,verb,C1,kənˈkɝ,kənkˈɜː
condition,verb,C1,kənˈdɪʃən,kəndˈɪʃən
conditional,adjective,C1,kənˈdɪʃənəɫ,kəndˈɪʃənəl
conditionally,adverb,C1,kənˈdɪʃənəɫi,kəndˈɪʃənəli
confide,verb,C1,kənˈfaɪd,kənfˈaɪd
confinement,noun,C1,kənˈfaɪnmənt,kənfˈaɪnmənt
conform,verb,C1,kənˈfɔɹm,kənfˈɔːm
conformity,noun,C1,kənˈfɔɹməti,kənfˈɔːmɪti
congregate,verb,C1,ˈkɑŋɡɹəˌɡeɪt,
conjure,verb,C1,ˈkɑndʒɝ,kˈʌndʒɐ
connoisseur,noun,C1,ˌkɑnəˈsɝ,kˌɒnəsˈɜː
conscientious,adjective,C1,ˌkɑnʃiˈɛnʃəs,kˌɒnsɪˈɛnʃəs
conscientiously,adverb,C1,ˌkɑntʃiˈɛntʃəsɫi,kˌɒnsɪˈɛnʃəsli
conservatory,noun,C1,kənˈsɝvətɔɹi,kənsˈɜːvətəɹˌi
conserve,verb,C1,kənˈsɝv,
constraint,noun,C1,kənˈstɹeɪnt,kənstɹˈeɪnt
consultancy,noun,C1,kənˈsəɫtənsi,kənsˈʌltənsi
consultation,noun,C1,ˌkɑnsəɫˈteɪʃən,kɒnsəltˈeɪʃən
contest,verb,C1,ˈkɑntɛst,
contested,adjective,C1,kənˈtɛstəd,kəntˈɛstɪd
contextual,adjective,C1,ˌkɑnˈtɛksˌtʃuəɫ,kəntˈɛkstʃuːəl
contextually,adverb,C1,,kəntˈɛkstʃuːəli
continuity,noun,C1,ˌkɑntəˈnuəti,kɒntɪnjˈuːɪti
contract,verb,C1,ˈkɑnˌtɹækt,
contractor,noun,C1,ˈkɑnˌtɹæktɝ,kəntɹˈæktɐ
convict,noun,C1,ˈkɑnvɪkt,
convict,verb,C1,ˈkɑnvɪkt,
conviction,noun,C1,kənˈvɪkʃən,kənvˈɪkʃən
convoluted,adjective,C1,ˈkɑnvəˌɫutəd,kˌɒnvəlˈuːtɪd
corps,noun,C1,ˈkɔɹ,
cost-effective,adjective,C1,,
coupled,adjective,C1,ˈkəpəɫd,kˈʌpəld
coverage,noun,C1,ˈkəvɝədʒ,kˈʌvəɹɪdʒ
craft,verb,C1,ˈkɹæft,kɹˈɑːft
crave,verb,C1,ˈkɹeɪv,kɹˈeɪv
craving,noun,C1,ˈkɹeɪvɪŋ,kɹˈeɪvɪŋ
creamy,adjective,C1,ˈkɹimi,kɹˈiːmi
credential,noun,C1,kɹəˈdɛnʃəɫ,kɹɪdˈɛnʃəl
credibility,noun,C1,ˌkɹɛdəˈbɪɫɪti,kɹˌɛdɪbˈɪlɪti
credible,adjective,C1,ˈkɹɛdəbəɫ,kɹˈɛdɪbəl
credibly,adverb,C1,ˈkɹɛdəbɫi,kɹˈɛdɪbli
criteria,noun,C1,kɹaɪˈtɪɹiə,kɹaɪtˈiəɹɪɐ
crude,adjective,C1,ˈkɹud,kɹˈuːd
crudely,adverb,C1,ˈkɹudɫi,kɹˈuːdli
crumb,noun,C1,ˈkɹəm,kɹˈʌm
crumble,verb,C1,ˈkɹəmbəɫ,kɹˈʌmbəl
customary,adjective,C1,ˈkəstəˌmɛɹi,kˈʌstəməɹi
cynic,noun,C1,ˈsɪnɪk,sˈɪnɪk
cynical,adjective,C1,ˈsɪnɪkəɫ,sˈɪnɪkəl
cynically,adverb,C1,ˈsɪnɪkəɫi,sˈɪnɪkli
cynicism,noun,C1,ˈsɪnɪˌsɪzəm,sˈɪnɪsˌɪzəm
damply,adverb,C1,,
darkroom,noun,C1,ˈdɑɹˌkɹum,dˈɑːkɹuːm
daunt,verb,C1,ˈdɔnt,dˈɔːnt
daunting,adjective,C1,ˈdɔntɪŋ,dˈɔːntɪŋ
daydream,noun,C1,ˈdeɪˌdɹim,dˈeɪdɹiːm
daydream,verb,C1,ˈdeɪˌdɹim,dˈeɪdɹiːm
debut,noun,C1,ˈdeɪbju,dˈeɪbjuː
debut,verb,C1,ˈdeɪbju,dˈeɪbjuː
deceit,noun,C1,dəˈsit,dɪsˈiːt
degradation,noun,C1,ˌdɛɡɹəˈdeɪʃən,dɪɡɹɐdˈeɪʃən
degrade,verb,C1,dɪˈɡɹeɪd,dɪɡɹˈeɪd
degrading,adjective,C1,dɪˈɡɹeɪdɪŋ,dɪɡɹˈeɪdɪŋ
demise,noun,C1,dɪˈmaɪz,dɪmˈaɪz
demo,noun,C1,ˈdɛmoʊ,dˈɛməʊ
demographic,adjective,C1,ˌdɛməˈɡɹæfɪk,dˌɛməɡɹˈæfɪk
demographic,noun,C1,ˌdɛməˈɡɹæfɪk,dˌɛməɡɹˈæfɪk
demographically,adverb,C1,ˌdɛməˈɡɹæfɪkɫi,dˌɛməɡɹˈæfɪkli
demography,noun,C1,dɪˈmɑɡɹəfi,dɛmˈɒɡɹəfi
demolition,noun,C1,ˌdɛməˈɫɪʃən,dˌɛməlˈɪʃən
dependent,noun,C1,dɪˈpɛndənt,dɪpˈɛndənt
depict,verb,C1,dɪˈpɪkt,dɪpˈɪkt
depiction,noun,C1,dɪˈpɪkʃən,dɪpˈɪkʃən
deprivation,noun,C1,ˌdɛpɹəˈveɪʃən,dɪpɹɪvˈeɪʃən
descent,noun,C1,dɪˈsɛnt,dɪsˈɛnt
desert,verb,C1,ˈdɛzɝt,
desertion,noun,C1,dɪˈzɝʃən,dɪzˈɜːʃən
detest,verb,C1,diˈtɛst,dɪtˈɛst
detestable,adjective,C1,,dɪtˈɛstəbəl
detriment,noun,C1,ˈdɛtɹəmənt,dˈɛtɹɪmənt
detrimental,adjective,C1,ˌdɛtɹəˈmɛnəɫ,dˌɛtɹɪmˈɛntəl
detrimentally,adverb,C1,,dˌɛtɹɪmˈɛntəli
detritus,noun,C1,ˈdɛtɹətəs,dɪtɹˈaɪtəs
devotee,noun,C1,ˌdɛvəˈti,dˌɛvəʊtˈiː
digitalization,noun,C1,,
digitalize,verb,C1,,
discard,verb,C1,dɪˈskɑɹd,
discourse,noun,C1,ˈdɪskɔɹs,
disdain,noun,C1,dɪsˈdeɪn,dɪsdˈeɪn
disillusionment,noun,C1,ˌdɪsɪˈɫuʒənmənt,dɪsɪlˈuːʒənmənt
dislodge,verb,C1,dɪˈsɫɑdʒ,dɪslˈɒdʒ
dismal,adjective,C1,ˈdɪzməɫ,dˈɪzməl
dismally,adverb,C1,ˈdɪzməɫi,dˈɪzməli
dismay,noun,C1,dɪsˈmeɪ,dɪsmˈeɪ
dismay,verb,C1,dɪsˈmeɪ,dɪsmˈeɪ
dispensary,noun,C1,ˈdɪspɛnˌsɛɹi,dɪspˈɛnsəɹi
dispense,verb,C1,dɪˈspɛns,dɪspˈɛns
disquieting,adjective,C1,dɪsˈkwaɪətɪŋ,dɪskwˈaɪətɪŋ
dissect,verb,C1,daɪˈsɛkt,dˈaɪsɛkt
dissection,noun,C1,ˈdaɪsɛkʃən,daɪsˈɛkʃən
dither,verb,C1,ˈdɪðɝ,dˈɪðɐ
diverge,verb,C1,dɪˈvɝdʒ,daɪvˈɜːdʒ
divergence,noun,C1,daɪˈvɝdʒəns,daɪvˈɜːdʒəns
divergent,adjective,C1,daɪˈvɝdʒənt,daɪvˈɜːdʒənt
diversity,noun,C1,daɪˈvɝsɪti,daɪvˈɜːsɪti
docile,adjective,C1,ˈdɑsəɫ,dˈəʊsaɪl
docilely,adverb,C1,,
domestically,adverb,C1,dəˈmɛstɪkɫi,dəmˈɛstɪkli
domesticate,verb,C1,dəˈmɛstəˌkeɪt,
domestication,noun,C1,dəˌmɛstəˈkeɪʃən,dəmˌɛstɪkˈeɪʃən
dominant,adjective,C1,ˈdɑmənənt,dˈɒmɪnənt
dominantly,adverb,C1,,dˈɒmɪnəntli
domination,noun,C1,ˌdɑməˈneɪʃən,dˌɒmɪnˈeɪʃən
dramatist,noun,C1,ˈdɹɑmətɪst,dɹˈæmɐtˌɪst
drawback,noun,C1,ˈdɹɔˌbæk,dɹˈɔːbæk
drill,verb,C1,ˈdɹɪɫ,dɹˈɪl
durable,adjective,C1,ˈdʊɹəbəɫ,djˈɔːɹəbəl
durable,noun,C1,ˈdʊɹəbəɫ,djˈɔːɹəbəl
duration,noun,C1,ˈdʊˈɹeɪʃən,djɔːɹˈeɪʃən
dutiful,adjective,C1,ˈdutifəɫ,djˈuːtɪfəl
dutifully,adverb,C1,ˈdutifəɫi,djˈuːtɪfəli
dynamically,adverb,C1,daɪˈnæmɪˌkɫi,daɪnˈæmɪkli
eccentric,adjective,C1,ˌɛkˈsɛntɹɪk,ɛksˈɛntɹɪk
eccentric,noun,C1,ˌɛkˈsɛntɹɪk,ɛksˈɛntɹɪk
eccentrically,adverb,C1,,ɛksˈɛntɹɪkli
eclectic,adjective,C1,ɪˈkɫɛktɪk,ɪklˈɛktɪk
eclectic,noun,C1,ɪˈkɫɛktɪk,ɪklˈɛktɪk
eclectically,adverb,C1,,
ecstatically,adverb,C1,ɛkˈstætɪkɫi,ɛkstˈætɪkli
effortless,adjective,C1,ˈɛfɝtɫəs,ˈɛfətləs
ego,noun,C1,ˈiɡoʊ,ˈiːɡəʊ
elaborate,adjective,C1,ɪˈɫæbɝˌeɪt,
elaborate,verb,C1,ɪˈɫæbɝˌeɪt,
elaboration,noun,C1,ɪˌɫæbɝˈeɪʃən,ɪlˌæbəɹˈeɪʃən
elastic,adjective,C1,ɪˈɫæstɪk,ɪlˈɑːstɪk
elastic,noun,C1,ɪˈɫæstɪk,ɪlˈɑːstɪk
elevate,verb,C1,ˈɛɫəˌveɪt,ˈɛlɪvˌeɪt
elevation,noun,C1,ˌɛɫəˈveɪʃən,ˌɛlɪvˈeɪʃən
elitist,noun,C1,eɪˈɫitɪst,ɪlˈiːtɪst
elongate,verb,C1,ɪˈɫɔŋɡeɪt,ɪlˈɒŋɡeɪt
elude,verb,C1,ɪˈɫud,ɪlˈuːd
elusive,adjective,C1,ɪˈɫusɪv,ɪlˈuːsɪv
embark,verb,C1,ɛmˈbɑɹk,ɛmbˈɑːk
endorsement,noun,C1,ɛnˈdɔɹsmənt,ɛndˈɔːsmənt
engineer,verb,C1,ˈɛndʒəˈnɪɹ,ˌɛndʒɪnˈiə
engross,verb,C1,ɪnˈɡɹoʊs,ɛnɡɹˈəʊs
engrossing,adjective,C1,ɪnˈɡɹoʊsɪŋ,ɛnɡɹˈəʊsɪŋ
enormously,adverb,C1,iˈnɔɹməsɫi,ɪnˈɔːməsli
enterprising,adjective,C1,ˈɛnɝˌpɹaɪzɪŋ,ˈɛntəpɹˌaɪzɪŋ
enviable,adverb,C1,ˈɛnviəbəɫ,ˈɛnvɪəbəl
envisage,verb,C1,ɛnˈvɪzɪdʒ,ɛnvˈɪsɪdʒ
estimation,noun,C1,ˌɛstəˈmeɪʃən,ˌɛstɪmˈeɪʃən
ethical,adjective,C1,ˈɛθɪkəɫ,ˈɛθɪkəl
ethically,adverb,C1,ˈɛθɪkəɫi,ˈɛθɪkli
evoke,verb,C1,iˈvoʊk,ɪvˈəʊk
ewe,noun,C1,ˈju,
exert,verb,C1,ɪɡˈzɝt,ɛɡzˈɜːt
exhaust,verb,C1,ɪɡˈzɔst,ɛɡzˈɔːst
exhibitionist,noun,C1,ˌɛksəˈbɪʃənɪst,ɛksɪbˈɪʃənˌɪst
exhilarate,verb,C1,ɪɡˈzɪɫɝˌeɪt,
exhilarating,adjective,C1,ɪɡˈzɪɫɝˌeɪtɪŋ,ɛɡzˈɪlɐɹˌeɪtɪŋ
exhilaration,noun,C1,ɪɡˌzɪɫɝˈeɪʃən,ɛɡzˌɪlɐɹˈeɪʃən
exodus,noun,C1,ˈɛksədəs,ˈɛksədəs
exotically,adverb,C1,,ɛɡzˈɒtɪkli
expedite,verb,C1,ˈɛkspɪˌdaɪt,ˈɛkspədˌaɪt
expire,verb,C1,ɪkˈspaɪɹ,ɛkspˈaɪə
explanatory,adjective,C1,ɪksˈpɫænəˌtɔɹi,ɛksplˈænətəɹˌi
exploitation,noun,C1,ˌɛksˌpɫɔɪˈteɪʃən,ɛksplɔɪtˈeɪʃən
explosively,adverb,C1,ˌɛksˈpɫoʊsɪvɫi,ɛksplˈəʊsɪvli
exterior,noun,C1,ɪkˈstɪɹiɝ,ɛkstˈiəɹɪɐ
extortion,noun,C1,ɛkˈstɔɹʃən,ɛkstˈɔːʃən
extravagance,noun,C1,ɛkˈstɹævəɡəns,ɛkstɹˈævəɡəns
exuberance,noun,C1,ɪɡˈzubɝəns,ɛɡzjˈuːbəɹəns
exuberant,adjective,C1,ɪɡˈzubɝənt,ɛɡzjˈuːbəɹənt
exuberantly,adverb,C1,,ɛɡzjˈuːbəɹəntli
fabulously,adverb,C1,ˈfæbjuɫəsɫi,fˈæbjʊləsli
facial,adjective,C1,ˈfeɪʃəɫ,fˈeɪʃəl
facial,noun,C1,ˈfeɪʃəɫ,fˈeɪʃəl
facilitation,noun,C1,fəˌsɪɫəˈteɪʃən,fəsˌɪlɪtˈeɪʃən
faction,noun,C1,ˈfækʃən,fˈækʃən
fanatic,adjective,C1,fəˈnætɪk,fɐnˈætɪk
fanatic,noun,C1,fəˈnætɪk,fɐnˈætɪk
fanatically,adverb,C1,fəˈnætɪkəɫi,fɐnˈætɪkli
fanciful,adjective,C1,ˈfænsɪfəɫ,fˈænsɪfəl
farce,noun,C1,ˈfɑɹs,fˈɑːs
fatality,noun,C1,fəˈtæɫɪti,feɪtˈælɪti
fatigue,noun,C1,fəˈtiɡ,fɐtˈiːɡ
favorably,adverb,C1,ˈfeɪvɝəbɫi,
ferocious,adjective,C1,fɝˈoʊʃəs,fəɹˈəʊʃəs
ferociously,adverb,C1,fɝˈoʊʃɪsɫi,fəɹˈəʊʃəsli
fiddle,noun,C1,ˈfɪdəɫ,fˈɪdəl
fiddle,verb,C1,ˈfɪdəɫ,fˈɪdəl
fiddler,noun,C1,ˈfɪdəɫɝ,fˈɪdlɐ
fiddly,adjective,C1,,fˈɪdli
fiend,noun,C1,ˈfind,fˈiːnd
fiendish,adjective,C1,ˈfindɪʃ,fˈiːndɪʃ
fiendishly,adverb,C1,,fˈiːndɪʃli
fiercely,adverb,C1,ˈfɪɹsɫi,fˈiəsli
firewall,noun,C1,ˈfaɪɹwɑɫ,fˈaɪəwɔːl
firm,verb,C1,ˈfɝm,fˈɜːm
fissure,noun,C1,ˈfɪʃɝ,fˈɪʃɐ
fixture,noun,C1,ˈfɪkstʃɝ,fˈɪkstʃɐ
flashback,noun,C1,ˈfɫæʃˌbæk,flˈæʃbæk
flask,noun,C1,ˈfɫæsk,flˈɑːsk
flatter,verb,C1,ˈfɫætɝ,flˈætɐ
flattery,noun,C1,ˈfɫætɝi,flˈætəɹi
flick,verb,C1,ˈfɫɪk,flˈɪk
flicker,noun,C1,ˈfɫɪkɝ,flˈɪkɐ
flourish,noun,C1,ˈfɫɝɪʃ,flˈʌɹɪʃ
flourish,verb,C1,ˈfɫɝɪʃ,flˈʌɹɪʃ
folktale,noun,C1,ˈfoʊkˌteɪɫ,fˈəʊkteɪl
forensic,adjective,C1,ˌfɔˈɹɛnsɪk,fəɹˈɛnsɪk
forfeit,verb,C1,ˈfɔɹfɪt,fˈɔːfɪt
formality,noun,C1,fɔɹˈmæɫəti,fɔːmˈælɪti
formulate,verb,C1,ˈfɔɹmjəˌɫeɪt,fˈɔːmjʊlˌeɪt
fossil,noun,C1,ˈfɑsəɫ,fˈɒsəl
fraction,noun,C1,ˈfɹækʃən,fɹˈækʃən
fragmentation,noun,C1,ˌfɹæɡmənˈteɪʃən,fɹˌæɡməntˈeɪʃən
frost,verb,C1,ˈfɹɔst,fɹˈɒst
frostily,adverb,C1,,
frosty,adjective,C1,ˈfɹɔsti,fɹˈɒsti
fuse,verb,C1,ˈfjuz,fjˈuːz
fusion,noun,C1,ˈfjuʒən,fjˈuːʒən
gadget,noun,C1,ˈɡædʒət,ɡˈædʒɪt
gamely,adverb,C1,ˈɡeɪmɫi,ɡˈeɪmli
gape,verb,C1,ˈɡeɪp,ɡˈeɪp
gem,noun,C1,ˈdʒɛm,dʒˈɛm
genome,noun,C1,ˈdʒiˌnoʊm,dʒˈiːnəʊm
geological,adjective,C1,ˌdʒiəˈɫɑdʒɪkəɫ,dʒˌɪəlˈɒdʒɪkəl
geologically,adverb,C1,,dʒˌɪəlˈɒdʒɪkli
ghostly,adjective,C1,ˈɡoʊstɫi,ɡˈəʊstli
gig,noun,C1,ˈɡɪɡ,ɡˈɪɡ
glean,verb,C1,ˈɡɫin,ɡlˈiːn
glum,adjective,C1,ˈɡɫəm,ɡlˈʌm
glumly,adverb,C1,ˈɡɫəmɫi,ɡlˈʌmli
gnaw,verb,C1,ˈnɔ,nˈɔː
goose,noun,C1,ˈɡus,ɡˈuːs
gourmet,adjective,C1,ˈɡʊɹˌmeɪ,ɡˈɔːmeɪ
gourmet,noun,C1,ˈɡʊɹˌmeɪ,ɡˈɔːmeɪ
graft,verb,C1,ˈɡɹæft,ɡɹˈɑːft
grapefruit,noun,C1,ˈɡɹeɪpˌfɹut,ɡɹˈeɪpfɹuːt
ground,verb,C1,ˈɡɹaʊnd,ɡɹˈaʊnd
grounds,noun,C1,ˈɡɹaʊndz,ɡɹˈaʊndz
gruelling,adjective,C1,,ɡɹˈuːəlɪŋ
gruesome,adjective,C1,ˈɡɹusəm,ɡɹˈuːsʌm
gruesomely,adverb,C1,,ɡɹˈuːsʌmli
grumble,verb,C1,ˈɡɹəmbəɫ,ɡɹˈʌmbəl
gush,noun,C1,ˈɡəʃ,ɡˈʌʃ
gush,verb,C1,ˈɡəʃ,ɡˈʌʃ
gushing,adjective,C1,ˈɡəʃɪŋ,ɡˈʌʃɪŋ
gushingly,adverb,C1,,
gusto,noun,C1,ˈɡəsˌtoʊ,ɡˈʌstəʊ
gutsy,adjective,C1,ˈɡətˈsi,ɡˈʌtsi
gypsy,noun,C1,ˈdʒɪpsi,dʒˈɪpsi
hack,noun,C1,ˈhæk,hˈæk
hack,verb,C1,ˈhæk,hˈæk
haggle,verb,C1,ˈhæɡəɫ,hˈæɡəl
hanging,noun,C1,ˈhæŋɡɪŋ,hˈæŋɪŋ
harass,verb,C1,hɝˈæs,həɹˈæs
harassment,noun,C1,hɝˈæsmənt,həɹˈæsmənt
harbor,verb,C1,ˈhɑɹbɝ,hˈɑːbɐ
harvest,verb,C1,ˈhɑɹvəst,hˈɑːvɪst
headstrong,adjective,C1,ˈhɛdˌstɹɔŋ,hˈɛdstɹɒŋ
hedgehog,noun,C1,ˈhɛdʒˌhɑɡ,hˈɛdʒhɒɡ
heifer,noun,C1,ˈhaɪfɝ,hˈɛfɐ
heighten,verb,C1,ˈhaɪtən,hˈaɪtən
hence,adverb,C1,ˈhɛns,hˈɛns
heroine,noun,C1,ˈhɛɹoʊən,hˈɛɹəʊˌɪn
hibernate,verb,C1,ˈhaɪbɝˌneɪt,hˈaɪbənˌeɪt
hibernation,noun,C1,ˌhaɪbɝˈneɪʃən,hˌaɪbənˈeɪʃən
homely,adjective,C1,ˈhoʊmɫi,hˈəʊmli
honk,noun,C1,ˈhɑŋk,hˈɒŋk
honk,verb,C1,ˈhɑŋk,hˈɒŋk
hostess,noun,C1,ˈhoʊstəs,hˈəʊstɛs
hostile,adjective,C1,ˈhɑstəɫ,hˈɒstaɪl
hostility,noun,C1,hɑˈstɪɫəti,həstˈɪlɪti
house,verb,C1,ˈhaʊs,
humble,verb,C1,ˈhəmbəɫ,hˈʌmbəl
hypocrisy,noun,C1,hɪˈpɑkɹəsi,hɪpˈɒkɹəsi
hypocrite,noun,C1,ˈhɪpəˌkɹɪt,hˈɪpəkɹˌɪt
hypocritical,adjective,C1,ˌhɪpəˈkɹɪtɪkəɫ,hˌɪpəkɹˈɪtɪkəl
hypocritically,adverb,C1,,hˌɪpəkɹˈɪtɪkli
immense,adjective,C1,ˌɪˈmɛns,ɪmˈɛns
immensely,adverb,C1,ˌɪˈmɛnsɫi,ɪmˈɛnsli
immortalize,verb,C1,ˌɪˈmɔɹtəɫaɪz,
imp,noun,C1,ˈɪmp,ˈɪmp
impede,verb,C1,ˌɪmˈpid,ɪmpˈiːd
impediment,noun,C1,ˌɪmˈpɛdəmənt,ɪmpˈɛdɪmənt
imperative,adjective,C1,ˌɪmˈpɛɹətɪv,ɪmpˈɛɹətˌɪv
impersonal,adjective,C1,ˌɪmˈpɝsənəɫ,ɪmpˈɜːsənəl
impersonally,adverb,C1,,
impersonate,verb,C1,ˌɪmˈpɝsəˌneɪt,ɪmpˈɜːsənˌeɪt
impersonation,noun,C1,ˌɪmpɝsəˈneɪʃən,ɪmpˌɜːsənˈeɪʃən
impersonator,noun,C1,ˌɪmˈpɝsəneɪtɝ,ɪmpˈɜːsənˌeɪtɐ
impervious,adjective,C1,ˌɪmˈpɝviəs,ɪmpˈɜːvɪəs
impish,adjective,C1,ˈɪmpɪʃ,ɪmpˈɪʃ
impishly,adverb,C1,,ɪmpˈɪʃli
implicate,verb,C1,ˈɪmpɫɪˌkeɪt,ˈɪmplɪkˌeɪt
impoverished,adjective,C1,ˌɪmˈpɑvɹɪʃt,ɪmpˈɒvəɹɪʃt
incision,noun,C1,ˌɪnˈsɪʒən,ɪnsˈɪʒən
incisor,noun,C1,ˌɪnˈsaɪzɝ,ɪnsˈaɪzɐ
inclusion,noun,C1,ˌɪnˈkɫuʒən,ɪnklˈuːʒən
inclusive,adjective,C1,ˌɪnˈkɫusɪv,ɪnklˈuːsɪv
inclusively,adverb,C1,,ɪnklˈuːsɪvli
indefinite,adjective,C1,ˌɪnˈdɛfənət,ɪndˈɛfɪnət
indefinitely,adverb,C1,ˌɪnˈdɛfənətɫi,ɪndˈɛfɪnətli
individuality,noun,C1,ˌɪnˌdɪvɪdʒuˈæɫɪti,ˌɪndɪvˌɪdjuːˈælɪti
induct,verb,C1,ˌɪnˈdəkt,ɪndˈʌkt
induction,noun,C1,ˌɪnˈdəkʃən,ɪndˈʌkʃən
inexcusable,adjective,C1,ˌɪnɪkˈskjuzəbəɫ,ˌɪnɛkskjˈuːsəbəl
inexcusably,adverb,C1,ˌɪnɪkˈskjuzəbɫi,
inexhaustible,adjective,C1,ˌɪnɪɡˈzɔstəbəɫ,ˌɪnɛɡzˈɔːstəbəl
inexplicable,adjective,C1,ˌɪnəksˈpɫɪsəbəɫ,ˌɪnɛksplˈɪkəbəl
inexplicably,adverb,C1,ˌɪnɪksˈpɫɪkəbɫi,ˌɪnɛksplˈɪkəbli
ingenious,adjective,C1,ˌɪnˈdʒinjəs,ɪndʒˈiːnɪəs
ingenuity,noun,C1,ˌɪndʒəˈnuəˌti,ˌɪndʒɪnjˈuːɪtˌi
inherent,adjective,C1,ɪnˈhɛɹənt,ɪnhˈiəɹənt
inherently,adverb,C1,ɪnˈhɛɹəntɫi,ɪnhˈiəɹəntli
inheritance,noun,C1,ˌɪnˈhɛɹətəns,ɪnhˈɛɹɪtəns
injustice,noun,C1,ˌɪnˈdʒəstɪs,ɪndʒˈʌstɪs
innovate,verb,C1,ˈɪnəˌveɪt,ˈɪnəvˌeɪt
insecure,adjective,C1,ˈɪnsəkjɝ,ˌɪnsɪkjˈɔː
insecurely,adverb,C1,,ˌɪnsɪkjˈɔːli
insensitive,adjective,C1,ˌɪnˈsɛnsətɪv,ɪnsˈɛnsɪtˌɪv
insensitively,adverb,C1,,ɪnsˈɛnsɪtˌɪvli
insightful,adjective,C1,ˈɪnˌsaɪtfəɫ,ɪnsˈaɪtfəl
insightfully,adverb,C1,,
instinctive,adjective,C1,ˌɪnˈstɪŋktɪv,ɪnstˈɪŋktɪv
instinctively,adverb,C1,ˌɪnˈstɪŋktɪvˌɫi,ɪnstˈɪŋktɪvli
institute,verb,C1,ˈɪnstəˌtut,ˈɪnstɪtjˌuːt
insubordinate,adjective,C1,ˌɪnsəˈbɔɹdəˌneɪt,ˌɪnsəbˈɔːdɪnət
insubordinately,adverb,C1,,
insubordination,noun,C1,ˌɪnsəˌbɔɹdəˈneɪʃən,ˌɪnsəbˌɔːdɪnˈeɪʃən
integral,adjective,C1,ˈɪnəɡɹəɫ,
intellect,noun,C1,ˈɪnəˌɫɛkt,ˈɪntəlˌɛkt
interject,verb,C1,ˌɪntɝˈdʒɛkt,ˌɪntədʒˈɛkt
interjection,noun,C1,ˌɪntɝˈdʒɛkʃən,ˌɪntədʒˈɛkʃən
intuit,verb,C1,ˌɪnˈtuət,ɪntjˈuːɪt
intuition,noun,C1,ˌɪntuˈɪʃən,ɪntjuːˈɪʃən
intuitive,adjective,C1,ˌɪnˈtuətɪv,ɪntjˈuːɪtˌɪv
intuitively,adverb,C1,ˌɪnˈtuɪtɪvɫi,ɪntjˈuːɪtˌɪvli
invoice,noun,C1,ˈɪnvɔɪs,ˈɪnvɔɪs
irate,adjective,C1,aɪˈɹeɪt,aɪɹˈeɪt
irately,adverb,C1,,
irony,noun,C1,ˈaɪɹəni,
isolate,verb,C1,ˈaɪsəˌɫeɪt,
isolated,adjective,C1,ˈaɪsəˌɫeɪtəd,ˈaɪsəlˌeɪtɪd
itinerary,noun,C1,aɪˈtɪnɝˌɛɹi,aɪtˈɪnəɹəɹi
jersey,adjective,C1,ˈdʒɝzi,dʒˈɜːsi
jersey,noun,C1,ˈdʒɝzi,dʒˈɜːsi
jurisdiction,noun,C1,ˌdʒʊɹəsˈdɪkʃən,dʒˌɔːɹɪsdˈɪkʃən
justly,adverb,C1,ˈdʒəstɫi,dʒˈʌstli
juvenile,adjective,C1,ˈdʒuvəˌnaɪɫ,dʒˈuːvənˌaɪl
juvenile,noun,C1,ˈdʒuvəˌnaɪɫ,dʒˈuːvənˌaɪl
knowledgeable,adjective,C1,ˈnɑɫədʒəbəɫ,nˈɒlɪdʒəbəl
lackluster,adjective,C1,ˈɫæˌkɫəstɝ,
landscape,verb,C1,ˈɫænˌskeɪp,lˈændskeɪp
lapse,noun,C1,ˈɫæps,lˈæps
lapse,verb,C1,ˈɫæps,lˈæps
latent,adjective,C1,ˈɫeɪtənt,lˈeɪtənt
launch,noun,C1,ˈɫɔntʃ,lˈɔːntʃ
lavatory,noun,C1,ˈɫævəˌtɔɹi,lˈævətəɹˌi
legacy,noun,C1,ˈɫɛɡəsi,lˈɛɡəsi
lethargic,adjective,C1,ɫəˈθɑɹdʒɪk,lɛθˈɑːdʒɪk
lethargically,adverb,C1,,
lethargy,noun,C1,ˈɫɛθɝdʒi,lˈɛθədʒˌi
liaison,noun,C1,ˈɫeɪˌzɑn,liːˈeɪzɒn
likelihood,noun,C1,ˈɫaɪkɫiˌhʊd,lˈaɪklihˌʊd
limitless,adjective,C1,ˈɫɪmətɫəs,lˈɪmɪtləs
linear,adjective,C1,ˈɫɪniɝ,lˈɪniə
linearly,adverb,C1,ˈɫɪniɝɫi,lˈɪniəli
lodge,verb,C1,ˈɫɑdʒ,lˈɒdʒ
loom,verb,C1,ˈɫum,lˈuːm
ludicrous,adjective,C1,ˈɫudəkɹəs,lˈuːdɪkɹəs
ludicrously,adverb,C1,ˈɫudəkɹəsɫi,lˈuːdɪkɹəsli
lust,noun,C1,ˈɫəst,lˈʌst
macabre,adjective,C1,məˈkɑbɝ,məkˈɑːbɹɐ
magnetic,adjective,C1,mæɡˈnɛtɪk,mæɡnˈɛtɪk
magnetically,adverb,C1,mæɡˈnɛtɪkəɫi,mæɡnˈɛtɪkli
magnetism,noun,C1,ˈmæɡnəˌtɪzəm,mˈæɡnɪtˌɪzəm
malfunction,verb,C1,mæɫˈfəŋkʃən,mˌælfˈʌŋkʃən
man,verb,C1,ˈmæn,mˈæn
maneuver,noun,C1,məˈnuvɝ,mənˈuːvɐ
maneuver,verb,C1,məˈnuvɝ,mənˈuːvɐ
manicure,noun,C1,ˈmænɪkjɝ,mˈænɪkjˌɔː
manicure,verb,C1,ˈmænɪkjɝ,mˈænɪkjˌɔː
manipulation,noun,C1,məˌnɪpjəˈɫeɪʃən,mənˌɪpjʊlˈeɪʃən
marginal,adjective,C1,ˈmɑɹdʒənəɫ,mˈɑːdʒɪnəl
marginally,adverb,C1,ˈmɑɹdʒənəɫi,mˈɑːdʒɪnəli
mark-up,noun,C1,,
marvel,verb,C1,ˈmɑɹvəɫ,mˈɑːvəl
maternal,adjective,C1,məˈtɝnəɫ,mətˈɜːnəl
maternalistic,adjective,C1,,
meaningless,adjective,C1,ˈminɪŋɫəs,mˈiːnɪŋləs
meaninglessly,adverb,C1,,
mechanism,noun,C1,ˈmɛkəˌnɪzəm,mˈɛkənˌɪzəm
methodical,adjective,C1,məˈθɑdəkəɫ,mɛθˈɒdɪkəl
midwife,noun,C1,ˈmɪdˌwaɪf,mˈɪdwaɪf
mingle,verb,C1,ˈmɪŋɡəɫ,mˈɪŋɡəl
minutiae,noun,C1,mɪˈnuʃiə,mɪnjˈuːʃɪˌiː
misplace,verb,C1,mɪsˈpɫeɪs,mɪsplˈeɪs
monotonous,adjective,C1,məˈnɑtənəs,mənˈɒtənəs
monotonously,adverb,C1,,mənˈɒtənəsli
monotony,noun,C1,məˈnɑtəni,mənˈɒtəni
motley,adjective,C1,ˈmɑtɫi,mˈɒtli
mountaineer,noun,C1,ˈmaʊntɪˌnɪɹ,mˌaʊntɪnˈiə
munch,verb,C1,ˈməntʃ,
muscular,adjective,C1,ˈməskjəɫɝ,mˈʌskjʊlɐ
mutually,adverb,C1,ˈmjutʃuəɫi,mjˈuːtʃuːəli
mythological,adjective,C1,ˌmɪθəˈɫɑdʒɪkəɫ,mˌɪθəlˈɒdʒɪkəl
mythology,noun,C1,məˈθɑɫəˌdʒi,mɪθˈɒlədʒi
naive,adjective,C1,ˌnaɪˈiv,naɪˈiːv
naively,adverb,C1,nɑˈivɫi,naɪˈiːvli
naivety,noun,C1,,naɪˈiːvɪti
naturalness,noun,C1,,nˈætʃəɹəlnəs
neglectful,adjective,C1,nɪˈɡɫɛktfəɫ,nɪɡlˈɛktfəl
negligent,adjective,C1,ˈnɛɡɫədʒənt,nˈɛɡlɪdʒənt
negligently,adverb,C1,ˈnɛɡɫɪdʒəntɫi,nˈɛɡlɪdʒəntli
negligible,adjective,C1,ˈnɛɡɫədʒəbəɫ,nˈɛɡlɪdʒəbəl
neutralization,noun,C1,ˌnutɹəɫəˈzeɪʃən,
neutralize,verb,C1,ˈnutɹəˌɫaɪz,
niche,noun,C1,ˈnɪtʃ,nˈiːʃ
nocturnal,adjective,C1,nɑkˈtɝnəɫ,nɒktˈɜːnəl
nondescript,adjective,C1,ˈnɑndɪsˈkɹɪpt,nˌɒndɪskɹˈɪpt
norms,noun,C1,ˈnɔɹmz,nˈɔːmz
notable,adjective,C1,ˈnoʊtəbəɫ,nˈəʊtəbəl
notwithstanding,preposition,C1,ˌnɑtwɪθˈstændɪŋ,nˌɒtwɪðstˈændɪŋ
numb,adjective,C1,ˈnəm,nˈʌm
numb,verb,C1,ˈnəm,nˈʌm
oblige,verb,C1,əˈbɫaɪdʒ,əblˈaɪdʒ
obscure,adjective,C1,əbˈskjʊɹ,ɒbskjˈɔː
obscure,verb,C1,əbˈskjʊɹ,ɒbskjˈɔː
obscurely,adverb,C1,,ɒbskjˈɔːli
occupant,noun,C1,ˈɑkjəpənt,ˈɒkjʊpənt
occupational,adjective,C1,ɑkjəˈpeɪʃənəɫ,ˌɒkjʊpˈeɪʃənəl
oddity,noun,C1,ˈɑdəti,ˈɒdɪti
offspring,noun,C1,ˈɔfsˌpɹɪŋ,ˈɒfspɹɪŋ
orchard,noun,C1,ˈɔɹtʃɝd,ˈɔːtʃəd
ordinarily,adverb,C1,ˌɔɹdəˈnɛɹəɫi,ˌɔːdɪnˈɛɹəli
organizational,adjective,C1,ˌɔɹɡənəˈzeɪʃənəɫ,
ornamental,adjective,C1,ˌɔɹnəˈmɛntəɫ,ˌɔːnəmˈɛntəl
orphan,verb,C1,ˈɔɹfən,ˈɔːfən
otter,noun,C1,ˈɑtɝ,ˈɒtɐ
outset,noun,C1,ˈaʊtˌsɛt,ˈaʊtsɛt
overalls,noun,C1,ˈoʊvɝˌɔɫz,ˌəʊvəɹˈɔːlz
overdraft,noun,C1,ˈoʊvɝˌdɹæft,ˈəʊvədɹˌɑːft
overdraft,verb,C1,ˈoʊvɝˌdɹæft,ˈəʊvədɹˌɑːft
oversee,verb,C1,ˈoʊvɝˌsi,ˌəʊvəsˈiː
overseer,noun,C1,ˈoʊvɝˈsiɝ,ˌəʊvəsˈiə
pace,verb,C1,ˈpeɪs,
paddle,verb,C1,ˈpædəɫ,pˈædəl
panorama,noun,C1,ˌpænɝˈæmə,pˌænəɹˈæmɐ
panoramic,adjective,C1,ˌpænɝˈæmɪk,pˌænɔːɹˈæmɪk
parasite,noun,C1,ˈpɛɹəˌsaɪt,pˈæɹəsˌaɪt
paternal,adjective,C1,pəˈtɝnəɫ,pətˈɜːnəl
paternalistic,adjective,C1,pəˌtɝnəˈɫɪstɪk,pətˌɜːnəlˈɪstɪk
pathos,noun,C1,ˈpeɪθɑs,pˈeɪθɒs
paywall,noun,C1,,
peacock,noun,C1,ˈpiˌkɑk,pˈiːkɒk
peasant,noun,C1,ˈpɛzənt,pˈɛzənt
pedicure,noun,C1,ˈpɛdɪkjɝ,pˈɛdɪkjˌɔː
pendulous,adjective,C1,ˈpɛndʒəɫəs,pˈɛndjʊləs
pendulum,noun,C1,ˈpɛndʒəɫəm,pˈɛndjʊləm
peninsula,noun,C1,pəˈnɪnsəɫə,pənˈɪnsjʊlɐ
perceptive,adjective,C1,pɝˈsɛptɪv,pəsˈɛptɪv
perceptively,adverb,C1,,pəsˈɛptɪvli
perfect,verb,C1,ˈpɝˌfɪkt,
perpetuate,verb,C1,pɝˈpɛtʃəˌweɪt,pəpˈɛtʃuːˌeɪt
persecute,verb,C1,ˈpɝsəkˌjut,pˈɜːsɪkjˌuːt
persecution,noun,C1,ˌpɝsəkˈjuʃən,pˌɜːsɪkjˈuːʃən
personalization,noun,C1,ˌpɝsənəɫəˈzeɪʃən,
personalize,verb,C1,ˈpɝsənəˌɫaɪz,
persuasively,adverb,C1,pɝˈsweɪsɪvɫi,pəswˈeɪsɪvli
pertain to,verb,C1,pɝˈteɪn ˈtu,pətˈeɪn tˈuː
pertinent,adjective,C1,ˈpɝtɪnɪnt,pˈɜːtɪnənt
phenomenal,adjective,C1,fəˈnɑmənəɫ,fɪnˈɒmɪnəl
phenomenally,adverb,C1,fəˈnɑmənəɫi,fɪnˈɒmɪnəli
physicality,noun,C1,,fˈɪzɪkˈælɪti
physique,noun,C1,fəˈzik,fɪzˈiːk
pigeon,noun,C1,ˈpɪdʒən,pˈɪdʒən
pinnacle,noun,C1,ˈpɪnəkəɫ,pˈɪnəkəl
pioneer,noun,C1,ˌpaɪəˈnɪɹ,paɪənˈiə
pioneer,verb,C1,ˌpaɪəˈnɪɹ,paɪənˈiə
placid,adjective,C1,ˈpɫæsəd,plˈæsɪd
placidly,adverb,C1,ˈpɫæsɪdɫi,plˈæsɪdli
plague,verb,C1,ˈpɫeɪɡ,plˈeɪɡ
plaque,noun,C1,ˈpɫæk,plˈæk
plaster,noun,C1,ˈpɫæstɝ,plˈɑːstɐ
plaster,verb,C1,ˈpɫæstɝ,plˈɑːstɐ
plausibility,noun,C1,ˌpɫɔzɪˈbɪɫɪti,plˌɔːzəbˈɪlɪti
plausible,adjective,C1,ˈpɫɔzəbəɫ,plˈɔːzəbəl
plausibly,adverb,C1,ˈpɫɔzəbɫi,plˈɔːzəbli
pleasurable,adjective,C1,ˈpɫɛʒɝəbəɫ,plˈɛʒəɹəbəl
ploy,noun,C1,ˈpɫɔɪ,plˈɔɪ
plumbing,noun,C1,ˈpɫəmɪŋ,plˈʌmɪŋ
plummet,verb,C1,ˈpɫəmət,plˈʌmɪt
plunge,noun,C1,ˈpɫəndʒ,plˈʌndʒ
plunge,verb,C1,ˈpɫəndʒ,plˈʌndʒ
poetess,noun,C1,,
poise,noun,C1,ˈpɔɪz,
popularization,noun,C1,ˌpɑpjəɫɝəˈzeɪʃən,
portable,adjective,C1,ˈpɔɹtəbəɫ,pˈɔːtəbəl
portable,noun,C1,ˈpɔɹtəbəɫ,pˈɔːtəbəl
portray,verb,C1,pɔɹˈtɹeɪ,pɔːtɹˈeɪ
portrayal,noun,C1,pɔɹˈtɹeɪəɫ,pɔːtɹˈeɪəl
pose,verb,C1,ˈpoʊz,pˈəʊz
possessor,noun,C1,pəˈzɛsɝ,pəzˈɛsɐ
posture,noun,C1,ˈpɑstʃɝ,pˈɒstʃɐ
pounce,verb,C1,ˈpaʊns,pˈaʊns
preach,verb,C1,ˈpɹitʃ,pɹˈiːtʃ
preacher,noun,C1,ˈpɹitʃɝ,pɹˈiːtʃɐ
precision,noun,C1,pɹiˈsɪʒən,pɹɪsˈɪʒən
predecessor,noun,C1,ˈpɹɛdəˌsɛsɝ,pɹˈiːdɪsˌɛsɐ
premier,adjective,C1,pɹɛˈmɪɹ,pɹˈɛmɪɐ
premier,noun,C1,pɹɛˈmɪɹ,pɹˈɛmɪɐ
premise,noun,C1,ˈpɹɛmɪs,
premises,noun,C1,ˈpɹɛməsəz,pɹˈɛmɪsɪz
primitively,adverb,C1,,pɹˈɪmɪtˌɪvli
principally,adverb,C1,ˈpɹɪnsɪpɫi,pɹˈɪnsɪpəli
privileged,adjective,C1,ˈpɹɪvɪɫədʒd,pɹˈɪvɪlɪdʒd
profess,verb,C1,pɹəˈfɛs,pɹəfˈɛs
professionalism,noun,C1,pɹəˈfɛʃənəˌɫɪzəm,pɹəfˈɛʃənəlˌɪzəm
profound,adjective,C1,pɹoʊˈfaʊnd,pɹəfˈaʊnd
profoundly,adverb,C1,pɹoʊˈfaʊndɫi,pɹəfˈaʊndli
prohibitive,adjective,C1,pɹoʊˈhɪbətɪv,pɹəhˈɪbɪtˌɪv
prohibitively,adverb,C1,pɹoʊˈhɪbətɪvɫi,pɹəhˈɪbɪtˌɪvli
proliferate,verb,C1,pɹoʊˈɫɪfɝˌeɪt,pɹəlˈɪfəɹˌeɪt
prolific,adjective,C1,pɹoʊˈɫɪfɪk,pɹəlˈɪfɪk
prolifically,adverb,C1,pɹoʊˈɫɪfɪkɫi,pɹəlˈɪfɪkli
prop,noun,C1,ˈpɹɑp,pɹˈɒp
prop,verb,C1,ˈpɹɑp,pɹˈɒp
prophet,noun,C1,ˈpɹɑfət,pɹˈɒfɪt
prophetic,adjective,C1,pɹəˈfɛtɪk,pɹɒfˈɛtɪk
prospective,adjective,C1,pɹəˈspɛktɪv,pɹəspˈɛktɪv
protagonist,noun,C1,pɹoʊˈtæɡənəst,pɹəʊtˈæɡənˌɪst
provisions,noun,C1,pɹəˈvɪʒənz,pɹəvˈɪʒənz
provocative,adjective,C1,pɹoʊˈvɑkətɪv,pɹəvˈɒkətˌɪv
provocatively,adverb,C1,pɹoʊˈvɑkətɪvɫi,pɹəvˈɒkətˌɪvli
provoke,verb,C1,pɹəˈvoʊk,pɹəvˈəʊk
prowl,verb,C1,ˈpɹaʊɫ,pɹˈaʊl
psyche,noun,C1,ˈsaɪki,sˈaɪkiː
psychiatric,adjective,C1,ˌsaɪkiˈætɹɪk,sˌaɪkɪˈætɹɪk
psychiatrist,noun,C1,səˈkaɪətɹəst,saɪkˈaɪətɹɪst
purity,noun,C1,ˈpjʊɹəti,pjˈʊɹɪti
puzzle,verb,C1,ˈpəzəɫ,pˈʌzəl
quarry,noun,C1,ˈkwɔɹi,kwˈɒɹi
query,verb,C1,ˈkwiɹi,kwˈiəɹi
quest,noun,C1,ˈkwɛst,kwˈɛst
quip,noun,C1,ˈkwɪp,kwˈɪp
quip,verb,C1,ˈkwɪp,kwˈɪp
quirk,noun,C1,ˈkwɝk,kwˈɜːk
quirky,adjective,C1,ˈkwɝki,kwˈɜːki
quirky,noun,C1,ˈkwɝki,kwˈɜːki
radiator,noun,C1,ˈɹeɪdiˌeɪtɝ,ɹˈeɪdɪˌeɪtɐ
rally,verb,C1,ˈɹæɫi,ɹˈæli
rapport,noun,C1,ɹæˈpɔɹ,ɹæpˈɔː
rarity,noun,C1,ˈɹɛɹəti,ɹˈeəɹətˌi
raunchily,adverb,C1,,
raunchy,adjective,C1,ˈɹɔntʃi,ɹˈɔːntʃi
readable,adjective,C1,ˈɹidəbəɫ,ɹˈiːdəbəl
realism,noun,C1,ˈɹiəɫɪzm,ɹˈiəlɪzəm
realist,noun,C1,ˈɹiəɫɪst,ɹˈiəlɪst
reap,verb,C1,ˈɹip,ɹˈiːp
reassurance,noun,C1,ˌɹiəˈʃʊɹəns,ɹˌiːəʃjˈɔːɹəns
reassure,verb,C1,ˌɹiəˈʃʊɹ,ɹˌiːəʃjˈɔː
recall,noun,C1,ˈɹiˌkɔɫ,
recess,noun,C1,ˈɹisɛs,
recessive,adjective,C1,ɹəˈsɛsɪv,ɹɪsˈɛsɪv
recharge,verb,C1,ɹiˈtʃɑɹdʒ,ɹɪtʃˈɑːdʒ
recognizable,adjective,C1,ˌɹɛkəɡˈnaɪzəbəɫ,
recognizably,adverb,C1,ˈɹɛkəɡˌnaɪzəbɫi,
rediscover,verb,C1,ɹidɪˈskəvɝ,ɹˌiːdɪskˈʌvɐ
reenact,verb,C1,ɹiɪˈnækt,ɹiːɛnˈækt
refresh,verb,C1,ɹɪˈfɹɛʃ,
refreshing,adjective,C1,ɹɪˈfɹɛʃɪŋ,ɹɪfɹˈɛʃɪŋ
refreshingly,adverb,C1,ɹiˈfɹɛʃɪŋɫi,ɹɪfɹˈɛʃɪŋli
refurbish,verb,C1,ɹiˈfɝbɪʃ,ɹɪfˈɜːbɪʃ
refurbishment,noun,C1,ɹiˈfɝbɪʃmənt,ɹɪfˈɜːbɪʃmənt
relapse,noun,C1,ɹiˈɫæps,
relapse,verb,C1,ɹiˈɫæps,
relinquish,verb,C1,ɹiˈɫɪŋkwɪʃ,ɹɪlˈɪnkwɪʃ
reluctantly,adverb,C1,ɹɪˈɫəktəntɫi,ɹɪlˈʌktəntli
remedial,adjective,C1,ɹɪˈmidiəɫ,ɹɪmˈiːdɪəl
reminisce,verb,C1,ˌɹɛməˈnɪs,ɹˌɛmɪnˈɪs
reminiscent,adjective,C1,ˌɹɛməˈnɪsənt,ɹˌɛmɪnˈɪsənt
remorse,noun,C1,ɹɪˈmɔɹs,ɹɪmˈɔːs
remorsefully,adverb,C1,,
remorseless,adjective,C1,ɹɪˈmɔɹsɫəs,ɹɪmˈɔːsləs
remorselessly,adverb,C1,,ɹɪmˈɔːsləsli
remotely,adverb,C1,ɹiˈmoʊtɫi,ɹɪmˈəʊtli
removed,adjective,C1,ɹiˈmuvd,ɹɪmˈuːvd
render,verb,C1,ˈɹɛndɝ,ɹˈɛndɐ
rendering,noun,C1,ˈɹɛndɝɪŋ,ɹˈɛndəɹɪŋ
renown,noun,C1,ɹɪˈnaʊn,ɹɪnˈaʊn
repel,verb,C1,ɹɪˈpɛɫ,ɹɪpˈɛl
repellant,adjective,C1,,ɹɪpˈɛlənt
repellant,noun,C1,,ɹɪpˈɛlənt
repertory,noun,C1,ˈɹɛpɝˌtɔɹi,ɹˈɛpətəɹˌi
repute,verb,C1,ɹipˈjut,ɹɪpjˈuːt
resent,verb,C1,ɹiˈzɛnt,
resilience,noun,C1,ɹɪˈzɪɫiəns,ɹɪsˈɪliəns
resilient,adjective,C1,ɹɪˈzɪɫjənt,ɹɪsˈɪliənt
resin,noun,C1,ˈɹɛzən,ɹˈɛzɪn
resonate,verb,C1,ˈɹɛzəˌneɪt,ɹˈɛzənˌeɪt
resort,verb,C1,ɹiˈsɔɹt,
respite,noun,C1,ˈɹɛspɪt,ɹˈɛspaɪt
restoration,noun,C1,ˌɹɛstɝˈeɪʃən,ɹˌɛstəɹˈeɪʃən
restorative,adjective,C1,ɹəˈstɔɹətɪv,ɹɪstˈɔːɹətˌɪv
retention,noun,C1,ɹiˈtɛnʃən,ɹɪtˈɛnʃən
retrace,verb,C1,ɹiˈtɹeɪs,ɹɪtɹˈeɪs
revealing,adjective,C1,ɹiˈviɫɪŋ,ɹɪvˈiːlɪŋ
revere,verb,C1,ɹɪˈvɪɹ,ɹɪvˈiə
riveting,adjective,C1,ˈɹɪvətɪŋ,ɹˈɪvɪtɪŋ
robust,adjective,C1,ɹoʊˈbəst,ɹəʊbˈʌst
robustly,adverb,C1,ˌɹoʊˈbəstɫi,ɹəʊbˈʌstli
rotate,verb,C1,ˈɹoʊˌteɪt,ɹəʊtˈeɪt
roundup,noun,C1,ˈɹaʊnˌdəp,ɹˈaʊndʌp
rudimentary,adjective,C1,ˌɹudəˈmɛntɝi,ɹˌuːdɪmˈɛntəɹi
rudiments,noun,C1,ˈɹudɪmənts,ɹˈuːdɪmənts
rumble,noun,C1,ˈɹəmbəɫ,ɹˈʌmbəl
rumble,verb,C1,ˈɹəmbəɫ,ɹˈʌmbəl
rustle,noun,C1,ˈɹəsəɫ,ɹˈʌsəl
rustle,verb,C1,ˈɹəsəɫ,ɹˈʌsəl
ruthless,adjective,C1,ˈɹuθɫəs,ɹˈuːθləs
ruthlessness,noun,C1,ˈɹuθɫəsnəs,ɹˈuːθləsnəs
sacrifice,noun,C1,ˈsækɹəˌfaɪs,sˈækɹɪfˌaɪs
sacrifice,verb,C1,ˈsækɹəˌfaɪs,sˈækɹɪfˌaɪs
salivate,verb,C1,ˈsæɫəˌveɪt,sˈælɪvˌeɪt
saloon,noun,C1,səˈɫun,sɐlˈuːn
salvage,verb,C1,ˈsæɫvədʒ,sˈælvɪdʒ
salvation,noun,C1,sæɫˈveɪʃən,sælvˈeɪʃən
salve,noun,C1,ˈsɑv,
sanctity,noun,C1,ˈsæŋktɪti,sˈɑːnktɪti
sap,noun,C1,ˈsæp,sˈæp
sarcasm,noun,C1,ˈsɑɹˌkæzəm,sˈɑːkæzəm
sarcastic,adjective,C1,sɑɹˈkæstɪk,sɑːkˈɑːstɪk
sarcastically,adverb,C1,sɑɹˈkæstɪkɫi,sɑːkˈɑːstɪkli
sauna,noun,C1,ˈsɔnə,sˈɔːnɐ
scathing,adjective,C1,ˈskeɪðɪŋ,skˈeɪðɪŋ
scenario,noun,C1,sɪˈnɛɹioʊ,sənˈɑːɹiˌəʊ
scoff,verb,C1,ˈskɔf,skˈɒf
scorn,noun,C1,ˈskɔɹn,skˈɔːn
scornful,adjective,C1,ˈskɔɹnfəɫ,skˈɔːnfəl
scornfully,adverb,C1,,skˈɔːnfəli
scramble,noun,C1,ˈskɹæmbəɫ,skɹˈæmbəl
screenplay,noun,C1,ˈskɹinˌpɫeɪ,skɹˈiːnpleɪ
screenwriter,noun,C1,ˈskɹinˌɹaɪtɝ,skɹˈiːnɹaɪtɐ
scrutinize,verb,C1,ˈskɹutəˌnaɪz,
scrutiny,noun,C1,ˈskɹutəni,skɹˈuːtɪni
sedate,adjective,C1,sɪˈdeɪt,sɪdˈeɪt
sedate,verb,C1,sɪˈdeɪt,sɪdˈeɪt
sedately,adverb,C1,sɪˈdeɪtɫi,sɪdˈeɪtli
sedentary,adjective,C1,ˈsɛdənˌtɛɹi,sˈɛdəntəɹi
seedling,noun,C1,ˈsidɫɪŋ,sˈiːdlɪŋ
self-conscious,adjective,C1,ˌsɛɫfˈkɑnʃəs,
self-worth,noun,C1,,
sentient,adjective,C1,,sˈɛnʃənt
sentiment,noun,C1,ˈsɛnəmənt,sˈɛntɪmənt
sentimental,adjective,C1,ˌsɛnəˈmɛnəɫ,sˌɛntɪmˈɛntəl
sentimentally,adverb,C1,,sˌɛntɪmˈɛntəli
sequel,noun,C1,ˈsikwəɫ,sˈiːkwəl
settee,noun,C1,,sɛtˈiː
shambles,noun,C1,ˈʃæmbəɫz,ʃˈæmbəlz
shed,verb,C1,ˈʃɛd,ʃˈɛd
shortlist,noun,C1,,ʃˈɔːtlɪst
shortlist,verb,C1,,ʃˈɔːtlɪst
showy,adjective,C1,ˈʃoʊi,ʃˈəʊi
signal,verb,C1,ˈsɪɡnəɫ,sˈɪɡnəl
silhouette,noun,C1,ˌsɪɫəˈwɛt,sˌɪlʊwˈɛt
simplicity,noun,C1,sɪmˈpɫɪsəti,sɪmplˈɪsɪti
sketch,noun,C1,ˈskɛtʃ,skˈɛtʃ
sketchbook,noun,C1,ˈskɛtʃˌbʊk,skˈɛtʃbʊk
slack,adjective,C1,ˈsɫæk,slˈæk
slack,noun,C1,ˈsɫæk,slˈæk
slack,verb,C1,ˈsɫæk,slˈæk
slackly,adverb,C1,,slˈækli
slob,noun,C1,ˈsɫɑb,slˈɒb
smug,adjective,C1,ˈsməɡ,smˈʌɡ
smugly,adverb,C1,ˈsməɡɫi,smˈʌɡli
snail,noun,C1,ˈsneɪɫ,snˈeɪl
snooze,verb,C1,ˈsnuz,snˈuːz
socialization,noun,C1,ˌsoʊʃəɫɪˈzeɪʃən,
somber,adjective,C1,ˈsɑmbɝ,
somberly,adverb,C1,ˈsɑmbɝɫi,
somersault,noun,C1,ˈsəmɝˌsɔɫt,sˈʌməsˌɒlt
somersault,verb,C1,ˈsəmɝˌsɔɫt,sˈʌməsˌɒlt
spacious,adjective,C1,ˈspeɪʃəs,spˈeɪʃəs
spartan,adjective,C1,ˈspɑɹtən,spˈɑːtən
specification,noun,C1,ˌspɛsɪfɪˈkeɪʃən,spˌɛsɪfɪkˈeɪʃən
specimen,noun,C1,ˈspɛsəmən,spˈɛsɪmən
speculate,verb,C1,ˈspɛkjəˌɫeɪt,spˈɛkjʊlˌeɪt
speculation,noun,C1,ˌspɛkjəˈɫeɪʃən,spˌɛkjʊlˈeɪʃən
speculative,adjective,C1,ˈspɛkjəɫətɪv,spˈɛkjʊlətˌɪv
splatter,verb,C1,ˈspɫætɝ,splˈætɐ
sponsorship,noun,C1,ˈspɑnsɝˌʃɪp,spˈɒnsəʃˌɪp
spontaneous,adjective,C1,spɑnˈteɪniəs,spɒntˈeɪniəs
spontaneously,adverb,C1,spɑnˈteɪniəsɫi,spɒntˈeɪniəsli
sprawl,noun,C1,ˈspɹɔɫ,spɹˈɔːl
sprawl,verb,C1,ˈspɹɔɫ,spɹˈɔːl
sprout,noun,C1,ˈspɹaʊt,spɹˈaʊt
sprout,verb,C1,ˈspɹaʊt,spɹˈaʊt
squander,verb,C1,ˈskwɑndɝ,skwˈɒndɐ
staccato,adjective,C1,stəˈkɑˌtoʊ,stɐkˈɑːtəʊ
staccato,adverb,C1,stəˈkɑˌtoʊ,stɐkˈɑːtəʊ
stagger,verb,C1,ˈstæɡɝ,stˈæɡɐ
staggering,adjective,C1,ˈstæɡɝˌɪŋ,stˈæɡəɹɪŋ
stamina,noun,C1,ˈstæmənə,stˈæmɪnɐ
staple,noun,C1,ˈsteɪpəɫ,stˈeɪpəl
startling,adjective,C1,ˈstɑɹtɫɪŋ,stˈɑːtlɪŋ
startlingly,adverb,C1,ˈstɑɹtɫɪŋˌɫi,stˈɑːtəlɪŋli
stately,adjective,C1,ˈsteɪtɫi,stˈeɪtli
stiffen,verb,C1,ˈstɪfən,stˈɪfən
stimuli,noun,C1,ˈstɪmjəˌɫaɪ,stˈɪmjʊlˌaɪ
stock,verb,C1,ˈstɑk,stˈɒk
stoke,verb,C1,ˈstoʊk,stˈəʊk
strap,noun,C1,ˈstɹæp,stɹˈæp
strap,verb,C1,ˈstɹæp,stɹˈæp
strapping,adjective,C1,ˈstɹæpɪŋ,stɹˈæpɪŋ
stray,adjective,C1,ˈstɹeɪ,stɹˈeɪ
stray,noun,C1,ˈstɹeɪ,stɹˈeɪ
stray,verb,C1,ˈstɹeɪ,stɹˈeɪ
stressfully,adverb,C1,,
stretching,noun,C1,ˈstɹɛtʃɪŋ,stɹˈɛtʃɪŋ
structural,adjective,C1,ˈstɹəktʃɝəɫ,stɹˈʌktʃəɹəl
structurally,adverb,C1,ˈstɹəktʃɝəɫi,stɹˈʌktʃəɹəli
stuffily,adverb,C1,,
stuffiness,noun,C1,,stˈʌfɪnəs
stuffy,adjective,C1,ˈstəfi,stˈʌfi
stylistic,adjective,C1,staɪˈɫɪstɪk,staɪlˈɪstɪk
stylistically,adverb,C1,staɪˈɫɪstɪkɫi,staɪlˈɪstɪkli
subordinate,noun,C1,səˈbɔɹdəˌneɪt,
substantially,adverb,C1,səbˈstænʃəɫi,səbstˈænʃəlˌi
subtly,adverb,C1,ˈsətəɫi,sˈʌtəlˌi
suburban,adjective,C1,səˈbɝbən,səbˈɜːbən
suburbia,noun,C1,səˈbɝbiə,sʌbˈɜːbiə
succession,noun,C1,səkˈsɛʃən,səksˈɛʃən
succulent,adjective,C1,ˈsəkjəɫɪnt,sˈʌkjʊlənt
succulent,noun,C1,ˈsəkjəɫɪnt,sˈʌkjʊlənt
succulently,adverb,C1,,
suds,noun,C1,ˈsədz,sˈʌdz
suffice,verb,C1,səˈfaɪs,səfˈaɪs
suitor,noun,C1,ˈsutɝ,sˈuːtɐ
superficial,adjective,C1,ˌsupɝˈfɪʃəɫ,sˈuːpəfˈɪʃəl
superficially,adverb,C1,ˈsupɝˌfɪʃəɫi,sˈuːpəfˈɪʃəlˌi
supple,adjective,C1,ˈsəpəɫ,sˈʌpəl
suspension,noun,C1,səˈspɛnʃən,səspˈɛnʃən
sustainable,adjective,C1,səˈsteɪnəbəɫ,səstˈeɪnəbəl
sustainably,adverb,C1,,səstˈeɪnəbli
swap,noun,C1,ˈswɑp,swˈɒp
swap,verb,C1,ˈswɑp,swˈɒp
symptomatic,adjective,C1,ˌsɪmptəˈmætɪk,sˌɪmptəmˈætɪk
synopsis,noun,C1,sɪˈnɑpsɪs,sɪnˈɒpsɪs
synthetic,adjective,C1,sɪnˈθɛtɪk,sɪnθˈɛtɪk
synthetically,adverb,C1,sɪnˈθɛtɪkɫi,sɪnθˈɛtɪkli
tact,noun,C1,ˈtækt,tˈækt
tactful,adjective,C1,ˈtæktfəɫ,tˈæktfəl
tactfully,adverb,C1,ˈtæktfəɫi,tˈæktfəli
tailor,noun,C1,ˈteɪɫɝ,tˈeɪlɐ
tailor,verb,C1,ˈteɪɫɝ,tˈeɪlɐ
tangle,noun,C1,ˈtæŋɡəɫ,tˈæŋɡəl
tangle,verb,C1,ˈtæŋɡəɫ,tˈæŋɡəl
tangled,adjective,C1,ˈtæŋɡəɫd,tˈæŋɡəld
tantamount,adjective,C1,ˈtæntəˌmaʊnt,tˈɑːntɐmˌaʊnt
tantrum,noun,C1,ˈtæntɹəm,tˈɑːntɹəm
tastebud,noun,C1,,
taut,adjective,C1,ˈtɔt,tˈɔːt
tautly,adverb,C1,,tˈɔːtli
tedious,adjective,C1,ˈtidiəs,tˈiːdɪəs
tediously,adverb,C1,ˈtidiəsɫi,tˈiːdɪəsli
tedium,noun,C1,ˈtidiəm,tˈiːdiəm
telltale,adjective,C1,ˈtɛɫˌteɪɫ,tˈɛlteɪl
temperament,noun,C1,ˈtɛmpɝmənt,tˈɛmpɹəmənt
temperamental,adjective,C1,ˌtɛmpɝˈmɛntəɫ,tˌɛmpɹəmˈɛntəl
temperamentally,adverb,C1,ˌtɛmpɝˈmɛnəɫi,tˌɛmpɹəmˈɛntəli
terrain,noun,C1,tɝˈeɪn,təɹˈeɪn
testament,noun,C1,ˈtɛstəmənt,tˈɛstəmənt
thereby,adverb,C1,ˈðɛɹˈbaɪ,ðeəbˈaɪ
till,noun,C1,ˈtɪɫ,tˈɪl
timid,adjective,C1,ˈtɪmɪd,tˈɪmɪd
tinker,noun,C1,ˈtɪŋkɝ,tˈɪŋkɐ
tinker,verb,C1,ˈtɪŋkɝ,tˈɪŋkɐ
tone,verb,C1,ˈtoʊn,tˈəʊn
torment,noun,C1,ˈtɔɹˌmɛnt,
torment,verb,C1,ˈtɔɹˌmɛnt,
torturous,adjective,C1,ˈtɔɹˌtʃuəs,tˈɔːtʃəɹəs
toughness,noun,C1,ˈtəfnəs,tˈʌfnəs
tract,noun,C1,ˈtɹækt,tɹˈækt
trampoline,noun,C1,ˌtɹæmpəˈɫin,tɹˈæmpəlˌiːn
tranquil,adjective,C1,ˈtɹæŋkwəɫ,tɹˈænkwɪl
tranquility,noun,C1,tɹæŋˈkwɪɫɪti,tɹænkwˈɪlɪti
transatlantic,adjective,C1,ˌtɹænzətˈɫænɪk,tɹænsɐtlˈɑːntɪk
transfix,verb,C1,tɹænsˈfɪks,tɹænsfˈɪks
transit,noun,C1,ˈtɹænzɪt,tɹˈænsɪt
trauma,noun,C1,ˈtɹɔmə,tɹˈɔːmɐ
traumatic,adjective,C1,tɹɔˈmætɪk,tɹɔːmˈætɪk
tread,noun,C1,ˈtɹɛd,tɹˈɛd
trying,adjective,C1,ˈtɹaɪɪŋ,tɹˈaɪɪŋ
tune,verb,C1,ˈtun,tjˈuːn
turmoil,noun,C1,ˈtɝˌmɔɪɫ,tˈɜːmɔɪl
turn to,verb,C1,ˈtɝn ˈtu,tˈɜːn tˈuː
twitch,noun,C1,ˈtwɪtʃ,twˈɪtʃ
twitch,verb,C1,ˈtwɪtʃ,twˈɪtʃ
tycoon,noun,C1,taɪˈkun,taɪkˈuːn
unassisted,adjective,C1,ˌənəˈsɪstɪd,ʌnɐsˈɪstɪd
unconventional,adjective,C1,ˌənkənˈvɛnʃənəɫ,ʌnkənvˈɛnʃənəl
unconvincing,adjective,C1,ˌənkənˈvɪnsɪŋ,ʌnkənvˈɪnsɪŋ
unconvincingly,adverb,C1,,ʌnkənvˈɪnsɪŋli
undaunted,adjective,C1,ənˈdɔntɪd,ʌndˈɔːntɪd
unenviable,adjective,C1,əˈnɛnˌviəbəɫ,ˌʌnˈɛnvɪəbəl
unenviably,adverb,C1,,
uneventful,adjective,C1,ˌəniˈvɛntfəɫ,ʌnɪvˈɛntfəl
uniformity,noun,C1,ˌjunəˈfɔɹməti,jˌuːnɪfˈɔːmɪti
uninspiring,adjective,C1,ənɪnˈspaɪɹɪŋ,ˌʌnɪnspˈaɪəɹɪŋ
unison,noun,C1,ˈjunəsən,jˈuːnɪsən
unmanageable,adjective,C1,ənˈmænɪdʒəbəɫ,ʌnmˈænɪdʒəbəl
unmanned,adjective,C1,ənˈmænd,ʌnmˈænd
unmusical,adjective,C1,,ʌnmjˈuːzɪkəl
unmusically,adverb,C1,,
unoccupied,adjective,C1,əˈnɑkjəˌpaɪd,ʌnˈɒkjʊpˌaɪd
unplug,verb,C1,ənˈpɫəɡ,ʌnplˈʌɡ
unreliably,adverb,C1,,
unscathing,adjective,C1,,
unsettle,verb,C1,ənˈsɛtəɫ,ʌnsˈɛtəl
unsettling,adjective,C1,ənˈsɛtəɫɪŋ,ʌnsˈɛtlɪŋ
unsustainable,adjective,C1,ˌənsəˈsteɪnəbəɫ,ʌnsəstˈeɪnəbəl
unsustainably,adverb,C1,ˌənsəˈsteɪnəbɫi,
untangle,verb,C1,ənˈtæŋɡəɫ,ʌntˈæŋɡəl
untangled,adjective,C1,,ʌntˈæŋɡəld
unwavering,adjective,C1,ənˈweɪvɝɪŋ,ʌnwˈeɪvəɹɪŋ
unwaveringly,adverb,C1,,
upheaval,noun,C1,əpˈhivəɫ,ʌphˈiːvəl
usher,noun,C1,ˈəʃɝ,ˈʌʃɐ
utensil,noun,C1,juˈtɛnsəɫ,juːtˈɛnsəl
vegetation,noun,C1,ˌvɛdʒəˈteɪʃən,vˌɛdʒɪtˈeɪʃən
venerate,verb,C1,ˈvɛnɝˌeɪt,vˈɛnəɹˌeɪt
veneration,noun,C1,ˌvɛnɝˈeɪʃən,vˌɛnəɹˈeɪʃən
ventilate,verb,C1,ˈvɛnəˌɫeɪt,vˈɛntɪlˌeɪt
ventilation,noun,C1,ˌvɛnəˈɫeɪʃən,vˌɛntɪlˈeɪʃən
verandah,noun,C1,,vˈɛɹændɐ
verdict,noun,C1,ˈvɝdɪkt,vˈɜːdɪkt
versatile,adjective,C1,ˈvɝsətəɫ,vˈɜːsətˌaɪl
versatility,noun,C1,ˌvɝsəˈtɪɫəti,vˌɜːsətˈɪlɪti
vertical,adjective,C1,ˈvɝtɪkəɫ,vˈɜːtɪkəl
verve,noun,C1,ˈvɝv,vˈɜːv
vicious,adjective,C1,ˈvɪʃəs,vˈɪʃəs
viciously,adverb,C1,ˈvɪʃəsɫi,vˈɪʃəsli
victorious,adjective,C1,vɪkˈtɔɹiəs,vɪktˈɔːɹɪəs
victoriously,adverb,C1,,vɪktˈɔːɹɪəsli
violet,adjective,C1,ˈvaɪəɫɪt,vˈaɪələt
vitality,noun,C1,vaɪˈtæɫəti,vaɪtˈælɪti
voice,verb,C1,ˈvɔɪs,vˈɔɪs
voluntarily,adverb,C1,ˌvɑɫənˈtɛɹəɫi,vˌɒləntˈɛɹəli
voluntary,adjective,C1,ˈvɑɫəntɛɹi,vˈɒləntəɹi
voracious,adjective,C1,vɔˈɹeɪʃəs,vɔːɹˈeɪʃəs
voraciously,adverb,C1,,vɔːɹˈeɪʃəsli
wares,noun,C1,ˈwɛɹz,wˈeəz
wary,adjective,C1,ˈwɛɹi,wˈeəɹi
washtub,noun,C1,ˈwɑʃˌtəb,wˈɒʃtʌb
waterfront,noun,C1,ˈwɔtɝˌfɹənt,wˈɔːtəfɹˌʌnt
wayside,noun,C1,ˈweɪˌsaɪd,wˈeɪsaɪd
whilst,conjunction,C1,ˈwaɪɫst,wˈaɪlst
wicked,adjective,C1,ˈwɪkəd,
wickedly,adverb,C1,ˈwɪkɪdɫi,wˈɪkɪdli
withdrawn,adjective,C1,wɪðˈdɹɔn,wɪðdɹˈɔːn
wizened,adjective,C1,ˈwaɪzənd,wˈɪzənd
woo,verb,C1,ˈwu,wˈuː
wooded,adjective,C1,ˈwʊdɪd,wˈʊdɪd
wrangle,verb,C1,ˈɹæŋɡəɫ,ɹˈæŋɡəl
wrench,verb,C1,ˈɹɛntʃ,ɹˈɛntʃ
wry,adjective,C1,ˈɹaɪ,ɹˈaɪ
wryly,adverb,C1,ˈɹaɪɫi,ɹˈaɪli
zany,adjective,C1,ˈzeɪni,zˈeɪni
aberration,noun,C2,ˌæbɝˈeɪʃən,ˌæbəɹˈeɪʃən
abhor,verb,C2,æbˈhɔɹ,ɐbhˈɔː
abhorrent,adjective,C2,æbˈhɔɹənt,ɐbhˈɒɹənt
abhorrently,adverb,C2,,
abject,adjective,C2,ˈæbdʒɛkt,
abundantly,adverb,C2,əˈbəndəntɫi,ɐbˈʌndəntli
accountability,noun,C2,əˈkaʊnəbɪɫɪti,ɐkˌaʊntəbˈɪlɪti
accrue,verb,C2,əˈkɹu,ɐkɹˈuː
acreage,noun,C2,ˈeɪkɝɪdʒ,ˈeɪkəɹɪdʒ
acrobatic,adjective,C2,ˌækɹəˈbætɪk,ˌækɹəbˈætɪk
acrobatically,adverb,C2,,ˌækɹəbˈætɪkli
acrobatics,noun,C2,ˌækɹəˈbætɪks,ˌækɹəbˈætɪks
ad lib,adjective,C2,ˈæd ˈɫɪb,ˈæd lˈɪb
ad-lib,verb,C2,ˈædˈɫɪb,
additive,adjective,C2,ˈædətɪv,ˈædɪtˌɪv
additive,noun,C2,ˈædətɪv,ˈædɪtˌɪv
adept,adjective,C2,əˈdɛpt,
adept,noun,C2,əˈdɛpt,
adhere,verb,C2,ədˈhɪɹ,ɐdhˈiə
adhesion,noun,C2,ædˈhiʒən,ɐdhˈiːʒən
adornment,noun,C2,əˈdɔɹnmənt,ɐdˈɔːnmənt
adulterate,verb,C2,əˈdəɫtɝˌeɪt,
affectation,noun,C2,ˌæfɛkˈteɪʃən,ɐfɪktˈeɪʃən
aghast,adjective,C2,əˈɡæst,ɐɡˈɑːst
agile,adjective,C2,ˈædʒəɫ,ˈædʒaɪl
agility,noun,C2,əˈdʒɪɫəti,ædʒˈɪlɪti
all-encompassing,adjective,C2,,
allegorical,adjective,C2,ˌæɫəˈɡɔɹəkəɫ,ˌælɪɡˈɒɹɪkəl
allegory,noun,C2,ˈæɫəˌɡɔɹi,ˈælɪɡəɹˌi
allot,verb,C2,əˈɫɑt,ɐlˈɒt
allotment,noun,C2,əˈɫɑtmənt,ɐlˈɒtmənt
allude,verb,C2,əˈɫud,ɐlˈuːd
allusion,noun,C2,əˈɫuʒən,ɐlˈuːʒən
ally,verb,C2,ˈæɫaɪ,
amorphous,adjective,C2,əˈmɔɹfəs,ɐmˈɔːfəs
amorphously,adverb,C2,,
anarchic,adjective,C2,æˈnɑɹkɪk,ænˈɑːkɪk
angst,noun,C2,ˈɑŋkst,ˈæŋst
angsty,adjective,C2,,
angular,adjective,C2,ˈæŋɡjəɫɝ,ˈænɡjʊlɐ
angularity,noun,C2,,ˌænɡjʊlˈæɹɪti
annex,noun,C2,ˈæˌnɛks,
annex,verb,C2,ˈæˌnɛks,
anonymity,noun,C2,ˌænəˈnɪmɪti,ˌænənˈɪmɪtˌi
antediluvian,adjective,C2,,ˌæntiːdɪlˈuːviən
anthology,noun,C2,ænˈθɑɫədʒi,ænθˈɒlədʒi
anthropological,adjective,C2,ˌænθɹəpəˈɫɑdʒəkəɫ,ˌænθɹəpəlˈɒdʒɪkəl
anthropologically,adverb,C2,,
anticlimactically,adverb,C2,,
antidote,noun,C2,ˈænɪˌdoʊt,ˈæntɪdˌəʊt
antithesis,noun,C2,ænˈtɪθəsəs,æntˈɪθəsˌɪs
antithetical,adjective,C2,ˌæntəˈθɛtɪkəɫ,ˌæntɪθˈɛtɪkəl
apostle,noun,C2,əˈpɑsəɫ,ɐpˈɒsəl
apprehend,verb,C2,ˌæpɹɪˈhɛnd,ˌæpɹɪhˈɛnd
aptitude,noun,C2,ˈæptəˌtud,ˈæptɪtjˌuːd
arcane,adjective,C2,ˌɑɹˈkeɪn,ɑːkˈeɪn
arcanely,adverb,C2,,
archetypal,adjective,C2,ˈɑɹkˈtaɪpəɫ,ˌɑːkɪtˈaɪpəl
archetype,noun,C2,ˈɑɹkɪˌtaɪp,ˈɑːkɪtˌaɪp
archival,adjective,C2,ɑɹˈkaɪvəɫ,ˈɑːkaɪvəl
ardor,noun,C2,ˈɑɹdɝ,ˈɑːdɔː
arduous,adjective,C2,ˈɑɹdʒuəs,ˈɑːdjuːəs
arduously,adverb,C2,,ˈɑːdjuːəsli
armory,noun,C2,ˈɑɹmɝi,ˈɑːməɹˌi
articulate,adjective,C2,ɑɹˈtɪkjəˌɫeɪt,
articulation,noun,C2,ˌɑɹtɪkjəˈɫeɪʃən,ɑːtˌɪkjʊlˈeɪʃən
artifact,noun,C2,ˈɑɹtəˌfækt,
artifice,noun,C2,ˈɑɹtəfɪs,ˈɑːtɪfɪs
assimilate,verb,C2,əˈsɪməˌɫeɪt,ɐsˈɪmɪlˌeɪt
assimilation,noun,C2,əˌsɪməˈɫeɪʃən,ɐsˌɪmɪlˈeɪʃən
astringent,noun,C2,əˈstɹɪndʒənt,ɐstɹˈɪndʒənt
athleticism,noun,C2,æθˈɫɛtɪˌsɪzm,æθlˈɛtɪsˌɪzəm
attributive,adjective,C2,,
attrition,noun,C2,əˈtɹɪʃən,ɐtɹˈɪʃən
attuned,adjective,C2,əˈtund,ɐtjˈuːnd
audit,verb,C2,ˈɔdɪt,ˈɔːdɪt
austere,adjective,C2,ɔˈstɪɹ,ɔːstˈiə
austerely,adverb,C2,ˌɔˈstɪɹɫi,
austerity,noun,C2,ˌɔˈstɛɹɪti,ɔːstˈɛɹɪti
authenticity,noun,C2,ˌɔθənˈtɪsɪti,ɔːθɪntˈɪsɪti
automate,verb,C2,ˈɔtəˌmeɪt,ˈɔːtəmˌeɪt
autonomous,adjective,C2,ɔˈtɑnəməs,ɔːtˈɒnəməs
autonomously,adverb,C2,ˌɔˈtɑnoʊməsɫi,ɔːtˈɒnəməsli
autopilot,noun,C2,ˈɔtoʊˌpaɪɫət,ˌɔːtəʊpˈaɪlət
averse,adjective,C2,əˈvɝs,ɐvˈɜːs
avian,adjective,C2,ˈeɪviən,ˈeɪvɪən
axiom,noun,C2,ˈæksiəm,ˈæksɪəm
axiomatic,adjective,C2,ˌæksiəˈmætɪk,ˌæksɪəmˈætɪk
babble,verb,C2,ˈbæbəɫ,bˈæbəl
banish,verb,C2,ˈbænɪʃ,bˈænɪʃ
banishment,noun,C2,ˈbænɪʃmənt,bˈænɪʃmənt
baroque,adjective,C2,bɝˈoʊk,bəɹˈəʊk
bauble,noun,C2,ˈbɔbəɫ,bˈɔːbəl
behest,noun,C2,bɪˈhɛst,bɪhˈɛst
belligerence,noun,C2,bəˈɫɪdʒɝəns,bɪlˈɪdʒɹəns
belligerent,adjective,C2,bəˈɫɪdʒɝənt,bɪlˈɪdʒɹənt
beneficiary,noun,C2,ˌbɛnəˈfɪʃiˌɛɹi,bˌɛnɪfˈɪʃəɹi
bereft,adjective,C2,bɝˈɛft,bɪɹˈɛft
bereftly,adverb,C2,,
besiege,verb,C2,bɪˈsidʒ,bɪsˈiːdʒ
blandishment,noun,C2,ˈbɫændɪʃmənt,
blight,noun,C2,ˈbɫaɪt,blˈaɪt
blight,verb,C2,ˈbɫaɪt,blˈaɪt
blitz,noun,C2,ˈbɫɪts,blˈɪts
blitz,verb,C2,ˈbɫɪts,blˈɪts
blubber,noun,C2,ˈbɫəbɝ,blˈʌbɐ
blubbery,adjective,C2,,blˈʌbəɹi
blurb,noun,C2,ˈbɫɝb,blˈɜːb
bogus,adjective,C2,ˈboʊɡəs,bˈəʊɡəs
bona fide,adjective,C2,ˈboʊnə ˈfaɪd,
bout,noun,C2,ˈbaʊt,bˈaʊt
brandish,verb,C2,ˈbɹændɪʃ,bɹˈændɪʃ
breadwinner,noun,C2,ˈbɹɛdˌwɪnɝ,bɹˈɛdwɪnɐ
brevity,noun,C2,ˈbɹɛvəti,bɹˈɛvɪti
brief,noun,C2,ˈbɹif,bɹˈiːf
brim,verb,C2,ˈbɹɪm,bɹˈɪm
brimstone,noun,C2,ˈbɹɪmstoʊn,bɹˈɪmstəʊn
brink,noun,C2,ˈbɹɪŋk,bɹˈɪŋk
brood,noun,C2,ˈbɹud,bɹˈuːd
brood,verb,C2,ˈbɹud,bɹˈuːd
brouhaha,noun,C2,ˈbɹuhɑˌhɑ,bɹaʊhˈɑːhɐ
buccaneer,noun,C2,ˌbəkəˈniɹ,bˌʌkɐnˈiə
buccaneer,verb,C2,ˌbəkəˈniɹ,bˌʌkɐnˈiə
buffoonery,noun,C2,,bʌfˈuːnəɹi
burgeoning,adjective,C2,ˈbɝdʒənɪŋ,bˈɜːdʒənɪŋ
buzzard,noun,C2,ˈbəzɝd,bˈʌzəd
caffeinate,verb,C2,ˈkæfɪˌneɪt,
calamitous,adjective,C2,kəˈɫæmətəs,kɐlˈæmɪtəs
calamitously,adverb,C2,,
calamity,noun,C2,kəˈɫæməti,kɐlˈæmɪti
callous,adjective,C2,ˈkæɫəs,kˈæləs
callously,adverb,C2,ˈkæɫəsɫi,kˈæləsli
calorific,adjective,C2,,kˌælɔːɹˈɪfɪk
capacious,adjective,C2,kəˈpeɪʃəs,kəpˈeɪʃəs
carbonize,verb,C2,ˈkɑɹbəˌnaɪz,
cascade,verb,C2,kæˈskeɪd,kɐskˈeɪd
catastrophically,adverb,C2,,kˌætɐstɹˈɒfɪkli
cay,noun,C2,ˈkeɪ,kˈeɪ
centralized,adjective,C2,ˈsɛntɹəˌɫaɪzd,
choreographical,adjective,C2,,
choreography,noun,C2,ˌkɔɹiˈɑɡɹəfi,kˌɔːɹɪˈɒɡɹəfi
chronologically,adverb,C2,ˌkɹɑnəˈɫɑdʒɪkɫi,kɹˌɒnəlˈɒdʒɪkli
chronology,noun,C2,kɹəˈnɑɫədʒi,kɹənˈɒlədʒi
chrysalis,noun,C2,ˈkɹɪsəɫɪs,kɹˈɪsəlˌɪs
cinematographer,noun,C2,ˌsɪnɪməˈtɑɡɹəfɝ,sˌɪnɪmɐtˈɒɡɹəfɐ
cinematography,noun,C2,ˌsɪnɪməˈtɑɡɹəfi,sˌɪnɪmɐtˈɒɡɹəfi
circumnavigate,verb,C2,ˌsɝkəmˈnævəˌɡeɪt,sˌɜːkəmnˈævɪɡˌeɪt
circumnavigation,noun,C2,,sˌɜːkəmnˌævɪɡˈeɪʃən
clinch,verb,C2,ˈkɫɪntʃ,klˈɪntʃ
cloister,noun,C2,ˈkɫɔɪstɝ,klˈɔɪstɐ
cloistered,adjective,C2,ˈkɫɔɪstɝd,klˈɔɪstəd
coax,verb,C2,ˈkoʊks,
cocoon,verb,C2,kəˈkun,kəkˈuːn
cogent,adjective,C2,ˈkoʊdʒənt,kˈəʊdʒənt
cogently,adverb,C2,,kˈəʊdʒəntli
cognitive,adjective,C2,ˈkɑɡnɪtɪv,kˈɒɡnɪtˌɪv
collide,verb,C2,kəˈɫaɪd,kəlˈaɪd
collider,noun,C2,kəˈɫaɪdɝ,kəlˈaɪdɐ
colloquial,adjective,C2,kəˈɫoʊkwiəɫ,kəlˈəʊkwɪəl
colloquially,adverb,C2,,kəlˈəʊkwɪəli
colloquium,noun,C2,kəˈɫoʊkwiəm,
combustion,noun,C2,kəmˈbəstʃən,kəmbˈʌstʃən
commensurate,adjective,C2,kəˈmɛnsɝət,kəmˈɛnsəɹət
commensurately,adverb,C2,kəˈmɛnsɝətɫi,kəmˈɛnsəɹətli
commode,noun,C2,kəˈmoʊd,kəmˈəʊd
commodity,noun,C2,kəˈmɑdəti,kəmˈɒdɪti
compellingly,adverb,C2,kəmˈpɛɫɪŋɫi,kəmpˈɛlɪŋli
computerize,verb,C2,kəmˈpjutɝˌaɪz,
conciliation,noun,C2,kənˌsɪɫiˈeɪʃən,kənsˌɪlɪˈeɪʃən
conciliatory,adjective,C2,kənˈsɪˌɫiəˌtɔɹi,kənsˈɪlɪətəɹˌi
concurrence,noun,C2,kənˈkɝəns,kənkˈʌɹəns
condensation,noun,C2,ˌkɑndənˈseɪʃən,kɒndɪnsˈeɪʃən
condone,verb,C2,kənˈdoʊn,kəndˈəʊn
conduit,noun,C2,ˈkɑnduɪt,kˈɒndjuːˌɪt
confabulate,verb,C2,,
confabulation,noun,C2,kənˌfæbjəˈɫeɪʃən,
confection,noun,C2,kənˈfɛkʃən,kənfˈɛkʃən
confrontational,adjective,C2,ˌkɑnfɹənˈteɪʃənəɫ,kɒnfɹəntˈeɪʃənəl
confrontationally,adverb,C2,,
conglomerate,noun,C2,kənˈɡɫɑmɝət,
conjecture,noun,C2,kənˈdʒɛkʃɝ,kəndʒˈɛktʃɐ
conjecture,verb,C2,kənˈdʒɛkʃɝ,kəndʒˈɛktʃɐ
connotation,noun,C2,ˌkɑnəˈteɪʃən,kɒnəʊtˈeɪʃən
connote,verb,C2,kəˈnoʊt,
consign,verb,C2,kənˈsaɪn,kənsˈaɪn
consignment,noun,C2,kənˈsaɪnmənt,kənsˈaɪnmənt
consternation,noun,C2,ˌkɑnstɝˈneɪʃən,kɒnstənˈeɪʃən
constrained,adjective,C2,kənˈstɹeɪnd,kənstɹˈeɪnd
contagion,noun,C2,kənˈteɪdʒən,kəntˈeɪdʒən
contemptuous,adjective,C2,kənˈtɛmptʃuəs,kəntˈɛmptʃuːəs
contemptuously,adverb,C2,kənˈtɛmptʃwəsɫi,kəntˈɛmptʃuːəsli
contractual,adjective,C2,kənˈtɹæktʃuəɫ,kəntɹˈæktʃuːəl
contractually,adverb,C2,kənˈtɹæktʃuəɫi,kəntɹˈæktʃuːəli
contraption,noun,C2,kənˈtɹæpʃən,kəntɹˈæpʃən
contrive,verb,C2,kənˈtɹaɪv,kəntɹˈaɪv
converse,adjective,C2,ˈkɑnvɝs,
cordon,verb,C2,ˈkɔɹdən,kˈɔːdən
corpse,noun,C2,ˈkɔɹps,kˈɔːps
corpus,noun,C2,ˈkɔɹpəs,kˈɔːpəs
correlate,noun,C2,ˈkɔɹəˌɫeɪt,kˈɒɹɪlˌeɪt
correlate,verb,C2,ˈkɔɹəˌɫeɪt,kˈɒɹɪlˌeɪt
correlation,noun,C2,ˌkɔɹəˈɫeɪʃən,kˌɒɹɪlˈeɪʃən
cosmic,adjective,C2,ˈkɑzmɪk,kˈɒzmɪk
cosset,verb,C2,ˈkɑsət,kˈɒsɛt
counsel,noun,C2,ˈkaʊnsəɫ,kˈaʊnsəl
counterproductive,adjective,C2,ˈkaʊntɝpɹəˌdəktɪv,kˌaʊntəpɹədˈʌktɪv
counterproductively,adverb,C2,,
crippling,adjective,C2,ˈkɹɪpəɫɪŋ,kɹˈɪplɪŋ
crony,noun,C2,ˈkɹoʊni,kɹˈəʊni
crystallization,noun,C2,,
cull,verb,C2,ˈkəɫ,kˈʌl
cultish,adjective,C2,,kˈʌltɪʃ
curate,verb,C2,ˈkjʊɹət,
curator,noun,C2,ˈkjʊɹətɝ,kjʊɹˈeɪtɐ
dampen,verb,C2,ˈdæmpən,dˈæmpən
deaden,verb,C2,ˈdɛdən,dˈɛdən
decentralize,verb,C2,dɪˈsɛntɹəˌɫaɪz,
declination,noun,C2,,dɪklɪnˈeɪʃən
deficient,adjective,C2,dɪˈfɪʃənt,dɪfˈɪʃənt
deficiently,adverb,C2,,
deliberate,verb,C2,dɪˈɫɪbɝˌeɪt,
delicatessen,noun,C2,ˌdɛɫɪkəˈtɛsən,dˈɛlɪkˌætɛsən
demystification,noun,C2,,
demystify,verb,C2,diˈmɪstəˌfaɪ,dɛmˈɪstɪfˌaɪ
denotation,noun,C2,,
denote,verb,C2,dɪˈnoʊt,dɪnˈəʊt
denounce,verb,C2,dɪˈnaʊns,dɪnˈaʊns
denunciation,noun,C2,dɪˌnənsiˈeɪʃən,dɪnˌʌnsɪˈeɪʃən
depraved,adjective,C2,diˈpɹeɪvd,dɪpɹˈeɪvd
depravity,noun,C2,dɪˈpɹævəti,dɪpɹˈævɪti
deprecate,verb,C2,ˈdɛpɹəˌkeɪt,dˈɛpɹɪkˌeɪt
deprecatingly,adverb,C2,,
depressive,adjective,C2,dɪˈpɹɛsɪv,dɪpɹˈɛsɪv
derelict,adjective,C2,ˈdɛɹəˌɫɪkt,dˈɛɹɪlˌɪkt
derelict,noun,C2,ˈdɛɹəˌɫɪkt,dˈɛɹɪlˌɪkt
derision,noun,C2,dɝˈɪʒən,dɪɹˈɪʒən
derisive,adjective,C2,dɝˈaɪsɪv,dɪɹˈaɪsɪv
derisively,adverb,C2,dɝˈaɪsɪvɫi,dɪɹˈaɪsɪvli
deterrent,noun,C2,dɪˈtɝɹənt,dɪtˈɜːɹənt
detract,verb,C2,dɪˈtɹækt,dɪtɹˈækt
deviant,adjective,C2,ˈdiviənt,dˈiːviənt
deviant,noun,C2,ˈdiviənt,dˈiːviənt
deviantly,adverb,C2,,
diffuse,adjective,C2,dɪfˈjus,
diffuse,verb,C2,dɪfˈjus,
diligently,adverb,C2,ˈdɪɫədʒəntɫi,dˈɪlɪdʒəntli
diminish,verb,C2,dɪˈmɪnɪʃ,dɪmˈɪnɪʃ
disdainful,adjective,C2,dɪsˈdeɪnfəɫ,dɪsdˈeɪnfəl
disparage,verb,C2,dɪˈspɛɹɪdʒ,dɪspˈæɹɪdʒ
disparagement,noun,C2,,
disparaging,adjective,C2,dɪˈspɛɹɪdʒɪŋ,dɪspˈæɹɪdʒɪŋ
disparagingly,adverb,C2,dɪˈspɛɹɪdʒɪŋɫi,dɪspˈæɹɪdʒɪŋli
dispersal,noun,C2,dɪˈspɝsəɫ,dɪspˈɜːsəl
disperse,verb,C2,dɪˈspɝs,dɪspˈɜːs
dissemble,verb,C2,dɪˈsɛmbəɫ,dɪsˈɛmbəl
disseminate,verb,C2,dɪˈsɛməˌneɪt,dɪsˈɛmɪnˌeɪt
dissemination,noun,C2,dɪˌsɛməˈneɪʃən,dɪsˌɛmɪnˈeɪʃən
dissension,noun,C2,dɪˈsɛnʃən,dɪsˈɛnʃən
distill,verb,C2,dɪˈstɪɫ,
distillation,noun,C2,ˌdɪstəˈɫeɪʃən,dɪstɪlˈeɪʃən
divination,noun,C2,ˌdɪvəˈneɪʃən,dɪvɪnˈeɪʃən
dole out,verb,C2,ˈdoʊɫ ˈaʊt,dˈəʊl ˈaʊt
domesticity,noun,C2,ˌdoʊˌmɛsˈtɪsəti,dəmɪstˈɪsɪti
drabness,noun,C2,,dɹˈæbnəs
dribble,noun,C2,ˈdɹɪbəɫ,dɹˈɪbəl
dribble,verb,C2,ˈdɹɪbəɫ,dɹˈɪbəl
drudgery,noun,C2,ˈdɹədʒɝi,dɹˈʌdʒɹi
dubiously,adverb,C2,ˈdubiəˌsɫi,djˈuːbɪəsli
dwarf,verb,C2,ˈdwɔɹf,dwˈɔːf
dwarfism,noun,C2,ˈdwɔɹfɪzəm,dwˈɔːfɪzəm
ebb,verb,C2,ˈɛb,ˈɛb
eccentricity,noun,C2,ˌɛksənˈtɹɪsəti,ˌɛksɪntɹˈɪsɪti
echo,noun,C2,ˈɛkoʊ,ˈɛkəʊ
echo,verb,C2,ˈɛkoʊ,ˈɛkəʊ
echolocate,verb,C2,,ˈɛkələʊkˌeɪt
echolocation,noun,C2,ˌɛkoʊɫoʊˈkeɪʃən,ˌɛkələʊkˈeɪʃən
economize,verb,C2,iˈkɑnəˌmaɪz,
ecotourism,noun,C2,,ˈɛkətˌɔːɹɪzəm
edification,noun,C2,ˌɛdəfəˈkeɪʃən,ˌɛdɪfɪkˈeɪʃən
edifice,noun,C2,ˈɛdəfəs,ˈɛdɪfɪs
edify,verb,C2,ˈɛdəˌfaɪ,ˈɛdɪfˌaɪ
egalitarian,adjective,C2,ɪˌɡæɫəˈtɛɹiən,ɪɡˌælɪtˈeəɹiən
egalitarian,noun,C2,ɪˌɡæɫəˈtɛɹiən,ɪɡˌælɪtˈeəɹiən
eke out,verb,C2,ˈik ˈaʊt,ˈiːk ˈaʊt
elasticity,noun,C2,ˌiˌɫæsˈtɪsəti,ɪlɑːstˈɪsɪti
elated,adjective,C2,ɪˈɫeɪtəd,ɪlˈeɪtɪd
elation,noun,C2,ɪˈɫeɪʃən,ɪlˈeɪʃən
electrode,noun,C2,ˌɪˈɫɛktɹoʊd,ɪlˈɛktɹəʊd
elephantine,adjective,C2,ˌɛɫəˈfænˌtin,ˈɛlɪfˌɑːntiːn
embed,verb,C2,ɪmˈbɛd,ɛmbˈɛd
embodiment,noun,C2,ɛmˈbɑdimənt,ɛmbˈɒdɪmənt
embody,verb,C2,ɪmˈbɑdi,ɛmbˈɒdi
eminence,noun,C2,ˈɛmənəns,ˈɛmɪnəns
eminent,adjective,C2,ˈɛmənənt,ˈɛmɪnənt
emolument,noun,C2,,
emulate,verb,C2,ˈɛmjəˌɫeɪt,ˈɛmjʊlˌeɪt
emulation,noun,C2,ˌɛmjəˈɫeɪʃən,ˌɛmjʊlˈeɪʃən
emulsification,noun,C2,,ɪmˌʌlsɪfɪkˈeɪʃən
emulsifier,noun,C2,ɪˈməɫsəˌfaɪɝ,ɪmˈʌlsɪfˌaɪə
emulsify,verb,C2,,ɪmˈʌlsɪfˌaɪ
enabler,noun,C2,ɛˈneɪbəɫɝ,ɛnˈeɪblɐ
encompass,verb,C2,ɛnˈkəmpəs,ɛnkˈʌmpəs
encumber,verb,C2,ɛnˈkəmbɝ,ɛnkˈʌmbɐ
encumbrance,noun,C2,,ɛnkˈʌmbɹəns
enduringly,adverb,C2,,
engender,verb,C2,ɛnˈdʒɛndɝ,ɛndʒˈɛndɐ
enthuse,verb,C2,ɪnˈθuz,ɛnθjˈuːs
ephemera,noun,C2,,ɪfˈɛməɹɐ
ephemeral,adjective,C2,ɪˈfɛmɝəɫ,ɪfˈɛməɹəl
ephemerality,noun,C2,,
epoxy,noun,C2,ɪˈpɑksi,ɪpˈɒksi
equable,adjective,C2,ˈɛkwəbəɫ,ˈɛkəbəl
equilibrium,noun,C2,ˌikwəˈɫɪbɹiəm,ˌiːkwɪlˈɪbɹiəm
etch,verb,C2,ˈɛtʃ,ˈɛtʃ
etching,noun,C2,ˈɛtʃɪŋ,ˈɛtʃɪŋ
ethos,noun,C2,ˈiθɑs,ˈiːθəʊz
euphemism,noun,C2,ˈjufəˌmɪzəm,jˈuːfəmˌɪzəm
euphemistic,adjective,C2,ˌjufəˈmɪstɪk,jˌuːfɪmˈɪstɪk
euphemistically,adverb,C2,ˌjufəˈmɪstɪkɫi,jˌuːfɪmˈɪstɪkli
euphoria,noun,C2,juˈfɔɹiə,juːfˈɔːɹiə
euphoric,adjective,C2,juˈfɔɹɪk,juːfˈɒɹɪk
euphorically,adverb,C2,,juːfˈɒɹɪkli
evokingly,adverb,C2,,
exact,verb,C2,ɪɡˈzækt,ɛɡzˈækt
exalted,adjective,C2,ɪɡˈzɔɫtɪd,ɛɡzˈɒltɪd
exaltedly,adverb,C2,,
exorcism,noun,C2,ˈɛksɝˌsɪzəm,ˈɛksəsˌɪzəm
exorcist,noun,C2,ˈɛksɝsəst,ˈɛksəsˌɪst
extant,adjective,C2,ˈɛkstənt,ɛkstˈɑːnt
extracurricular,adjective,C2,ˌɛkstɹəkɝˈɪkjəɫɝ,ˌɛkstɹəkəɹˈɪkjʊlɐ
extracurricular,noun,C2,ˌɛkstɹəkɝˈɪkjəɫɝ,ˌɛkstɹəkəɹˈɪkjʊlɐ
exude,verb,C2,ɪɡˈzud,ɛɡzjˈuːd
fabled,adjective,C2,ˈfeɪbəɫd,fˈeɪbəld
fabricate,verb,C2,ˈfæbɹəˌkeɪt,fˈæbɹɪkˌeɪt
fabrication,noun,C2,ˌfæbɹɪˈkeɪʃən,fˌæbɹɪkˈeɪʃən
fabulate,verb,C2,,
fabulation,noun,C2,,
facsimile,noun,C2,fækˈsɪməɫi,fæksˈɪmɪlˌi
fallacy,noun,C2,ˈfæɫəsi,fˈæləsi
farcical,adjective,C2,ˈfɑɹsəkəɫ,fˈɑːsɪkəl
feign,verb,C2,ˈfeɪn,fˈeɪn
ferocity,noun,C2,fɝˈɑsəti,fəɹˈɒsɪti
fete,noun,C2,ˈfeɪt,
figuratively,adverb,C2,fɪɡˈjʊɹətɪvɫi,fˈɪɡjʊɹˌeɪtɪvli
flagging,adjective,C2,ˈfɫæɡɪŋ,flˈæɡɪŋ
flatout,adverb,C2,,
flightiness,noun,C2,,
flighty,adjective,C2,ˈfɫaɪti,flˈaɪti
flit,verb,C2,ˈfɫɪt,flˈɪt
floe,noun,C2,ˈfɫoʊ,flˈəʊ
floodgates,noun,C2,ˈfɫədˌɡeɪts,flˈʌdɡeɪts
fluctuate,verb,C2,ˈfɫəktʃəˌweɪt,flˈʌktʃuːˌeɪt
fluctuation,noun,C2,ˌfɫəktʃuˈeɪʃən,flˌʌktʃuːˈeɪʃən
forfeiture,noun,C2,ˈfɔɹfətʃɝ,fˈɔːfeɪtʃɐ
forlorn,adjective,C2,fɝˈɫɔɹn,fˈɔːlɔːn
forlornly,adverb,C2,,fˈɔːlɔːnli
formidably,adverb,C2,ˈfɔɹmədəbɫi,fɔːmˈɪdəbli
fractious,adjective,C2,ˈfɹækʃəs,fɹˈækʃəs
frolic,verb,C2,ˈfɹɑɫɪk,fɹˈɒlɪk
fruition,noun,C2,fɹuˈɪʃən,fɹuːˈɪʃən
gale,noun,C2,ˈɡeɪɫ,ɡˈeɪl
gambit,noun,C2,ˈɡæmbɪt,ɡˈæmbɪt
gauche,adjective,C2,ˈɡoʊʃ,ɡˈəʊʃ
genomic,adjective,C2,,dʒɛnˈɒmɪk
genomically,adverb,C2,,
glint,verb,C2,ˈɡɫɪnt,ɡlˈɪnt
glitz,noun,C2,ˈɡɫɪts,ɡlˈɪts
glitzy,adjective,C2,ˈɡɫɪtsi,ɡlˈɪtsi
glory in,verb,C2,ˈɡɫɔɹi ˈɪn,ɡlˈɔːɹi ˈɪn
gout,noun,C2,ˈɡaʊt,ɡˈaʊt
graft,noun,C2,ˈɡɹæft,ɡɹˈɑːft
gravitate,verb,C2,ˈɡɹævɪˌteɪt,ɡɹˈævɪtˌeɪt
gravitational,adjective,C2,ˌɡɹævɪˈteɪʃənəɫ,ɡɹˌævɪtˈeɪʃənəl
gravitationally,adverb,C2,ˌɡɹævəˈteɪʃnəɫi,ɡɹˌævɪtˈeɪʃənəli
grievance,noun,C2,ˈɡɹivəns,ɡɹˈiːvəns
habitation,noun,C2,ˌhæbəˈteɪʃən,hˌæbɪtˈeɪʃən
hamper,verb,C2,ˈhæmpɝ,hˈæmpɐ
haphazard,adjective,C2,hæpˈhæzɝd,hæphˈæzəd
haphazardly,adverb,C2,ˈhæfəzɝdɫi,hæphˈæzədli
hapless,adjective,C2,ˈhæpɫəs,hˈæpləs
happenstance,noun,C2,ˈhæpənˌstæns,hˈæpənstəns
haughtily,adverb,C2,ˈhɔtɪɫi,hˈɔːtɪli
haughty,adjective,C2,ˈhɔti,hˈɔːti
hauntingly,adverb,C2,ˈhɔntɪŋɫi,hˈɔːntɪŋli
hazard,verb,C2,ˈhæzɝd,hˈæzəd
headmistress,noun,C2,ˈhɛdˌmɪstɹəs,hɛdmˈɪstɹəs
helm,noun,C2,ˈhɛɫm,hˈɛlm
herald,noun,C2,ˈhɛɹəɫd,hˈɛɹəld
herald,verb,C2,ˈhɛɹəɫd,hˈɛɹəld
hermetic,adjective,C2,,hɜːmˈɛtɪk
hermit,noun,C2,ˈhɝmət,hˈɜːmɪt
hinder,verb,C2,ˈhɪndɝ,
hindrance,noun,C2,ˈhɪndɹəns,hˈɪndɹəns
hindsight,noun,C2,ˈhaɪnˌsaɪt,hˈaɪndsaɪt
histrionic,adjective,C2,ˌhɪstɹiˈɑnɪk,hˌɪstɹɪˈɒnɪk
histrionically,adverb,C2,,
hitch,verb,C2,ˈhɪtʃ,hˈɪtʃ
hitherto,adverb,C2,ˈhɪˌðɝˈtu,hˈɪðətˌuː
hoist,verb,C2,ˈhɔɪst,hˈɔɪst
homestead,noun,C2,ˈhoʊmˌstɛd,hˈəʊmstɛd
hotelier,noun,C2,hoʊˈtɛɫjɝ,həʊtˈɛliɐ
huddle,noun,C2,ˈhədəɫ,hˈʌdəl
huddle,verb,C2,ˈhədəɫ,hˈʌdəl
hull,noun,C2,ˈhəɫ,hˈʌl
hypnotherapy,noun,C2,,hˈɪpnəʊθˌɛɹəpi
hypothesis,noun,C2,haɪˈpɑθəsəs,haɪpˈɒθəsˌɪs
hypothesize,verb,C2,haɪˈpɑθəˌsaɪz,
hypothetical,adjective,C2,ˌhaɪpəˈθɛtəkəɫ,hˌaɪpəθˈɛtɪkəl
hysteria,noun,C2,hɪˈstɛɹiə,hɪstˈiəɹɪɐ
hysterical,adjective,C2,hɪˈstɛɹɪkəɫ,hɪstˈɛɹɪkəl
hysterically,adverb,C2,ˌhɪsˈtɛɹɪkɫi,hɪstˈɛɹɪkli
idiomatic,adjective,C2,ˌɪdiəˈmætɪk,ˌɪdɪəmˈætɪk
idiomatically,adverb,C2,,
idiosyncrasy,noun,C2,ˌɪdioʊˈsɪnkɹəˌsi,ˈɪdɪˌɒsɪŋkɹəsi
idiosyncratic,adjective,C2,ˌɪdioʊˌsɪnˈkɹætɪk,ˌɪdɪˌɒsɪŋkɹˈætɪk
idle,verb,C2,ˈaɪdəɫ,ˈaɪdəl
ignominious,adjective,C2,ˌɪɡnəˈmɪniəs,ˌɪɡnəmˈɪnɪəs
ignominiously,adverb,C2,,ˌɪɡnəmˈɪnɪəsli
impeccable,adjective,C2,ˌɪmˈpɛkəbəɫ,ɪmpˈɛkəbəl
impeccably,adverb,C2,ˌɪmˈpɛkəbɫi,ɪmpˈɛkəbli
imperceptible,adjective,C2,ˌɪmpɝˈsɛptɪbəɫ,ɪmpəsˈɛptəbəl
imperceptibly,adverb,C2,ˌɪmpɝˈsɛptɪbɫi,ɪmpəsˈɛptəbli
imposition,noun,C2,ˌɪmpəˈzɪʃən,ɪmpəzˈɪʃən
impresario,noun,C2,ˌɪmpɹɪˈsɑɹiˌoʊ,ˌɪmpɹɪsˈɑːɹɪˌəʊ
impressionistic,adjective,C2,ˌɪmˌpɹɛʃəˈnɪstɪk,ɪmpɹˈɛʃənˈɪstɪk
impressionistically,adverb,C2,,
improvisational,adjective,C2,ˌɪmpɹɑvɪˈzeɪʃənəɫ,ˌɪmpɹəvaɪzˈeɪʃənəl
inartistic,adjective,C2,,ɪnɑːtˈɪstɪk
inchoate,adjective,C2,ˌɪnˈkoʊət,ˈɪntʃəʊt
inchoately,adverb,C2,,
incipient,adjective,C2,ˌɪnˈsɪpiənt,ɪnsˈɪpiənt
incise,verb,C2,ˌɪnˈsaɪz,ɪnsˈaɪz
incongruity,noun,C2,ˌɪŋkɔŋˈɹuɪti,ɪnkɒnɡɹˈuːɪti
incongruous,adjective,C2,ˌɪŋˈkɔŋɹuəs,ɪnkˈɒnɡɹuːəs
incongruously,adverb,C2,ˌɪŋˈkɔŋɹuəsɫi,ɪnkˈɒnɡɹuːəsli
incumbent,adjective,C2,ˌɪnˈkəmbənt,ɪnkˈʌmbənt
incumbent,noun,C2,ˌɪnˈkəmbənt,ɪnkˈʌmbənt
indignant,adjective,C2,ˌɪnˈdɪɡnənt,ɪndˈɪɡnənt
indignantly,adverb,C2,ˌɪnˈdɪɡnəntˌɫi,ɪndˈɪɡnəntli
indiscrete,adjective,C2,,ˌɪndɪskɹˈiːt
indiscretion,noun,C2,ˌɪndɪsˈkɹɛʃən,ˌɪndɪskɹˈɛʃən
individualism,noun,C2,ˌɪndɪvɪˈduəˌɫɪzəm,ˌɪndɪvˈɪdʒuːəlˌɪzəm
indolence,noun,C2,,ˈɪndələns
indolent,adjective,C2,ˈɪndəɫənt,ˈɪndələnt
indolently,adverb,C2,,
induce,verb,C2,ˌɪnˈdus,ɪndjˈuːs
inducement,noun,C2,ˌɪnˈdusmənt,ɪndjˈuːsmənt
indulgence,noun,C2,ˌɪnˈdəɫdʒəns,ɪndˈʌldʒəns
indulgently,adverb,C2,,ɪndˈʌldʒəntli
inexorability,noun,C2,,
inexorable,adjective,C2,ˌɪˈnɛksɝəbəɫ,ɪnˈɛksəɹəbəl
inexorably,adverb,C2,ˌɪˈnɛksɝəbɫi,ɪnˈɛksəɹəbli
infallibility,noun,C2,ˌɪnˌfæɫɪˈbɪɫɪti,ɪnfˌælɪbˈɪlɪti
infallible,adjective,C2,ˌɪnˈfæɫəbəɫ,ɪnfˈæləbəl
infallibly,adverb,C2,,ɪnfˈæləbli
infernal,adjective,C2,ˌɪnˈfɝnəɫ,ɪnfˈɜːnəl
infernally,adverb,C2,,ɪnfˈɜːnəli
informant,noun,C2,ˌɪnˈfɔɹmənt,ɪnfˈɔːmənt
ingenuous,adjective,C2,ˌɪnˈdʒɛnjuəs,ɪndʒˈɛnjuːəs
ingenuously,adverb,C2,,
ingrate,noun,C2,,ɪnɡɹˈeɪt
ingratiate,verb,C2,ˌɪŋˈɡɹeɪʃiˌeɪt,ɪnɡɹˈeɪʃɪˌeɪt
ingratiating,adjective,C2,ˌɪŋˈɡɹeɪʃiˌeɪtɪŋ,ɪnɡɹˈeɪʃɪˌeɪtɪŋ
ingratiatingly,adverb,C2,,
innuendo,noun,C2,ˌɪnjuˈɛndoʊ,ɪnnjuːˈɛndəʊ
inscrutable,adjective,C2,ˌɪnsˈkɹutəbəɫ,ɪnskɹˈuːtəbəl
instantaneous,adjective,C2,ˌɪnstənˈtæniəs,ˌɪnstɑːntˈeɪniəs
instantaneously,adverb,C2,ˌɪnstənˈtæniəsɫi,ˌɪnstɑːntˈeɪniəsli
insular,adjective,C2,ˈɪnsəɫɝ,ˈɪnsjʊlɐ
integration,noun,C2,ˌɪnəˈɡɹeɪʃən,ˌɪntɪɡɹˈeɪʃən
interlocking,adjective,C2,ˈɪntɝˌɫɑkɪŋ,ˌɪntəlˈɒkɪŋ
interlude,noun,C2,ˈɪntɝˌɫud,ˈɪntəlˌuːd
intermediary,noun,C2,ˌɪnɝˈmidiɛɹi,ˌɪntəmˈiːdiːəɹi
interrogate,verb,C2,ˌɪnˈtɛɹəˌɡeɪt,ɪntˈɛɹəɡˌeɪt
interrogation,noun,C2,ˌɪnˌtɛɹəˈɡeɪʃən,ɪntˌɛɹəɡˈeɪʃən
interrogative,adjective,C2,,ɪntˈɛɹəɡətˌɪv
interrogatively,adverb,C2,,
intersperse,verb,C2,ˌɪntɝˈspɝs,
interweave,verb,C2,ˌɪntɝˈwiv,ˌɪntəwˈiːv
intrinsic,adjective,C2,ˌɪnˈtɹɪnsɪk,ɪntɹˈɪnzɪk
intrinsically,adverb,C2,ˌɪnˈtɹɪnsɪkəɫi,ɪntɹˈɪnzɪkli
ironic,adjective,C2,aɪˈɹɑnɪk,aɪɹˈɒnɪk
irrelevancy,noun,C2,ˌɪˈɹɛɫəvənsi,ɪɹˈɛlɪvənsi
irrevocable,adjective,C2,ˌɪˈɹɛvəkəbəɫ,ɪɹɪvˈɒkəbəl
irrevocably,adverb,C2,ˌɪˈɹɛvəkəbɫi,ɪɹɪvˈɒkəbli
jargon,noun,C2,ˈdʒɑɹɡən,
jarring,adjective,C2,ˈdʒɑɹɪŋ,dʒˈɑːɹɪŋ
kinetic,adjective,C2,kəˈnɛtɪk,kɪnˈɛtɪk
kinetically,adverb,C2,,
knack,noun,C2,ˈnæk,nˈæk
lament,verb,C2,ɫəˈmɛnt,lɐmˈɛnt
lamentation,noun,C2,,lɐmɪntˈeɪʃən
laryngitis,noun,C2,ˌɫɑɹɪnˈdʒaɪtəs,lˌæɹɪndʒˈaɪtɪs
lassitude,noun,C2,,lˈæsɪtjˌuːd
laud,verb,C2,ˈɫɔd,lˈɔːd
laudatory,adjective,C2,ˈɫɔdəˌtɔɹi,
leaven,verb,C2,ˈɫɛvən,lˈɛvən
leavening,noun,C2,ˈɫɛvənɪŋ,lˈɛvənɪŋ
legion,noun,C2,ˈɫidʒən,lˈiːdʒən
liaise,verb,C2,,lˈɪeɪz
locomotion,noun,C2,ˌɫoʊkəˈmoʊʃən,lˌəʊkəmˈəʊʃən
locomotive,noun,C2,ˌɫoʊkəˈmoʊtɪv,lˌəʊkəmˈəʊtɪv
loiter,verb,C2,ˈɫɔɪtɝ,lˈɔɪtɐ
lurid,adjective,C2,ˈɫʊɹəd,lˈɔːɹɪd
luridly,adverb,C2,,
lyrical,adjective,C2,ˈɫɪɹɪkəɫ,lˈɪɹɪkəl
lyrically,adverb,C2,ˈɫɪɹɪkɫi,lˈɪɹɪkli
lyricist,noun,C2,ˈɫɪɹɪsɪst,lˈɪɹɪsˌɪst
maelstrom,noun,C2,ˈmeɪɫstɹəm,mˈeɪlstɹɒm
maggot,noun,C2,ˈmæɡət,mˈæɡət
magnanimity,noun,C2,,mˌæɡnɐnˈɪmɪti
magnanimous,adjective,C2,mæɡˈnænəməs,mæɡnˈænɪməs
magnanimously,adverb,C2,,mæɡnˈænɪməsli
magnate,noun,C2,ˈmæɡˌneɪt,mˈæɡneɪt
magpie,noun,C2,ˈmæɡˌpaɪ,mˈæɡpaɪ
malice,noun,C2,ˈmæɫəs,mˈælɪs
malicious,adjective,C2,məˈɫɪʃəs,mɐlˈɪʃəs
maliciously,adverb,C2,məˈɫɪʃɪsɫi,mɐlˈɪʃəsli
malleability,noun,C2,ˌmæɫiəˈbɪɫəti,mˌæləbˈɪlɪti
malleable,adjective,C2,ˈmæɫiəbəɫ,mˈæləbəl
mangle,verb,C2,ˈmæŋɡəɫ,mˈæŋɡəl
mariner,noun,C2,ˈmɛɹənɝ,mˈæɹɪnɐ
marketability,noun,C2,ˌmɑɹkɪtəˈbɪɫɪti,mˌɑːkiːtəbˈɪlɪti
marvel,noun,C2,ˈmɑɹvəɫ,mˈɑːvəl
materialism,noun,C2,məˈtɪɹiəˌɫɪzəm,mətˈiəɹɪəlˌɪzəm
materialistic,adjective,C2,məˌtɪɹiəˈɫɪstɪk,mətˈiəɹɪəlˈɪstɪk
materialization,noun,C2,,
materialize,verb,C2,məˈtɪɹiəˌɫaɪz,
maverick,noun,C2,ˈmævɝɪk,mˈævəɹˌɪk
meager,adjective,C2,ˈmiɡɝ,mˈiːɡɐ
mediate,verb,C2,ˈmidiˌeɪt,mˈiːdɪˌeɪt
mediation,noun,C2,ˌmidiˈeɪʃən,mˌiːdɪˈeɪʃən
mediocrity,noun,C2,ˌmidiˈɑkɹəti,mˌiːdɪˈɒkɹɪti
melancholy,adjective,C2,ˈmɛɫənˌkɑɫi,mˈɛlənkˌɒli
melancholy,noun,C2,ˈmɛɫənˌkɑɫi,mˈɛlənkˌɒli
melodious,adjective,C2,məˈɫoʊdiəs,mɛlˈəʊdɪəs
melodiously,adverb,C2,,mɛlˈəʊdɪəsli
menace,noun,C2,ˈmɛnəs,mˈɛnɪs
menacing,adjective,C2,ˈmɛnəsɪŋ,mˈɛnɪsɪŋ
menacingly,adverb,C2,ˈmɛnəsɪŋɫi,mˈɛnɪsɪŋli
menial,adjective,C2,ˈminiəɫ,mˈiːnɪəl
mercantile,adjective,C2,ˈmɝkənˌtaɪɫ,mˈɜːkɑːntˌaɪl
mercenary,noun,C2,ˈmɝsəˌnɛɹi,mˈɜːsənəɹi
merit,noun,C2,ˈmɛɹət,mˈɛɹɪt
merit,verb,C2,ˈmɛɹət,mˈɛɹɪt
mesh,verb,C2,ˈmɛʃ,mˈɛʃ
mesmeric,adjective,C2,,mɛsmˈɛɹɪk
metalled,adjective,C2,,mˈɛtəld
meteorological,adjective,C2,ˌmitiˌɔɹəˈɫɑdʒɪkəɫ,mˌiːtɪˌɔːɹəlˈɒdʒɪkəl
meteorology,noun,C2,ˌmitiɝˈɑɫədʒi,mˌiːtɪɔːɹˈɒlədʒi
methodological,adjective,C2,ˌmɛθədəˈɫɑdʒɪkəɫ,
methodologically,adverb,C2,,
methodology,noun,C2,ˌmɛθəˈdɑɫədʒi,mˌɛθədˈɒlədʒi
meticulous,adjective,C2,məˈtɪkjəɫəs,mɛtˈɪkjʊləs
meticulously,adverb,C2,məˈtɪkjəɫəsɫi,mɛtˈɪkjʊləsli
midwifery,noun,C2,ˈmɪdˌwaɪfɝi,mˈɪdwɪfəɹi
mien,noun,C2,ˈmin,mˈiən
milieu,noun,C2,mɪɫˈjʊ,mˈiːljɜː
minefield,noun,C2,ˈmaɪnˌfiɫd,mˈaɪnfiːld
minster,verb,C2,ˈmɪnstɝ,mˈɪnstɐ
misdemeanor,noun,C2,ˌmɪsdəˈminɝ,mˌɪsdɪmˈiːnɐ
modernism,noun,C2,ˈmɑdɝˌnɪzəm,mˈɒdənˌɪzəm
mold,verb,C2,ˈmoʊɫd,mˈəʊld
monastic,adjective,C2,məˈnæstɪk,mənˈɑːstɪk
moor,noun,C2,ˈmʊɹ,mˈɔː
moribund,adjective,C2,ˈmɔɹəbənd,mˈɔːɹɪbˌʌnd
mottled,adjective,C2,ˈmɑtəɫd,mˈɒtəld
mull over,verb,C2,ˈməɫ ˈoʊvɝ,mˈʌl ˈəʊvɐ
mundanity,noun,C2,,mʌndˈænɪti
munificence,noun,C2,,mjuːnˈɪfɪsəns
muscle-bound,adjective,C2,,
mutinous,adjective,C2,ˈmjutənəs,mjˈuːtɪnəs
mutinously,adverb,C2,,
myriad,adjective,C2,ˈmɪɹiəd,mˈɪɹɪˌæd
mystique,noun,C2,mɪˈstik,mɪstˈiːk
nascent,adjective,C2,ˈneɪsənt,nˈeɪsənt
neophyte,noun,C2,ˈniəˌfaɪt,
nigh,adverb,C2,ˈnaɪ,nˈaɪ
nonchalant,adjective,C2,ˌnɑnʃəˈɫɑnt,nˈɒnʃələnt
nonchalantly,adverb,C2,ˈnɑnʃəˈɫɑntɫi,nˈɒnʃələntli
nostalgia,noun,C2,nɔˈstæɫdʒə,nəstˈældʒɐ
nostalgic,adjective,C2,nɔˈstæɫdʒɪk,nəstˈældʒɪk
nostalgically,adverb,C2,,nəstˈældʒɪkli
notoriety,noun,C2,ˌnoʊtɝˈaɪəti,nˌəʊtɔːɹˈaɪəti
notoriously,adverb,C2,noʊˈtɔɹiəsɫi,nəʊtˈɔːɹɪəsli
oblique,adjective,C2,əˈbɫik,əblˈiːk
octogenarian,noun,C2,ˌɑktədʒɪˈnɛɹiən,ˌɒktədʒənˈeəɹiən
opacity,noun,C2,oʊˈpæsəti,ɒpˈæsɪti
opaque,adjective,C2,oʊˈpeɪk,əʊpˈeɪk
opulence,noun,C2,ˈɑpjəɫəns,ˈɒpjʊləns
opulent,adjective,C2,ˈɑpjəɫənt,ˈɒpjʊlənt
opulently,adverb,C2,,ˈɒpjʊləntli
ordain,verb,C2,ɔɹˈdeɪn,ɔːdˈeɪn
ore,noun,C2,ˈɔɹ,ˈɔː
ornate,adjective,C2,ɔɹˈneɪt,ɔːnˈeɪt
ostensible,adjective,C2,ɑˈstɛnsəbəɫ,ɒstˈɛnsəbəl
ostensibly,adverb,C2,ɑˈstɛnsəbɫi,ɒstˈɛnsəbli
outmoded,adjective,C2,ˌaʊtˈmoʊdɪd,aʊtmˈəʊdɪd
overlay,verb,C2,ˈoʊvɝˌɫeɪ,
painstaking,adjective,C2,ˈpeɪnˌsteɪkɪŋ,pˈeɪnsteɪkɪŋ
painstakingly,adverb,C2,ˈpeɪnˌsteɪkɪŋɫi,pˈeɪnsteɪkɪŋli
palatable,adjective,C2,ˈpæɫətəbəɫ,pˈælətəbəl
palate,noun,C2,ˈpæɫət,pˈælət
parable,noun,C2,ˈpɛɹəbəɫ,pˈæɹəbəl
paradoxical,adjective,C2,ˌpɛɹəˈdɑksɪkəɫ,pˌæɹədˈɒksɪkəl
paradoxically,adverb,C2,ˌpɛɹəˈdɑksəkəɫi,pˌæɹədˈɒksɪkli
paralyzingly,adverb,C2,,
parameter,noun,C2,pɝˈæmətɝ,pəɹˈæmɪtɐ
paramount,adjective,C2,ˈpɛɹəˌmaʊnt,pˈæɹəmˌaʊnt
parasitic,adjective,C2,ˌpɛɹəˈsɪtɪk,pˌæɹəsˈɪtɪk
parochial,adjective,C2,pɝˈoʊkiəɫ,pæɹˈɒkɪəl
patchily,adverb,C2,,pˈætʃɪli
patchy,adjective,C2,ˈpætʃi,pˈætʃi
patronize,verb,C2,ˈpætɹəˌnaɪz,
patronizing,adjective,C2,ˈpeɪtɹəˌnaɪzɪŋ,
patronizingly,adverb,C2,,
pedestal,noun,C2,ˈpɛdəstəɫ,pˈɛdɪstəl
pedestrian,adjective,C2,pəˈdɛstɹiən,pədˈɛstɹiən
perch,noun,C2,ˈpɝtʃ,pˈɜːtʃ
perch,verb,C2,ˈpɝtʃ,pˈɜːtʃ
pervasive,adjective,C2,pɝˈveɪsɪv,pəvˈeɪsɪv
pervasiveness,noun,C2,pɝˈveɪsɪvnɪs,pəvˈeɪsɪvnəs
perverse,adjective,C2,pɝˈvɝs,pəvˈɜːs
perversity,noun,C2,pɝˈvɝsəti,pəvˈɜːsɪti
phantom,noun,C2,ˈfænəm,fˈɑːntəm
philanthropic,adjective,C2,ˌfɪɫənˈθɹɑpɪk,fɪlɐnθɹˈɒpɪk
philanthropically,adverb,C2,,
philanthropist,noun,C2,fəˈɫænθɹəpəst,fɪlˈænθɹəpˌɪst
philanthropy,noun,C2,fɪˈɫænθɹəpi,fɪlˈænθɹəpi
philistine,noun,C2,ˈfɪɫəˌstin,fˈɪlɪstˌaɪn
physiological,adjective,C2,ˌfɪziəˈɫɑdʒɪkəɫ,fˌɪzɪəlˈɒdʒɪkəl
physiologically,adverb,C2,ˌfɪziəˈɫɑdʒɪkɫi,fˌɪzɪəlˈɒdʒɪkli
pluck,noun,C2,ˈpɫək,plˈʌk
plum,adjective,C2,ˈpɫəm,plˈʌm
plumage,noun,C2,ˈpɫumədʒ,plˈuːmɪdʒ
plume,noun,C2,ˈpɫum,plˈuːm
plutocrat,noun,C2,ˈpɫutəˌkɹæt,plˈuːtəkɹˌæt
poise,verb,C2,ˈpɔɪz,
polysyllabic,adjective,C2,ˌpɑˌɫisɪˈɫæbɪk,pˌɒlɪsɪlˈæbɪk
ponderous,adjective,C2,ˈpɑndɝəs,pˈɒndəɹəs
ponderously,adverb,C2,,pˈɒndəɹəsli
porten,noun,C2,,
portraiture,noun,C2,,pˈɔːtɹɪtʃɐ
posit,verb,C2,ˈpɑzət,pˈɒsɪt
posterity,noun,C2,pɑˈstɛɹəti,pɒstˈɛɹɪti
postural,adjective,C2,,pˈɒstʃəɹəl
posture,verb,C2,ˈpɑstʃɝ,pˈɒstʃɐ
posturing,noun,C2,ˈpɑstʃɝɪŋ,pˈɒstʃəɹɪŋ
practitioner,noun,C2,pɹækˈtɪʃənɝ,pɹæktˈɪʃənɐ
precocious,adjective,C2,pɹiˈkoʊʃəs,pɹɪkˈəʊʃəs
precociously,adverb,C2,,pɹɪkˈəʊʃəsli
preconception,noun,C2,pɹikənˈsɛpʃən,pɹˌiːkənsˈɛpʃən
predilection,noun,C2,ˌpɹɛdəˈɫɛkʃən,pɹˌiːdɪlˈɛkʃən
preeminent,adjective,C2,pɹiˈɛmənənt,pɹiːˈɛmɪnənt
preoccupation,noun,C2,pɹiˌɑkjəˈpeɪʃən,pɹɪˌɒkjʊpˈeɪʃən
prescriptive,adjective,C2,,pɹɪskɹˈɪptɪv
presentational,adjective,C2,,pɹˌɛzəntˈeɪʃənəl
preservationist,noun,C2,ˌpɹɛzɝˈveɪʃənɪst,pɹɪsəvˈeɪʃənˌɪst
pressurization,noun,C2,ˌpɹɛʃɝɪˈzeɪʃən,
pressurize,verb,C2,ˈpɹɛʃɝˌaɪz,
presuppose,verb,C2,ˌpɹisəˈpoʊz,pɹˌiːsʌpˈəʊz
presupposition,noun,C2,ˌpɹisəpəˈzɪʃən,
primeval,adjective,C2,pɹaɪˈmivəɫ,pɹaɪmˈiːvəl
prise,verb,C2,,pɹˈaɪz
prissy,adjective,C2,ˈpɹɪsi,pɹˈɪsi
procedural,adjective,C2,pɹəˈsidʒɝəɫ,pɹəsˈiːdʒəɹəl
procedural,noun,C2,pɹəˈsidʒɝəɫ,pɹəsˈiːdʒəɹəl
profitability,noun,C2,ˌpɹɑfɪtəˈbɪɫɪti,pɹˌɒfɪtəbˈɪlɪti
proliferation,noun,C2,ˌpɹoʊɫɪfɝˈeɪʃən,pɹəlˌɪfəɹˈeɪʃən
prolong,verb,C2,pɹəˈɫɔŋ,pɹəlˈɒŋ
promenade,noun,C2,ˌpɹɑməˈneɪd,pɹˌɒmənˈɑːd
promotable,adjective,C2,,
prone,adjective,C2,ˈpɹoʊn,pɹˈəʊn
proportional,adjective,C2,pɹəˈpɔɹʃənəɫ,pɹəpˈɔːʃənəl
proportionally,adverb,C2,pɹəˈpɔɹʃənəɫi,pɹəpˈɔːʃənəli
proposition,noun,C2,ˌpɹɑpəˈzɪʃən,pɹˌɒpəzˈɪʃən
proprietary,adjective,C2,pɹəˈpɹaɪəˌtɛɹi,pɹəpɹˈaɪətəɹi
proprietorial,adjective,C2,,pɹəpɹaɪətˈɔːɹɪəl
proscribe,verb,C2,pɹoʊsˈkɹaɪb,pɹəskɹˈaɪb
proscription,noun,C2,pɹoʊsˈkɹɪpʃən,pɹəskɹˈɪpʃən
prostrate,adjective,C2,ˈpɹɑstɹeɪt,
prostrate,verb,C2,ˈpɹɑstɹeɪt,
protrude,verb,C2,pɹoʊˈtɹud,pɹətɹˈuːd
protrusion,noun,C2,,pɹətɹˈuːʒən
proverbial,adjective,C2,pɹəˈvɝbiəɫ,pɹəvˈɜːbɪəl
provincial,adjective,C2,pɹəˈvɪnʃəɫ,pɹəvˈɪnʃəl
provocation,noun,C2,ˌpɹɑvəˈkeɪʃən,pɹɒvəkˈeɪʃən
proximal,adjective,C2,ˈpɹɑksəməɫ,pɹˈɒksɪməl
prurience,noun,C2,,pɹˈɔːɹiəns
prurient,adjective,C2,ˈpɹʊɹiənt,pɹˈɔːɹiənt
punitive,adjective,C2,ˈpjunətɪv,pjˈuːnɪtˌɪv
punitively,adverb,C2,,pjˈuːnɪtˌɪvli
puritanical,adjective,C2,ˌpjʊɹəˈtænɪkəɫ,pjˌʊɹɪtˈænɪkəl
pyre,noun,C2,ˈpaɪɝ,pˈaɪə
qualitative,adjective,C2,ˈkwɑɫəˌteɪtɪv,kwˈɒlɪtˌeɪtɪv
qualm,noun,C2,,kwˈɑːm
quirk,verb,C2,ˈkwɝk,kwˈɜːk
quiver,noun,C2,ˈkwɪvɝ,kwˈɪvɐ
quiver,verb,C2,ˈkwɪvɝ,kwˈɪvɐ
rapture,noun,C2,ˈɹæptʃɝ,ɹˈæptʃɐ
rapturous,adjective,C2,ˈɹæptʃɝəs,ɹˈæptʃəɹəs
rapturously,adverb,C2,,ɹˈæptʃəɹəsli
ravish,verb,C2,,ɹˈævɪʃ
rebound,noun,C2,ɹiˈbaʊnd,
rebound,verb,C2,ɹiˈbaʊnd,
rebuke,noun,C2,ɹibˈjuk,ɹɪbjˈuːk
rebuke,verb,C2,ɹibˈjuk,ɹɪbjˈuːk
recitation,noun,C2,ˌɹɛsəˈteɪʃən,ɹɪsɪtˈeɪʃən
recluse,noun,C2,ɹɪˈkɫus,ɹɪklˈuːs
reclusive,adjective,C2,ɹiˈkɫusɪv,ɹɪklˈuːsɪv
reconcile,verb,C2,ˈɹɛkənˌsaɪɫ,ɹˈɛkənsˌaɪl
reconciliation,noun,C2,ˌɹɛkənˌsɪɫiˈeɪʃən,ɹˌɛkənsˌɪlɪˈeɪʃən
recourse,noun,C2,ˈɹikɔɹs,ɹɪkˈɔːs
recumbent,adjective,C2,,ɹɪkˈʌmbənt
recuperate,verb,C2,ɹɪˈkupɝˌeɪt,ɹɪkjˈuːpəɹˌeɪt
recuperation,noun,C2,ɹɪˌkupɝˈeɪʃən,ɹɪkjˌuːpəɹˈeɪʃən
recuperative,adjective,C2,ɹɪˈkupɝətɪv,ɹɪkjˈuːpəɹətˌɪv
redundancy,noun,C2,ɹɪˈdəndənsi,ɹɪdˈʌndənsi
redundantly,adverb,C2,,
regulatory,adjective,C2,ˈɹɛɡjəɫəˌtɔɹi,ɹˌɛɡjuːlˈeɪtəɹˌi
reissue,verb,C2,ɹiˈɪʃu,ɹiːˈɪʃuː
relegate,verb,C2,ˈɹɛɫəˌɡeɪt,ɹˈɛlɪɡˌeɪt
remit,verb,C2,ɹiˈmɪt,ɹˈiːmɪt
remittance,noun,C2,ɹəˈmɪtəns,ɹɪmˈɪtəns
remonstrance,noun,C2,,ɹˈɛmɒnstɹəns
remonstrate,vern,C2,,ɹˈɛmənstɹˌeɪt
remorseful,adjective,C2,ɹɪˈmɔɹsfəɫ,ɹɪmˈɔːsfəl
repose,noun,C2,ɹiˈpoʊz,ɹɪpˈəʊz
repose,verb,C2,ɹiˈpoʊz,ɹɪpˈəʊz
reproach,verb,C2,ɹiˈpɹoʊtʃ,ɹɪpɹˈəʊtʃ
reptilian,adjective,C2,ɹɛpˈtɪɫjən,ɹɛptˈɪliən
repute,noun,C2,ɹipˈjut,ɹɪpjˈuːt
requisition,noun,C2,ˌɹɛkwəˈzɪʃən,ɹˌɛkwɪsˈɪʃən
residual,adjective,C2,ɹɪˈzɪdʒuəɫ,ɹɪsˈɪdʒuːəl
residue,noun,C2,ˈɹɛzəˌdu,ɹˈɛsɪdjˌuː
resound,verb,C2,ˌɹiˈsaʊnd,
resounding,adjective,C2,ɹiˈsaʊndɪŋ,ɹɪzˈaʊndɪŋ
resoundingly,adverb,C2,ɹɪˈzaʊndɪŋɫi,ɹɪzˈaʊndɪŋli
resuscitate,verb,C2,ɹiˈsəsɪˌteɪt,ɹɪsˈʌsɪtˌeɪt
resuscitation,noun,C2,ɹɪˌsəsɪˈteɪʃən,ɹɪsˌʌsɪtˈeɪʃən
retrospection,noun,C2,,ɹˌɛtɹəʊspˈɛkʃən
retrospective,adjective,C2,ˌɹɛtɹəˈspɛktɪv,ɹˌɛtɹəʊspˈɛktɪv
revelatory,adjective,C2,ɹɪˈvɛɫəˌtɔɹi,ɹˈɛvɪlətəɹˌi
reverb,noun,C2,ɹiˈvɝb,ɹɪvˈɜːb
reverberate,verb,C2,ɹɪˈvɝbɝeɪt,ɹɪvˈɜːbəɹˌeɪt
reverberation,noun,C2,ɹiˌvɝbɝˈeɪʃən,ɹɪvˌɜːbəɹˈeɪʃən
revile,verb,C2,ɹiˈvaɪɫ,ɹɪvˈaɪl
revulsion,noun,C2,ɹiˈvəɫʃən,ɹɪvˈʌlʃən
rhetoric,noun,C2,ˈɹɛtɝɪk,ɹˈɛtəɹˌɪk
rhetorical,adjective,C2,ɹɪˈtɔɹɪkəɫ,ɹɛtˈɒɹɪkəl
rhetorically,adverb,C2,ɹəˈtɔɹɪkɫi,ɹɛtˈɒɹɪkli
rickety,adjective,C2,ˈɹɪkəti,ɹˈɪkɪti
rife,adjective,C2,ˈɹaɪf,ɹˈaɪf
rift,noun,C2,ˈɹɪft,ɹˈɪft
romp,verb,C2,ˈɹɑmp,ɹˈɒmp
romper,noun,C2,,ɹˈɒmpɐ
ruminant,adjective,C2,ˈɹumənənt,ɹˈuːmɪnənt
ruminate,verb,C2,ˈɹumɪˌneɪt,ɹˈuːmɪnˌeɪt
rumination,noun,C2,ˌɹumɪˈneɪʃən,
ruminative,adjective,C2,,ɹˈuːmɪnətˌɪv
salivary,adjective,C2,,sˈælɪvəɹi
sandwiched,adjective,C2,ˈsæmˌwɪtʃt,sˈændwɪtʃt
scavenger,noun,C2,ˈskævəndʒɝ,skˈævɪndʒɐ
scholarly,adjective,C2,ˈskɑɫɝɫi,skˈɒləli
scroll,noun,C2,ˈskɹoʊɫ,skɹˈəʊl
secular,adjective,C2,ˈsɛkjəɫɝ,sˈɛkjʊlɐ
secularly,adverb,C2,,
secure,verb,C2,sɪkˈjʊɹ,sɪkjˈɔː
seedy,adjective,C2,ˈsidi,sˈiːdi
seismic,adjective,C2,ˈsaɪzmɪk,sˈaɪzmɪk
selectivity,noun,C2,sɪˌɫɛkˈtɪvəti,sɪlɪktˈɪvɪti
self-aggrandizement,noun,C2,ˈsɛɫˈfæɡɹənˌdaɪzmənt,
shamble,verb,C2,ˈʃæmbəɫ,ʃˈæmbəl
sheaf,noun,C2,ˈʃif,ʃˈiːf
shimmer,verb,C2,ˈʃɪmɝ,ʃˈɪmɐ
shoal,noun,C2,,ʃˈəʊl
side-step,verb,C2,,
singe,verb,C2,ˈsɪndʒ,sˈɪndʒ
skew,verb,C2,ˈskju,skjˈuː
slab,noun,C2,ˈsɫæb,slˈæb
slither,verb,C2,ˈsɫɪðɝ,slˈɪðɐ
smattering,noun,C2,ˈsmætɝɪŋ,smˈætəɹɪŋ
snippet,noun,C2,ˈsnɪpət,snˈɪpɪt
snobbery,noun,C2,ˈsnɑbɝi,snˈɒbəɹi
solicit,verb,C2,səˈɫɪsɪt,səlˈɪsɪt
soliloquize,verb,C2,səˈɫɪɫəˌkwaɪz,
solipsism,noun,C2,,sˈɒlɪpsˌɪzəm
solitariness,noun,C2,sɑɫəˈtɛɹinɪs,
solitary,adjective,C2,ˈsɑɫəˌtɛɹi,sˈɒlɪtəɹi
solitary,noun,C2,ˈsɑɫəˌtɛɹi,sˈɒlɪtəɹi
solitude,noun,C2,ˈsɑɫəˌtud,sˈɒlɪtjˌuːd
spatial,adjective,C2,ˈspeɪʃəɫ,spˈeɪʃəl
spatially,adverb,C2,,spˈeɪʃəli
spire,noun,C2,ˈspaɪɹ,spˈaɪə
splinter,verb,C2,ˈspɫɪntɝ,splˈɪntɐ
spontaneity,noun,C2,ˌspɑntəˈniəti,spɒntˈeɪnɪti
spurious,adjective,C2,ˈspɝiəs,spjˈʊɹɪəs
spuriously,adverb,C2,,spjˈʊɹɪəsli
squint,verb,C2,ˈskwɪnt,skwˈɪnt
squirm,verb,C2,ˈskwɝm,skwˈɜːm
squirmy,adjective,C2,,skwˈɜːmi
stabilize,verb,C2,ˈsteɪbəˌɫaɪz,
standing,noun,C2,ˈstændɪŋ,stˈændɪŋ
sterility,noun,C2,stɝˈɪɫɪti,stɛɹˈɪlɪti
stipulate,verb,C2,ˈstɪpjəˌɫeɪt,
stipulation,noun,C2,ˌstɪpjəˈɫeɪʃən,stˌɪpjʊlˈeɪʃən
stoicism,noun,C2,ˈstoʊəˌsɪzəm,stˈəʊɪsˌɪzəm
stratosphere,noun,C2,ˈstɹætəsˌfɪɹ,stɹˈætəsfˌiə
stringent,adjective,C2,ˈstɹɪndʒənt,stɹˈɪndʒənt
stringently,adverb,C2,ˈstɹɪndʒəntɫi,stɹˈɪndʒəntli
stultify,verb,C2,ˈstəɫtəˌfaɪ,
stultifyingly,adverb,C2,,
subsidize,verb,C2,ˈsəbsɪˌdaɪz,
subsidy,noun,C2,ˈsəbsɪdi,sˈʌbsɪdi
subsist,verb,C2,səbˈsɪst,sʌbsˈɪst
subsistence,noun,C2,səbˈsɪstəns,sʌbsˈɪstəns
substantiate,verb,C2,səbˈstænʃiˌeɪt,səbstˈænʃɪˌeɪt
succumb,verb,C2,səˈkəm,səkˈʌm
suffuse,verb,C2,səfˈjuz,sʌfjˈuːz
sulphur,noun,C2,ˈsəɫfɝ,sˈʌlfɐ
sulphuric,adjective,C2,,sʌlfjˈʊɹɪk
summarily,adverb,C2,səˈmɛɹɪɫi,sʌmˈɛɹəli
superfluous,adjective,C2,ˈsupɝfɫˌwəs,suːpˈɜːfluːəs
superfluously,adverb,C2,,
surge,verb,C2,ˈsɝdʒ,sˈɜːdʒ
surrealism,noun,C2,sɝˈiəˌɫɪzəm,səɹˈiəlɪzəm
surrealist,noun,C2,,səɹˈiəlɪst
surreptitious,adjective,C2,ˌsɝəpˈtɪʃəs,səɹɪptˈɪʃəs
surreptitiously,adverb,C2,ˌsɝəpˈtɪʃəsɫi,səɹɪptˈɪʃəsli
swivel,verb,C2,ˈswɪvəɫ,swˈɪvəl
syllabic,adjective,C2,səˈɫæbɪk,sɪlˈæbɪk
synthesis,noun,C2,ˈsɪnθəsəs,sˈɪnθəsˌɪs
tacit,adjective,C2,ˈtæsɪt,tˈæsɪt
tacitly,adverb,C2,ˈtæsɪtɫi,tˈæsɪtli
taciturn,adjective,C2,ˈtæsɪˌtɝn,tˈæsɪtˌɜːn
taciturnity,noun,C2,,
tactic,noun,C2,ˈtæktɪk,tˈæktɪk
tactical,adjective,C2,ˈtæktɪkəɫ,tˈæktɪkəl
tactically,adverb,C2,ˈtæktɪkəɫi,tˈæktɪkli
tantalize,verb,C2,ˈtænəˌɫaɪz,
tantalizingly,adverb,C2,ˈtænəˌɫaɪzɪŋɫi,
taste-maker,noun,C2,,
teem,verb,C2,ˈtim,tˈiːm
telescopic,adjective,C2,ˌtɛɫəˈskɔpɪk,tˌɛlɪskˈɒpɪk
telescopically,adverb,C2,,tˌɛlɪskˈɒpɪkli
temper,verb,C2,ˈtɛmpɝ,tˈɛmpɐ
tenacious,adjective,C2,təˈneɪʃəs,tɛnˈeɪʃəs
tenaciously,adverb,C2,təˈneɪʃəsɫi,tɛnˈeɪʃəsli
tenacity,noun,C2,təˈnæsɪti,tɛnˈæsɪti
testimonial,noun,C2,ˌtɛstəˈmoʊniəɫ,tˌɛstɪmˈəʊnɪəl
tetchy,adjective,C2,,tˈɛtʃi
thicket,noun,C2,ˈθɪkɪt,θˈɪkɪt
timidity,noun,C2,təˈmɪdəti,tɪmˈɪdɪti
topographical,adjective,C2,,tˌɒpəɡɹˈæfɪkəl
topographically,adverb,C2,,tˌɒpəɡɹˈæfɪkli
topography,noun,C2,təˈpɑɡɹəfi,təpˈɒɡɹəfi
topple,verb,C2,ˈtɑpəɫ,tˈɒpəl
torrential,adjective,C2,tɔˈɹɛnʃəɫ,təɹˈɛnʃəl
totemic,adjective,C2,,tɒtˈɛmɪk
totter,verb,C2,ˈtɑtɝ,tˈɒtɐ
tranquilize,verb,C2,ˈtɹæŋkwəˌɫaɪz,
transmitter,noun,C2,tɹænsˈmɪtɝ,tɹænsmˈɪtɐ
treacherous,adjective,C2,ˈtɹɛtʃɝəs,tɹˈɛtʃəɹəs
treacherously,adverb,C2,,tɹˈɛtʃəɹəsli
treachery,noun,C2,ˈtɹɛtʃɝi,tɹˈɛtʃəɹi
trifle,noun,C2,ˈtɹaɪfəɫ,tɹˈaɪfəl
trifle,verb,C2,ˈtɹaɪfəɫ,tɹˈaɪfəl
truism,noun,C2,ˈtɹuɪzəm,tɹˈuːɪzəm
turret,noun,C2,ˈtɝət,tˈʌɹɪt
unadulterated,adjective,C2,ˌənəˈdəɫtɝˌeɪtɪd,ʌnɐdˈʌltəɹˌeɪtɪd
uncanny,adjective,C2,ənˈkæni,ʌnkˈæni
undemonstrative,adjective,C2,,ˌʌndəmˈɒnstɹətˌɪv
undemonstratively,adverb,C2,,
undiminishing,adjective,C2,,
unencumbered,adjective,C2,ˌənɛnˈkəmbɝd,ˌʌnɛnkˈʌmbəd
unequivocal,adjective,C2,ˌəniˈkwɪvəkəɫ,ʌnɪkwˈɪvəkəl
unequivocally,adverb,C2,ˌəniˈkwɪvəkəɫi,ʌnɪkwˈɪvəkəli
unexceptional,adjective,C2,,ˌʌnɛksˈɛpʃənəl
unexceptionally,adverb,C2,,
unexcused,adjective,C2,,
unfeasible,adjective,C2,ənˈfizəbəɫ,ʌnfˈiːzəbəl
unfeasibly,adverb,C2,,
unharried,adjective,C2,,
unmediated,adjective,C2,,ʌnmˈiːdɪˌeɪtɪd
unnerve,verb,C2,əˈnɝv,ʌnnˈɜːv
unnerving,adjective,C2,əˈnɝvɪŋ,ʌnnˈɜːvɪŋ
unnervingly,adverb,C2,,ʌnnˈɜːvɪŋli
unobtrusive,adjective,C2,ˌənəbˈtɹusɪv,ʌnɒbtɹˈuːsɪv
unobtrusively,adverb,C2,,ʌnɒbtɹˈuːsɪvli
unobtrusiveness,noun,C2,,
unpromising,adjective,C2,ənˈpɹɔmɪsɪŋ,ʌnpɹˈɒmɪsɪŋ
unravel,verb,C2,ənˈɹævəɫ,ʌnɹˈævəl
unsurpassed,adjective,C2,ˌənsɝˈpæst,ʌnsəpˈɑːst
unsuspected,adjective,C2,ˌənsəˈspɛktɪd,ʌnsəspˈɛktɪd
utilitarian,adjective,C2,juˌtɪɫəˈtɛɹiən,jˌuːtɪlɪtˈeəɹiən
utilization,noun,C2,ˌjutəɫəˈzeɪʃən,
utter,adjective,C2,ˈətɝ,ˈʌtɐ
vandal,noun,C2,ˈvændəɫ,vˈændəl
vandalize,verb,C2,ˈvændəˌɫaɪz,
venomous,adjective,C2,ˈvɛnəməs,vˈɛnəməs
venomously,adverb,C2,,
verbatim,adjective,C2,vɝˈbeɪtəm,vɜːbˈeɪtɪm
verbatim,adverb,C2,vɝˈbeɪtəm,vɜːbˈeɪtɪm
verily,adverb,C2,,vˈɛɹɪli
verisimilitude,noun,C2,ˌvɛɹəsəˈmɪɫəˌtud,vˈɛɹɪsˌɪmɪlˌɪtjuːd
veritable,adjective,C2,ˈvɛɹɪtəbəɫ,vˈɛɹɪtəbəl
vermin,noun,C2,ˈvɝmɪn,vˈɜːmɪn
vestigial,adjective,C2,vəˈstɪdʒiəɫ,vˈɛstɪdʒəl
vestigially,adverb,C2,,
vicinity,noun,C2,vəˈsɪnəti,vɪsˈɪnɪti
vindicate,verb,C2,ˈvɪndəkeɪt,vˈɪndɪkˌeɪt
vindication,noun,C2,vɪndəˈkeɪʃən,vˌɪndɪkˈeɪʃən
virginal,adjective,C2,ˈvɝdʒənəɫ,vɜːdʒˈaɪnəl
virtuosity,noun,C2,vɝtʃuˈɑsɪti,vˌɜːtjuːˈɒsɪti
virtuoso,noun,C2,vɝtʃuˈoʊsoʊ,vˌɜːtjuːˈəʊsəʊ
vis-a-vis,preposition,C2,ˈvizəvi,
vocational,adjective,C2,voʊˈkeɪʃənəɫ,vəʊkˈeɪʃənəl
voracity,noun,C2,vɝˈæsəti,vɔːɹˈæsɪti
vortex,noun,C2,ˈvɔɹtɛks,vˈɔːtɛks
wallow,verb,C2,ˈwɑɫoʊ,wˈɒləʊ
wane,verb,C2,ˈweɪn,wˈeɪn
wayward,adjective,C2,ˈweɪwɝd,wˈeɪwəd
wheeze,verb,C2,ˈhwiz,wˈiːz
whir,verb,C2,,wˈɜː
whirlwind,noun,C2,ˈhwɝɫˌwɪnd,wˈɜːlwɪnd
wholly,adverb,C2,ˈhoʊɫi,hˈəʊli
wistful,adjective,C2,ˈwɪstfəɫ,wˈɪstfəl
wistfully,adverb,C2,ˈwɪstfəɫi,wˈɪstfəli
wordage,noun,C2,,wˈɜːdɪdʒ
wordsmith,noun,C2,ˈwɝdsˌmɪθ,wˈɜːdsmɪθ
wrack,verb,C2,ˈɹæk,ɹˈæk
zoologist,noun,C2,zoʊˈɑɫədʒəst,zuːˈɒlədʒˌɪst
zoology,noun,C2,zoʊˈɑɫədʒi,zuːˈɒlədʒi
